q,i,j,same_rq,same_round,url_jac,url_shared,snip_contain8,out_contain8,out_jac5,out_jac3
q1,0,1,0,1,0.0,0,0.0039,0.0108,0.0139,0.0361
q1,0,2,1,1,0.0,0,0.0077,0.1304,0.0536,0.1189
q1,0,3,1,1,0.0,0,0.0317,0.1013,0.0381,0.075
q1,0,4,0,1,0.0,0,0.0046,0.0,0.011,0.0249
q1,0,5,0,1,0.0,0,0.002,0.0,0.0076,0.0148
q1,0,6,0,1,0.0,0,0.0,0.0,0.0062,0.0181
q1,0,7,0,1,0.0,0,0.0088,0.0456,0.0138,0.0348
q1,0,8,0,1,0.0,0,0.0161,0.062,0.0196,0.041
q1,0,9,0,0,0.0,0,0.0029,0.0,0.0034,0.0091
q1,0,10,0,0,0.0,0,0.002,0.0172,0.01,0.0244
q1,0,11,0,0,0.0,0,0.0038,0.0,0.0119,0.0324
q1,0,12,0,0,0.0,0,0.002,0.0,0.0087,0.021
q1,0,13,0,0,0.0,0,0.0064,0.0,0.0096,0.0277
q1,0,14,0,0,0.0,0,0.0018,0.0608,0.0196,0.0501
q1,0,15,0,0,0.0,0,0.0013,0.0,0.0126,0.0321
q1,0,16,0,0,0.0,0,0.0,0.0304,0.007,0.0237
q1,0,17,0,0,0.0,0,0.0,0.0203,0.0074,0.0278
q1,0,18,0,0,0.0,0,0.0048,0.0,0.0012,0.0072
q1,0,19,0,0,0.0,0,0.002,0.0,0.0,0.0043
q1,0,20,0,0,0.0,0,0.0064,0.0,0.0101,0.0265
q1,0,21,0,0,0.0,0,0.0112,0.0,0.0087,0.023
q1,0,22,0,0,0.0,0,0.0,0.0,0.0077,0.0257
q1,0,23,0,0,0.0,0,0.0082,0.0,0.0064,0.0196
q1,0,24,0,0,0.0,0,0.0046,0.0,0.0074,0.0227
q1,0,25,0,0,0.0,0,0.009,0.0101,0.0078,0.0295
q1,0,26,0,0,0.0,0,0.0048,0.0,0.0114,0.027
q1,1,2,0,1,0.1667,1,0.4545,0.046,0.0231,0.064
q1,1,3,0,1,0.0,0,0.0013,0.0,0.0075,0.0305
q1,1,4,0,1,0.0,0,0.0019,0.0108,0.0063,0.0327
q1,1,5,0,1,0.125,1,0.1538,0.0447,0.0185,0.0544
q1,1,6,0,1,0.0,0,0.0,0.0108,0.007,0.0277
q1,1,7,1,1,0.0,0,0.0009,0.0122,0.0089,0.0387
q1,1,8,1,1,0.1667,1,0.1239,0.0419,0.0178,0.0557
q1,1,9,0,0,0.0,0,0.007,0.0,0.0046,0.0119
q1,1,10,0,0,0.1667,1,0.2571,0.0193,0.0168,0.0449
q1,1,11,0,0,0.125,1,0.1441,0.0,0.0032,0.0249
q1,1,12,0,0,0.1429,1,0.2521,0.0123,0.0113,0.0356
q1,1,13,0,0,0.0,0,0.0013,0.0,0.0042,0.0212
q1,1,14,0,0,0.0,0,0.0042,0.0,0.0024,0.0176
q1,1,15,0,0,0.0,0,0.001,0.0325,0.0106,0.0381
q1,1,16,0,0,0.0,0,0.0,0.0,0.0057,0.0275
q1,1,17,0,0,0.0,0,0.0,0.0,0.0019,0.0265
q1,1,18,0,0,0.1429,1,0.355,0.0,0.0026,0.0164
q1,1,19,0,0,0.125,1,0.0233,0.0,0.0,0.0103
q1,1,20,0,0,0.1667,1,0.0405,0.0,0.0043,0.029
q1,1,21,0,0,0.1667,1,0.0186,0.0162,0.0066,0.0233
q1,1,22,0,0,0.125,1,0.0222,0.0126,0.0086,0.0308
q1,1,23,0,0,0.0,0,0.0009,0.0,0.0057,0.0178
q1,1,24,0,0,0.0,0,0.0009,0.0,0.0042,0.0271
q1,1,25,0,0,0.0,0,0.0009,0.0338,0.0098,0.0298
q1,1,26,0,0,0.1429,1,0.1488,0.0974,0.0294,0.0638
q1,2,3,1,1,0.0,0,0.0033,0.2788,0.0579,0.0866
q1,2,4,0,1,0.0,0,0.012,0.1911,0.0262,0.0426
q1,2,5,0,1,0.3333,2,0.1362,0.0296,0.014,0.0323
q1,2,6,0,1,0.0,0,0.0018,0.0091,0.0066,0.0243
q1,2,7,0,1,0.0,0,0.0073,0.2253,0.0286,0.0569
q1,2,8,0,1,0.2,1,0.1307,0.198,0.028,0.0493
q1,2,9,0,0,0.0,0,0.0146,0.0,0.0021,0.0073
q1,2,10,0,0,0.2,1,0.1313,0.0,0.0026,0.0171
q1,2,11,0,0,0.1429,1,0.116,0.0618,0.0206,0.0386
q1,2,12,0,0,0.1667,1,0.2161,0.0184,0.0113,0.0301
q1,2,13,0,0,0.0,0,0.0077,0.2321,0.0307,0.0483
q1,2,14,0,0,0.0,0,0.004,0.1585,0.0287,0.0636
q1,2,15,0,0,0.0,0,0.0023,0.1355,0.0267,0.0443
q1,2,16,0,0,0.0,0,0.0056,0.1775,0.0365,0.0629
q1,2,17,0,0,0.0,0,0.0043,0.1786,0.0318,0.068
q1,2,18,0,0,0.1667,1,0.2258,0.0,0.0,0.0068
q1,2,19,0,0,0.1429,1,0.0379,0.0,0.0,0.0054
q1,2,20,0,0,0.2,1,0.0288,0.0698,0.0202,0.0385
q1,2,21,0,0,0.2,1,0.0139,0.0497,0.0183,0.0363
q1,2,22,0,0,0.1429,1,0.027,0.0601,0.0155,0.032
q1,2,23,0,0,0.0,0,0.0008,0.0622,0.0169,0.0294
q1,2,24,0,0,0.0,0,0.0,0.1272,0.0238,0.0375
q1,2,25,0,0,0.0,0,0.0018,0.0364,0.0058,0.0308
q1,2,26,0,0,0.1667,1,0.1357,0.1445,0.0291,0.0481
q1,3,4,0,1,0.0,0,0.0324,0.1923,0.0261,0.049
q1,3,5,0,1,0.0,0,0.0314,0.0805,0.0137,0.031
q1,3,6,0,1,0.0,0,0.0053,0.0,0.0086,0.0322
q1,3,7,0,1,0.0,0,0.0149,0.1767,0.0258,0.0539
q1,3,8,0,1,0.0,0,0.0387,0.2151,0.029,0.06
q1,3,9,0,0,0.0,0,0.0071,0.0,0.0033,0.0125
q1,3,10,0,0,0.0,0,0.0026,0.0322,0.0152,0.0375
q1,3,11,0,0,0.0,0,0.0189,0.0881,0.0316,0.0559
q1,3,12,0,0,0.0,0,0.0,0.0123,0.0077,0.0232
q1,3,13,0,0,0.1667,1,0.2454,0.238,0.0401,0.0763
q1,3,14,0,0,0.0,0,0.0019,0.0,0.0107,0.0308
q1,3,15,0,0,0.0,0,0.0277,0.0753,0.0205,0.0385
q1,3,16,0,0,0.0,0,0.0383,0.1178,0.0251,0.0422
q1,3,17,0,0,0.0,0,0.0008,0.0601,0.0191,0.0333
q1,3,18,0,0,0.0,0,0.0086,0.0,0.0024,0.0112
q1,3,19,0,0,0.0,0,0.0045,0.0,0.0012,0.0055
q1,3,20,0,0,0.1667,1,0.0936,0.0838,0.0251,0.0454
q1,3,21,0,0,0.1667,1,0.0893,0.0596,0.0261,0.0552
q1,3,22,0,0,0.0,0,0.001,0.0979,0.0213,0.039
q1,3,23,0,0,0.1667,1,0.1807,0.0966,0.0295,0.05
q1,3,24,0,0,0.1429,1,0.0899,0.1433,0.0329,0.0598
q1,3,25,0,0,0.1667,1,0.0335,0.0,0.0059,0.0319
q1,3,26,0,0,0.0,0,0.0491,0.1587,0.0259,0.0494
q1,4,5,1,1,0.3333,2,0.4063,0.1532,0.0678,0.134
q1,4,6,1,1,0.0,0,0.0034,0.0988,0.0337,0.071
q1,4,7,0,1,0.0,0,0.0221,0.1487,0.0207,0.0486
q1,4,8,0,1,0.2,1,0.348,0.4427,0.1438,0.2081
q1,4,9,0,0,0.0,0,0.0494,0.0,0.0049,0.021
q1,4,10,0,0,0.0,0,0.0053,0.0172,0.0048,0.0325
q1,4,11,0,0,0.0,0,0.0037,0.0371,0.0129,0.0259
q1,4,12,0,0,0.0,0,0.0125,0.0261,0.01,0.0369
q1,4,13,0,0,0.2,1,0.1364,0.1271,0.0231,0.0443
q1,4,14,0,0,0.25,1,0.0171,0.0,0.0077,0.0212
q1,4,15,0,0,0.0,0,0.0021,0.1217,0.0191,0.0309
q1,4,16,0,0,0.0,0,0.0367,0.0783,0.0167,0.0297
q1,4,17,0,0,0.0,0,0.0042,0.067,0.0132,0.0216
q1,4,18,0,0,0.0,0,0.0062,0.0,0.0011,0.0048
q1,4,19,0,0,0.0,0,0.0176,0.0,0.0,0.0048
q1,4,20,0,0,0.0,0,0.0114,0.0419,0.0121,0.024
q1,4,21,0,0,0.0,0,0.1078,0.0298,0.0113,0.0383
q1,4,22,0,0,0.0,0,0.0133,0.0713,0.0147,0.0327
q1,4,23,0,0,0.0,0,0.1166,0.0622,0.016,0.0313
q1,4,24,0,0,0.0,0,0.0107,0.1199,0.0195,0.0415
q1,4,25,0,0,0.0,0,0.0161,0.0091,0.0039,0.0199
q1,4,26,0,0,0.1667,1,0.1589,0.1385,0.0555,0.0991
q1,5,6,1,1,0.0,0,0.0,0.1005,0.0272,0.0615
q1,5,7,0,1,0.0,0,0.0,0.0,0.0061,0.0338
q1,5,8,0,1,0.3333,2,0.2998,0.0926,0.0316,0.0675
q1,5,9,0,0,0.0,0,0.0008,0.0,0.003,0.015
q1,5,10,0,0,0.1429,1,0.2998,0.0215,0.009,0.0269
q1,5,11,0,0,0.1111,1,0.2206,0.0,0.005,0.0163
q1,5,12,0,0,0.125,1,0.2171,0.0138,0.0065,0.0278
q1,5,13,0,0,0.1429,1,0.1069,0.0181,0.0089,0.023
q1,5,14,0,0,0.1667,1,0.0276,0.0,0.0021,0.0236
q1,5,15,0,0,0.0,0,0.0021,0.0301,0.0054,0.0194
q1,5,16,0,0,0.0,0,0.0265,0.009,0.0097,0.0447
q1,5,17,0,0,0.0,0,0.0147,0.0192,0.0058,0.0287
q1,5,18,0,0,0.125,1,0.2337,0.0559,0.0043,0.0076
q1,5,19,0,0,0.1111,1,0.1083,0.0,0.0011,0.0063
q1,5,20,0,0,0.1429,1,0.1276,0.0,0.0015,0.01
q1,5,21,0,0,0.1429,1,0.1168,0.0,0.0033,0.0137
q1,5,22,0,0,0.1111,1,0.126,0.0238,0.0113,0.0252
q1,5,23,0,0,0.0,0,0.0098,0.0212,0.0109,0.0251
q1,5,24,0,0,0.0,0,0.0098,0.0234,0.0082,0.0262
q1,5,25,0,0,0.0,0,0.0091,0.009,0.0045,0.0177
q1,5,26,0,0,0.2857,2,0.4053,0.0813,0.0386,0.0775
q1,6,7,0,1,0.0,0,0.0072,0.0252,0.0129,0.039
q1,6,8,0,1,0.0,0,0.0021,0.009,0.0092,0.043
q1,6,9,0,0,0.0,0,0.0073,0.0,0.0026,0.0112
q1,6,10,0,0,0.0,0,0.0084,0.0,0.0014,0.0172
q1,6,11,0,0,0.0,0,0.0009,0.0,0.0065,0.0244
q1,6,12,0,0,0.0,0,0.0024,0.0123,0.0039,0.0199
q1,6,13,0,0,0.0,0,0.0143,0.0,0.0087,0.0317
q1,6,14,0,0,0.0,0,0.0,0.0,0.0077,0.0295
q1,6,15,0,0,0.0,0,0.0,0.0,0.0043,0.0216
q1,6,16,0,0,0.0,0,0.0259,0.0,0.0082,0.026
q1,6,17,0,0,0.0,0,0.0033,0.0,0.0058,0.0232
q1,6,18,0,0,0.0,0,0.0009,0.0,0.0,0.0055
q1,6,19,0,0,0.0,0,0.0035,0.0,0.0,0.0055
q1,6,20,0,0,0.0,0,0.0035,0.0,0.0054,0.0183
q1,6,21,0,0,0.0,0,0.0035,0.0,0.0048,0.0193
q1,6,22,0,0,0.0,0,0.0035,0.0,0.0038,0.0238
q1,6,23,0,0,0.0,0,0.0147,0.0,0.0033,0.0203
q1,6,24,0,0,0.0,0,0.0035,0.0,0.0073,0.0382
q1,6,25,0,0,0.0,0,0.0078,0.0072,0.0051,0.0183
q1,6,26,0,0,0.0,0,0.0009,0.0099,0.0113,0.0404
q1,7,8,1,1,0.0,0,0.0265,0.2073,0.03,0.0621
q1,7,9,0,0,0.0,0,0.0079,0.0,0.0029,0.0131
q1,7,10,0,0,0.0,0,0.0013,0.0,0.0056,0.015
q1,7,11,0,0,0.0,0,0.0028,0.0958,0.027,0.0523
q1,7,12,0,0,0.0,0,0.0021,0.0,0.0051,0.0176
q1,7,13,0,0,0.0,0,0.0134,0.1481,0.0282,0.0448
q1,7,14,0,0,0.0,0,0.006,0.0,0.0078,0.0233
q1,7,15,0,0,0.0,0,0.0035,0.1066,0.0246,0.0497
q1,7,16,0,0,0.0,0,0.0043,0.1281,0.0214,0.0419
q1,7,17,0,0,0.0,0,0.0031,0.1217,0.0157,0.0257
q1,7,18,0,0,0.0,0,0.0044,0.0,0.0031,0.0093
q1,7,19,0,0,0.0,0,0.0087,0.0,0.0,0.0074
q1,7,20,0,0,0.0,0,0.0132,0.1117,0.0246,0.0419
q1,7,21,0,0,0.0,0,0.0151,0.0783,0.0221,0.0455
q1,7,22,0,0,0.0,0,0.0117,0.0839,0.0145,0.033
q1,7,23,0,0,0.0,0,0.0141,0.0675,0.0149,0.0318
q1,7,24,0,0,0.0,0,0.0106,0.1374,0.0206,0.0365
q1,7,25,0,0,0.0,0,0.0108,0.0145,0.0144,0.0428
q1,7,26,0,0,0.0,0,0.0078,0.1272,0.0293,0.0632
q1,8,9,0,0,0.0,0,0.0209,0.0,0.0032,0.0135
q1,8,10,0,0,0.2,1,0.1054,0.0172,0.0106,0.0371
q1,8,11,0,0,0.1429,1,0.1074,0.0371,0.0155,0.0376
q1,8,12,0,0,0.1667,1,0.114,0.0276,0.0102,0.0312
q1,8,13,0,0,0.2,1,0.1119,0.1195,0.0193,0.0405
q1,8,14,0,0,0.0,0,0.004,0.0211,0.0096,0.0225
q1,8,15,0,0,0.0,0,0.0023,0.1205,0.0153,0.0292
q1,8,16,0,0,0.0,0,0.0367,0.1302,0.0166,0.0302
q1,8,17,0,0,0.0,0,0.0034,0.1167,0.0113,0.0179
q1,8,18,0,0,0.1667,1,0.1123,0.0,0.0013,0.0088
q1,8,19,0,0,0.1429,1,0.0271,0.0,0.0,0.0048
q1,8,20,0,0,0.2,1,0.0112,0.0419,0.0091,0.022
q1,8,21,0,0,0.2,1,0.0082,0.0298,0.0087,0.0329
q1,8,22,0,0,0.1429,1,0.0169,0.0615,0.0131,0.0299
q1,8,23,0,0,0.0,0,0.0054,0.0635,0.0135,0.0255
q1,8,24,0,0,0.0,0,0.0029,0.1199,0.0153,0.0382
q1,8,25,0,0,0.0,0,0.0017,0.0205,0.0089,0.0288
q1,8,26,0,0,0.4,2,0.2593,0.2113,0.0461,0.0889
q1,9,10,1,1,0.1429,1,0.1087,0.2876,0.1098,0.1651
q1,9,11,0,1,0.0,0,0.0067,0.0,0.0048,0.0124
q1,9,12,1,1,0.0,0,0.0091,0.1717,0.0308,0.0699
q1,9,13,0,1,0.0,0,0.0281,0.0,0.0024,0.0067
q1,9,14,0,1,0.0,0,0.0025,0.0,0.0,0.0053
q1,9,15,0,1,0.0,0,0.0,0.0,0.0033,0.0075
q1,9,16,0,1,0.0,0,0.0093,0.0,0.0,0.0059
q1,9,17,0,1,0.0,0,0.0045,0.0,0.0,0.0069
q1,9,18,0,0,0.125,1,0.1148,0.0,0.0056,0.0118
q1,9,19,0,0,0.0,0,0.0253,0.0,0.0,0.0146
q1,9,20,0,0,0.0,0,0.0101,0.0,0.0027,0.0077
q1,9,21,0,0,0.0,0,0.011,0.0,0.0011,0.0063
q1,9,22,0,0,0.1111,1,0.2444,0.0,0.0046,0.0187
q1,9,23,0,0,0.0,0,0.011,0.0,0.0025,0.0058
q1,9,24,0,0,0.0,0,0.0101,0.0,0.0013,0.0104
q1,9,25,0,0,0.0,0,0.0142,0.0,0.0032,0.0107
q1,9,26,0,0,0.0,0,0.0023,0.0,0.0052,0.0135
q1,10,11,0,1,0.3333,2,0.4336,0.0193,0.0086,0.0188
q1,10,12,1,1,0.1667,1,0.2156,0.0536,0.0302,0.0805
q1,10,13,0,1,0.0,0,0.0079,0.0,0.0034,0.0114
q1,10,14,0,1,0.0,0,0.0019,0.0,0.0,0.0085
q1,10,15,0,1,0.0,0,0.0021,0.0,0.0035,0.0174
q1,10,16,0,1,0.0,0,0.0024,0.0,0.0,0.0107
q1,10,17,0,1,0.0,0,0.0008,0.0,0.0,0.0092
q1,10,18,0,0,0.4,2,0.5245,0.0,0.0017,0.0076
q1,10,19,0,0,0.1429,1,0.2,0.0,0.0,0.0113
q1,10,20,0,0,0.2,1,0.2073,0.0,0.0021,0.0181
q1,10,21,0,0,0.2,1,0.1126,0.0172,0.0052,0.0206
q1,10,22,0,0,0.1429,1,0.2285,0.0365,0.014,0.0292
q1,10,23,0,0,0.0,0,0.0023,0.0,0.0029,0.0127
q1,10,24,0,0,0.0,0,0.0029,0.0,0.003,0.0247
q1,10,25,0,0,0.2,1,0.2767,0.0,0.0055,0.0216
q1,10,26,0,0,0.1667,1,0.3766,0.0215,0.0095,0.0282
q1,11,12,0,1,0.125,1,0.2197,0.0,0.0058,0.0171
q1,11,13,1,1,0.0,0,0.0209,0.1499,0.041,0.0624
q1,11,14,0,1,0.0,0,0.001,0.0,0.0081,0.0192
q1,11,15,1,1,0.0,0,0.001,0.0773,0.0268,0.0582
q1,11,16,0,1,0.0,0,0.0018,0.0618,0.0184,0.0256
q1,11,17,0,1,0.0,0,0.0046,0.0618,0.0149,0.0224
q1,11,18,0,0,0.2857,2,0.324,0.2098,0.0304,0.0657
q1,11,19,0,0,0.1111,1,0.1189,0.0,0.004,0.0219
q1,11,20,0,0,0.1429,1,0.1306,0.1169,0.043,0.069
q1,11,21,0,0,0.1429,1,0.1245,0.0927,0.0383,0.0674
q1,11,22,0,0,0.1111,1,0.1255,0.1762,0.052,0.0952
q1,11,23,0,0,0.0,0,0.01,0.1036,0.0388,0.0665
q1,11,24,0,0,0.0,0,0.0096,0.0773,0.0281,0.0544
q1,11,25,0,0,0.1429,1,0.1406,0.0278,0.0208,0.0581
q1,11,26,0,0,0.2857,2,0.3219,0.1484,0.0398,0.0772
q1,12,13,0,1,0.0,0,0.0133,0.0,0.0018,0.0109
q1,12,14,0,1,0.0,0,0.0035,0.0,0.0032,0.0148
q1,12,15,0,1,0.0,0,0.001,0.0,0.0031,0.0133
q1,12,16,0,1,0.0,0,0.0119,0.0,0.0029,0.0127
q1,12,17,0,1,0.0,0,0.0027,0.0,0.0032,0.0188
q1,12,18,0,0,0.1429,1,0.326,0.0,0.0027,0.0104
q1,12,19,0,0,0.125,1,0.13,0.0,0.0,0.0073
q1,12,20,0,0,0.1667,1,0.1175,0.0,0.0044,0.0184
q1,12,21,0,0,0.1667,1,0.1116,0.0,0.0015,0.0079
q1,12,22,0,0,0.125,1,0.1307,0.0123,0.0064,0.0194
q1,12,23,0,0,0.0,0,0.0,0.0,0.0033,0.0098
q1,12,24,0,0,0.0,0,0.0,0.0,0.0017,0.0119
q1,12,25,0,0,0.0,0,0.0039,0.0,0.0031,0.0117
q1,12,26,0,0,0.1429,1,0.2138,0.0123,0.0072,0.0202
q1,13,14,0,1,0.0,0,0.0049,0.0,0.0061,0.0154
q1,13,15,1,1,0.0,0,0.001,0.1757,0.0376,0.0583
q1,13,16,0,1,0.0,0,0.0549,0.126,0.0211,0.0291
q1,13,17,0,1,0.0,0,0.0035,0.12,0.0144,0.0223
q1,13,18,0,0,0.0,0,0.0119,0.1119,0.0132,0.0253
q1,13,19,0,0,0.0,0,0.0264,0.0,0.0035,0.0135
q1,13,20,0,0,0.2,1,0.3736,0.1309,0.0334,0.0524
q1,13,21,0,0,0.2,1,0.4308,0.0882,0.0377,0.0701
q1,13,22,0,0,0.0,0,0.0174,0.1259,0.0291,0.0552
q1,13,23,0,0,0.2,1,0.5269,0.1772,0.0523,0.0955
q1,13,24,0,0,0.1667,1,0.4869,0.3523,0.0832,0.1241
q1,13,25,0,0,0.2,1,0.1645,0.0547,0.0222,0.0569
q1,13,26,0,0,0.1667,1,0.0646,0.1498,0.0373,0.0635
q1,14,15,0,1,0.0,0,0.001,0.0,0.0076,0.0198
q1,14,16,1,1,0.0,0,0.0043,0.0779,0.0307,0.0695
q1,14,17,1,1,0.0,0,0.0127,0.0687,0.0324,0.0759
q1,14,18,0,0,0.0,0,0.0018,0.0,0.0,0.003
q1,14,19,0,0,0.0,0,0.0038,0.0,0.0,0.0044
q1,14,20,0,0,0.0,0,0.0032,0.0,0.0087,0.0249
q1,14,21,0,0,0.0,0,0.0032,0.0,0.0074,0.0198
q1,14,22,0,0,0.0,0,0.0037,0.0,0.0047,0.0158
q1,14,23,0,0,0.0,0,0.0032,0.0,0.0049,0.0149
q1,14,24,0,0,0.0,0,0.0032,0.0,0.0076,0.0201
q1,14,25,0,0,0.0,0,0.0033,0.0,0.0024,0.0148
q1,14,26,0,0,0.0,0,0.004,0.0,0.0071,0.0195
q1,15,16,0,1,0.0,0,0.0031,0.0527,0.0173,0.0267
q1,15,17,0,1,0.0,0,0.0,0.1568,0.0185,0.0273
q1,15,18,0,0,0.0,0,0.0021,0.1119,0.0171,0.0389
q1,15,19,0,0,0.0,0,0.0021,0.0,0.0048,0.024
q1,15,20,0,0,0.0,0,0.0021,0.103,0.0363,0.0716
q1,15,21,0,0,0.0,0,0.0042,0.0427,0.0224,0.0516
q1,15,22,0,0,0.0,0,0.0021,0.0853,0.0427,0.097
q1,15,23,0,0,0.0,0,0.001,0.1005,0.0437,0.0714
q1,15,24,0,0,0.0,0,0.001,0.1111,0.0346,0.0495
q1,15,25,0,0,0.1667,1,0.6045,0.1819,0.0602,0.1095
q1,15,26,0,0,0.0,0,0.0021,0.1857,0.0483,0.0669
q1,16,17,1,1,0.0,0,0.0078,0.125,0.0477,0.0841
q1,16,18,0,0,0.0,0,0.0,0.0,0.0,0.0026
q1,16,19,0,0,0.0,0,0.0167,0.0,0.0,0.0026
q1,16,20,0,0,0.0,0,0.0383,0.0838,0.021,0.0304
q1,16,21,0,0,0.0,0,0.0383,0.0596,0.0197,0.0284
q1,16,22,0,0,0.0,0,0.0051,0.0601,0.0135,0.0214
q1,16,23,0,0,0.0,0,0.0383,0.0569,0.0125,0.022
q1,16,24,0,0,0.0,0,0.0385,0.1213,0.019,0.0297
q1,16,25,0,0,0.0,0,0.0024,0.0,0.0006,0.0082
q1,16,26,0,0,0.0,0,0.0426,0.0427,0.0167,0.0354
q1,17,18,0,0,0.0,0,0.0,0.0,0.0,0.0021
q1,17,19,0,0,0.0,0,0.0053,0.0,0.0,0.0021
q1,17,20,0,0,0.0,0,0.0,0.0698,0.0157,0.0255
q1,17,21,0,0,0.0,0,0.0,0.0497,0.0139,0.022
q1,17,22,0,0,0.0,0,0.0037,0.0224,0.0101,0.0219
q1,17,23,0,0,0.0,0,0.0,0.0212,0.0098,0.0191
q1,17,24,0,0,0.0,0,0.0,0.0468,0.0133,0.0242
q1,17,25,0,0,0.0,0,0.0036,0.0,0.0,0.0112
q1,17,26,0,0,0.0,0,0.0031,0.1158,0.014,0.0228
q1,18,19,0,1,0.125,1,0.2197,0.0559,0.0221,0.0909
q1,18,20,0,1,0.1667,1,0.2307,0.0629,0.0167,0.0573
q1,18,21,0,1,0.1667,1,0.1315,0.0559,0.0106,0.0315
q1,18,22,1,1,0.125,1,0.2216,0.4196,0.0653,0.1002
q1,18,23,1,1,0.0,0,0.0119,0.3077,0.0532,0.0765
q1,18,24,0,1,0.0,0,0.012,0.0769,0.0116,0.0274
q1,18,25,0,1,0.0,0,0.0136,0.0839,0.0105,0.0334
q1,18,26,0,1,0.3333,2,0.6373,0.1399,0.0114,0.03
q1,19,20,1,1,0.1429,1,0.1952,0.0544,0.012,0.0492
q1,19,21,1,1,0.1429,1,0.1097,0.0544,0.007,0.0212
q1,19,22,0,1,0.1111,1,0.2379,0.0,0.0194,0.0653
q1,19,23,0,1,0.0,0,0.004,0.0,0.0055,0.027
q1,19,24,0,1,0.0,0,0.0033,0.0,0.0029,0.0152
q1,19,25,0,1,0.0,0,0.0148,0.0,0.0026,0.0148
q1,19,26,0,1,0.125,1,0.201,0.0816,0.0152,0.037
q1,20,21,1,1,0.5,2,0.7414,0.3944,0.1712,0.2404
q1,20,22,0,1,0.1429,1,0.2269,0.0716,0.0261,0.07
q1,20,23,0,1,0.2,1,0.6885,0.1344,0.0572,0.0995
q1,20,24,0,1,0.1667,1,0.5628,0.0873,0.0292,0.052
q1,20,25,0,1,0.2,1,0.1569,0.0157,0.0098,0.0317
q1,20,26,0,1,0.1667,1,0.2617,0.0716,0.0245,0.0524
q1,21,22,0,1,0.1429,1,0.1291,0.0517,0.0225,0.0506
q1,21,23,0,1,0.2,1,0.7562,0.1429,0.0605,0.1059
q1,21,24,0,1,0.1667,1,0.5519,0.0716,0.0273,0.0622
q1,21,25,0,1,0.2,1,0.1576,0.0,0.0099,0.0358
q1,21,26,0,1,0.1667,1,0.1688,0.0398,0.0242,0.0521
q1,22,23,1,1,0.0,0,0.0072,0.1986,0.0625,0.0869
q1,22,24,0,1,0.0,0,0.0072,0.1506,0.0307,0.0559
q1,22,25,0,1,0.0,0,0.0167,0.0573,0.0197,0.0583
q1,22,26,0,1,0.125,1,0.2234,0.0923,0.0361,0.0665
q1,23,24,0,1,0.1667,1,0.5877,0.2383,0.0844,0.1305
q1,23,25,0,1,0.2,1,0.1547,0.0807,0.0294,0.0611
q1,23,26,0,1,0.0,0,0.0637,0.1124,0.0367,0.0663
q1,24,25,1,1,0.1667,1,0.1546,0.0468,0.0201,0.0528
q1,24,26,1,1,0.0,0,0.0627,0.1096,0.034,0.0611
q1,25,26,1,1,0.0,0,0.0075,0.1393,0.0468,0.0764
q2,0,1,1,1,0.3333,2,0.5566,0.1993,0.036,0.0855
q2,0,2,0,1,0.0,0,0.0726,0.072,0.038,0.0669
q2,0,3,1,1,0.0,0,0.0112,0.1937,0.0278,0.0772
q2,0,4,0,1,0.0,0,0.1115,0.2934,0.0515,0.0838
q2,0,5,0,1,0.0,0,0.089,0.1107,0.0407,0.0738
q2,0,6,0,1,0.0,0,0.0092,0.1771,0.0196,0.0438
q2,0,7,0,1,0.0,0,0.0121,0.0,0.0016,0.0252
q2,0,8,0,1,0.0,0,0.0126,0.0,0.0027,0.0282
q2,1,2,0,1,0.0,0,0.0634,0.0829,0.0495,0.069
q2,1,3,1,1,0.0,0,0.0034,0.1045,0.0282,0.0616
q2,1,4,0,1,0.0,0,0.0535,0.1244,0.0386,0.0611
q2,1,5,0,1,0.0,0,0.0321,0.1106,0.0372,0.0584
q2,1,6,0,1,0.0,0,0.0037,0.0722,0.0202,0.0367
q2,1,7,0,1,0.0,0,0.0039,0.0,0.0049,0.0233
q2,1,8,0,1,0.0,0,0.0059,0.0123,0.0062,0.0255
q2,2,3,0,1,0.0,0,0.0072,0.0235,0.0188,0.0382
q2,2,4,1,1,0.0,0,0.3442,0.6642,0.1895,0.2764
q2,2,5,1,1,0.0,0,0.4571,0.4097,0.1692,0.2497
q2,2,6,0,1,0.0,0,0.0015,0.0253,0.0332,0.0578
q2,2,7,0,1,0.0,0,0.0151,0.0,0.0022,0.0243
q2,2,8,0,1,0.0,0,0.0081,0.015,0.0124,0.0274
q2,3,4,0,1,0.0,0,0.006,0.1287,0.0183,0.0394
q2,3,5,0,1,0.0,0,0.0061,0.099,0.0137,0.0414
q2,3,6,0,1,0.0,0,0.0443,0.1844,0.0382,0.0647
q2,3,7,0,1,0.0,0,0.0008,0.0,0.0079,0.0375
q2,3,8,0,1,0.0,0,0.0082,0.0198,0.0101,0.0442
q2,4,5,1,1,0.25,2,0.639,0.3063,0.2874,0.4292
q2,4,6,0,1,0.0,0,0.0022,0.3007,0.0468,0.0546
q2,4,7,0,1,0.0,0,0.0138,0.0,0.0037,0.0266
q2,4,8,0,1,0.0,0,0.0166,0.0056,0.0095,0.023
q2,5,6,0,1,0.0,0,0.0007,0.2068,0.0308,0.0502
q2,5,7,0,1,0.0,0,0.0154,0.0,0.0042,0.0238
q2,5,8,0,1,0.0,0,0.0114,0.0048,0.0108,0.0251
q2,6,7,1,1,0.0,0,0.0,0.0965,0.0548,0.1127
q2,6,8,1,1,0.0,0,0.0789,0.316,0.0772,0.1214
q2,7,8,1,1,0.0,0,0.0054,0.2141,0.0453,0.1088
q3,0,1,1,1,0.0,0,0.0064,0.1718,0.0606,0.0852
q3,0,2,1,1,0.0,0,0.0133,0.055,0.0197,0.0643
q3,0,3,0,1,0.0,0,0.0,0.0,0.0018,0.0087
q3,0,4,0,1,0.0,0,0.0128,0.0,0.001,0.0274
q3,0,5,0,1,0.0,0,0.0,0.0,0.0016,0.0164
q3,0,6,0,1,0.125,1,0.4807,0.268,0.0612,0.1018
q3,0,7,0,1,0.0,0,0.008,0.0,0.0,0.0083
q3,0,8,0,1,0.0,0,0.0095,0.0,0.0013,0.0281
q3,0,9,0,0,0.0,0,0.0,0.0,0.0,0.0033
q3,0,10,0,0,0.1667,1,0.212,0.0,0.0022,0.0114
q3,0,11,0,0,0.0,0,0.0012,0.0,0.0,0.0038
q3,0,12,0,0,0.125,1,0.2015,0.0,0.0025,0.0164
q3,0,13,0,0,0.0,0,0.0108,0.0275,0.0041,0.0131
q3,0,14,0,0,0.25,2,0.2268,0.0275,0.007,0.0237
q3,0,15,0,0,0.0,0,0.0097,0.0275,0.0061,0.0208
q3,0,16,0,0,0.0,0,0.0011,0.0,0.0,0.005
q3,0,17,0,0,0.0,0,0.0079,0.0275,0.0061,0.015
q3,0,18,0,0,0.0,0,0.0207,0.0275,0.0067,0.0278
q3,0,19,0,0,0.0,0,0.0067,0.0275,0.0055,0.024
q3,0,20,0,0,0.1667,1,0.219,0.0,0.0052,0.0163
q3,0,21,0,0,0.0,0,0.0095,0.0275,0.0062,0.0288
q3,0,22,0,0,0.0,0,0.0022,0.0,0.0019,0.01
q3,0,23,0,0,0.1667,1,0.1196,0.0,0.0029,0.0116
q3,1,2,1,1,0.0,0,0.0542,0.0498,0.0141,0.0517
q3,1,3,0,1,0.0,0,0.0,0.046,0.0115,0.0184
q3,1,4,0,1,0.0,0,0.008,0.0,0.0042,0.0261
q3,1,5,0,1,0.0,0,0.001,0.0,0.0066,0.0155
q3,1,6,0,1,0.0,0,0.0097,0.0,0.0023,0.0208
q3,1,7,0,1,0.0,0,0.0,0.0307,0.0092,0.0176
q3,1,8,0,1,0.0,0,0.0096,0.0,0.003,0.0262
q3,1,9,0,0,0.0,0,0.0,0.0576,0.0148,0.0209
q3,1,10,0,0,0.0,0,0.026,0.1015,0.0193,0.0348
q3,1,11,0,0,0.0,0,0.0,0.046,0.0115,0.0212
q3,1,12,0,0,0.0,0,0.0048,0.1169,0.0221,0.0379
q3,1,13,0,0,0.0,0,0.0229,0.1475,0.0185,0.0352
q3,1,14,0,0,0.0,0,0.0083,0.1188,0.0155,0.0289
q3,1,15,0,0,0.0,0,0.0048,0.092,0.0178,0.0306
q3,1,16,0,0,0.0,0,0.0009,0.046,0.0133,0.0241
q3,1,17,0,0,0.0,0,0.007,0.0939,0.0149,0.0261
q3,1,18,0,0,0.0,0,0.0223,0.0939,0.0205,0.0335
q3,1,19,0,0,0.0,0,0.0057,0.0939,0.0148,0.028
q3,1,20,0,0,0.0,0,0.0082,0.1169,0.0203,0.0417
q3,1,21,0,0,0.0,0,0.0308,0.1648,0.0206,0.0391
q3,1,22,0,0,0.0,0,0.0039,0.1169,0.0242,0.0436
q3,1,23,0,0,0.0,0,0.0068,0.1341,0.0269,0.0452
q3,2,3,0,1,0.0,0,0.0028,0.0,0.0027,0.0164
q3,2,4,0,1,0.0,0,0.0505,0.0,0.0049,0.0342
q3,2,5,0,1,0.0,0,0.0265,0.0,0.005,0.0256
q3,2,6,0,1,0.0,0,0.0139,0.0111,0.0086,0.0321
q3,2,7,0,1,0.0,0,0.01,0.0,0.003,0.0241
q3,2,8,0,1,0.0,0,0.0133,0.0,0.0069,0.038
q3,2,9,0,0,0.0,0,0.0577,0.0,0.0,0.0033
q3,2,10,0,0,0.0,0,0.0477,0.0,0.0016,0.0119
q3,2,11,0,0,0.0,0,0.0,0.0,0.0,0.011
q3,2,12,0,0,0.0,0,0.004,0.0,0.0025,0.0187
q3,2,13,0,0,0.0,0,0.0243,0.0111,0.005,0.0243
q3,2,14,0,0,0.0,0,0.0336,0.0138,0.0042,0.0221
q3,2,15,0,0,0.0,0,0.013,0.0111,0.0044,0.0301
q3,2,16,0,0,0.0,0,0.0011,0.0,0.0,0.0154
q3,2,17,0,0,0.0,0,0.0133,0.0111,0.0086,0.0223
q3,2,18,0,0,0.0,0,0.0239,0.0111,0.0092,0.0343
q3,2,19,0,0,0.0,0,0.0071,0.0111,0.0076,0.0348
q3,2,20,0,0,0.0,0,0.0547,0.0,0.0033,0.0226
q3,2,21,0,0,0.0,0,0.0388,0.0111,0.0103,0.0445
q3,2,22,0,0,0.0,0,0.0013,0.0,0.0021,0.0108
q3,2,23,0,0,0.0,0,0.0147,0.0,0.0035,0.0155
q3,3,4,0,1,0.0,0,0.0093,0.0119,0.0064,0.032
q3,3,5,1,1,0.0,0,0.0048,0.0394,0.0341,0.0876
q3,3,6,0,1,0.0,0,0.0,0.0,0.0024,0.0192
q3,3,7,1,1,0.0,0,0.0028,0.0788,0.0278,0.0491
q3,3,8,0,1,0.0,0,0.0043,0.0,0.0049,0.0347
q3,3,9,0,0,0.0,0,0.0013,0.1151,0.022,0.033
q3,3,10,0,0,0.0,0,0.0,0.0457,0.0112,0.02
q3,3,11,0,0,0.0,0,0.0,0.0925,0.0264,0.0447
q3,3,12,0,0,0.0,0,0.0018,0.0371,0.0099,0.0235
q3,3,13,0,0,0.0,0,0.0012,0.0742,0.0203,0.028
q3,3,14,0,0,0.0,0,0.0,0.0556,0.0145,0.0258
q3,3,15,0,0,0.0,0,0.0022,0.1095,0.0304,0.0405
q3,3,16,0,0,0.0,0,0.0009,0.0708,0.0211,0.0396
q3,3,17,0,0,0.0,0,0.0085,0.0939,0.0262,0.0367
q3,3,18,0,0,0.0,0,0.001,0.0874,0.026,0.0425
q3,3,19,0,0,0.0,0,0.0037,0.0742,0.0228,0.0326
q3,3,20,0,0,0.0,0,0.0018,0.0579,0.0168,0.0417
q3,3,21,0,0,0.0,0,0.0024,0.0579,0.0156,0.0288
q3,3,22,0,0,0.0,0,0.0009,0.0463,0.0138,0.0254
q3,3,23,0,0,0.0,0,0.0009,0.0556,0.0175,0.0278
q3,4,5,0,1,0.0,0,0.1074,0.0119,0.0129,0.0607
q3,4,6,1,1,0.0,0,0.0161,0.0131,0.0149,0.0454
q3,4,7,0,1,0.0,0,0.0313,0.0369,0.0125,0.0441
q3,4,8,1,1,0.1429,1,0.2297,0.1807,0.0537,0.1122
q3,4,9,0,0,0.0,0,0.2646,0.0,0.0009,0.0182
q3,4,10,0,0,0.0,0,0.0474,0.0,0.0029,0.0274
q3,4,11,0,0,0.0,0,0.0215,0.0,0.0021,0.0241
q3,4,12,0,0,0.0,0,0.01,0.0,0.0018,0.0168
q3,4,13,0,0,0.0,0,0.0272,0.0,0.0058,0.0271
q3,4,14,0,0,0.0,0,0.0237,0.0,0.0022,0.0228
q3,4,15,0,0,0.0,0,0.0289,0.0,0.0,0.0158
q3,4,16,0,0,0.0,0,0.0009,0.0,0.0014,0.0177
q3,4,17,0,0,0.0,0,0.0083,0.0,0.0012,0.0165
q3,4,18,0,0,0.0,0,0.0215,0.0,0.0006,0.0224
q3,4,19,0,0,0.0,0,0.0044,0.0,0.0013,0.0198
q3,4,20,0,0,0.0,0,0.0204,0.0,0.0048,0.0386
q3,4,21,0,0,0.0,0,0.0251,0.0,0.0039,0.0265
q3,4,22,0,0,0.0,0,0.0073,0.0,0.0038,0.0244
q3,4,23,0,0,0.0,0,0.0141,0.0,0.0059,0.0334
q3,5,6,0,1,0.0,0,0.0,0.0,0.0094,0.0407
q3,5,7,1,1,0.0,0,0.0116,0.0545,0.0337,0.0837
q3,5,8,0,1,0.0,0,0.0048,0.0079,0.0139,0.0639
q3,5,9,0,0,0.1429,1,0.4032,0.0216,0.0173,0.0565
q3,5,10,0,0,0.0,0,0.0,0.0,0.0057,0.0313
q3,5,11,0,0,0.0,0,0.0011,0.0,0.0128,0.0427
q3,5,12,0,0,0.0,0,0.0,0.0,0.0081,0.0308
q3,5,13,0,0,0.0,0,0.001,0.0099,0.0117,0.0368
q3,5,14,0,0,0.0,0,0.0,0.0168,0.0118,0.0365
q3,5,15,0,0,0.0,0,0.0332,0.0,0.0115,0.0331
q3,5,16,0,0,0.0,0,0.0,0.0,0.0139,0.0389
q3,5,17,0,0,0.0,0,0.0023,0.0191,0.0167,0.037
q3,5,18,0,0,0.0,0,0.0,0.0097,0.0129,0.0358
q3,5,19,0,0,0.0,0,0.0011,0.0,0.0115,0.0311
q3,5,20,0,0,0.0,0,0.0057,0.0,0.0143,0.0486
q3,5,21,0,0,0.0,0,0.0019,0.0089,0.0144,0.043
q3,5,22,0,0,0.0,0,0.0,0.0,0.008,0.0319
q3,5,23,0,0,0.0,0,0.0,0.0,0.0106,0.0349
q3,6,7,0,1,0.0,0,0.0009,0.0,0.0032,0.025
q3,6,8,1,1,0.0,0,0.013,0.1149,0.0259,0.0631
q3,6,9,0,0,0.0,0,0.005,0.0,0.0016,0.0229
q3,6,10,0,0,0.1429,1,0.128,0.0,0.0054,0.034
q3,6,11,0,0,0.0,0,0.0101,0.0,0.0067,0.0343
q3,6,12,0,0,0.1111,1,0.1292,0.0,0.0034,0.0365
q3,6,13,0,0,0.0,0,0.014,0.0,0.0006,0.0186
q3,6,14,0,0,0.1,1,0.1344,0.0164,0.0086,0.0382
q3,6,15,0,0,0.0,0,0.0151,0.0,0.0032,0.0228
q3,6,16,0,0,0.0,0,0.0026,0.0,0.008,0.0338
q3,6,17,0,0,0.0,0,0.0119,0.0,0.0023,0.0221
q3,6,18,0,0,0.0,0,0.0228,0.0,0.0049,0.0258
q3,6,19,0,0,0.0,0,0.0067,0.0,0.0036,0.0241
q3,6,20,0,0,0.1429,1,0.1354,0.0,0.0063,0.0336
q3,6,21,0,0,0.0,0,0.0168,0.0077,0.0102,0.0327
q3,6,22,0,0,0.0,0,0.0022,0.0,0.0042,0.0188
q3,6,23,0,0,0.1429,1,0.1235,0.0,0.0049,0.0392
q3,7,8,0,1,0.0,0,0.0081,0.0201,0.0072,0.0443
q3,7,9,0,0,0.0,0,0.0054,0.0959,0.0195,0.0318
q3,7,10,0,0,0.0,0,0.0,0.0343,0.0117,0.0327
q3,7,11,0,0,0.0,0,0.004,0.0694,0.0212,0.0337
q3,7,12,0,0,0.0,0,0.0018,0.0565,0.0153,0.0326
q3,7,13,0,0,0.0,0,0.0027,0.0826,0.0171,0.0385
q3,7,14,0,0,0.0,0,0.0045,0.0383,0.0166,0.0363
q3,7,15,0,0,0.0,0,0.0117,0.0662,0.0183,0.0379
q3,7,16,0,0,0.0,0,0.0,0.0595,0.016,0.0249
q3,7,17,0,0,0.0,0,0.0052,0.0521,0.0184,0.0334
q3,7,18,0,0,0.0,0,0.0025,0.0583,0.0154,0.0306
q3,7,19,0,0,0.0,0,0.0011,0.0554,0.0196,0.0338
q3,7,20,0,0,0.0,0,0.0115,0.0667,0.0254,0.0578
q3,7,21,0,0,0.0,0,0.0027,0.0686,0.0161,0.038
q3,7,22,0,0,0.0,0,0.0018,0.0401,0.014,0.0296
q3,7,23,0,0,0.0,0,0.0014,0.0442,0.0149,0.0347
q3,8,9,0,0,0.0,0,0.005,0.0,0.0,0.0211
q3,8,10,0,0,0.0,0,0.0181,0.0143,0.0049,0.0369
q3,8,11,0,0,0.0,0,0.0,0.0,0.0005,0.0247
q3,8,12,0,0,0.0,0,0.0069,0.0263,0.0094,0.0411
q3,8,13,0,0,0.0,0,0.0078,0.0075,0.0032,0.0305
q3,8,14,0,0,0.0,0,0.0103,0.0241,0.0113,0.0424
q3,8,15,0,0,0.0,0,0.0128,0.0,0.0021,0.031
q3,8,16,0,0,0.0,0,0.0,0.0113,0.0043,0.0284
q3,8,17,0,0,0.0,0,0.0058,0.0,0.0005,0.0214
q3,8,18,0,0,0.0,0,0.0252,0.0,0.0045,0.0328
q3,8,19,0,0,0.0,0,0.0054,0.0,0.002,0.0243
q3,8,20,0,0,0.0,0,0.0445,0.0189,0.012,0.0556
q3,8,21,0,0,0.0,0,0.0132,0.0062,0.0072,0.04
q3,8,22,0,0,0.0,0,0.004,0.0281,0.0074,0.041
q3,8,23,0,0,0.0,0,0.0215,0.0387,0.0137,0.0597
q3,9,10,0,1,0.0,0,0.0,0.0791,0.0227,0.0378
q3,9,11,1,1,0.0,0,0.0251,0.2902,0.0978,0.1557
q3,9,12,0,1,0.0,0,0.0,0.0767,0.0162,0.032
q3,9,13,0,1,0.0,0,0.0,0.1151,0.0196,0.033
q3,9,14,0,1,0.0,0,0.0,0.1151,0.0194,0.0336
q3,9,15,0,1,0.0,0,0.0826,0.1151,0.0238,0.0344
q3,9,16,1,1,0.0,0,0.0013,0.1751,0.0596,0.102
q3,9,17,0,1,0.0,0,0.005,0.1151,0.02,0.0312
q3,9,18,0,0,0.0,0,0.0,0.1151,0.0209,0.0258
q3,9,19,0,0,0.0,0,0.005,0.1151,0.0228,0.0295
q3,9,20,0,0,0.0,0,0.0043,0.1199,0.023,0.0345
q3,9,21,0,0,0.0,0,0.0,0.1199,0.0202,0.0323
q3,9,22,0,0,0.0,0,0.0,0.0959,0.0194,0.0358
q3,9,23,0,0,0.0,0,0.0,0.1151,0.0238,0.0415
q3,10,11,0,1,0.0,0,0.0043,0.0462,0.0152,0.0322
q3,10,12,1,1,0.1429,1,0.2025,0.2443,0.08,0.12
q3,10,13,0,1,0.0,0,0.0222,0.1,0.0167,0.0306
q3,10,14,1,1,0.125,1,0.207,0.3314,0.1089,0.1367
q3,10,15,0,1,0.0,0,0.0054,0.0457,0.0135,0.026
q3,10,16,0,1,0.0,0,0.0011,0.0471,0.0134,0.0278
q3,10,17,0,1,0.0,0,0.0095,0.0457,0.0128,0.0249
q3,10,18,0,0,0.0,0,0.0202,0.0457,0.0115,0.0243
q3,10,19,0,0,0.0,0,0.0093,0.0457,0.0119,0.0223
q3,10,20,0,0,0.2,1,0.1837,0.2514,0.0719,0.1141
q3,10,21,0,0,0.0,0,0.0315,0.11,0.016,0.0308
q3,10,22,0,0,0.0,0,0.0023,0.2243,0.066,0.1066
q3,10,23,0,0,0.5,2,0.4068,0.24,0.0798,0.124
q3,11,12,0,1,0.0,0,0.0012,0.0462,0.0124,0.0307
q3,11,13,0,1,0.0,0,0.0,0.0925,0.0246,0.0426
q3,11,14,0,1,0.0,0,0.0012,0.0694,0.0173,0.0344
q3,11,15,0,1,0.0,0,0.0,0.0954,0.0313,0.0491
q3,11,16,1,1,0.0,0,0.0329,0.2023,0.0631,0.1247
q3,11,17,0,1,0.0,0,0.0053,0.1127,0.0301,0.0464
q3,11,18,0,0,0.0,0,0.0,0.0925,0.0241,0.0376
q3,11,19,0,0,0.0,0,0.0011,0.0954,0.0307,0.0486
q3,11,20,0,0,0.0,0,0.0012,0.0694,0.0195,0.042
q3,11,21,0,0,0.0,0,0.0,0.0694,0.0179,0.031
q3,11,22,0,0,0.0,0,0.0,0.0578,0.017,0.0346
q3,11,23,0,0,0.0,0,0.0012,0.0694,0.0175,0.0311
q3,12,13,0,1,0.0,0,0.0061,0.1248,0.0179,0.0328
q3,12,14,1,1,0.1,1,0.2201,0.2544,0.0846,0.1293
q3,12,15,0,1,0.0,0,0.0011,0.0541,0.0136,0.0397
q3,12,16,0,1,0.0,0,0.0,0.0467,0.0129,0.0318
q3,12,17,0,1,0.0,0,0.0056,0.034,0.0101,0.0255
q3,12,18,0,0,0.0,0,0.0189,0.0388,0.0101,0.0264
q3,12,19,0,0,0.0,0,0.0074,0.0354,0.0105,0.0261
q3,12,20,0,0,0.1429,1,0.2072,0.3154,0.1315,0.1835
q3,12,21,0,0,0.0,0,0.003,0.0984,0.0179,0.0396
q3,12,22,0,0,0.6,3,0.7473,0.3517,0.1065,0.1843
q3,12,23,0,0,0.1429,1,0.1095,0.3514,0.0951,0.1558
q3,13,14,0,1,0.0,0,0.0217,0.1155,0.0192,0.0416
q3,13,15,1,1,0.0,0,0.0544,0.1662,0.0496,0.0924
q3,13,16,0,1,0.0,0,0.0,0.0779,0.023,0.0381
q3,13,17,1,1,0.0,0,0.0195,0.135,0.0481,0.079
q3,13,18,0,0,0.1,1,0.1505,0.1638,0.0486,0.082
q3,13,19,0,0,0.0,0,0.0136,0.1761,0.0513,0.0935
q3,13,20,0,0,0.0,0,0.0167,0.1244,0.0245,0.0401
q3,13,21,0,0,0.1111,1,0.1774,0.231,0.0513,0.0853
q3,13,22,0,0,0.0,0,0.0042,0.1283,0.018,0.0348
q3,13,23,0,0,0.0,0,0.0122,0.1867,0.0282,0.0461
q3,14,15,0,1,0.0,0,0.0104,0.077,0.0218,0.0443
q3,14,16,0,1,0.0,0,0.0,0.0722,0.0184,0.0324
q3,14,17,0,1,0.0,0,0.0142,0.051,0.0139,0.0282
q3,14,18,0,0,0.0,0,0.0261,0.0583,0.0165,0.0383
q3,14,19,0,0,0.0,0,0.0091,0.0631,0.019,0.0386
q3,14,20,0,0,0.125,1,0.2149,0.2139,0.0637,0.1063
q3,14,21,0,0,0.0,0,0.0214,0.1087,0.0226,0.0431
q3,14,22,0,0,0.0,0,0.0233,0.2946,0.0569,0.0906
q3,14,23,0,0,0.125,1,0.1204,0.3448,0.0796,0.1268
q3,15,16,0,1,0.0,0,0.0,0.068,0.0194,0.0355
q3,15,17,1,1,0.0,0,0.014,0.1649,0.0487,0.0801
q3,15,18,0,0,0.0,0,0.0306,0.1595,0.0559,0.0991
q3,15,19,0,0,0.0,0,0.0094,0.1689,0.0588,0.1033
q3,15,20,0,0,0.0,0,0.0056,0.0676,0.0197,0.0382
q3,15,21,0,0,0.0,0,0.0236,0.1189,0.0371,0.0776
q3,15,22,0,0,0.0,0,0.0011,0.0541,0.016,0.032
q3,15,23,0,0,0.0,0,0.0063,0.0649,0.0186,0.038
q3,16,17,0,1,0.0,0,0.0015,0.0694,0.018,0.0255
q3,16,18,0,0,0.0,0,0.0,0.0694,0.0179,0.0292
q3,16,19,0,0,0.0,0,0.0018,0.068,0.0174,0.0288
q3,16,20,0,0,0.0,0,0.0,0.0751,0.0193,0.0372
q3,16,21,0,0,0.0,0,0.0,0.0708,0.0171,0.0306
q3,16,22,0,0,0.0,0,0.0,0.0581,0.0161,0.0323
q3,16,23,0,0,0.0,0,0.0009,0.0793,0.0247,0.0415
q3,17,18,0,0,0.0,0,0.0254,0.1638,0.0463,0.0698
q3,17,19,0,0,0.1429,1,0.6204,0.3389,0.1254,0.1915
q3,17,20,0,0,0.0,0,0.0129,0.051,0.0161,0.0278
q3,17,21,0,0,0.0,0,0.0171,0.1073,0.0361,0.0628
q3,17,22,0,0,0.0,0,0.0025,0.0425,0.0127,0.0201
q3,17,23,0,0,0.0,0,0.0116,0.053,0.0161,0.0266
q3,18,19,1,1,0.0,0,0.0105,0.1578,0.0539,0.0852
q3,18,20,0,1,0.0,0,0.0272,0.0583,0.019,0.0364
q3,18,21,1,1,0.0,0,0.0395,0.1456,0.0511,0.0816
q3,18,22,0,1,0.0,0,0.0189,0.0485,0.0148,0.031
q3,18,23,0,1,0.0,0,0.0214,0.0583,0.0186,0.0394
q3,19,20,0,1,0.0,0,0.0076,0.0532,0.0168,0.0315
q3,19,21,1,1,0.0,0,0.0113,0.1639,0.0536,0.098
q3,19,22,0,1,0.0,0,0.0063,0.0443,0.0144,0.0221
q3,19,23,0,1,0.0,0,0.0094,0.0532,0.0181,0.0307
q3,20,21,0,1,0.0,0,0.0541,0.1015,0.0209,0.0417
q3,20,22,1,1,0.0,0,0.0052,0.3236,0.0798,0.1142
q3,20,23,1,1,0.2,1,0.1173,0.4088,0.1113,0.161
q3,21,22,0,1,0.0,0,0.0011,0.0962,0.0179,0.0328
q3,21,23,0,1,0.0,0,0.0133,0.1271,0.023,0.0374
q3,22,23,1,1,0.0,0,0.0023,0.3989,0.1178,0.1719
q4,0,1,1,1,0.125,1,0.0433,0.2195,0.0424,0.0891
q4,0,2,0,1,0.0,0,0.0129,0.0635,0.0178,0.0378
q4,0,3,0,1,0.0,0,0.0241,0.1231,0.0275,0.0726
q4,0,4,0,1,0.0,0,0.0812,0.0711,0.0257,0.0617
q4,0,5,0,1,0.0,0,0.0056,0.0343,0.0226,0.0681
q4,0,6,0,1,0.0,0,0.005,0.1168,0.0262,0.0636
q4,0,7,0,1,0.0,0,0.0078,0.1003,0.0163,0.025
q4,0,8,1,1,0.0,0,0.0101,0.0254,0.0255,0.0712
q4,1,2,0,1,0.0,0,0.0382,0.0265,0.0157,0.0312
q4,1,3,0,1,0.0,0,0.0421,0.1855,0.0447,0.093
q4,1,4,0,1,0.0,0,0.048,0.0446,0.0348,0.083
q4,1,5,0,1,0.0,0,0.0338,0.0187,0.016,0.0619
q4,1,6,0,1,0.0,0,0.0415,0.1202,0.0349,0.0779
q4,1,7,0,1,0.0,0,0.0297,0.1161,0.0214,0.0295
q4,1,8,1,1,0.0,0,0.0384,0.0093,0.0157,0.0574
q4,2,3,0,1,0.0,0,0.0397,0.1455,0.0254,0.0445
q4,2,4,0,1,0.0,0,0.0416,0.1411,0.0239,0.0471
q4,2,5,0,1,0.0,0,0.0269,0.0,0.0083,0.0455
q4,2,6,1,1,0.0,0,0.0236,0.2216,0.0346,0.0602
q4,2,7,1,1,0.0,0,0.0683,0.2404,0.0445,0.0852
q4,2,8,0,1,0.0,0,0.0821,0.0,0.0101,0.0285
q4,3,4,1,1,0.2,2,0.6529,0.1383,0.043,0.0971
q4,3,5,1,1,0.0,0,0.0663,0.0451,0.0241,0.0829
q4,3,6,0,1,0.1111,1,0.1361,0.2044,0.0549,0.1105
q4,3,7,0,1,0.0,0,0.104,0.1944,0.0259,0.0374
q4,3,8,0,1,0.0,0,0.0817,0.0,0.0082,0.0498
q4,4,5,1,1,0.0,0,0.0857,0.0509,0.0315,0.0785
q4,4,6,0,1,0.0,0,0.0696,0.1534,0.0347,0.0826
q4,4,7,0,1,0.0,0,0.0798,0.0994,0.0141,0.0295
q4,4,8,0,1,0.0,0,0.0744,0.0066,0.0132,0.0423
q4,5,6,0,1,0.0,0,0.0329,0.0592,0.0371,0.0889
q4,5,7,0,1,0.0,0,0.0057,0.0,0.0026,0.0251
q4,5,8,0,1,0.0,0,0.0733,0.0416,0.0255,0.0705
q4,6,7,1,1,0.0,0,0.0127,0.1735,0.0305,0.0512
q4,6,8,0,1,0.0,0,0.0382,0.0254,0.0209,0.0551
q4,7,8,0,1,0.0,0,0.0645,0.0,0.0025,0.0149
q5,0,1,0,1,0.0,0,0.1162,0.1225,0.0195,0.0299
q5,0,2,0,1,0.0,0,0.0661,0.1974,0.0265,0.0476
q5,0,3,0,1,0.0,0,0.0599,0.1643,0.0181,0.0355
q5,0,4,0,1,0.0,0,0.0048,0.1643,0.0186,0.0349
q5,0,5,1,1,0.0,0,0.0102,0.2767,0.0552,0.0875
q5,0,6,0,1,0.0,0,0.001,0.0,0.0104,0.0236
q5,0,7,1,1,0.0,0,0.001,0.3055,0.0587,0.0856
q5,0,8,0,1,0.0,0,0.0044,0.1585,0.0212,0.0359
q5,0,9,0,0,0.0,0,0.0969,0.1793,0.0452,0.0954
q5,0,10,0,0,0.0,0,0.1087,0.0364,0.0163,0.0356
q5,0,11,0,0,0.0,0,0.0664,0.1671,0.0275,0.0497
q5,0,12,0,0,0.0,0,0.0939,0.1657,0.0225,0.046
q5,0,13,0,0,0.0,0,0.0319,0.0461,0.0124,0.0358
q5,0,14,0,0,0.0,0,0.2111,0.2133,0.0454,0.0998
q5,0,15,0,0,0.0,0,0.01,0.1571,0.018,0.0292
q5,0,16,0,0,0.0,0,0.0101,0.1599,0.0182,0.032
q5,0,17,0,0,0.2857,2,0.4799,0.4092,0.1128,0.1867
q5,0,18,0,0,0.0,0,0.0286,0.0,0.0061,0.0154
q5,0,19,0,0,0.0,0,0.0691,0.0476,0.0179,0.0447
q5,0,20,0,0,0.0,0,0.0752,0.1744,0.0234,0.0443
q5,0,21,0,0,0.0,0,0.0289,0.1787,0.0244,0.0386
q5,0,22,0,0,0.0,0,0.0323,0.1715,0.024,0.039
q5,0,23,0,0,0.0,0,0.2102,0.0576,0.0187,0.0375
q5,0,24,0,0,0.0,0,0.0719,0.1744,0.0254,0.0493
q5,0,25,0,0,0.0,0,0.0015,0.1671,0.0236,0.0408
q5,0,26,0,0,0.0,0,0.0011,0.0,0.0065,0.018
q5,1,2,1,1,0.0,0,0.1491,0.2154,0.0617,0.0851
q5,1,3,1,1,0.3333,2,0.4973,0.1602,0.0507,0.0746
q5,1,4,0,1,0.1667,1,0.0891,0.1779,0.0557,0.0942
q5,1,5,0,1,0.0,0,0.0052,0.1352,0.0239,0.0425
q5,1,6,0,1,0.0,0,0.0049,0.0,0.0104,0.0367
q5,1,7,0,1,0.0,0,0.001,0.1519,0.0333,0.0534
q5,1,8,0,1,0.0,0,0.0109,0.1446,0.0309,0.0613
q5,1,9,0,0,0.0,0,0.1101,0.0824,0.0135,0.0252
q5,1,10,0,0,0.0,0,0.1733,0.0121,0.0144,0.0321
q5,1,11,0,0,0.3333,2,0.6516,0.3521,0.1458,0.2143
q5,1,12,0,0,0.0,0,0.1506,0.1322,0.0305,0.0585
q5,1,13,0,0,0.0,0,0.0157,0.0177,0.0274,0.0713
q5,1,14,0,0,0.0,0,0.1157,0.1176,0.0192,0.0309
q5,1,15,0,0,0.0,0,0.006,0.1644,0.0393,0.0631
q5,1,16,0,0,0.0,0,0.006,0.1935,0.0432,0.0741
q5,1,17,0,0,0.0,0,0.1041,0.1238,0.0194,0.031
q5,1,18,0,0,0.0,0,0.0398,0.0,0.0078,0.0449
q5,1,19,0,0,0.1429,1,0.1168,0.0856,0.0328,0.0617
q5,1,20,0,0,0.0,0,0.1504,0.1351,0.032,0.0576
q5,1,21,0,0,0.0,0,0.0154,0.1518,0.0358,0.0729
q5,1,22,0,0,0.0,0,0.0133,0.1478,0.0332,0.0638
q5,1,23,0,0,0.0,0,0.1131,0.0739,0.0242,0.0469
q5,1,24,0,0,0.0,0,0.1429,0.1498,0.0281,0.05
q5,1,25,0,0,0.0,0,0.0083,0.1176,0.0238,0.0518
q5,1,26,0,0,0.0,0,0.0,0.02,0.0066,0.0204
q5,2,3,1,1,0.125,1,0.2523,0.1297,0.0436,0.076
q5,2,4,0,1,0.0,0,0.0918,0.1301,0.0364,0.0711
q5,2,5,0,1,0.0,0,0.0205,0.1534,0.029,0.0636
q5,2,6,0,1,0.0,0,0.0,0.0089,0.0115,0.0244
q5,2,7,0,1,0.0,0,0.0054,0.1893,0.0373,0.0633
q5,2,8,0,1,0.0,0,0.0735,0.1471,0.0356,0.0662
q5,2,9,0,0,0.0,0,0.0408,0.0824,0.0117,0.0328
q5,2,10,0,0,0.0,0,0.0687,0.0501,0.0143,0.0408
q5,2,11,0,0,0.125,1,0.2727,0.2394,0.0852,0.1308
q5,2,12,0,0,0.0,0,0.0722,0.1897,0.0302,0.0614
q5,2,13,0,0,0.0,0,0.0433,0.0081,0.0189,0.0481
q5,2,14,0,0,0.0,0,0.0883,0.1072,0.0174,0.0293
q5,2,15,0,0,0.0,0,0.029,0.151,0.0383,0.0633
q5,2,16,0,0,0.0,0,0.0374,0.1659,0.0353,0.0659
q5,2,17,0,0,0.0,0,0.0295,0.1351,0.0236,0.0394
q5,2,18,0,0,0.0,0,0.0302,0.0247,0.0103,0.0286
q5,2,19,0,0,0.0,0,0.0768,0.1203,0.0367,0.0749
q5,2,20,0,0,0.0,0,0.1884,0.2089,0.0353,0.0683
q5,2,21,0,0,0.0,0,0.0409,0.189,0.0348,0.0641
q5,2,22,0,0,0.0,0,0.0396,0.1718,0.032,0.0553
q5,2,23,0,0,0.0,0,0.0968,0.0993,0.0283,0.0539
q5,2,24,0,0,0.1667,1,0.4584,0.2294,0.0656,0.1117
q5,2,25,0,0,0.0,0,0.0102,0.1216,0.0229,0.0482
q5,2,26,0,0,0.0,0,0.0008,0.0625,0.008,0.0277
q5,3,4,0,1,0.125,1,0.0611,0.1452,0.0226,0.0506
q5,3,5,0,1,0.0,0,0.0227,0.15,0.0247,0.0575
q5,3,6,0,1,0.0,0,0.0049,0.0112,0.013,0.0338
q5,3,7,0,1,0.1667,1,0.1143,0.1893,0.0547,0.088
q5,3,8,0,1,0.0,0,0.0218,0.0822,0.0195,0.0518
q5,3,9,0,0,0.0,0,0.0428,0.1405,0.0168,0.0372
q5,3,10,0,0,0.0,0,0.0888,0.0137,0.0136,0.0503
q5,3,11,0,0,0.4286,3,0.5559,0.1279,0.04,0.0721
q5,3,12,0,0,0.0,0,0.0763,0.1165,0.0243,0.0597
q5,3,13,0,0,0.0,0,0.0334,0.1014,0.0235,0.0719
q5,3,14,0,0,0.0,0,0.0739,0.1388,0.0159,0.0315
q5,3,15,0,0,0.125,1,0.3764,0.21,0.0954,0.1482
q5,3,16,0,0,0.1429,1,0.5673,0.368,0.1565,0.2427
q5,3,17,0,0,0.0,0,0.0231,0.1397,0.0178,0.0358
q5,3,18,0,0,0.0,0,0.0408,0.0,0.007,0.0296
q5,3,19,0,0,0.1111,1,0.1545,0.0428,0.0198,0.058
q5,3,20,0,0,0.1667,1,0.5928,0.4154,0.149,0.2264
q5,3,21,0,0,0.0,0,0.0396,0.1136,0.0206,0.0442
q5,3,22,0,0,0.0,0,0.0373,0.1089,0.0193,0.0422
q5,3,23,0,0,0.0,0,0.1065,0.0616,0.0276,0.065
q5,3,24,0,0,0.3333,2,0.6223,0.3534,0.1649,0.2427
q5,3,25,0,0,0.0,0,0.0101,0.1206,0.0202,0.0523
q5,3,26,0,0,0.0,0,0.0,0.0,0.0044,0.0142
q5,4,5,0,1,0.0,0,0.0151,0.1727,0.0227,0.0475
q5,4,6,1,1,0.0,0,0.0,0.1685,0.0479,0.0894
q5,4,7,0,1,0.0,0,0.0073,0.1434,0.0254,0.045
q5,4,8,1,1,0.2,1,0.4598,0.3224,0.1335,0.184
q5,4,9,0,0,0.0,0,0.0069,0.1357,0.0133,0.0289
q5,4,10,0,0,0.0,0,0.0189,0.0607,0.0206,0.0487
q5,4,11,0,0,0.125,1,0.1,0.1643,0.0445,0.0914
q5,4,12,0,0,0.0,0,0.0093,0.1361,0.0305,0.0602
q5,4,13,0,0,0.1667,1,0.2373,0.1845,0.0512,0.1067
q5,4,14,0,0,0.0,0,0.0202,0.1859,0.0174,0.0294
q5,4,15,0,0,0.0,0,0.01,0.1084,0.0279,0.0523
q5,4,16,0,0,0.1667,1,0.3099,0.1059,0.029,0.0702
q5,4,17,0,0,0.0,0,0.0057,0.1084,0.0182,0.0303
q5,4,18,0,0,0.0,0,0.0019,0.0,0.0055,0.0218
q5,4,19,0,0,0.125,1,0.0286,0.0775,0.0226,0.0569
q5,4,20,0,0,0.0,0,0.0273,0.1407,0.0242,0.0499
q5,4,21,0,0,0.0,0,0.0188,0.1306,0.0221,0.0426
q5,4,22,0,0,0.0,0,0.0171,0.1289,0.0202,0.0359
q5,4,23,0,0,0.0,0,0.0103,0.0477,0.0153,0.0375
q5,4,24,0,0,0.0,0,0.028,0.1155,0.0201,0.0456
q5,4,25,0,0,0.0,0,0.0132,0.1897,0.0522,0.1068
q5,4,26,0,0,0.0,0,0.0,0.0925,0.0124,0.0304
q5,5,6,0,1,0.0,0,0.0,0.0,0.0116,0.0298
q5,5,7,1,1,0.0,0,0.0035,0.3273,0.0895,0.1405
q5,5,8,0,1,0.0,0,0.0147,0.1352,0.0245,0.046
q5,5,9,0,0,0.0,0,0.0411,0.1583,0.0298,0.0554
q5,5,10,0,0,0.0,0,0.0158,0.0364,0.0183,0.0481
q5,5,11,0,0,0.0,0,0.0213,0.1209,0.0429,0.0854
q5,5,12,0,0,0.0,0,0.0168,0.1386,0.0362,0.0635
q5,5,13,0,0,0.0,0,0.0072,0.0761,0.025,0.0516
q5,5,14,0,0,0.0,0,0.015,0.2,0.0312,0.0573
q5,5,15,0,0,0.0,0,0.006,0.1375,0.0249,0.0434
q5,5,16,0,0,0.0,0,0.0086,0.1341,0.0188,0.0402
q5,5,17,0,0,0.0,0,0.0016,0.2034,0.0376,0.0686
q5,5,18,0,0,0.0,0,0.001,0.0202,0.0092,0.0261
q5,5,19,0,0,0.0,0,0.0045,0.0628,0.0237,0.0468
q5,5,20,0,0,0.0,0,0.0195,0.1307,0.0289,0.0618
q5,5,21,0,0,0.0,0,0.0145,0.1489,0.0316,0.0535
q5,5,22,0,0,0.0,0,0.0071,0.1705,0.0259,0.0484
q5,5,23,0,0,0.0,0,0.0693,0.0636,0.0259,0.0537
q5,5,24,0,0,0.0,0,0.0456,0.1705,0.0381,0.0779
q5,5,25,0,0,0.0,0,0.002,0.1977,0.0337,0.0563
q5,5,26,0,0,0.0,0,0.0,0.02,0.0071,0.0247
q5,6,7,0,1,0.0,0,0.0,0.0,0.0087,0.024
q5,6,8,1,1,0.0,0,0.0,0.1127,0.0395,0.0739
q5,6,9,0,0,0.0,0,0.0,0.0,0.0058,0.0161
q5,6,10,0,0,0.0,0,0.0,0.0577,0.0211,0.0434
q5,6,11,0,0,0.0,0,0.0049,0.0,0.0137,0.0384
q5,6,12,0,0,0.0,0,0.0,0.01,0.0114,0.0387
q5,6,13,0,0,0.0,0,0.0,0.106,0.0367,0.0755
q5,6,14,0,0,0.0,0,0.0,0.0,0.0078,0.0168
q5,6,15,0,0,0.0,0,0.0,0.0223,0.0131,0.0337
q5,6,16,0,0,0.0,0,0.0,0.0112,0.0157,0.0382
q5,6,17,0,0,0.0,0,0.0,0.0,0.0074,0.0177
q5,6,18,0,0,0.0,0,0.0,0.0,0.0035,0.0304
q5,6,19,0,0,0.0,0,0.0049,0.0,0.0123,0.0444
q5,6,20,0,0,0.0,0,0.0,0.0114,0.0129,0.0306
q5,6,21,0,0,0.0,0,0.0,0.0,0.0073,0.0191
q5,6,22,0,0,0.0,0,0.0,0.0,0.0063,0.0204
q5,6,23,0,0,0.0,0,0.0,0.0112,0.0109,0.024
q5,6,24,0,0,0.0,0,0.0029,0.0212,0.0139,0.0355
q5,6,25,0,0,0.0,0,0.0,0.0781,0.0326,0.0689
q5,6,26,0,0,0.0,0,0.0053,0.0,0.0028,0.0178
q5,7,8,0,1,0.0,0,0.0061,0.118,0.0221,0.0403
q5,7,9,0,0,0.0,0,0.0037,0.1535,0.0245,0.0485
q5,7,10,0,0,0.0,0,0.001,0.0516,0.0186,0.0414
q5,7,11,0,0,0.0,0,0.0054,0.1279,0.0411,0.0679
q5,7,12,0,0,0.0,0,0.0026,0.1289,0.0239,0.0517
q5,7,13,0,0,0.0,0,0.0012,0.0468,0.0213,0.05
q5,7,14,0,0,0.0,0,0.0027,0.1541,0.0262,0.0462
q5,7,15,0,0,0.2,1,0.1134,0.1678,0.038,0.0611
q5,7,16,0,0,0.25,1,0.1134,0.1834,0.0341,0.0614
q5,7,17,0,0,0.0,0,0.001,0.162,0.0311,0.0616
q5,7,18,0,0,0.0,0,0.0,0.0,0.0045,0.0251
q5,7,19,0,0,0.0,0,0.0035,0.0816,0.0288,0.0527
q5,7,20,0,0,0.3333,1,0.1134,0.2361,0.0504,0.0872
q5,7,21,0,0,0.0,0,0.0024,0.1507,0.0296,0.051
q5,7,22,0,0,0.0,0,0.0024,0.1489,0.0255,0.043
q5,7,23,0,0,0.0,0,0.0037,0.0645,0.0273,0.0508
q5,7,24,0,0,0.25,1,0.1132,0.2156,0.0518,0.0911
q5,7,25,0,0,0.0,0,0.0,0.1307,0.0246,0.0494
q5,7,26,0,0,0.0,0,0.009,0.0425,0.0071,0.0173
q5,8,9,0,0,0.0,0,0.0063,0.0824,0.0137,0.0276
q5,8,10,0,0,0.0,0,0.0173,0.0577,0.0199,0.0453
q5,8,11,0,0,0.0,0,0.0206,0.0904,0.028,0.0614
q5,8,12,0,0,0.0,0,0.0085,0.2124,0.0343,0.0614
q5,8,13,0,0,0.0,0,0.0148,0.0609,0.0362,0.0791
q5,8,14,0,0,0.0,0,0.0185,0.0999,0.0179,0.0296
q5,8,15,0,0,0.0,0,0.0082,0.148,0.0285,0.0522
q5,8,16,0,0,0.25,1,0.277,0.158,0.0431,0.0941
q5,8,17,0,0,0.0,0,0.0037,0.1008,0.017,0.0277
q5,8,18,0,0,0.0,0,0.0009,0.0,0.0079,0.0256
q5,8,19,0,0,0.0,0,0.02,0.0869,0.0239,0.0567
q5,8,20,0,0,0.0,0,0.0208,0.1453,0.0237,0.0519
q5,8,21,0,0,0.0,0,0.0162,0.1539,0.0268,0.0405
q5,8,22,0,0,0.0,0,0.0156,0.1329,0.0218,0.04
q5,8,23,0,0,0.0,0,0.0095,0.0477,0.0162,0.0395
q5,8,24,0,0,0.0,0,0.0229,0.1317,0.0226,0.048
q5,8,25,0,0,0.0,0,0.0178,0.1595,0.0424,0.082
q5,8,26,0,0,0.0,0,0.0,0.07,0.009,0.0244
q5,9,10,0,1,0.0,0,0.0422,0.0,0.0134,0.0321
q5,9,11,0,1,0.0,0,0.0336,0.1357,0.0166,0.0332
q5,9,12,0,1,0.0,0,0.0699,0.0824,0.014,0.0337
q5,9,13,0,1,0.0,0,0.0101,0.0775,0.0079,0.0231
q5,9,14,1,1,0.0,0,0.2111,0.3425,0.0768,0.1298
q5,9,15,0,1,0.0,0,0.0159,0.1115,0.0141,0.0253
q5,9,16,0,1,0.0,0,0.0162,0.0824,0.0139,0.029
q5,9,17,1,1,0.0,0,0.0464,0.3296,0.0699,0.1217
q5,9,18,0,0,0.0,0,0.0286,0.0,0.0043,0.011
q5,9,19,0,0,0.0,0,0.0171,0.0258,0.0102,0.0345
q5,9,20,0,0,0.0,0,0.1541,0.0824,0.0165,0.0379
q5,9,21,0,0,0.0,0,0.0248,0.0824,0.0145,0.0265
q5,9,22,0,0,0.0,0,0.1004,0.0824,0.0131,0.024
q5,9,23,0,0,0.0,0,0.0964,0.0388,0.0082,0.0269
q5,9,24,0,0,0.0,0,0.0523,0.0824,0.0144,0.0383
q5,9,25,0,0,0.0,0,0.0019,0.1357,0.0143,0.0284
q5,9,26,0,0,0.0,0,0.0,0.0,0.007,0.0188
q5,10,11,0,1,0.0,0,0.0804,0.0121,0.019,0.0384
q5,10,12,1,1,0.0,0,0.0728,0.0728,0.0446,0.0756
q5,10,13,1,1,0.0,0,0.0744,0.2716,0.0494,0.082
q5,10,14,0,1,0.0,0,0.1678,0.0,0.0094,0.0265
q5,10,15,0,1,0.0,0,0.0232,0.0243,0.0168,0.0439
q5,10,16,0,1,0.0,0,0.0245,0.0121,0.0129,0.0411
q5,10,17,0,1,0.0,0,0.0337,0.0,0.0095,0.0258
q5,10,18,0,0,0.0,0,0.0392,0.0,0.0071,0.0246
q5,10,19,0,0,0.0,0,0.1084,0.041,0.0271,0.0702
q5,10,20,0,0,0.0,0,0.1484,0.0273,0.0219,0.0511
q5,10,21,0,0,0.0,0,0.0424,0.0501,0.0169,0.0317
q5,10,22,0,0,0.0,0,0.0627,0.0501,0.0168,0.0324
q5,10,23,0,0,0.0,0,0.0615,0.0,0.012,0.0307
q5,10,24,0,0,0.0,0,0.0655,0.0364,0.0171,0.0487
q5,10,25,0,0,0.0,0,0.0089,0.0516,0.0309,0.0643
q5,10,26,0,0,0.0,0,0.0,0.0675,0.0143,0.0332
q5,11,12,0,1,0.0,0,0.0494,0.1021,0.0326,0.0634
q5,11,13,0,1,0.0,0,0.0315,0.0446,0.0324,0.0809
q5,11,14,0,1,0.0,0,0.0755,0.1009,0.022,0.0409
q5,11,15,1,1,0.0,0,0.0131,0.1268,0.0385,0.0696
q5,11,16,1,1,0.0,0,0.0193,0.1455,0.0432,0.0753
q5,11,17,0,1,0.0,0,0.025,0.1291,0.0263,0.0452
q5,11,18,0,0,0.0,0,0.0408,0.0,0.0075,0.0351
q5,11,19,0,0,0.1111,1,0.223,0.135,0.0514,0.0875
q5,11,20,0,0,0.0,0,0.1504,0.0951,0.0348,0.07
q5,11,21,0,0,0.0,0,0.0352,0.0986,0.0341,0.0658
q5,11,22,0,0,0.0,0,0.026,0.1092,0.0321,0.0655
q5,11,23,0,0,0.0,0,0.0408,0.1033,0.0331,0.0602
q5,11,24,0,0,0.1429,1,0.2572,0.1878,0.0558,0.0982
q5,11,25,0,0,0.0,0,0.0074,0.1092,0.0355,0.0744
q5,11,26,0,0,0.0,0,0.0,0.0,0.0061,0.03
q5,12,13,1,1,0.0,0,0.0173,0.0629,0.0364,0.0774
q5,12,14,0,1,0.0,0,0.0935,0.1175,0.0205,0.0301
q5,12,15,0,1,0.0,0,0.0076,0.1876,0.0285,0.0598
q5,12,16,0,1,0.0,0,0.0077,0.2,0.0222,0.0582
q5,12,17,0,1,0.0,0,0.0555,0.1175,0.0194,0.0303
q5,12,18,0,0,0.0,0,0.0539,0.0,0.009,0.0325
q5,12,19,0,0,0.0,0,0.0349,0.1096,0.0448,0.078
q5,12,20,0,0,0.0,0,0.0778,0.1396,0.0297,0.0584
q5,12,21,0,0,0.0,0,0.0231,0.1539,0.0351,0.0584
q5,12,22,0,0,0.0,0,0.0224,0.1948,0.0324,0.06
q5,12,23,0,0,0.0,0,0.0883,0.0495,0.0196,0.0473
q5,12,24,0,0,0.0,0,0.0761,0.1753,0.0266,0.0519
q5,12,25,0,0,0.0,0,0.0131,0.2794,0.0522,0.0823
q5,12,26,0,0,0.0,0,0.0,0.045,0.0069,0.0263
q5,13,14,0,1,0.0,0,0.0464,0.0864,0.0121,0.0321
q5,13,15,0,1,0.0,0,0.007,0.0153,0.0248,0.0667
q5,13,16,0,1,0.0,0,0.0131,0.0342,0.0221,0.0636
q5,13,17,0,1,0.0,0,0.007,0.0864,0.0121,0.0323
q5,13,18,0,0,0.0,0,0.0,0.0,0.0045,0.0227
q5,13,19,0,0,0.0,0,0.0503,0.0749,0.0363,0.0837
q5,13,20,0,0,0.0,0,0.0411,0.0125,0.0174,0.047
q5,13,21,0,0,0.0,0,0.0339,0.0085,0.0182,0.0394
q5,13,22,0,0,0.0,0,0.0183,0.0,0.013,0.0374
q5,13,23,0,0,0.0,0,0.0025,0.0,0.0202,0.0486
q5,13,24,0,0,0.0,0,0.0453,0.0072,0.0187,0.0537
q5,13,25,0,0,0.2,1,0.4085,0.1829,0.0782,0.1413
q5,13,26,0,0,0.0,0,0.0,0.04,0.0039,0.0163
q5,14,15,0,1,0.0,0,0.0181,0.0921,0.0164,0.0244
q5,14,16,0,1,0.0,0,0.0184,0.0921,0.0156,0.0256
q5,14,17,1,1,0.0,0,0.0984,0.4355,0.0947,0.1467
q5,14,18,0,0,0.0,0,0.032,0.0,0.0047,0.0111
q5,14,19,0,0,0.0,0,0.089,0.0535,0.0152,0.0322
q5,14,20,0,0,0.0,0,0.1162,0.1249,0.0193,0.0336
q5,14,21,0,0,0.0,0,0.0542,0.138,0.0227,0.0343
q5,14,22,0,0,0.0,0,0.0706,0.1209,0.0194,0.0304
q5,14,23,0,0,0.0,0,0.1014,0.0477,0.0157,0.0332
q5,14,24,0,0,0.0,0,0.1067,0.1079,0.0172,0.0365
q5,14,25,0,0,0.0,0,0.0023,0.1226,0.0174,0.0297
q5,14,26,0,0,0.0,0,0.0,0.0,0.0058,0.0169
q5,15,16,1,1,0.4,2,0.4958,0.3294,0.1065,0.1576
q5,15,17,0,1,0.0,0,0.0034,0.1151,0.0177,0.0316
q5,15,18,0,0,0.0,0,0.0009,0.0,0.0073,0.0266
q5,15,19,0,0,0.0,0,0.0076,0.0749,0.0219,0.0496
q5,15,20,0,0,0.2,1,0.3764,0.2599,0.0673,0.1015
q5,15,21,0,0,0.0,0,0.025,0.1561,0.0348,0.057
q5,15,22,0,0,0.0,0,0.02,0.1568,0.0314,0.0571
q5,15,23,0,0,0.0,0,0.0089,0.0675,0.021,0.0441
q5,15,24,0,0,0.1667,1,0.2167,0.2328,0.0714,0.1114
q5,15,25,0,0,0.0,0,0.0143,0.1196,0.0268,0.0591
q5,15,26,0,0,0.0,0,0.0,0.0,0.0042,0.015
q5,16,17,0,1,0.0,0,0.0043,0.0905,0.0178,0.034
q5,16,18,0,0,0.0,0,0.0035,0.0,0.005,0.0287
q5,16,19,0,0,0.0,0,0.0134,0.0936,0.0252,0.0601
q5,16,20,0,0,0.25,1,0.5647,0.4052,0.1149,0.1708
q5,16,21,0,0,0.0,0,0.0252,0.1486,0.0272,0.0457
q5,16,22,0,0,0.0,0,0.0195,0.1558,0.0258,0.0481
q5,16,23,0,0,0.0,0,0.0128,0.0794,0.0264,0.0585
q5,16,24,0,0,0.2,1,0.4029,0.4851,0.1851,0.2495
q5,16,25,0,0,0.0,0,0.0219,0.1411,0.025,0.0634
q5,16,26,0,0,0.0,0,0.0,0.0675,0.0065,0.0184
q5,17,18,0,0,0.0,0,0.0277,0.0,0.0044,0.0131
q5,17,19,0,0,0.0,0,0.0224,0.0655,0.02,0.0366
q5,17,20,0,0,0.0,0,0.0521,0.1339,0.0206,0.0392
q5,17,21,0,0,0.0,0,0.0103,0.138,0.0221,0.0307
q5,17,22,0,0,0.0,0,0.0207,0.1289,0.0207,0.0328
q5,17,23,0,0,0.0,0,0.1549,0.0804,0.0253,0.0417
q5,17,24,0,0,0.0,0,0.0324,0.1223,0.0216,0.0449
q5,17,25,0,0,0.0,0,0.0012,0.1226,0.0176,0.0299
q5,17,26,0,0,0.0,0,0.0,0.0,0.0046,0.012
q5,18,19,0,1,0.0,0,0.0,0.0179,0.0117,0.0333
q5,18,20,0,1,0.0,0,0.0315,0.0,0.0074,0.0319
q5,18,21,1,1,0.0,0,0.0027,0.0,0.008,0.031
q5,18,22,1,1,0.0,0,0.0022,0.0,0.0076,0.0308
q5,18,23,0,1,0.0,0,0.0277,0.0,0.005,0.0225
q5,18,24,0,1,0.0,0,0.031,0.0,0.0047,0.0252
q5,18,25,0,1,0.0,0,0.003,0.0,0.0098,0.0309
q5,18,26,0,1,0.0,0,0.0,0.0,0.0025,0.0096
q5,19,20,0,1,0.0,0,0.0736,0.0535,0.0234,0.0556
q5,19,21,0,1,0.0,0,0.0391,0.0655,0.0236,0.047
q5,19,22,0,1,0.0,0,0.0304,0.0642,0.0193,0.0469
q5,19,23,0,1,0.0,0,0.0065,0.0762,0.0247,0.054
q5,19,24,0,1,0.0,0,0.0694,0.0655,0.0229,0.055
q5,19,25,1,1,0.0,0,0.0096,0.1176,0.0511,0.0854
q5,19,26,1,1,0.0,0,0.001,0.0,0.0019,0.012
q5,20,21,0,1,0.0,0,0.0438,0.1498,0.0254,0.0418
q5,20,22,0,1,0.0,0,0.0401,0.1328,0.0231,0.0441
q5,20,23,1,1,0.0,0,0.0994,0.0999,0.0366,0.0609
q5,20,24,1,1,0.25,1,0.6595,0.6061,0.268,0.3297
q5,20,25,0,1,0.0,0,0.0124,0.1158,0.0197,0.0427
q5,20,26,0,1,0.0,0,0.0,0.0425,0.0069,0.0188
q5,21,22,1,1,0.1667,1,0.3146,0.2346,0.0666,0.1131
q5,21,23,0,1,0.0,0,0.0665,0.0594,0.0194,0.0398
q5,21,24,0,1,0.0,0,0.0383,0.1423,0.0257,0.0444
q5,21,25,0,1,0.0,0,0.0167,0.1624,0.0254,0.0502
q5,21,26,0,1,0.0,0,0.0,0.0425,0.0068,0.0228
q5,22,23,0,1,0.0,0,0.0826,0.0559,0.0164,0.0347
q5,22,24,0,1,0.0,0,0.0451,0.1578,0.0237,0.0437
q5,22,25,0,1,0.0,0,0.0085,0.1499,0.0244,0.0485
q5,22,26,0,1,0.0,0,0.0,0.04,0.0064,0.0204
q5,23,24,1,1,0.0,0,0.1052,0.1023,0.0376,0.0661
q5,23,25,0,1,0.0,0,0.0092,0.0397,0.0146,0.038
q5,23,26,0,1,0.0,0,0.0,0.0,0.0023,0.0143
q5,24,25,0,1,0.0,0,0.0092,0.1235,0.0203,0.0431
q5,24,26,0,1,0.0,0,0.0008,0.02,0.0057,0.0181
q5,25,26,1,1,0.0,0,0.0,0.0475,0.0095,0.0251
q6,0,1,0,1,0.0,0,0.0166,0.2166,0.0517,0.0687
q6,0,2,0,1,0.0,0,0.0116,0.213,0.0509,0.073
q6,0,3,1,1,0.3333,2,0.3678,0.5786,0.1642,0.2193
q6,0,4,0,1,0.1429,1,0.3197,0.2717,0.0285,0.0503
q6,0,5,1,1,0.0,0,0.0296,0.5129,0.0851,0.1109
q6,0,6,0,1,0.125,1,0.4108,0.2746,0.0293,0.0519
q6,0,7,0,1,0.0,0,0.2169,0.0464,0.0288,0.0574
q6,0,8,0,1,0.0,0,0.0184,0.0223,0.0147,0.0505
q6,1,2,1,1,0.0,0,0.1105,0.3265,0.075,0.1058
q6,1,3,0,1,0.0,0,0.0166,0.1894,0.0397,0.0557
q6,1,4,0,1,0.0,0,0.0225,0.1589,0.0155,0.027
q6,1,5,0,1,0.0,0,0.038,0.1974,0.0355,0.0447
q6,1,6,0,1,0.0,0,0.0071,0.1642,0.015,0.0238
q6,1,7,0,1,0.0,0,0.0101,0.0,0.0061,0.0201
q6,1,8,1,1,0.0,0,0.0445,0.1,0.0194,0.0582
q6,2,3,0,1,0.0,0,0.0209,0.1982,0.0387,0.0648
q6,2,4,0,1,0.0,0,0.0273,0.1396,0.0137,0.0238
q6,2,5,0,1,0.0,0,0.0207,0.1811,0.0336,0.0468
q6,2,6,0,1,0.0,0,0.0033,0.1491,0.0159,0.0256
q6,2,7,0,1,0.0,0,0.0113,0.0095,0.0075,0.0243
q6,2,8,1,1,0.0,0,0.0724,0.0888,0.022,0.0683
q6,3,4,0,1,0.0,0,0.023,0.239,0.0281,0.0506
q6,3,5,1,1,0.0,0,0.03,0.4062,0.073,0.1007
q6,3,6,0,1,0.0,0,0.0532,0.2071,0.0249,0.0496
q6,3,7,0,1,0.0,0,0.03,0.0342,0.0275,0.0545
q6,3,8,0,1,0.0,0,0.0141,0.0095,0.0077,0.0303
q6,4,5,0,1,0.0,0,0.0272,0.2222,0.027,0.0572
q6,4,6,1,1,0.5,3,0.5921,0.5285,0.1755,0.2561
q6,4,7,1,1,0.0,0,0.131,0.1614,0.0482,0.1049
q6,4,8,0,1,0.0,0,0.0297,0.031,0.0057,0.0215
q6,5,6,0,1,0.0,0,0.0142,0.2536,0.0253,0.0497
q6,5,7,0,1,0.0,0,0.0194,0.0176,0.0184,0.0488
q6,5,8,0,1,0.0,0,0.0273,0.0134,0.0125,0.0447
q6,6,7,1,1,0.0,0,0.2384,0.1151,0.0393,0.0825
q6,6,8,0,1,0.0,0,0.0031,0.0,0.0029,0.0205
q6,7,8,0,1,0.0,0,0.0016,0.1371,0.0107,0.0261
q7,0,1,0,1,0.125,1,0.2706,0.0374,0.0236,0.0702
q7,0,2,1,1,0.1429,1,0.2697,0.1343,0.0582,0.1016
q7,0,3,0,1,0.125,1,0.2166,0.0,0.0125,0.0453
q7,0,4,1,1,0.1667,1,0.3051,0.5352,0.2298,0.3079
q7,0,5,0,1,0.0,0,0.001,0.0,0.0025,0.0156
q7,0,6,0,1,0.1429,1,0.1258,0.0,0.0027,0.0252
q7,0,7,0,1,0.3333,2,0.3411,0.231,0.0687,0.1444
q7,0,8,0,1,0.0,0,0.0104,0.0,0.0024,0.0121
q7,0,9,0,0,0.0,0,0.0101,0.0,0.0064,0.0205
q7,0,10,0,0,0.0,0,0.0039,0.0243,0.0045,0.0267
q7,0,11,0,0,0.2,1,0.0203,0.0517,0.0159,0.055
q7,0,12,0,0,0.0,0,0.0268,0.0,0.0036,0.0286
q7,0,13,0,0,0.2,1,0.134,0.0,0.0054,0.0281
q7,0,14,0,0,0.0,0,0.0107,0.0,0.0032,0.0092
q7,0,15,0,0,0.2,1,0.1241,0.0,0.0091,0.0439
q7,0,16,0,0,0.2,1,0.1337,0.0,0.0025,0.023
q7,0,17,0,0,0.0,0,0.0172,0.0,0.0008,0.0231
q7,0,18,0,0,0.1429,1,0.1043,0.0243,0.0108,0.0509
q7,0,19,0,0,0.0,0,0.1847,0.0,0.0125,0.0491
q7,0,20,0,0,0.25,1,0.2408,0.0,0.0,0.0203
q7,0,21,0,0,0.0,0,0.0188,0.0,0.0046,0.0208
q7,0,22,0,0,0.0,0,0.008,0.0243,0.0066,0.028
q7,0,23,0,0,0.0,0,0.1087,0.0365,0.0206,0.0561
q7,0,24,0,0,0.1429,1,0.2175,0.0,0.0008,0.0153
q7,0,25,0,0,0.125,1,0.0256,0.0,0.0016,0.0113
q7,0,26,0,0,0.0,0,0.0077,0.0334,0.0092,0.0345
q7,1,2,0,1,0.0,0,0.0019,0.0,0.0205,0.089
q7,1,3,1,1,0.5,4,0.7642,0.0888,0.0607,0.1257
q7,1,4,0,1,0.1111,1,0.2612,0.0374,0.0219,0.0605
q7,1,5,0,1,0.0,0,0.001,0.0,0.0036,0.012
q7,1,6,0,1,0.0,0,0.021,0.0,0.0,0.007
q7,1,7,1,1,0.1,1,0.2593,0.0981,0.0272,0.068
q7,1,8,0,1,0.0,0,0.0062,0.0,0.0,0.0093
q7,1,9,0,0,0.0,0,0.0109,0.0,0.0024,0.0124
q7,1,10,0,0,0.0,0,0.001,0.0,0.0081,0.0216
q7,1,11,0,0,0.0,0,0.0127,0.0514,0.0168,0.0514
q7,1,12,0,0,0.0,0,0.0579,0.0,0.0126,0.0375
q7,1,13,0,0,0.0,0,0.0018,0.0,0.0037,0.0209
q7,1,14,0,0,0.0,0,0.0353,0.0,0.0048,0.0133
q7,1,15,0,0,0.125,1,0.1343,0.0794,0.0111,0.0323
q7,1,16,0,0,0.0,0,0.0,0.0,0.0018,0.0148
q7,1,17,0,0,0.0,0,0.0329,0.0,0.0025,0.0146
q7,1,18,0,0,0.0,0,0.0131,0.0,0.0111,0.0449
q7,1,19,0,0,0.0,0,0.0135,0.0,0.0036,0.0235
q7,1,20,0,0,0.0,0,0.0,0.0,0.001,0.0132
q7,1,21,0,0,0.0,0,0.0312,0.0,0.001,0.0069
q7,1,22,0,0,0.0,0,0.0268,0.0,0.0053,0.0151
q7,1,23,0,0,0.0,0,0.0071,0.0935,0.0198,0.0465
q7,1,24,0,0,0.0,0,0.0048,0.0,0.0037,0.0171
q7,1,25,0,0,0.0,0,0.0,0.0,0.0018,0.0137
q7,1,26,0,0,0.0,0,0.0048,0.0,0.0017,0.0153
q7,2,3,0,1,0.0,0,0.0019,0.0,0.0114,0.0433
q7,2,4,1,1,0.0,0,0.0047,0.1343,0.0706,0.1233
q7,2,5,0,1,0.0,0,0.0019,0.0,0.0018,0.0044
q7,2,6,0,1,0.0,0,0.0,0.0,0.003,0.0095
q7,2,7,0,1,0.25,2,0.3512,0.0,0.0142,0.0549
q7,2,8,0,1,0.0,0,0.002,0.0,0.0027,0.0084
q7,2,9,0,0,0.0,0,0.0052,0.0,0.0,0.0069
q7,2,10,0,0,0.0,0,0.001,0.0398,0.0051,0.0121
q7,2,11,0,0,0.0,0,0.0033,0.0398,0.0091,0.0348
q7,2,12,0,0,0.0,0,0.0082,0.0,0.0014,0.0118
q7,2,13,0,0,0.1429,1,0.3223,0.0,0.0075,0.0241
q7,2,14,0,0,0.0,0,0.0,0.0,0.0012,0.004
q7,2,15,0,0,0.0,0,0.0,0.0,0.0071,0.0228
q7,2,16,0,0,0.1429,1,0.3288,0.0,0.0046,0.0205
q7,2,17,0,0,0.0,0,0.008,0.1045,0.0144,0.0259
q7,2,18,0,0,0.0,0,0.0,0.0398,0.0095,0.0302
q7,2,19,0,0,0.0,0,0.003,0.0,0.0018,0.015
q7,2,20,0,0,0.1667,1,0.33,0.0,0.0011,0.0122
q7,2,21,0,0,0.0,0,0.0028,0.0,0.001,0.0094
q7,2,22,0,0,0.0,0,0.0,0.0398,0.0054,0.014
q7,2,23,0,0,0.0,0,0.001,0.0597,0.0115,0.0327
q7,2,24,0,0,0.1111,1,0.2618,0.0,0.0019,0.014
q7,2,25,0,0,0.1,1,0.0428,0.0,0.0018,0.0128
q7,2,26,0,0,0.0,0,0.0019,0.0,0.0017,0.0135
q7,3,4,0,1,0.1111,1,0.2214,0.0,0.0119,0.038
q7,3,5,0,1,0.0,0,0.001,0.0,0.0035,0.0125
q7,3,6,0,1,0.0,0,0.0166,0.0,0.0,0.01
q7,3,7,1,1,0.1,1,0.2117,0.0745,0.019,0.0408
q7,3,8,0,1,0.0,0,0.0062,0.0,0.0,0.0049
q7,3,9,0,0,0.0,0,0.0158,0.0,0.0011,0.0196
q7,3,10,0,0,0.0,0,0.001,0.0,0.0029,0.0113
q7,3,11,0,0,0.0,0,0.0144,0.0745,0.0172,0.0483
q7,3,12,0,0,0.0,0,0.0452,0.0,0.0039,0.0349
q7,3,13,0,0,0.0,0,0.0018,0.0,0.0023,0.0157
q7,3,14,0,0,0.0,0,0.0184,0.0,0.0,0.0126
q7,3,15,0,0,0.125,1,0.1193,0.0353,0.0106,0.033
q7,3,16,0,0,0.0,0,0.001,0.0,0.0026,0.0142
q7,3,17,0,0,0.0,0,0.0247,0.0,0.0032,0.0131
q7,3,18,0,0,0.0,0,0.0087,0.0,0.0068,0.0391
q7,3,19,0,0,0.0,0,0.0139,0.0314,0.007,0.0246
q7,3,20,0,0,0.0,0,0.001,0.0,0.002,0.0103
q7,3,21,0,0,0.0,0,0.0228,0.0,0.0,0.0044
q7,3,22,0,0,0.0,0,0.0123,0.0,0.003,0.0107
q7,3,23,0,0,0.0,0,0.0079,0.0353,0.0139,0.0392
q7,3,24,0,0,0.0,0,0.0036,0.0,0.0009,0.0091
q7,3,25,0,0,0.0,0,0.0009,0.0,0.0017,0.009
q7,3,26,0,0,0.0,0,0.0056,0.0,0.0016,0.0129
q7,4,5,0,1,0.0,0,0.0019,0.0,0.0017,0.0083
q7,4,6,0,1,0.0,0,0.0237,0.0,0.0009,0.0089
q7,4,7,0,1,0.125,1,0.2153,0.4437,0.1103,0.1842
q7,4,8,0,1,0.0,0,0.007,0.0,0.0008,0.0059
q7,4,9,0,0,0.0,0,0.0086,0.0,0.0,0.0065
q7,4,10,0,0,0.0,0,0.0029,0.0282,0.0067,0.0171
q7,4,11,0,0,0.0,0,0.1154,0.0282,0.0181,0.0528
q7,4,12,0,0,0.0,0,0.0398,0.0,0.0077,0.03
q7,4,13,0,0,0.0,0,0.0018,0.0,0.0058,0.0224
q7,4,14,0,0,0.0,0,0.0166,0.0,0.0011,0.0037
q7,4,15,0,0,0.1667,1,0.1192,0.0634,0.0173,0.0354
q7,4,16,0,0,0.0,0,0.003,0.0,0.0034,0.0204
q7,4,17,0,0,0.0,0,0.024,0.0,0.0016,0.0179
q7,4,18,0,0,0.125,1,0.3243,0.0282,0.0101,0.031
q7,4,19,0,0,0.2857,2,0.3021,0.0282,0.007,0.0288
q7,4,20,0,0,0.0,0,0.0012,0.0,0.002,0.0149
q7,4,21,0,0,0.0,0,0.018,0.0,0.0019,0.0066
q7,4,22,0,0,0.0,0,0.0179,0.0282,0.006,0.0192
q7,4,23,0,0,0.3333,2,0.4858,0.0423,0.0147,0.0331
q7,4,24,0,0,0.0,0,0.0079,0.0,0.0018,0.0112
q7,4,25,0,0,0.0,0,0.0,0.0,0.0009,0.01
q7,4,26,0,0,0.1429,1,0.1024,0.0,0.0032,0.0138
q7,5,6,1,1,0.125,1,0.0101,0.2359,0.0524,0.1019
q7,5,7,0,1,0.0,0,0.0045,0.1185,0.0275,0.0494
q7,5,8,1,1,0.0,0,0.0053,0.0843,0.0325,0.07
q7,5,9,0,0,0.0,0,0.0011,0.0756,0.0199,0.0455
q7,5,10,0,0,0.0,0,0.001,0.1167,0.0272,0.0581
q7,5,11,0,0,0.0,0,0.0021,0.0,0.002,0.0255
q7,5,12,0,0,0.0,0,0.0029,0.099,0.0288,0.0507
q7,5,13,0,0,0.0,0,0.0,0.0761,0.0181,0.0405
q7,5,14,0,0,0.0,0,0.0029,0.1874,0.0266,0.0478
q7,5,15,0,0,0.0,0,0.0053,0.1871,0.0346,0.0663
q7,5,16,0,0,0.0,0,0.0016,0.1072,0.0307,0.0559
q7,5,17,0,0,0.0,0,0.0011,0.1289,0.0235,0.0453
q7,5,18,0,0,0.0,0,0.0059,0.0,0.0056,0.0338
q7,5,19,0,0,0.0,0,0.0019,0.061,0.0198,0.0515
q7,5,20,0,0,0.0,0,0.0016,0.0616,0.0183,0.0426
q7,5,21,0,0,0.0,0,0.0,0.0615,0.0232,0.0525
q7,5,22,0,0,0.0,0,0.003,0.1556,0.0358,0.0683
q7,5,23,0,0,0.0,0,0.0,0.1414,0.0377,0.0863
q7,5,24,0,0,0.0,0,0.0,0.0519,0.0178,0.043
q7,5,25,0,0,0.0,0,0.0,0.0551,0.0173,0.0369
q7,5,26,0,0,0.0,0,0.0032,0.1806,0.033,0.0704
q7,6,7,0,1,0.0,0,0.0419,0.0532,0.0181,0.0396
q7,6,8,1,1,0.1429,1,0.2484,0.3207,0.1142,0.1713
q7,6,9,0,0,0.0,0,0.0169,0.142,0.0408,0.0543
q7,6,10,0,0,0.0,0,0.0326,0.1322,0.0284,0.0503
q7,6,11,0,0,0.1429,1,0.0065,0.0,0.0015,0.0243
q7,6,12,0,0,0.0,0,0.0107,0.128,0.0402,0.0724
q7,6,13,0,0,0.0,0,0.0,0.1189,0.0306,0.0482
q7,6,14,0,0,0.0,0,0.0245,0.2098,0.0316,0.0531
q7,6,15,0,0,0.0,0,0.0212,0.1891,0.0337,0.0555
q7,6,16,0,0,0.0,0,0.0017,0.0891,0.0252,0.0448
q7,6,17,0,0,0.0,0,0.0069,0.1783,0.0279,0.0488
q7,6,18,0,0,0.1111,1,0.021,0.0,0.0071,0.0339
q7,6,19,0,0,0.0,0,0.1774,0.1163,0.0514,0.0989
q7,6,20,0,0,0.0,0,0.0017,0.1131,0.0365,0.0606
q7,6,21,0,0,0.0,0,0.0381,0.1165,0.0509,0.0916
q7,6,22,0,0,0.0,0,0.0224,0.1378,0.0348,0.0641
q7,6,23,0,0,0.0,0,0.0198,0.102,0.0424,0.0865
q7,6,24,0,0,0.0,0,0.0039,0.0891,0.0264,0.0412
q7,6,25,0,0,0.0,0,0.0,0.0696,0.019,0.0357
q7,6,26,0,0,0.0,0,0.0294,0.2728,0.0655,0.1058
q7,7,8,0,1,0.0,0,0.0087,0.0354,0.0127,0.0264
q7,7,9,0,0,0.0,0,0.0105,0.0494,0.0173,0.0335
q7,7,10,0,0,0.0,0,0.001,0.0356,0.0218,0.0455
q7,7,11,0,0,0.0,0,0.0109,0.0439,0.023,0.0527
q7,7,12,0,0,0.0,0,0.0195,0.0546,0.026,0.0554
q7,7,13,0,0,0.1429,1,0.1145,0.0507,0.0224,0.0487
q7,7,14,0,0,0.0,0,0.0515,0.0573,0.0204,0.0307
q7,7,15,0,0,0.1429,1,0.1227,0.1539,0.0377,0.0587
q7,7,16,0,0,0.1429,1,0.1206,0.1705,0.0404,0.0733
q7,7,17,0,0,0.125,1,0.0157,0.1384,0.0309,0.0517
q7,7,18,0,0,0.0,0,0.0092,0.0268,0.0213,0.0465
q7,7,19,0,0,0.0,0,0.1403,0.1074,0.0263,0.0585
q7,7,20,0,0,0.1667,1,0.1249,0.0515,0.0282,0.056
q7,7,21,0,0,0.0,0,0.0177,0.041,0.0134,0.0288
q7,7,22,0,0,0.0,0,0.0195,0.1178,0.0338,0.0579
q7,7,23,0,0,0.0,0,0.0066,0.2458,0.0543,0.0879
q7,7,24,0,0,0.1111,1,0.02,0.0498,0.024,0.0434
q7,7,25,0,0,0.1,1,0.0174,0.1118,0.0247,0.0506
q7,7,26,0,0,0.0,0,0.0099,0.0543,0.0195,0.0439
q7,8,9,0,0,0.0,0,0.0422,0.1235,0.0337,0.0529
q7,8,10,0,0,0.0,0,0.0313,0.0633,0.0237,0.0585
q7,8,11,0,0,0.0,0,0.0051,0.0,0.0013,0.0221
q7,8,12,0,0,0.0,0,0.0045,0.1365,0.0371,0.0588
q7,8,13,0,0,0.0,0,0.0,0.1014,0.0245,0.0374
q7,8,14,0,0,0.0,0,0.0079,0.0476,0.0181,0.0397
q7,8,15,0,0,0.0,0,0.0349,0.0774,0.0365,0.0648
q7,8,16,0,0,0.0,0,0.001,0.0569,0.0194,0.0408
q7,8,17,0,0,0.0,0,0.0021,0.0569,0.0173,0.0321
q7,8,18,0,0,0.0,0,0.0227,0.0241,0.0175,0.0402
q7,8,19,0,0,0.0,0,0.0131,0.0407,0.0184,0.0429
q7,8,20,0,0,0.0,0,0.001,0.0905,0.0348,0.0643
q7,8,21,0,0,0.0,0,0.0296,0.201,0.0772,0.1335
q7,8,22,0,0,0.0,0,0.0575,0.0533,0.0294,0.0603
q7,8,23,0,0,0.0,0,0.0075,0.0526,0.0227,0.0522
q7,8,24,0,0,0.0,0,0.0045,0.0778,0.0209,0.0409
q7,8,25,0,0,0.0,0,0.0026,0.065,0.0176,0.0365
q7,8,26,0,0,0.0,0,0.0145,0.1199,0.0475,0.0837
q7,9,10,0,1,0.0,0,0.0076,0.0617,0.0143,0.0263
q7,9,11,0,1,0.0,0,0.0021,0.0,0.0008,0.0115
q7,9,12,1,1,0.0,0,0.0258,0.1672,0.0659,0.1077
q7,9,13,0,1,0.0,0,0.0048,0.1014,0.0282,0.0491
q7,9,14,1,1,0.0,0,0.0109,0.0818,0.0318,0.0686
q7,9,15,0,1,0.0,0,0.0041,0.0741,0.0186,0.0347
q7,9,16,0,1,0.0,0,0.0021,0.0864,0.0199,0.0362
q7,9,17,0,1,0.0,0,0.0009,0.0864,0.0187,0.0356
q7,9,18,0,0,0.0,0,0.0128,0.0,0.0021,0.0229
q7,9,19,0,0,0.0,0,0.0512,0.0617,0.014,0.0257
q7,9,20,0,0,0.0,0,0.0021,0.125,0.035,0.0526
q7,9,21,0,0,0.0,0,0.0426,0.1281,0.0379,0.0586
q7,9,22,0,0,0.0,0,0.0086,0.0741,0.0193,0.0328
q7,9,23,0,0,0.0,0,0.0046,0.0617,0.0174,0.0312
q7,9,24,0,0,0.0,0,0.004,0.125,0.0296,0.0522
q7,9,25,0,0,0.0,0,0.0009,0.0864,0.0185,0.0304
q7,9,26,0,0,0.0,0,0.0435,0.1312,0.0329,0.0519
q7,10,11,1,1,0.0,0,0.0,0.0658,0.0193,0.042
q7,10,12,0,1,0.0,0,0.0051,0.07,0.0202,0.0424
q7,10,13,0,1,0.0,0,0.0019,0.0666,0.0241,0.0479
q7,10,14,0,1,0.0,0,0.0031,0.1077,0.0186,0.0326
q7,10,15,1,1,0.0,0,0.0269,0.1989,0.0531,0.0888
q7,10,16,0,1,0.0,0,0.0065,0.0644,0.0204,0.0514
q7,10,17,0,1,0.0,0,0.0013,0.1144,0.021,0.0464
q7,10,18,0,0,0.0,0,0.0133,0.0912,0.0226,0.0468
q7,10,19,0,0,0.0,0,0.0136,0.0622,0.0187,0.0446
q7,10,20,0,0,0.0,0,0.0059,0.0503,0.0191,0.0461
q7,10,21,0,0,0.0,0,0.0103,0.0743,0.0264,0.0608
q7,10,22,0,0,0.0,0,0.0151,0.1789,0.0514,0.0802
q7,10,23,0,0,0.0,0,0.0059,0.0833,0.0358,0.0689
q7,10,24,0,0,0.0,0,0.0029,0.0444,0.0203,0.0478
q7,10,25,0,0,0.0,0,0.001,0.0722,0.0229,0.0482
q7,10,26,0,0,0.0,0,0.0148,0.1167,0.0251,0.0515
q7,11,12,0,1,0.0,0,0.0031,0.0,0.0027,0.0198
q7,11,13,0,1,0.0,0,0.0011,0.0,0.0025,0.0175
q7,11,14,0,1,0.0,0,0.0,0.0,0.0,0.0028
q7,11,15,1,1,0.0,0,0.0062,0.094,0.0361,0.0815
q7,11,16,0,1,0.0,0,0.0022,0.0,0.0054,0.0257
q7,11,17,0,1,0.0,0,0.0,0.0,0.0038,0.0195
q7,11,18,0,0,0.1429,1,0.1081,0.1555,0.0466,0.0761
q7,11,19,0,0,0.0,0,0.0684,0.0125,0.0096,0.0383
q7,11,20,0,0,0.0,0,0.0022,0.0,0.0015,0.022
q7,11,21,0,0,0.0,0,0.0029,0.0125,0.0045,0.018
q7,11,22,0,0,0.0,0,0.0071,0.0909,0.0272,0.0534
q7,11,23,0,0,0.0,0,0.1056,0.1113,0.032,0.0619
q7,11,24,0,0,0.0,0,0.0031,0.0,0.0042,0.0201
q7,11,25,0,0,0.0,0,0.0,0.0,0.002,0.0159
q7,11,26,0,0,0.0,0,0.0144,0.0141,0.0063,0.0253
q7,12,13,0,1,0.0,0,0.002,0.1092,0.0366,0.0606
q7,12,14,1,1,0.0,0,0.0287,0.1263,0.0528,0.0746
q7,12,15,0,1,0.0,0,0.005,0.0819,0.0225,0.0478
q7,12,16,0,1,0.0,0,0.0061,0.1143,0.0333,0.0466
q7,12,17,0,1,0.0,0,0.0943,0.1041,0.0248,0.0435
q7,12,18,0,0,0.0,0,0.0559,0.0,0.007,0.0271
q7,12,19,0,0,0.0,0,0.0193,0.0683,0.0231,0.0522
q7,12,20,0,0,0.0,0,0.004,0.1724,0.0449,0.0719
q7,12,21,0,0,0.0,0,0.008,0.1468,0.0497,0.0783
q7,12,22,0,0,0.0,0,0.0113,0.0819,0.0268,0.0432
q7,12,23,0,0,0.0,0,0.0112,0.0836,0.0294,0.0567
q7,12,24,0,0,0.0,0,0.0109,0.1092,0.0258,0.0368
q7,12,25,0,0,0.0,0,0.0024,0.0956,0.0236,0.04
q7,12,26,0,0,0.0,0,0.0107,0.1263,0.0325,0.0678
q7,13,14,0,1,0.0,0,0.0,0.0507,0.0163,0.0343
q7,13,15,0,1,0.0,0,0.0009,0.0761,0.0203,0.041
q7,13,16,1,1,0.2,1,0.3244,0.1949,0.0622,0.1194
q7,13,17,1,1,0.0,0,0.0065,0.1902,0.0548,0.0925
q7,13,18,0,0,0.0,0,0.0009,0.0,0.0053,0.0181
q7,13,19,0,0,0.0,0,0.0009,0.0697,0.0169,0.0388
q7,13,20,0,0,0.25,1,0.4213,0.1727,0.0628,0.1166
q7,13,21,0,0,0.0,0,0.001,0.1014,0.0283,0.0579
q7,13,22,0,0,0.0,0,0.0011,0.0824,0.0226,0.0375
q7,13,23,0,0,0.0,0,0.0,0.0824,0.0305,0.0552
q7,13,24,0,0,0.3333,2,0.331,0.2393,0.0946,0.1566
q7,13,25,0,0,0.125,1,0.2285,0.1268,0.0424,0.0724
q7,13,26,0,0,0.0,0,0.0059,0.1141,0.0319,0.0568
q7,14,15,0,1,0.0,0,0.0,0.1566,0.0214,0.0339
q7,14,16,0,1,0.0,0,0.0018,0.0685,0.0191,0.0315
q7,14,17,0,1,0.0,0,0.0386,0.1357,0.018,0.0281
q7,14,18,0,0,0.0,0,0.0289,0.0,0.0,0.0116
q7,14,19,0,0,0.0,0,0.0014,0.0448,0.0139,0.0236
q7,14,20,0,0,0.0,0,0.0027,0.0448,0.0138,0.0242
q7,14,21,0,0,0.0,0,0.0,0.0448,0.0226,0.0432
q7,14,22,0,0,0.0,0,0.0484,0.1441,0.0222,0.0356
q7,14,23,0,0,0.0,0,0.0,0.0811,0.021,0.0384
q7,14,24,0,0,0.0,0,0.0,0.0448,0.0128,0.0261
q7,14,25,0,0,0.0,0,0.0014,0.0448,0.0144,0.0235
q7,14,26,0,0,0.0,0,0.0033,0.1846,0.0314,0.0547
q7,15,16,0,1,0.0,0,0.0022,0.072,0.021,0.0433
q7,15,17,0,1,0.0,0,0.0069,0.1441,0.0291,0.0459
q7,15,18,0,0,0.0,0,0.027,0.1072,0.0271,0.0586
q7,15,19,0,0,0.0,0,0.0079,0.0774,0.0211,0.054
q7,15,20,0,0,0.0,0,0.006,0.0729,0.0224,0.0415
q7,15,21,0,0,0.0,0,0.0166,0.0819,0.0323,0.0577
q7,15,22,0,0,0.0,0,0.0729,0.2378,0.0657,0.1079
q7,15,23,0,0,0.0,0,0.0028,0.1656,0.0404,0.083
q7,15,24,0,0,0.0,0,0.0048,0.0541,0.0183,0.039
q7,15,25,0,0,0.0,0,0.0009,0.0602,0.0215,0.0409
q7,15,26,0,0,0.0,0,0.0047,0.1398,0.0239,0.0474
q7,16,17,1,1,0.0,0,0.0075,0.2457,0.0545,0.1042
q7,16,18,0,0,0.0,0,0.003,0.0268,0.0097,0.0348
q7,16,19,0,0,0.0,0,0.0036,0.1649,0.0181,0.0441
q7,16,20,0,0,0.6667,2,0.7193,0.1432,0.0557,0.1151
q7,16,21,0,0,0.0,0,0.0138,0.0717,0.022,0.0514
q7,16,22,0,0,0.0,0,0.0022,0.1022,0.0267,0.0507
q7,16,23,0,0,0.0,0,0.0056,0.1579,0.0467,0.0844
q7,16,24,0,0,0.3333,2,0.4584,0.107,0.0453,0.0903
q7,16,25,0,0,0.5,3,0.028,0.1488,0.0436,0.0873
q7,16,26,0,0,0.0,0,0.0036,0.084,0.0246,0.0486
q7,17,18,0,0,0.0,0,0.0687,0.0,0.0052,0.0222
q7,17,19,0,0,0.0,0,0.0059,0.0477,0.0193,0.0425
q7,17,20,0,0,0.0,0,0.0072,0.0842,0.0268,0.0532
q7,17,21,0,0,0.0,0,0.0044,0.0717,0.0195,0.0493
q7,17,22,0,0,0.0,0,0.0103,0.1344,0.0282,0.0576
q7,17,23,0,0,0.0,0,0.0025,0.0921,0.0422,0.0818
q7,17,24,0,0,0.0,0,0.0114,0.0714,0.024,0.0501
q7,17,25,0,0,0.0,0,0.0064,0.1169,0.0402,0.0704
q7,17,26,0,0,0.0,0,0.0047,0.1468,0.0265,0.0577
q7,18,19,0,1,0.1111,1,0.294,0.0,0.0049,0.0309
q7,18,20,0,1,0.0,0,0.0021,0.0429,0.0092,0.0258
q7,18,21,0,1,0.0,0,0.0067,0.0,0.0082,0.0229
q7,18,22,1,1,0.0,0,0.0392,0.1528,0.0493,0.0761
q7,18,23,1,1,0.125,1,0.345,0.1957,0.0519,0.0927
q7,18,24,0,1,0.0,0,0.0046,0.0,0.0017,0.0104
q7,18,25,0,1,0.0,0,0.0,0.0,0.004,0.0151
q7,18,26,0,1,0.125,1,0.1001,0.0,0.0067,0.0227
q7,19,20,0,1,0.0,0,0.0009,0.0503,0.0166,0.0417
q7,19,21,1,1,0.0,0,0.0073,0.064,0.0227,0.0484
q7,19,22,0,1,0.0,0,0.005,0.0844,0.0244,0.0436
q7,19,23,0,1,0.2857,2,0.3047,0.2281,0.0767,0.1153
q7,19,24,0,1,0.0,0,0.0018,0.0432,0.0132,0.0323
q7,19,25,0,1,0.0,0,0.0,0.1217,0.0244,0.039
q7,19,26,1,1,0.2857,2,0.3178,0.0639,0.0292,0.0684
q7,20,21,0,1,0.0,0,0.0128,0.1178,0.0437,0.0766
q7,20,22,0,1,0.0,0,0.0033,0.0716,0.0231,0.046
q7,20,23,0,1,0.0,0,0.0,0.0678,0.0234,0.0468
q7,20,24,1,1,0.4,2,0.4658,0.2299,0.0832,0.1417
q7,20,25,1,1,0.3333,2,0.1256,0.1809,0.0637,0.1086
q7,20,26,0,1,0.0,0,0.0027,0.1118,0.0358,0.0664
q7,21,22,0,1,0.0,0,0.0119,0.0743,0.0251,0.0552
q7,21,23,0,1,0.0,0,0.0029,0.0512,0.0198,0.0474
q7,21,24,0,1,0.0,0,0.0101,0.1037,0.0296,0.0586
q7,21,25,0,1,0.0,0,0.0,0.073,0.0188,0.0377
q7,21,26,1,1,0.0,0,0.0051,0.1639,0.0566,0.0952
q7,22,23,1,1,0.0,0,0.0154,0.1944,0.066,0.0917
q7,22,24,0,1,0.0,0,0.0021,0.0533,0.0196,0.043
q7,22,25,0,1,0.0,0,0.0063,0.0733,0.0267,0.0513
q7,22,26,0,1,0.0,0,0.0036,0.1389,0.024,0.0391
q7,23,24,0,1,0.0,0,0.0019,0.0439,0.0167,0.0338
q7,23,25,0,1,0.0,0,0.0009,0.1294,0.0376,0.0558
q7,23,26,0,1,0.1429,1,0.1032,0.1118,0.0325,0.0602
q7,24,25,1,1,0.375,3,0.0654,0.1643,0.0614,0.1144
q7,24,26,0,1,0.0,0,0.0009,0.0876,0.0268,0.0467
q7,25,26,0,1,0.0,0,0.0022,0.0628,0.0197,0.0378
q8,0,1,1,1,0.3333,1,0.2787,0.1136,0.0447,0.0859
q8,0,2,0,1,0.0,0,0.0667,0.0202,0.0166,0.0622
q8,0,3,1,1,0.3333,1,0.2682,0.1988,0.0692,0.1183
q8,0,4,0,1,0.2,1,0.7082,0.0679,0.0277,0.0819
q8,0,5,0,1,0.3333,1,0.824,0.1345,0.0592,0.1406
q8,0,6,0,1,0.0,0,0.0548,0.0202,0.0143,0.0662
q8,0,7,0,1,0.5,1,0.8638,0.031,0.0253,0.0902
q8,0,8,0,1,0.1667,1,0.171,0.0,0.0036,0.0335
q8,1,2,0,1,0.0,0,0.033,0.011,0.0044,0.0286
q8,1,3,1,1,1.0,2,0.8316,0.3199,0.1228,0.235
q8,1,4,0,1,0.2,1,0.2053,0.0122,0.0119,0.0433
q8,1,5,0,1,1.0,2,0.2876,0.0,0.0065,0.0341
q8,1,6,0,1,0.0,0,0.0153,0.011,0.004,0.0303
q8,1,7,0,1,0.5,1,0.215,0.0232,0.0094,0.0427
q8,1,8,0,1,0.1667,1,0.1075,0.0,0.0022,0.0183
q8,2,3,0,1,0.0,0,0.0358,0.0312,0.0166,0.0378
q8,2,4,0,1,0.0,0,0.0664,0.0395,0.0199,0.0512
q8,2,5,0,1,0.0,0,0.0583,0.0208,0.0223,0.0524
q8,2,6,1,1,0.0,0,0.0247,0.2305,0.1028,0.156
q8,2,7,1,1,0.0,0,0.0114,0.2741,0.1067,0.1696
q8,2,8,0,1,0.0,0,0.0649,0.0083,0.009,0.0242
q8,3,4,0,1,0.2,1,0.2424,0.0167,0.0173,0.0545
q8,3,5,0,1,1.0,2,0.279,0.0265,0.0219,0.0634
q8,3,6,0,1,0.0,0,0.0142,0.0186,0.0123,0.0377
q8,3,7,0,1,0.5,1,0.2267,0.0402,0.0162,0.0498
q8,3,8,0,1,0.1667,1,0.126,0.0088,0.0102,0.0294
q8,4,5,1,1,0.2,1,0.873,0.2978,0.1004,0.1786
q8,4,6,0,1,0.0,0,0.0714,0.0483,0.0195,0.0439
q8,4,7,0,1,0.25,1,0.7816,0.0628,0.0243,0.0576
q8,4,8,1,1,0.125,1,0.1173,0.1812,0.0215,0.0483
q8,5,6,0,1,0.0,0,0.0674,0.1129,0.0259,0.0542
q8,5,7,0,1,0.5,1,0.9202,0.1647,0.0463,0.0938
q8,5,8,1,1,0.1667,1,0.177,0.1853,0.028,0.0562
q8,6,7,1,1,0.0,0,0.054,0.4092,0.1182,0.177
q8,6,8,0,1,0.1111,1,0.0402,0.0603,0.0116,0.0237
q8,7,8,0,1,0.2,1,0.2202,0.0508,0.0135,0.0339
q9,0,1,0,1,0.0909,1,0.0601,0.0,0.0013,0.0129
q9,0,2,0,1,0.0,0,0.0292,0.0,0.0037,0.0224
q9,0,3,1,1,0.1,1,0.0467,0.186,0.0695,0.0922
q9,0,4,0,1,0.0,0,0.0443,0.0,0.0048,0.0143
q9,0,5,1,1,0.7143,5,0.7653,0.5721,0.1444,0.2072
q9,0,6,0,1,0.0,0,0.0135,0.0,0.0012,0.0272
q9,0,7,0,1,0.1,1,0.042,0.0372,0.0079,0.0243
q9,0,8,0,1,0.0,0,0.0248,0.0,0.0044,0.0216
q9,0,9,0,0,0.3333,3,0.7347,0.2837,0.1235,0.2169
q9,0,10,0,0,0.0,0,0.06,0.0,0.0,0.0
q9,0,11,0,0,0.0,0,0.0436,0.0,0.0014,0.024
q9,0,12,0,0,0.2222,2,0.6472,0.2093,0.0596,0.1122
q9,0,13,0,0,0.0,0,0.0546,0.0,0.0051,0.0157
q9,0,14,0,0,0.1111,1,0.0396,0.0,0.0037,0.0179
q9,0,15,0,0,0.0,0,0.0502,0.0,0.0033,0.0139
q9,0,16,0,0,0.0,0,0.0293,0.0651,0.0109,0.0337
q9,0,17,0,0,0.125,1,0.1608,0.1581,0.0389,0.0885
q9,1,2,1,1,0.0,0,0.5987,0.3665,0.1153,0.2042
q9,1,3,0,1,0.1,1,0.6323,0.0,0.0021,0.0312
q9,1,4,0,1,0.0,0,0.2569,0.0353,0.0177,0.0616
q9,1,5,0,1,0.0909,1,0.0524,0.0,0.0008,0.0269
q9,1,6,1,1,0.1111,1,0.1622,0.1452,0.0616,0.1398
q9,1,7,0,1,0.1,1,0.2481,0.0163,0.0073,0.0529
q9,1,8,0,1,0.0,0,0.064,0.0,0.0034,0.0388
q9,1,9,0,0,0.0909,1,0.0577,0.0,0.0012,0.0121
q9,1,10,0,0,0.0,0,0.2378,0.0,0.0023,0.0204
q9,1,11,0,0,0.0,0,0.3569,0.0,0.0,0.0317
q9,1,12,0,0,0.0,0,0.0629,0.0,0.0008,0.0193
q9,1,13,0,0,0.0909,1,0.4054,0.0821,0.0235,0.0591
q9,1,14,0,0,0.25,2,0.6571,0.0685,0.0255,0.0705
q9,1,15,0,0,0.1,1,0.3327,0.0571,0.0177,0.0609
q9,1,16,0,0,0.0,0,0.0444,0.0,0.002,0.0298
q9,1,17,0,0,0.0,0,0.0194,0.0,0.0009,0.021
q9,2,3,0,1,0.0,0,0.6072,0.0,0.0029,0.0247
q9,2,4,0,1,0.0,0,0.3326,0.0682,0.0095,0.0494
q9,2,5,0,1,0.0,0,0.0325,0.0,0.001,0.0141
q9,2,6,1,1,0.0,0,0.0488,0.2216,0.0598,0.1334
q9,2,7,0,1,0.0,0,0.2178,0.0284,0.009,0.0434
q9,2,8,0,1,0.0,0,0.0362,0.0,0.0048,0.0394
q9,2,9,0,0,0.0,0,0.0295,0.0,0.0,0.0204
q9,2,10,0,0,0.0,0,0.2332,0.0,0.0048,0.0282
q9,2,11,0,0,0.0,0,0.3434,0.0,0.0024,0.0307
q9,2,12,0,0,0.0,0,0.0439,0.0,0.0,0.0131
q9,2,13,0,0,0.0,0,0.3459,0.1278,0.0239,0.0526
q9,2,14,0,0,0.0,0,0.0762,0.1392,0.023,0.0642
q9,2,15,0,0,0.0,0,0.0744,0.1051,0.0118,0.0396
q9,2,16,0,0,0.0,0,0.0217,0.0,0.0033,0.0236
q9,2,17,0,0,0.0,0,0.0048,0.0,0.0011,0.0137
q9,3,4,0,1,0.0,0,0.4828,0.0,0.0273,0.07
q9,3,5,1,1,0.1,1,0.0404,0.2763,0.0776,0.1133
q9,3,6,0,1,0.0,0,0.0224,0.0,0.0147,0.0385
q9,3,7,0,1,0.25,2,0.8777,0.2665,0.0766,0.1302
q9,3,8,0,1,0.0,0,0.0468,0.0807,0.0204,0.0471
q9,3,9,0,0,0.1,1,0.0366,0.0801,0.0304,0.0624
q9,3,10,0,0,0.0,0,0.6037,0.0224,0.0059,0.0159
q9,3,11,0,0,0.0,0,0.3846,0.0244,0.0159,0.0402
q9,3,12,0,0,0.0,0,0.0515,0.0587,0.0184,0.0364
q9,3,13,0,0,0.0,0,0.5728,0.0978,0.0385,0.0696
q9,3,14,0,0,0.125,1,0.102,0.0978,0.0338,0.0644
q9,3,15,0,0,0.0,0,0.0685,0.0831,0.0277,0.0646
q9,3,16,0,0,0.1111,1,0.0321,0.2054,0.0561,0.0974
q9,3,17,0,0,0.0,0,0.0008,0.1345,0.0455,0.0833
q9,4,5,0,1,0.0,0,0.0408,0.0,0.0171,0.0497
q9,4,6,0,1,0.0,0,0.0486,0.1192,0.0296,0.0725
q9,4,7,1,1,0.0,0,0.1456,0.1082,0.0409,0.1027
q9,4,8,1,1,0.0,0,0.072,0.1302,0.0347,0.076
q9,4,9,0,0,0.0,0,0.0467,0.0,0.0015,0.0216
q9,4,10,0,0,0.125,1,0.2118,0.0,0.007,0.0234
q9,4,11,0,0,0.0,0,0.2804,0.0177,0.0086,0.0397
q9,4,12,0,0,0.0,0,0.0582,0.0,0.0078,0.0234
q9,4,13,0,0,0.0,0,0.2817,0.1236,0.0501,0.0948
q9,4,14,0,0,0.0,0,0.1507,0.0442,0.0293,0.0579
q9,4,15,0,0,0.0,0,0.1083,0.1015,0.0371,0.0691
q9,4,16,0,0,0.0,0,0.0204,0.0,0.0107,0.0483
q9,4,17,0,0,0.0,0,0.0393,0.0,0.01,0.0365
q9,5,6,0,1,0.0,0,0.0089,0.0,0.0114,0.0385
q9,5,7,0,1,0.1,1,0.0396,0.0984,0.0333,0.069
q9,5,8,0,1,0.0,0,0.0164,0.0822,0.0213,0.048
q9,5,9,0,0,0.3333,3,0.7559,0.2578,0.0707,0.1262
q9,5,10,0,0,0.0,0,0.0492,0.0,0.001,0.0136
q9,5,11,0,0,0.0,0,0.0392,0.0,0.0112,0.0481
q9,5,12,0,0,0.2222,2,0.6554,0.1506,0.0822,0.1493
q9,5,13,0,0,0.0,0,0.0506,0.0985,0.0364,0.0489
q9,5,14,0,0,0.1111,1,0.0327,0.0874,0.0311,0.0506
q9,5,15,0,0,0.0,0,0.0396,0.0617,0.0203,0.0365
q9,5,16,0,0,0.0,0,0.0186,0.138,0.0366,0.0684
q9,5,17,0,0,0.125,1,0.1646,0.1867,0.0799,0.143
q9,6,7,0,1,0.0,0,0.0245,0.0543,0.0225,0.0594
q9,6,8,0,1,0.0,0,0.0165,0.0422,0.0181,0.0502
q9,6,9,0,0,0.0,0,0.0093,0.0,0.0,0.016
q9,6,10,0,0,0.0,0,0.0476,0.0,0.0034,0.0201
q9,6,11,0,0,0.0,0,0.0198,0.0,0.0036,0.0335
q9,6,12,0,0,0.0,0,0.0197,0.0,0.01,0.0269
q9,6,13,0,0,0.0,0,0.0408,0.0805,0.0393,0.0798
q9,6,14,0,0,0.0,0,0.1275,0.1451,0.0436,0.0864
q9,6,15,0,0,0.125,1,0.1917,0.1674,0.0385,0.0726
q9,6,16,0,0,0.0,0,0.0105,0.0,0.0074,0.0312
q9,6,17,0,0,0.0,0,0.0008,0.013,0.012,0.029
q9,7,8,1,1,0.0,0,0.0257,0.2056,0.0545,0.0858
q9,7,9,0,0,0.1,1,0.0336,0.0,0.0,0.0242
q9,7,10,0,0,0.0,0,0.2157,0.0,0.0041,0.0169
q9,7,11,0,0,0.0,0,0.3388,0.0368,0.0186,0.05
q9,7,12,0,0,0.0,0,0.0456,0.0482,0.0172,0.0379
q9,7,13,0,0,0.0,0,0.2058,0.1051,0.0314,0.0681
q9,7,14,0,0,0.125,1,0.0499,0.0874,0.0264,0.0552
q9,7,15,0,0,0.0,0,0.0763,0.0868,0.0313,0.0682
q9,7,16,0,0,0.0,0,0.0264,0.1148,0.0366,0.0747
q9,7,17,0,0,0.0,0,0.0012,0.0812,0.0233,0.0461
q9,8,9,0,0,0.0,0,0.0216,0.0,0.0017,0.0196
q9,8,10,0,0,0.125,1,0.283,0.0,0.009,0.0392
q9,8,11,0,0,0.1111,1,0.1281,0.0663,0.0269,0.0632
q9,8,12,0,0,0.0,0,0.0386,0.0482,0.0131,0.026
q9,8,13,0,0,0.0,0,0.0432,0.1051,0.0246,0.0497
q9,8,14,0,0,0.0,0,0.0286,0.0874,0.0241,0.051
q9,8,15,0,0,0.0,0,0.0421,0.1558,0.0303,0.0672
q9,8,16,0,0,0.0,0,0.0474,0.144,0.0275,0.0552
q9,8,17,0,0,0.0,0,0.0185,0.0649,0.0174,0.0374
q9,9,10,0,1,0.0,0,0.0434,0.0,0.0,0.0141
q9,9,11,0,1,0.0,0,0.0381,0.0,0.0051,0.0355
q9,9,12,0,1,0.375,3,0.694,0.3101,0.0968,0.1508
q9,9,13,0,1,0.0,0,0.0501,0.0,0.0,0.0147
q9,9,14,0,1,0.1111,1,0.0284,0.0,0.0,0.0208
q9,9,15,0,1,0.0,0,0.0333,0.0,0.001,0.0155
q9,9,16,1,1,0.0,0,0.0326,0.2195,0.0416,0.0709
q9,9,17,1,1,0.2857,2,0.2625,0.3101,0.0953,0.1488
q9,10,11,1,1,0.0,0,0.3559,0.0,0.0,0.0111
q9,10,12,1,1,0.0,0,0.0783,0.0,0.0,0.005
q9,10,13,0,1,0.0,0,0.2222,0.0,0.0011,0.0094
q9,10,14,0,1,0.0,0,0.0952,0.0,0.0011,0.0142
q9,10,15,0,1,0.0,0,0.1171,0.0,0.002,0.0156
q9,10,16,0,1,0.0,0,0.0597,0.0,0.0,0.0071
q9,10,17,0,1,0.0,0,0.0202,0.0,0.0,0.0039
q9,11,12,1,1,0.0,0,0.0678,0.0147,0.0159,0.0466
q9,11,13,0,1,0.0,0,0.3348,0.0,0.0074,0.0262
q9,11,14,0,1,0.0,0,0.0666,0.0,0.0071,0.0275
q9,11,15,0,1,0.0,0,0.0482,0.0,0.0091,0.0287
q9,11,16,0,1,0.0,0,0.0698,0.0368,0.0149,0.0463
q9,11,17,0,1,0.0,0,0.009,0.0,0.0081,0.0364
q9,12,13,0,1,0.0,0,0.0619,0.0525,0.0162,0.0183
q9,12,14,0,1,0.0,0,0.025,0.0499,0.0149,0.0225
q9,12,15,0,1,0.0,0,0.0503,0.0482,0.013,0.0195
q9,12,16,0,1,0.0,0,0.0908,0.0617,0.022,0.0484
q9,12,17,0,1,0.1429,1,0.1348,0.1542,0.0658,0.128
q9,13,14,1,1,0.0,0,0.0787,0.2627,0.1169,0.1678
q9,13,15,1,1,0.1,1,0.2328,0.2217,0.0725,0.1269
q9,13,16,0,1,0.0,0,0.014,0.0788,0.0193,0.0348
q9,13,17,0,1,0.0,0,0.006,0.0657,0.0193,0.0312
q9,14,15,1,1,0.0,0,0.2968,0.3136,0.1122,0.1945
q9,14,16,0,1,0.0,0,0.0205,0.0749,0.0161,0.0298
q9,14,17,0,1,0.0,0,0.0125,0.0666,0.0187,0.0324
q9,15,16,0,1,0.0,0,0.0323,0.1362,0.0222,0.042
q9,15,17,0,1,0.0,0,0.0042,0.0649,0.0157,0.0314
q9,16,17,1,1,0.0,0,0.0236,0.151,0.0513,0.0823
q10,0,1,0,1,0.0,0,0.0546,0.044,0.011,0.0199
q10,0,2,0,1,0.0,0,0.0,0.044,0.0128,0.0247
q10,0,3,0,1,0.0,0,0.0202,0.0294,0.0078,0.019
q10,0,4,1,1,0.0,0,0.0055,0.0587,0.0149,0.0333
q10,0,5,0,1,0.0,0,0.0017,0.0624,0.0197,0.0509
q10,0,6,0,1,0.0,0,0.022,0.0587,0.0157,0.0384
q10,0,7,1,1,0.0,0,0.0042,0.0587,0.0109,0.0191
q10,0,8,0,1,0.0,0,0.0032,0.0,0.0117,0.0226
q10,0,9,0,0,0.0,0,0.0289,0.0,0.0065,0.0153
q10,0,10,0,0,0.0,0,0.0,0.0,0.0127,0.03
q10,0,11,0,0,0.0,0,0.0318,0.0587,0.0149,0.0267
q10,0,12,0,0,0.0,0,0.0133,0.044,0.0177,0.0463
q10,0,13,0,0,0.0,0,0.0058,0.0624,0.015,0.0327
q10,0,14,0,0,0.0,0,0.047,0.0,0.0086,0.0433
q10,0,15,0,0,0.0,0,0.0097,0.0679,0.0268,0.0618
q10,0,16,0,0,0.0,0,0.0308,0.0587,0.0112,0.0245
q10,0,17,0,0,0.0,0,0.0622,0.0587,0.0113,0.018
q10,0,18,0,0,0.0,0,0.0271,0.0,0.0084,0.0209
q10,0,19,0,0,0.0,0,0.0124,0.0,0.0119,0.0226
q10,0,20,0,0,0.0,0,0.0347,0.044,0.0143,0.0273
q10,0,21,0,0,0.0,0,0.0222,0.0587,0.0203,0.035
q10,0,22,0,0,0.0,0,0.0065,0.0734,0.0214,0.0552
q10,0,23,0,0,0.0,0,0.0756,0.0587,0.0148,0.0264
q10,0,24,0,0,0.0,0,0.0517,0.0587,0.0135,0.0292
q10,0,25,0,0,0.0,0,0.0331,0.0587,0.0144,0.0375
q10,0,26,0,0,0.0,0,0.001,0.0587,0.0126,0.0297
q10,1,2,1,1,0.0,0,0.0008,0.1111,0.0375,0.0579
q10,1,3,1,1,0.0,0,0.0336,0.068,0.0341,0.0459
q10,1,4,0,1,0.0,0,0.002,0.0547,0.0156,0.026
q10,1,5,0,1,0.0,0,0.0012,0.032,0.0144,0.032
q10,1,6,0,1,0.0,0,0.0076,0.0427,0.0138,0.0235
q10,1,7,0,1,0.0,0,0.0047,0.032,0.0106,0.0199
q10,1,8,0,1,0.0,0,0.0021,0.0131,0.0112,0.0224
q10,1,9,0,0,0.0,0,0.0679,0.0,0.0066,0.0278
q10,1,10,0,0,0.0,0,0.0,0.0295,0.0263,0.0701
q10,1,11,0,0,0.0,0,0.0267,0.1453,0.0264,0.0406
q10,1,12,0,0,0.0,0,0.0352,0.1227,0.0323,0.0525
q10,1,13,0,0,0.0,0,0.0022,0.0573,0.0181,0.0333
q10,1,14,0,0,0.0,0,0.0174,0.0,0.003,0.025
q10,1,15,0,0,0.0,0,0.0542,0.096,0.0196,0.0389
q10,1,16,0,0,0.0,0,0.0269,0.076,0.0155,0.0296
q10,1,17,0,0,0.0,0,0.0688,0.0493,0.0138,0.0228
q10,1,18,0,0,0.4286,3,0.5422,0.3124,0.1291,0.1941
q10,1,19,0,0,0.0,0,0.0505,0.1133,0.0277,0.0538
q10,1,20,0,0,0.1429,1,0.5163,0.1427,0.0595,0.112
q10,1,21,0,0,0.0,0,0.0145,0.068,0.0242,0.0476
q10,1,22,0,0,0.0,0,0.0397,0.0813,0.0267,0.0389
q10,1,23,0,0,0.0,0,0.0755,0.0573,0.0185,0.0321
q10,1,24,0,0,0.0,0,0.0614,0.0427,0.0149,0.0335
q10,1,25,0,0,0.0,0,0.0323,0.056,0.0175,0.044
q10,1,26,0,0,0.0,0,0.0031,0.1373,0.0236,0.043
q10,2,3,1,1,0.0,0,0.0023,0.1407,0.0411,0.0538
q10,2,4,0,1,0.0,0,0.0082,0.1141,0.0179,0.026
q10,2,5,0,1,0.0,0,0.0,0.0889,0.0153,0.0297
q10,2,6,0,1,0.0,0,0.0029,0.1141,0.0202,0.0347
q10,2,7,0,1,0.0,0,0.0025,0.1156,0.0157,0.0217
q10,2,8,0,1,0.0,0,0.0,0.0133,0.0122,0.0232
q10,2,9,0,0,0.0,0,0.0,0.0,0.0062,0.0126
q10,2,10,0,0,0.0,0,0.0,0.0147,0.015,0.0339
q10,2,11,0,0,0.0,0,0.0,0.0593,0.0144,0.0214
q10,2,12,0,0,0.0,0,0.0039,0.2237,0.0432,0.0894
q10,2,13,0,0,0.0,0,0.0,0.1052,0.0191,0.0306
q10,2,14,0,0,0.0,0,0.0,0.0,0.0045,0.0299
q10,2,15,0,0,0.0,0,0.1351,0.077,0.02,0.0364
q10,2,16,0,0,0.0,0,0.01,0.2119,0.0288,0.0546
q10,2,17,0,0,0.0,0,0.0,0.1437,0.0193,0.0318
q10,2,18,0,0,0.0,0,0.0009,0.0,0.006,0.0124
q10,2,19,0,0,0.0,0,0.0,0.0,0.0092,0.0239
q10,2,20,0,0,0.0,0,0.0008,0.1007,0.0203,0.0421
q10,2,21,0,0,0.0,0,0.0193,0.2889,0.0579,0.1032
q10,2,22,0,0,0.2,1,0.4341,0.2978,0.0783,0.1558
q10,2,23,0,0,0.0,0,0.002,0.1037,0.019,0.0277
q10,2,24,0,0,0.0,0,0.0023,0.1037,0.0179,0.0331
q10,2,25,0,0,0.0,0,0.0022,0.117,0.0191,0.0426
q10,2,26,0,0,0.0,0,0.4251,0.2341,0.0464,0.0893
q10,3,4,0,1,0.0,0,0.0071,0.078,0.0145,0.0304
q10,3,5,0,1,0.0,0,0.0012,0.0559,0.0112,0.0274
q10,3,6,0,1,0.0,0,0.001,0.1001,0.0165,0.0252
q10,3,7,0,1,0.0,0,0.006,0.078,0.012,0.0192
q10,3,8,0,1,0.0,0,0.0,0.0,0.0071,0.0161
q10,3,9,0,0,0.0,0,0.0094,0.0,0.0048,0.018
q10,3,10,0,0,0.0,0,0.0,0.0,0.0115,0.0309
q10,3,11,0,0,0.0,0,0.0469,0.0416,0.0114,0.02
q10,3,12,0,0,0.0,0,0.0254,0.0429,0.0155,0.0366
q10,3,13,0,0,0.0,0,0.0022,0.0806,0.0172,0.034
q10,3,14,0,0,0.0,0,0.0032,0.0,0.0025,0.0237
q10,3,15,0,0,0.0,0,0.0064,0.0325,0.013,0.031
q10,3,16,0,0,0.0,0,0.0373,0.0689,0.0116,0.0189
q10,3,17,0,0,0.0,0,0.0393,0.0832,0.0129,0.0209
q10,3,18,0,0,0.0,0,0.0335,0.0,0.0038,0.0132
q10,3,19,0,0,0.0,0,0.006,0.0,0.008,0.0235
q10,3,20,0,0,0.0,0,0.0426,0.0663,0.0181,0.0422
q10,3,21,0,0,0.0,0,0.0218,0.0949,0.021,0.0382
q10,3,22,0,0,0.0,0,0.0118,0.0767,0.0153,0.0335
q10,3,23,0,0,0.0,0,0.0705,0.1625,0.0252,0.054
q10,3,24,0,0,0.2,1,0.6882,0.0663,0.0316,0.0887
q10,3,25,0,0,0.2,1,0.4849,0.225,0.0323,0.0675
q10,3,26,0,0,0.0,0,0.0032,0.0689,0.0147,0.0267
q10,4,5,0,1,0.0,0,0.001,0.1125,0.0357,0.0602
q10,4,6,0,1,0.0,0,0.0009,0.2017,0.0305,0.0551
q10,4,7,1,1,0.0,0,0.0,0.2469,0.0635,0.0822
q10,4,8,0,1,0.0,0,0.0009,0.1017,0.0181,0.0334
q10,4,9,0,0,0.0,0,0.0035,0.0,0.0046,0.0144
q10,4,10,0,0,0.0,0,0.0012,0.0393,0.0152,0.0357
q10,4,11,0,0,0.0,0,0.0019,0.0899,0.0159,0.0267
q10,4,12,0,0,0.0,0,0.005,0.1029,0.024,0.0431
q10,4,13,0,0,0.0,0,0.0,0.2026,0.0333,0.057
q10,4,14,0,0,0.0,0,0.0,0.0396,0.0172,0.0555
q10,4,15,0,0,0.0,0,0.0086,0.1621,0.036,0.0621
q10,4,16,0,0,0.0,0,0.0,0.1178,0.0178,0.0352
q10,4,17,0,0,0.0,0,0.0,0.197,0.0258,0.037
q10,4,18,0,0,0.0,0,0.0,0.0,0.0076,0.0214
q10,4,19,0,0,0.0,0,0.0,0.028,0.0117,0.0226
q10,4,20,0,0,0.0,0,0.0,0.1499,0.0159,0.0314
q10,4,21,0,0,0.0,0,0.0029,0.0974,0.0264,0.0471
q10,4,22,0,0,0.0,0,0.0009,0.1071,0.0209,0.034
q10,4,23,0,0,0.0,0,0.0076,0.1524,0.0281,0.0446
q10,4,24,0,0,0.0,0,0.0053,0.1772,0.0298,0.0562
q10,4,25,0,0,0.0,0,0.0053,0.1866,0.0316,0.0516
q10,4,26,0,0,0.0,0,0.0091,0.0528,0.0163,0.0256
q10,5,6,1,1,0.0,0,0.0009,0.1236,0.0354,0.0575
q10,5,7,0,1,0.0,0,0.0013,0.0724,0.0209,0.0322
q10,5,8,1,1,0.0,0,0.0,0.093,0.0249,0.0481
q10,5,9,0,0,0.0,0,0.0008,0.0,0.0075,0.0195
q10,5,10,0,0,0.0,0,0.0,0.0393,0.0139,0.0346
q10,5,11,0,0,0.0,0,0.0008,0.0499,0.0155,0.0345
q10,5,12,0,0,0.0,0,0.0012,0.0787,0.0262,0.0587
q10,5,13,0,0,0.0,0,0.0056,0.1526,0.0462,0.0895
q10,5,14,0,0,0.3333,1,0.2632,0.1292,0.0513,0.1184
q10,5,15,0,0,0.0,0,0.0069,0.1492,0.0468,0.0912
q10,5,16,0,0,0.0,0,0.0166,0.0457,0.0143,0.03
q10,5,17,0,0,0.0,0,0.0012,0.1047,0.0227,0.0351
q10,5,18,0,0,0.0,0,0.0082,0.0,0.0081,0.0202
q10,5,19,0,0,0.0,0,0.0,0.0,0.0104,0.0289
q10,5,20,0,0,0.0,0,0.0256,0.088,0.0254,0.051
q10,5,21,0,0,0.0,0,0.0043,0.0974,0.0226,0.0421
q10,5,22,0,0,0.0,0,0.0048,0.0887,0.0215,0.0556
q10,5,23,0,0,0.0,0,0.0013,0.1108,0.0229,0.0392
q10,5,24,0,0,0.0,0,0.0012,0.098,0.0246,0.0455
q10,5,25,0,0,0.0,0,0.0012,0.1069,0.0315,0.0577
q10,5,26,0,0,0.0,0,0.0012,0.0445,0.0134,0.0322
q10,6,7,0,1,0.0,0,0.0009,0.1398,0.024,0.037
q10,6,8,1,1,0.0,0,0.0,0.1134,0.0211,0.0355
q10,6,9,0,0,0.0,0,0.0142,0.0,0.004,0.0193
q10,6,10,0,0,0.0,0,0.0,0.0524,0.0172,0.0368
q10,6,11,0,0,0.0,0,0.0059,0.1436,0.03,0.0578
q10,6,12,0,0,0.0,0,0.0009,0.0884,0.0255,0.0592
q10,6,13,0,0,0.0,0,0.0,0.1548,0.0237,0.0529
q10,6,14,0,0,0.0,0,0.0022,0.0141,0.0117,0.0454
q10,6,15,0,0,0.0,0,0.0036,0.1773,0.0311,0.0542
q10,6,16,0,0,0.0,0,0.003,0.0683,0.0158,0.0372
q10,6,17,0,0,0.0,0,0.0072,0.1866,0.0231,0.0411
q10,6,18,0,0,0.0,0,0.0054,0.0,0.0066,0.0183
q10,6,19,0,0,0.1,1,0.118,0.0688,0.0286,0.0666
q10,6,20,0,0,0.0,0,0.0029,0.1462,0.0233,0.0431
q10,6,21,0,0,0.0,0,0.0033,0.1166,0.0214,0.0373
q10,6,22,0,0,0.0,0,0.001,0.1164,0.0199,0.04
q10,6,23,0,0,0.0,0,0.0095,0.1675,0.0268,0.0418
q10,6,24,0,0,0.0,0,0.003,0.2016,0.0231,0.0382
q10,6,25,0,0,0.0,0,0.0,0.1627,0.0267,0.0492
q10,6,26,0,0,0.0,0,0.0011,0.0448,0.0176,0.0299
q10,7,8,0,1,0.0,0,0.0,0.0,0.0091,0.0256
q10,7,9,0,0,0.0,0,0.0022,0.0,0.0042,0.0119
q10,7,10,0,0,0.0,0,0.0,0.0131,0.0138,0.0235
q10,7,11,0,0,0.0,0,0.0054,0.0499,0.0152,0.0219
q10,7,12,0,0,0.0,0,0.0047,0.0436,0.0136,0.02
q10,7,13,0,0,0.0,0,0.0008,0.1455,0.0238,0.0382
q10,7,14,0,0,0.0,0,0.0008,0.0067,0.0039,0.0296
q10,7,15,0,0,0.0,0,0.0022,0.0455,0.0184,0.0271
q10,7,16,0,0,0.0,0,0.0109,0.1236,0.0176,0.0279
q10,7,17,0,0,0.0,0,0.0067,0.1553,0.0236,0.034
q10,7,18,0,0,0.0,0,0.0082,0.0,0.0068,0.0189
q10,7,19,0,0,0.0,0,0.0,0.0093,0.0113,0.0245
q10,7,20,0,0,0.0,0,0.005,0.0782,0.0137,0.026
q10,7,21,0,0,0.0,0,0.0089,0.1065,0.0168,0.0262
q10,7,22,0,0,0.0,0,0.0074,0.0979,0.0158,0.0246
q10,7,23,0,0,0.0,0,0.0091,0.1159,0.0204,0.0358
q10,7,24,0,0,0.0,0,0.0069,0.1108,0.0178,0.0333
q10,7,25,0,0,0.0,0,0.0089,0.1288,0.0223,0.035
q10,7,26,0,0,0.0,0,0.0013,0.0463,0.0133,0.0185
q10,8,9,0,0,0.0,0,0.0019,0.0,0.0033,0.0154
q10,8,10,0,0,0.0,0,0.0,0.2619,0.0307,0.0391
q10,8,11,0,0,0.0,0,0.0014,0.1279,0.0144,0.0359
q10,8,12,0,0,0.0,0,0.0,0.0988,0.0243,0.0419
q10,8,13,0,0,0.0,0,0.0012,0.0698,0.0133,0.032
q10,8,14,0,0,0.0,0,0.0012,0.0,0.0027,0.0233
q10,8,15,0,0,0.0,0,0.0,0.0814,0.0142,0.0243
q10,8,16,0,0,0.0,0,0.0,0.0349,0.0158,0.0318
q10,8,17,0,0,0.0,0,0.002,0.1119,0.017,0.0301
q10,8,18,0,0,0.0,0,0.0035,0.0,0.0043,0.0189
q10,8,19,0,0,0.0,0,0.0009,0.1962,0.0221,0.027
q10,8,20,0,0,0.0,0,0.0021,0.0814,0.0124,0.0245
q10,8,21,0,0,0.0,0,0.0022,0.0131,0.0135,0.0274
q10,8,22,0,0,0.0,0,0.0,0.0,0.0137,0.0232
q10,8,23,0,0,0.0,0,0.003,0.0,0.0151,0.0292
q10,8,24,0,0,0.0,0,0.0,0.0756,0.0159,0.0329
q10,8,25,0,0,0.0,0,0.0,0.0814,0.018,0.0379
q10,8,26,0,0,0.0,0,0.0,0.0,0.0103,0.0176
q10,9,10,1,1,0.0,0,0.0012,0.0,0.0033,0.0196
q10,9,11,1,1,0.0,0,0.056,0.0,0.0064,0.0233
q10,9,12,0,1,0.0,0,0.0065,0.0,0.0056,0.0139
q10,9,13,0,1,0.0,0,0.0277,0.0,0.0049,0.0134
q10,9,14,0,1,0.0,0,0.0119,0.0,0.0,0.0062
q10,9,15,0,1,0.0,0,0.0053,0.0,0.005,0.0164
q10,9,16,0,1,0.0,0,0.0207,0.0,0.004,0.0127
q10,9,17,0,1,0.0,0,0.0415,0.0,0.0038,0.0165
q10,9,18,0,0,0.0,0,0.2027,0.0,0.0098,0.0296
q10,9,19,0,0,0.125,1,0.2314,0.0,0.0053,0.0398
q10,9,20,0,0,0.0,0,0.0556,0.0,0.0055,0.0181
q10,9,21,0,0,0.0,0,0.0108,0.0,0.0077,0.0216
q10,9,22,0,0,0.0,0,0.0117,0.0,0.0052,0.013
q10,9,23,0,0,0.0,0,0.0308,0.0,0.0054,0.0252
q10,9,24,0,0,0.0,0,0.0199,0.0,0.0054,0.0169
q10,9,25,0,0,0.0,0,0.0299,0.0,0.0049,0.0154
q10,9,26,0,0,0.0,0,0.001,0.0,0.0045,0.0113
q10,10,11,1,1,0.0,0,0.0,0.2062,0.0409,0.0641
q10,10,12,0,1,0.0,0,0.0,0.0393,0.0164,0.0459
q10,10,13,0,1,0.0,0,0.0028,0.0409,0.016,0.0393
q10,10,14,0,1,0.0,0,0.0023,0.0,0.0027,0.0281
q10,10,15,0,1,0.0,0,0.037,0.0393,0.0135,0.0379
q10,10,16,0,1,0.0,0,0.0072,0.0,0.0113,0.0244
q10,10,17,0,1,0.0,0,0.0,0.0393,0.0115,0.0221
q10,10,18,0,0,0.0,0,0.0,0.0,0.0087,0.0433
q10,10,19,0,0,0.0,0,0.0,0.3388,0.0558,0.0813
q10,10,20,0,0,0.0,0,0.0052,0.1948,0.0572,0.1081
q10,10,21,0,0,0.0,0,0.0,0.0147,0.0167,0.0308
q10,10,22,0,0,0.0,0,0.0,0.0,0.0137,0.0275
q10,10,23,0,0,0.0,0,0.0012,0.0,0.0151,0.0349
q10,10,24,0,0,0.0,0,0.0,0.0409,0.0137,0.0401
q10,10,25,0,0,0.0,0,0.0,0.0409,0.0173,0.0383
q10,10,26,0,0,0.0,0,0.0023,0.0,0.0109,0.0254
q10,11,12,0,1,0.0,0,0.0079,0.04,0.0141,0.0291
q10,11,13,0,1,0.0,0,0.0031,0.1186,0.0202,0.0446
q10,11,14,0,1,0.0,0,0.0089,0.0,0.0,0.0257
q10,11,15,0,1,0.0,0,0.0037,0.04,0.0144,0.0296
q10,11,16,0,1,0.0,0,0.029,0.04,0.0113,0.0149
q10,11,17,0,1,0.0,0,0.0343,0.0724,0.0131,0.0268
q10,11,18,0,0,0.0,0,0.2739,0.0174,0.0117,0.0283
q10,11,19,0,0,0.0,0,0.1358,0.1723,0.0519,0.0813
q10,11,20,0,0,0.0,0,0.0342,0.1486,0.0416,0.0658
q10,11,21,0,0,0.0,0,0.0136,0.0811,0.0195,0.0371
q10,11,22,0,0,0.0,0,0.0071,0.0499,0.0154,0.025
q10,11,23,0,0,0.0,0,0.0586,0.0869,0.0197,0.0392
q10,11,24,0,0,0.0,0,0.0413,0.0699,0.014,0.026
q10,11,25,0,0,0.0,0,0.0316,0.0499,0.0154,0.0301
q10,11,26,0,0,0.0,0,0.0084,0.0699,0.0131,0.0223
q10,12,13,0,1,0.0,0,0.0045,0.0884,0.0253,0.049
q10,12,14,0,1,0.0,0,0.0077,0.0206,0.0097,0.042
q10,12,15,0,1,0.0,0,0.0082,0.1295,0.0288,0.0625
q10,12,16,1,1,0.0,0,0.0369,0.322,0.0659,0.0983
q10,12,17,1,1,0.0,0,0.0309,0.3099,0.0549,0.0694
q10,12,18,0,0,0.0,0,0.0113,0.0,0.0055,0.019
q10,12,19,0,0,0.0,0,0.0052,0.0,0.0099,0.0226
q10,12,20,0,0,0.0,0,0.0943,0.0847,0.023,0.0498
q10,12,21,0,0,0.0,0,0.0142,0.1768,0.0276,0.0624
q10,12,22,0,0,0.0,0,0.0243,0.2203,0.049,0.0935
q10,12,23,0,0,0.0,0,0.0143,0.0781,0.0259,0.0425
q10,12,24,0,0,0.0,0,0.0264,0.1199,0.0214,0.0481
q10,12,25,0,0,0.0,0,0.0324,0.1295,0.0322,0.066
q10,12,26,0,0,0.0,0,0.0112,0.2506,0.032,0.0613
q10,13,14,1,1,0.0,0,0.0063,0.0719,0.0462,0.1069
q10,13,15,1,1,0.0,0,0.0372,0.1684,0.0603,0.1119
q10,13,16,0,1,0.0,0,0.0014,0.0998,0.0192,0.033
q10,13,17,0,1,0.0,0,0.0272,0.1574,0.0248,0.0358
q10,13,18,0,0,0.0,0,0.0089,0.0,0.0069,0.0199
q10,13,19,0,0,0.0,0,0.0026,0.0186,0.012,0.0385
q10,13,20,0,0,0.0,0,0.0022,0.1443,0.0231,0.0487
q10,13,21,0,0,0.0,0,0.0051,0.128,0.0263,0.0393
q10,13,22,0,0,0.0,0,0.0046,0.1014,0.0236,0.0452
q10,13,23,0,0,0.0,0,0.0385,0.1675,0.0304,0.0457
q10,13,24,0,0,0.0,0,0.0018,0.2243,0.0245,0.0502
q10,13,25,0,0,0.0,0,0.0034,0.1861,0.0386,0.0644
q10,13,26,0,0,0.0,0,0.0028,0.0584,0.0168,0.0267
q10,14,15,1,1,0.0,0,0.0089,0.0906,0.0457,0.1169
q10,14,16,0,1,0.0,0,0.0,0.0,0.0024,0.0211
q10,14,17,0,1,0.0,0,0.018,0.0,0.0028,0.0192
q10,14,18,0,0,0.0,0,0.0151,0.0,0.0,0.0096
q10,14,19,0,0,0.0,0,0.0046,0.0,0.0035,0.0239
q10,14,20,0,0,0.0,0,0.0072,0.0,0.0091,0.0369
q10,14,21,0,0,0.0,0,0.008,0.0091,0.0091,0.0354
q10,14,22,0,0,0.0,0,0.0011,0.0,0.0075,0.0422
q10,14,23,0,0,0.0,0,0.0304,0.0101,0.0041,0.0239
q10,14,24,0,0,0.0,0,0.004,0.0073,0.0091,0.0453
q10,14,25,0,0,0.0,0,0.0008,0.0,0.009,0.0457
q10,14,26,0,0,0.0,0,0.0,0.0,0.0009,0.023
q10,15,16,0,1,0.0,0,0.0235,0.0345,0.0155,0.0295
q10,15,17,0,1,0.0,0,0.007,0.1663,0.0202,0.0283
q10,15,18,0,0,0.0,0,0.0093,0.0,0.0071,0.0171
q10,15,19,0,0,0.0,0,0.0022,0.0,0.0116,0.0328
q10,15,20,0,0,0.0,0,0.0351,0.1266,0.0228,0.0451
q10,15,21,0,0,0.0,0,0.0075,0.0521,0.0225,0.0471
q10,15,22,0,0,0.0,0,0.0056,0.0369,0.0209,0.051
q10,15,23,0,0,0.0,0,0.0075,0.0453,0.0191,0.0339
q10,15,24,0,0,0.0,0,0.0117,0.1962,0.0315,0.0604
q10,15,25,0,0,0.0,0,0.0332,0.1272,0.0306,0.0681
q10,15,26,0,0,0.0,0,0.1856,0.1111,0.0247,0.0431
q10,16,17,1,1,0.0,0,0.029,0.1703,0.0432,0.0606
q10,16,18,0,0,0.0,0,0.0087,0.0,0.0053,0.0178
q10,16,19,0,0,0.0,0,0.0,0.0,0.0082,0.0188
q10,16,20,0,0,0.0,0,0.0312,0.094,0.0185,0.0371
q10,16,21,0,0,0.0,0,0.0108,0.1597,0.0308,0.0717
q10,16,22,0,0,0.0,0,0.0249,0.1786,0.0305,0.0637
q10,16,23,0,0,0.0,0,0.024,0.1574,0.0255,0.0408
q10,16,24,0,0,0.0,0,0.0269,0.1072,0.0215,0.0426
q10,16,25,0,0,0.0,0,0.0266,0.1528,0.0271,0.051
q10,16,26,0,0,0.0,0,0.0105,0.0699,0.0222,0.0502
q10,17,18,0,0,0.0,0,0.0363,0.0,0.0069,0.0155
q10,17,19,0,0,0.0,0,0.0255,0.014,0.0122,0.0233
q10,17,20,0,0,0.0,0,0.0491,0.1359,0.0164,0.0278
q10,17,21,0,0,0.0,0,0.0238,0.1053,0.0178,0.0313
q10,17,22,0,0,0.0,0,0.0121,0.1371,0.0201,0.0364
q10,17,23,0,0,0.0,0,0.0746,0.1637,0.0268,0.0421
q10,17,24,0,0,0.0,0,0.0386,0.208,0.0238,0.0368
q10,17,25,0,0,0.0,0,0.0155,0.1866,0.0286,0.0382
q10,17,26,0,0,0.0,0,0.0014,0.0475,0.0157,0.0258
q10,18,19,1,1,0.0,0,0.2298,0.0217,0.0095,0.0339
q10,18,20,1,1,0.1111,1,0.4093,0.0716,0.0291,0.0573
q10,18,21,0,1,0.0,0,0.0252,0.0,0.0076,0.0232
q10,18,22,0,1,0.0,0,0.0639,0.0,0.0068,0.0167
q10,18,23,0,1,0.0,0,0.0281,0.0,0.008,0.0237
q10,18,24,0,1,0.0,0,0.0347,0.0,0.0084,0.0251
q10,18,25,0,1,0.0,0,0.0329,0.0,0.0076,0.0238
q10,18,26,0,1,0.0,0,0.013,0.0,0.007,0.0203
q10,19,20,1,1,0.0,0,0.0152,0.1026,0.0389,0.0762
q10,19,21,0,1,0.0,0,0.011,0.0,0.0127,0.0322
q10,19,22,0,1,0.0,0,0.003,0.0105,0.0121,0.0304
q10,19,23,0,1,0.0,0,0.0095,0.0202,0.0126,0.0271
q10,19,24,0,1,0.0,0,0.0094,0.0,0.0098,0.0249
q10,19,25,0,1,0.0,0,0.0084,0.0,0.0103,0.0311
q10,19,26,0,1,0.0,0,0.004,0.0,0.0079,0.0267
q10,20,21,0,1,0.0,0,0.0331,0.0781,0.0153,0.0403
q10,20,22,0,1,0.0,0,0.0405,0.1002,0.0237,0.0529
q10,20,23,0,1,0.0,0,0.0442,0.0982,0.0153,0.032
q10,20,24,0,1,0.0,0,0.0491,0.1415,0.0206,0.045
q10,20,25,0,1,0.0,0,0.0446,0.1536,0.0242,0.0496
q10,20,26,0,1,0.0,0,0.0031,0.0531,0.0154,0.0393
q10,21,22,1,1,0.0,0,0.0232,0.2304,0.0573,0.1094
q10,21,23,0,1,0.0,0,0.0304,0.097,0.0186,0.035
q10,21,24,0,1,0.0,0,0.0338,0.0985,0.0201,0.04
q10,21,25,0,1,0.0,0,0.0189,0.12,0.0216,0.0415
q10,21,26,1,1,0.0,0,0.005,0.1348,0.0337,0.0821
q10,22,23,0,1,0.0,0,0.0091,0.1184,0.0195,0.0307
q10,22,24,0,1,0.0,0,0.0136,0.0991,0.0172,0.0352
q10,22,25,0,1,0.0,0,0.015,0.1359,0.023,0.0468
q10,22,26,1,1,0.0,0,0.0362,0.1982,0.0402,0.0954
q10,23,24,1,1,0.0,0,0.0845,0.2594,0.0772,0.1213
q10,23,25,1,1,0.0,0,0.0628,0.2242,0.0732,0.107
q10,23,26,0,1,0.0,0,0.0032,0.0504,0.0141,0.0255
q10,24,25,1,1,0.2,1,0.5657,0.3797,0.126,0.1925
q10,24,26,0,1,0.0,0,0.0071,0.0554,0.0168,0.0307
q10,25,26,0,1,0.0,0,0.0057,0.0545,0.0196,0.0421
q11,0,1,0,1,0.125,1,0.0202,0.1553,0.0667,0.1324
q11,0,2,0,1,0.0,0,0.0158,0.0,0.0025,0.0163
q11,0,3,1,1,0.0,0,0.0,0.0777,0.0085,0.0449
q11,0,4,0,1,0.0,0,0.0144,0.0,0.0017,0.0308
q11,0,5,1,1,0.0,0,0.0055,0.0874,0.0098,0.058
q11,0,6,0,1,0.0,0,0.0017,0.0,0.0041,0.0212
q11,0,7,0,1,0.0,0,0.0046,0.0,0.0052,0.0235
q11,0,8,0,1,0.0,0,0.0,0.0,0.0014,0.0381
q11,0,9,0,0,0.125,1,0.0164,0.0,0.0099,0.0436
q11,0,10,0,0,0.1429,1,0.0164,0.0,0.009,0.0542
q11,0,11,0,0,0.0,0,0.0055,0.0,0.0056,0.0381
q11,0,12,0,0,0.1667,1,0.4309,0.0971,0.0413,0.0743
q11,0,13,0,0,0.3333,2,0.1801,0.0777,0.0181,0.063
q11,0,14,0,0,0.1667,1,0.0196,0.1748,0.0329,0.0674
q11,0,15,0,0,0.0,0,0.0028,0.0,0.0049,0.0407
q11,0,16,0,0,0.0,0,0.0055,0.0,0.0011,0.0353
q11,0,17,0,0,0.0,0,0.0196,0.0922,0.0158,0.0599
q11,1,2,0,1,0.0,0,0.1292,0.0,0.0044,0.0172
q11,1,3,0,1,0.0,0,0.0127,0.0,0.0106,0.0478
q11,1,4,1,1,0.0,0,0.0588,0.0,0.0238,0.0597
q11,1,5,0,1,0.0,0,0.0636,0.0,0.0098,0.0417
q11,1,6,0,1,0.0,0,0.1808,0.0,0.0074,0.0203
q11,1,7,0,1,0.1111,1,0.3827,0.0508,0.017,0.0388
q11,1,8,1,1,0.0,0,0.004,0.0254,0.0159,0.0503
q11,1,9,0,0,0.1111,1,0.0809,0.0,0.0049,0.0277
q11,1,10,0,0,0.125,1,0.0743,0.0,0.0184,0.0505
q11,1,11,0,0,0.0,0,0.0805,0.0,0.0086,0.0301
q11,1,12,0,0,0.0,0,0.0172,0.0,0.0019,0.0145
q11,1,13,0,0,0.125,1,0.1045,0.0508,0.0358,0.0882
q11,1,14,0,0,0.1429,1,0.1135,0.1111,0.0421,0.0744
q11,1,15,0,0,0.0,0,0.05,0.0,0.0121,0.0403
q11,1,16,0,0,0.0,0,0.072,0.0,0.0122,0.0431
q11,1,17,0,0,0.0,0,0.1355,0.0508,0.0233,0.0618
q11,2,3,0,1,0.0,0,0.0037,0.0561,0.0134,0.029
q11,2,4,0,1,0.0,0,0.0644,0.1338,0.0245,0.0345
q11,2,5,0,1,0.0,0,0.0258,0.2021,0.0323,0.0479
q11,2,6,1,1,0.0,0,0.0584,0.2425,0.043,0.0643
q11,2,7,1,1,0.1429,1,0.2875,0.1578,0.0265,0.0669
q11,2,8,0,1,0.0,0,0.0083,0.1597,0.0242,0.0436
q11,2,9,0,0,0.0,0,0.0476,0.0,0.0,0.0017
q11,2,10,0,0,0.0,0,0.0446,0.0,0.0,0.0049
q11,2,11,0,0,0.0,0,0.0612,0.0,0.0,0.0032
q11,2,12,0,0,0.0,0,0.014,0.0,0.0047,0.0215
q11,2,13,0,0,0.0,0,0.0571,0.0,0.0037,0.019
q11,2,14,0,0,0.0,0,0.056,0.0,0.0084,0.0228
q11,2,15,0,0,0.0,0,0.0541,0.1374,0.0181,0.0365
q11,2,16,0,0,0.0,0,0.0458,0.1799,0.0163,0.0308
q11,2,17,0,0,0.0,0,0.1129,0.0922,0.0136,0.0311
q11,3,4,0,1,0.0,0,0.0111,0.1415,0.0206,0.0445
q11,3,5,1,1,0.0,0,0.0497,0.3216,0.0916,0.1357
q11,3,6,0,1,0.0,0,0.0013,0.108,0.0198,0.0318
q11,3,7,0,1,0.0,0,0.004,0.0,0.0133,0.0273
q11,3,8,0,1,0.0,0,0.0,0.1731,0.0265,0.0442
q11,3,9,0,0,0.1,1,0.3843,0.0909,0.0178,0.0478
q11,3,10,0,0,0.25,2,0.5527,0.1226,0.023,0.0569
q11,3,11,0,0,0.4286,3,0.5719,0.099,0.0223,0.0556
q11,3,12,0,0,0.0,0,0.0,0.0327,0.0041,0.0174
q11,3,13,0,0,0.1111,1,0.1417,0.0348,0.0216,0.0647
q11,3,14,0,0,0.125,1,0.3756,0.1501,0.0469,0.1105
q11,3,15,0,0,0.0,0,0.2549,0.1401,0.0482,0.1188
q11,3,16,0,0,0.125,1,0.3755,0.1775,0.0479,0.0888
q11,3,17,0,0,0.0,0,0.0037,0.2134,0.0351,0.0658
q11,4,5,0,1,0.0,0,0.0158,0.1702,0.0353,0.0749
q11,4,6,0,1,0.0,0,0.0226,0.1377,0.019,0.0306
q11,4,7,0,1,0.0,0,0.0648,0.0,0.013,0.0293
q11,4,8,1,1,0.0,0,0.0085,0.2428,0.0481,0.076
q11,4,9,0,0,0.0,0,0.0104,0.0,0.002,0.0148
q11,4,10,0,0,0.0,0,0.0101,0.0,0.0076,0.0259
q11,4,11,0,0,0.0,0,0.0159,0.0,0.0036,0.0181
q11,4,12,0,0,0.0,0,0.0156,0.0,0.0,0.0076
q11,4,13,0,0,0.0,0,0.027,0.0,0.0081,0.031
q11,4,14,0,0,0.0,0,0.0236,0.0306,0.0156,0.0401
q11,4,15,0,0,0.0,0,0.0376,0.1147,0.0202,0.0409
q11,4,16,0,0,0.0,0,0.0141,0.1855,0.0217,0.0399
q11,4,17,0,0,0.0,0,0.0759,0.1147,0.0266,0.0584
q11,5,6,0,1,0.0,0,0.0223,0.1499,0.0215,0.0299
q11,5,7,0,1,0.0,0,0.0131,0.0265,0.0128,0.0262
q11,5,8,0,1,0.0,0,0.0,0.2045,0.0278,0.0464
q11,5,9,0,0,0.0,0,0.0533,0.0,0.0048,0.0258
q11,5,10,0,0,0.0,0,0.0481,0.0645,0.0105,0.0325
q11,5,11,0,0,0.0,0,0.0803,0.1238,0.0159,0.0392
q11,5,12,0,0,0.0,0,0.0062,0.0327,0.0063,0.0193
q11,5,13,0,0,0.0,0,0.0601,0.0,0.0126,0.0563
q11,5,14,0,0,0.0,0,0.0891,0.0996,0.0185,0.0605
q11,5,15,0,0,0.0,0,0.0666,0.1859,0.0417,0.0931
q11,5,16,0,0,0.0,0,0.0661,0.203,0.026,0.0648
q11,5,17,0,0,0.0,0,0.0342,0.191,0.0324,0.0632
q11,6,7,1,1,0.0,0,0.0419,0.2674,0.0363,0.0656
q11,6,8,0,1,0.0,0,0.0,0.197,0.0264,0.0359
q11,6,9,0,0,0.0,0,0.0364,0.0,0.0,0.0014
q11,6,10,0,0,0.0,0,0.019,0.0,0.0,0.0027
q11,6,11,0,0,0.0,0,0.0341,0.0,0.0,0.0026
q11,6,12,0,0,0.0,0,0.0,0.0,0.0,0.0132
q11,6,13,0,0,0.0,0,0.0386,0.0,0.0079,0.0275
q11,6,14,0,0,0.0,0,0.0361,0.0654,0.0109,0.0237
q11,6,15,0,0,0.0,0,0.032,0.1584,0.0194,0.0303
q11,6,16,0,0,0.0,0,0.0337,0.2251,0.0248,0.0361
q11,6,17,0,0,0.0,0,0.0431,0.1265,0.0231,0.032
q11,7,8,0,1,0.0,0,0.0037,0.0313,0.0308,0.0571
q11,7,9,0,0,0.0,0,0.0488,0.0,0.0,0.0014
q11,7,10,0,0,0.0,0,0.0428,0.0,0.0,0.0026
q11,7,11,0,0,0.0,0,0.0603,0.0,0.0,0.0026
q11,7,12,0,0,0.0,0,0.0053,0.0,0.002,0.0179
q11,7,13,0,0,0.0,0,0.0485,0.0,0.0048,0.0253
q11,7,14,0,0,0.0,0,0.0537,0.0,0.0044,0.0199
q11,7,15,0,0,0.0,0,0.0471,0.0838,0.0138,0.0265
q11,7,16,0,0,0.0,0,0.0396,0.1206,0.0166,0.0289
q11,7,17,0,0,0.0,0,0.093,0.029,0.0196,0.0337
q11,8,9,0,0,0.0,0,0.0,0.0,0.0,0.0094
q11,8,10,0,0,0.0,0,0.0,0.0,0.0045,0.0201
q11,8,11,0,0,0.0,0,0.0,0.0,0.0043,0.0123
q11,8,12,0,0,0.0,0,0.0011,0.0,0.004,0.0267
q11,8,13,0,0,0.0,0,0.0,0.0,0.0141,0.0389
q11,8,14,0,0,0.0,0,0.0,0.0,0.0118,0.0322
q11,8,15,0,0,0.0,0,0.0,0.1418,0.0204,0.0366
q11,8,16,0,0,0.0,0,0.0,0.2119,0.0338,0.0488
q11,8,17,0,0,0.0,0,0.0083,0.2328,0.0385,0.0661
q11,9,10,1,1,0.2857,2,0.6154,0.6942,0.3386,0.4379
q11,9,11,1,1,0.125,1,0.5908,0.3388,0.1737,0.2553
q11,9,12,0,1,0.0,0,0.0055,0.0,0.0,0.0032
q11,9,13,0,1,0.2857,2,0.4308,0.0,0.0034,0.0238
q11,9,14,0,1,0.3333,2,0.6153,0.0661,0.0145,0.0517
q11,9,15,0,1,0.0,0,0.316,0.0,0.0083,0.0263
q11,9,16,0,1,0.1429,1,0.605,0.0,0.0037,0.0291
q11,9,17,0,1,0.0,0,0.0418,0.0,0.0015,0.0144
q11,10,11,1,1,0.3333,2,0.8829,0.5032,0.2369,0.3333
q11,10,12,0,1,0.0,0,0.0055,0.0,0.0,0.0181
q11,10,13,0,1,0.3333,2,0.6404,0.0,0.0048,0.0305
q11,10,14,0,1,0.4,2,0.8157,0.0516,0.0138,0.0532
q11,10,15,0,1,0.0,0,0.2591,0.0,0.0053,0.0302
q11,10,16,0,1,0.1667,1,0.8069,0.0,0.0072,0.0342
q11,10,17,0,1,0.0,0,0.0452,0.0,0.0014,0.0155
q11,11,12,0,1,0.0,0,0.0055,0.0,0.0,0.0114
q11,11,13,0,1,0.1429,1,0.3748,0.0,0.0047,0.0277
q11,11,14,0,1,0.1667,1,0.5231,0.1287,0.0175,0.0588
q11,11,15,0,1,0.0,0,0.2133,0.0,0.0025,0.0184
q11,11,16,0,1,0.1667,1,0.5233,0.0891,0.013,0.0379
q11,11,17,0,1,0.0,0,0.0526,0.0,0.0,0.01
q11,12,13,1,1,0.0,0,0.0094,0.0,0.0042,0.0177
q11,12,14,0,1,0.0,0,0.0099,0.0,0.0,0.0043
q11,12,15,0,1,0.0,0,0.0,0.0,0.0023,0.0164
q11,12,16,0,1,0.0,0,0.007,0.0,0.0,0.0077
q11,12,17,1,1,0.0,0,0.0194,0.1551,0.024,0.0428
q11,13,14,0,1,0.4,2,0.4893,0.1161,0.0562,0.1084
q11,13,15,0,1,0.0,0,0.087,0.0,0.0147,0.0654
q11,13,16,0,1,0.1667,1,0.5961,0.0542,0.0353,0.0913
q11,13,17,1,1,0.0,0,0.068,0.0155,0.0134,0.0536
q11,14,15,1,1,0.0,0,0.1904,0.0327,0.0323,0.0922
q11,14,16,1,1,0.2,1,0.7711,0.1189,0.0594,0.1438
q11,14,17,0,1,0.0,0,0.0692,0.0,0.0148,0.0402
q11,15,16,1,1,0.0,0,0.2343,0.3809,0.093,0.1398
q11,15,17,0,1,0.0,0,0.044,0.1318,0.0318,0.0564
q11,16,17,0,1,0.0,0,0.0447,0.1304,0.0291,0.0484
q12,0,1,1,1,0.0,0,0.008,0.1401,0.0558,0.1103
q12,0,2,0,1,0.0,0,0.0072,0.0,0.0092,0.0457
q12,0,3,1,1,0.0,0,0.0116,0.1384,0.0243,0.0701
q12,0,4,0,1,0.0,0,0.0679,0.0138,0.0252,0.0507
q12,0,5,0,1,0.0,0,0.0265,0.128,0.0235,0.0651
q12,0,6,0,1,0.0,0,0.0104,0.1436,0.0303,0.072
q12,0,7,0,1,0.0,0,0.0075,0.0138,0.0066,0.0441
q12,0,8,0,1,0.0,0,0.0121,0.0,0.0123,0.0388
q12,1,2,0,1,0.0,0,0.0072,0.0154,0.0107,0.0461
q12,1,3,1,1,0.0,0,0.0068,0.0614,0.0217,0.0657
q12,1,4,0,1,0.0,0,0.0078,0.0,0.0195,0.0436
q12,1,5,0,1,0.125,1,0.0069,0.0614,0.0131,0.0332
q12,1,6,0,1,0.0,0,0.0036,0.0614,0.0165,0.0393
q12,1,7,0,1,0.0,0,0.0027,0.0211,0.0068,0.0332
q12,1,8,0,1,0.0,0,0.0056,0.0,0.0111,0.0325
q12,2,3,0,1,0.0,0,0.0012,0.0,0.0078,0.0326
q12,2,4,1,1,0.0,0,0.0102,0.2698,0.053,0.0895
q12,2,5,0,1,0.0,0,0.0012,0.0,0.0053,0.0268
q12,2,6,0,1,0.0,0,0.0025,0.0,0.0054,0.0283
q12,2,7,0,1,0.0,0,0.0025,0.0,0.0007,0.0152
q12,2,8,1,1,0.0,0,0.0132,0.2462,0.0374,0.0677
q12,3,4,0,1,0.0,0,0.0179,0.1378,0.0164,0.0388
q12,3,5,0,1,0.0,0,0.0061,0.2005,0.017,0.0401
q12,3,6,0,1,0.0,0,0.0032,0.2005,0.0168,0.0414
q12,3,7,0,1,0.0,0,0.0,0.0,0.0006,0.0289
q12,3,8,0,1,0.0,0,0.0037,0.0135,0.0141,0.0371
q12,4,5,0,1,0.1111,1,0.0356,0.1863,0.0158,0.0477
q12,4,6,0,1,0.0,0,0.007,0.1863,0.0188,0.0433
q12,4,7,0,1,0.125,1,0.0113,0.0,0.0044,0.0274
q12,4,8,1,1,0.0,0,0.0105,0.0955,0.0476,0.062
q12,5,6,1,1,0.0,0,0.0067,0.2505,0.0646,0.1188
q12,5,7,1,1,0.125,1,0.1054,0.0348,0.0262,0.0958
q12,5,8,0,1,0.0,0,0.0094,0.0151,0.0145,0.0361
q12,6,7,1,1,0.0,0,0.0009,0.0103,0.0104,0.0673
q12,6,8,0,1,0.0,0,0.0036,0.0075,0.0166,0.0337
q12,7,8,0,1,0.0,0,0.0,0.0,0.0016,0.0226
q13,0,1,1,1,0.0,0,0.3725,0.0319,0.0116,0.0557
q13,0,2,0,1,0.0,0,0.0145,0.0,0.0,0.0115
q13,0,3,0,1,0.0,0,0.0737,0.0,0.0,0.0156
q13,0,4,0,1,0.0,0,0.0272,0.0,0.0021,0.019
q13,0,5,0,1,0.0,0,0.0304,0.0,0.002,0.0221
q13,0,6,0,1,0.0,0,0.0069,0.0,0.0,0.0116
q13,0,7,0,1,0.0,0,0.0067,0.0,0.0,0.0111
q13,0,8,1,1,0.0,0,0.0349,0.0359,0.0097,0.0398
q13,0,9,0,0,0.0,0,0.0217,0.0,0.0058,0.0249
q13,0,10,0,0,0.0,0,0.0261,0.0,0.0065,0.0353
q13,0,11,0,0,0.0,0,0.0274,0.0,0.0042,0.031
q13,0,12,0,0,0.0,0,0.0539,0.0,0.0039,0.0213
q13,0,13,0,0,0.0,0,0.0,0.0,0.0091,0.0475
q13,0,14,0,0,0.0,0,0.0707,0.0,0.0011,0.0149
q13,0,15,0,0,0.0,0,0.0423,0.0,0.0028,0.0238
q13,0,16,0,0,0.0,0,0.0069,0.0,0.0,0.01
q13,0,17,0,0,0.0,0,0.0215,0.0,0.0037,0.0266
q13,0,18,0,0,0.0,0,0.0095,0.0,0.0,0.012
q13,0,19,0,0,0.0,0,0.0707,0.0,0.0,0.0114
q13,0,20,0,0,0.0,0,0.0423,0.0,0.003,0.021
q13,0,21,0,0,0.0,0,0.0148,0.0,0.0102,0.0443
q13,0,22,0,0,0.0,0,0.4792,0.0,0.0015,0.0294
q13,0,23,0,0,0.0,0,0.0008,0.0,0.0088,0.0382
q13,0,24,0,0,0.0,0,0.0492,0.0,0.0069,0.0312
q13,0,25,0,0,0.0,0,0.0359,0.0,0.0013,0.0274
q13,0,26,0,0,0.0,0,0.0255,0.0319,0.0088,0.0495
q13,1,2,0,1,0.0,0,0.0256,0.0,0.0124,0.0385
q13,1,3,0,1,0.0,0,0.1381,0.0196,0.0182,0.0394
q13,1,4,0,1,0.0,0,0.1633,0.022,0.0168,0.0374
q13,1,5,0,1,0.0,0,0.0365,0.0196,0.0119,0.0385
q13,1,6,0,1,0.0,0,0.0411,0.0,0.0156,0.039
q13,1,7,0,1,0.0,0,0.0074,0.0196,0.0153,0.0385
q13,1,8,1,1,0.0,0,0.0351,0.1027,0.0349,0.0746
q13,1,9,0,0,0.0,0,0.0447,0.0,0.0,0.014
q13,1,10,0,0,0.0,0,0.0311,0.0,0.0014,0.0158
q13,1,11,0,0,0.0,0,0.0395,0.0,0.0,0.0274
q13,1,12,0,0,0.0,0,0.0813,0.0196,0.0113,0.0257
q13,1,13,0,0,0.0,0,0.0,0.0,0.0,0.0243
q13,1,14,0,0,0.0,0,0.1055,0.0196,0.0166,0.0356
q13,1,15,0,0,0.0,0,0.0726,0.022,0.0164,0.0421
q13,1,16,0,0,0.0,0,0.0156,0.0196,0.0139,0.0319
q13,1,17,0,0,0.0,0,0.0264,0.0611,0.0166,0.0413
q13,1,18,0,0,0.0,0,0.0184,0.0196,0.015,0.0287
q13,1,19,0,0,0.0,0,0.1055,0.0196,0.0154,0.0328
q13,1,20,0,0,0.0,0,0.0726,0.022,0.0165,0.0345
q13,1,21,0,0,0.0,0,0.0286,0.059,0.0339,0.081
q13,1,22,0,0,0.0,0,0.2578,0.0,0.0025,0.0214
q13,1,23,0,0,0.0,0,0.0084,0.0446,0.0299,0.0616
q13,1,24,0,0,0.0,0,0.0854,0.0,0.0,0.0067
q13,1,25,0,0,0.0,0,0.0526,0.0562,0.0349,0.0599
q13,1,26,0,0,0.0,0,0.0408,0.0196,0.0178,0.0459
q13,2,3,1,1,0.0,0,0.0482,0.1725,0.0468,0.0793
q13,2,4,0,1,0.0,0,0.0344,0.0735,0.019,0.0349
q13,2,5,0,1,0.0,0,0.0339,0.2125,0.0214,0.0403
q13,2,6,0,1,0.0,0,0.0195,0.0479,0.0128,0.0312
q13,2,7,1,1,0.0,0,0.0711,0.3578,0.0533,0.0683
q13,2,8,0,1,0.0,0,0.0441,0.0256,0.0113,0.0324
q13,2,9,0,0,0.0,0,0.0184,0.0,0.0,0.0031
q13,2,10,0,0,0.0,0,0.0491,0.0,0.0,0.01
q13,2,11,0,0,0.0,0,0.1082,0.0157,0.0087,0.0226
q13,2,12,0,0,0.0,0,0.0784,0.0703,0.0186,0.0314
q13,2,13,0,0,0.0,0,0.001,0.0,0.0,0.0088
q13,2,14,0,0,0.0,0,0.0567,0.0815,0.0189,0.0364
q13,2,15,0,0,0.0,0,0.034,0.0815,0.0168,0.0333
q13,2,16,0,0,0.0,0,0.0097,0.2204,0.0179,0.031
q13,2,17,0,0,0.0,0,0.0335,0.0703,0.0192,0.0342
q13,2,18,0,0,0.0,0,0.0124,0.2204,0.02,0.0332
q13,2,19,0,0,0.0,0,0.0567,0.0815,0.0185,0.0369
q13,2,20,0,0,0.0,0,0.034,0.2252,0.0204,0.0322
q13,2,21,0,0,0.0,0,0.0423,0.0701,0.0219,0.0328
q13,2,22,0,0,0.0,0,0.0178,0.0,0.0,0.0077
q13,2,23,0,0,0.0,0,0.0581,0.0474,0.0183,0.0293
q13,2,24,0,0,0.0,0,0.0407,0.0,0.0,0.0062
q13,2,25,0,0,0.0,0,0.0586,0.0308,0.0117,0.0235
q13,2,26,0,0,0.0,0,0.0163,0.0687,0.0173,0.0352
q13,3,4,0,1,0.0,0,0.036,0.162,0.0295,0.045
q13,3,5,0,1,0.0,0,0.031,0.1399,0.0225,0.0441
q13,3,6,0,1,0.0,0,0.008,0.0845,0.0182,0.0402
q13,3,7,1,1,0.0,0,0.0017,0.2493,0.0672,0.1236
q13,3,8,0,1,0.0,0,0.0124,0.0665,0.0247,0.0438
q13,3,9,0,0,0.0,0,0.01,0.0,0.0,0.0029
q13,3,10,0,0,0.0,0,0.0041,0.0,0.0,0.0067
q13,3,11,0,0,0.0,0,0.0,0.0,0.008,0.0216
q13,3,12,0,0,0.0,0,0.0515,0.1124,0.023,0.0412
q13,3,13,0,0,0.0,0,0.0,0.0,0.0,0.0083
q13,3,14,0,0,0.0,0,0.0449,0.1648,0.0315,0.0535
q13,3,15,0,0,0.0,0,0.04,0.1648,0.0298,0.056
q13,3,16,0,0,0.0,0,0.0068,0.1634,0.0237,0.0442
q13,3,17,0,0,0.0,0,0.0056,0.0785,0.0216,0.045
q13,3,18,0,0,0.0,0,0.0092,0.1607,0.0288,0.0497
q13,3,19,0,0,0.0,0,0.0449,0.1634,0.0295,0.0518
q13,3,20,0,0,0.0,0,0.04,0.162,0.0323,0.0588
q13,3,21,0,0,0.0,0,0.0037,0.0886,0.0169,0.0325
q13,3,22,0,0,0.0,0,0.0577,0.0,0.0021,0.0086
q13,3,23,0,0,0.0,0,0.002,0.0891,0.0202,0.0383
q13,3,24,0,0,0.0,0,0.1044,0.0,0.0,0.0047
q13,3,25,0,0,0.0,0,0.0966,0.0963,0.0279,0.0512
q13,3,26,0,0,0.0,0,0.0169,0.1413,0.0258,0.0454
q13,4,5,1,1,0.0,0,0.0278,0.1721,0.054,0.0737
q13,4,6,1,1,0.0,0,0.0174,0.1348,0.033,0.063
q13,4,7,0,1,0.0,0,0.006,0.1576,0.0257,0.0382
q13,4,8,0,1,0.0,0,0.0156,0.0878,0.0236,0.046
q13,4,9,0,0,0.0,0,0.0095,0.0,0.003,0.0184
q13,4,10,0,0,0.0,0,0.0128,0.0,0.0018,0.0204
q13,4,11,0,0,0.0,0,0.0317,0.0,0.0101,0.0342
q13,4,12,0,0,0.0,0,0.0632,0.1302,0.0219,0.0422
q13,4,13,0,0,0.125,1,0.0117,0.165,0.0337,0.0601
q13,4,14,0,0,0.0,0,0.0562,0.2604,0.0393,0.0541
q13,4,15,0,0,0.0,0,0.0278,0.2298,0.0469,0.0701
q13,4,16,0,0,0.0,0,0.0054,0.1745,0.0252,0.0408
q13,4,17,0,0,0.0,0,0.0453,0.1477,0.0199,0.0462
q13,4,18,0,0,0.0,0,0.0059,0.1871,0.03,0.0447
q13,4,19,0,0,0.0,0,0.0562,0.2082,0.0392,0.0517
q13,4,20,0,0,0.0,0,0.0278,0.2034,0.0462,0.0657
q13,4,21,0,0,0.1429,1,0.0546,0.1439,0.0231,0.0566
q13,4,22,0,0,0.0,0,0.0892,0.0,0.0,0.0079
q13,4,23,0,0,0.1429,1,0.0087,0.1755,0.0426,0.0694
q13,4,24,0,0,0.0,0,0.0452,0.0,0.0,0.0096
q13,4,25,0,0,0.0,0,0.0488,0.0925,0.0209,0.0451
q13,4,26,0,0,0.0,0,0.0196,0.2022,0.0394,0.0598
q13,5,6,1,1,0.0,0,0.0064,0.1367,0.0409,0.0773
q13,5,7,0,1,0.0,0,0.0023,0.1867,0.0194,0.0415
q13,5,8,0,1,0.0,0,0.0231,0.0356,0.0159,0.0398
q13,5,9,0,0,0.0,0,0.0175,0.0324,0.007,0.0165
q13,5,10,0,0,0.0,0,0.0105,0.0,0.0036,0.0244
q13,5,11,0,0,0.0,0,0.007,0.0177,0.0108,0.0279
q13,5,12,0,0,0.0,0,0.052,0.1243,0.0225,0.0464
q13,5,13,0,0,0.0,0,0.0,0.045,0.0065,0.0155
q13,5,14,0,0,0.0,0,0.0363,0.181,0.0268,0.0506
q13,5,15,0,0,0.0,0,0.0471,0.1433,0.0332,0.0689
q13,5,16,0,0,0.0,0,0.0085,0.2156,0.025,0.0489
q13,5,17,0,0,0.0,0,0.0255,0.0785,0.0173,0.0412
q13,5,18,0,0,0.0,0,0.0119,0.181,0.026,0.0439
q13,5,19,0,0,0.0,0,0.0363,0.1741,0.0267,0.0475
q13,5,20,0,0,0.0,0,0.0471,0.1886,0.0362,0.0634
q13,5,21,0,0,0.0,0,0.0221,0.0886,0.0123,0.0343
q13,5,22,0,0,0.0,0,0.0325,0.0,0.0017,0.0204
q13,5,23,0,0,0.0,0,0.0016,0.0891,0.0211,0.0449
q13,5,24,0,0,0.0,0,0.0328,0.0,0.0033,0.0158
q13,5,25,0,0,0.0,0,0.0316,0.0617,0.0156,0.0317
q13,5,26,0,0,0.0,0,0.0328,0.1267,0.0263,0.0492
q13,6,7,0,1,0.0,0,0.0009,0.0368,0.0161,0.0402
q13,6,8,0,1,0.0,0,0.0119,0.009,0.012,0.0315
q13,6,9,0,0,0.0,0,0.0099,0.0,0.0028,0.0158
q13,6,10,0,0,0.0,0,0.0128,0.0,0.0017,0.0115
q13,6,11,0,0,0.0,0,0.0025,0.0,0.0023,0.019
q13,6,12,0,0,0.0,0,0.0488,0.0533,0.0105,0.0247
q13,6,13,0,0,0.0,0,0.0,0.0,0.002,0.011
q13,6,14,0,0,0.0,0,0.0246,0.1602,0.022,0.039
q13,6,15,0,0,0.0,0,0.0095,0.116,0.022,0.047
q13,6,16,0,0,0.0,0,0.0048,0.0428,0.0133,0.0291
q13,6,17,0,0,0.0,0,0.0253,0.0538,0.0103,0.0318
q13,6,18,0,0,0.0,0,0.0061,0.1142,0.018,0.0355
q13,6,19,0,0,0.0,0,0.0246,0.1447,0.0208,0.0343
q13,6,20,0,0,0.0,0,0.0095,0.1141,0.0236,0.0439
q13,6,21,0,0,0.0,0,0.0256,0.0,0.0057,0.0239
q13,6,22,0,0,0.0,0,0.0245,0.0,0.0,0.0068
q13,6,23,0,0,0.0,0,0.0038,0.0,0.0071,0.0221
q13,6,24,0,0,0.0,0,0.0083,0.0,0.0,0.0075
q13,6,25,0,0,0.0,0,0.0284,0.0,0.01,0.0255
q13,6,26,0,0,0.0,0,0.0221,0.0682,0.0166,0.0432
q13,7,8,0,1,0.0,0,0.0264,0.0399,0.0194,0.0405
q13,7,9,0,0,0.0,0,0.0023,0.0,0.0,0.0097
q13,7,10,0,0,0.0,0,0.0246,0.0,0.0,0.009
q13,7,11,0,0,0.0,0,0.0611,0.0,0.0069,0.023
q13,7,12,0,0,0.0,0,0.0134,0.1183,0.024,0.0458
q13,7,13,0,0,0.0,0,0.0,0.0,0.001,0.0152
q13,7,14,0,0,0.0,0,0.0038,0.1654,0.0258,0.0455
q13,7,15,0,0,0.0,0,0.0054,0.1888,0.0255,0.0448
q13,7,16,0,0,0.0,0,0.0049,0.2171,0.0237,0.0407
q13,7,17,0,0,0.0,0,0.0244,0.1169,0.0236,0.0477
q13,7,18,0,0,0.0,0,0.0042,0.1932,0.0258,0.0385
q13,7,19,0,0,0.0,0,0.0038,0.16,0.0238,0.0421
q13,7,20,0,0,0.0,0,0.0054,0.1723,0.0253,0.0426
q13,7,21,0,0,0.0,0,0.0329,0.0886,0.0141,0.0382
q13,7,22,0,0,0.0,0,0.0086,0.0,0.0024,0.0103
q13,7,23,0,0,0.0,0,0.0345,0.0891,0.0175,0.0376
q13,7,24,0,0,0.0,0,0.0056,0.0,0.0,0.0045
q13,7,25,0,0,0.0,0,0.0336,0.0925,0.0199,0.0447
q13,7,26,0,0,0.0,0,0.0024,0.1249,0.0235,0.046
q13,8,9,0,0,0.0,0,0.0277,0.0,0.0019,0.0117
q13,8,10,0,0,0.0,0,0.0324,0.0,0.0026,0.0109
q13,8,11,0,0,0.0,0,0.0381,0.0,0.0079,0.0308
q13,8,12,0,0,0.0,0,0.1265,0.0533,0.0231,0.0482
q13,8,13,0,0,0.0,0,0.0,0.0,0.003,0.0246
q13,8,14,0,0,0.0,0,0.0222,0.1068,0.0243,0.0366
q13,8,15,0,0,0.0,0,0.03,0.0591,0.0241,0.0493
q13,8,16,0,0,0.0,0,0.0098,0.059,0.0208,0.032
q13,8,17,0,0,0.0,0,0.0417,0.0738,0.0219,0.0523
q13,8,18,0,0,0.0,0,0.0048,0.068,0.0236,0.0313
q13,8,19,0,0,0.0,0,0.0222,0.0953,0.025,0.037
q13,8,20,0,0,0.0,0,0.03,0.0652,0.0212,0.0409
q13,8,21,0,0,0.0,0,0.0514,0.1365,0.0276,0.0581
q13,8,22,0,0,0.0,0,0.0427,0.0,0.0008,0.0111
q13,8,23,0,0,0.0,0,0.0132,0.0669,0.0191,0.0434
q13,8,24,0,0,0.0,0,0.0469,0.0,0.0,0.0078
q13,8,25,0,0,0.0,0,0.055,0.0771,0.0205,0.047
q13,8,26,0,0,0.0,0,0.0168,0.0756,0.0214,0.049
q13,9,10,1,1,0.0,0,0.0397,0.0396,0.0272,0.0712
q13,9,11,1,1,0.0,0,0.0177,0.0791,0.0232,0.0499
q13,9,12,0,1,0.0,0,0.0594,0.0,0.0012,0.0189
q13,9,13,0,1,0.0,0,0.0,0.05,0.0129,0.0205
q13,9,14,0,1,0.0,0,0.0134,0.0,0.0011,0.0083
q13,9,15,0,1,0.0,0,0.0509,0.0,0.0009,0.0086
q13,9,16,0,1,0.0,0,0.0086,0.0,0.0,0.0106
q13,9,17,0,1,0.0,0,0.0206,0.0,0.0012,0.014
q13,9,18,0,0,0.0,0,0.0086,0.0,0.0,0.0069
q13,9,19,0,0,0.0,0,0.0134,0.0,0.0029,0.0155
q13,9,20,0,0,0.0,0,0.0509,0.0,0.001,0.0089
q13,9,21,0,0,0.0,0,0.0172,0.0,0.0038,0.0214
q13,9,22,0,0,0.1111,1,0.1748,0.0324,0.0185,0.0645
q13,9,23,0,0,0.0,0,0.0024,0.0,0.0,0.0149
q13,9,24,0,0,0.0,0,0.0292,0.0,0.0053,0.0298
q13,9,25,0,0,0.0,0,0.0197,0.0,0.0013,0.0159
q13,9,26,0,0,0.1111,1,0.1736,0.1115,0.0263,0.0592
q13,10,11,1,1,0.0,0,0.0545,0.0427,0.0318,0.069
q13,10,12,0,1,0.0,0,0.0474,0.0,0.0011,0.02
q13,10,13,0,1,0.0,0,0.0,0.0,0.0036,0.0158
q13,10,14,0,1,0.0,0,0.0354,0.0,0.001,0.0133
q13,10,15,0,1,0.0,0,0.0146,0.0,0.0008,0.0183
q13,10,16,0,1,0.0,0,0.0097,0.0,0.0,0.0084
q13,10,17,0,1,0.0,0,0.026,0.0,0.0011,0.0141
q13,10,18,0,0,0.0,0,0.0106,0.0,0.0,0.0075
q13,10,19,0,0,0.0,0,0.0354,0.0,0.0,0.0113
q13,10,20,0,0,0.0,0,0.0146,0.0201,0.0045,0.0147
q13,10,21,0,0,0.0,0,0.0233,0.0,0.0,0.0207
q13,10,22,0,0,0.0,0,0.0372,0.0854,0.0279,0.0693
q13,10,23,0,0,0.0,0,0.0293,0.0,0.0,0.0166
q13,10,24,0,0,0.0,0,0.0222,0.0427,0.0205,0.05
q13,10,25,0,0,0.0,0,0.0278,0.0,0.0023,0.0185
q13,10,26,0,0,0.0,0,0.0735,0.0829,0.0223,0.062
q13,11,12,0,1,0.0,0,0.0273,0.0,0.008,0.0295
q13,11,13,0,1,0.0,0,0.0,0.05,0.009,0.0265
q13,11,14,0,1,0.0,0,0.0337,0.0,0.0132,0.0304
q13,11,15,0,1,0.0,0,0.0104,0.0,0.007,0.0203
q13,11,16,0,1,0.0,0,0.0044,0.0,0.0054,0.017
q13,11,17,0,1,0.0,0,0.0867,0.0,0.0049,0.0299
q13,11,18,0,0,0.0,0,0.0038,0.0,0.0067,0.0215
q13,11,19,0,0,0.0,0,0.0337,0.0,0.009,0.0235
q13,11,20,0,0,0.0,0,0.0104,0.0,0.0074,0.0248
q13,11,21,0,0,0.0,0,0.0867,0.0,0.0056,0.0367
q13,11,22,0,0,0.0,0,0.0334,0.0193,0.0155,0.0505
q13,11,23,0,0,0.0,0,0.0403,0.0,0.0075,0.0361
q13,11,24,0,0,0.1429,1,0.0739,0.0491,0.0269,0.0602
q13,11,25,0,0,0.0,0,0.0918,0.0,0.0114,0.0379
q13,11,26,0,0,0.0,0,0.0077,0.0668,0.027,0.0585
q13,12,13,1,1,0.0,0,0.0013,0.065,0.0252,0.0701
q13,12,14,0,1,0.0,0,0.0866,0.1154,0.0228,0.0407
q13,12,15,0,1,0.0,0,0.1186,0.1154,0.0181,0.0335
q13,12,16,0,1,0.0,0,0.042,0.1257,0.0163,0.0273
q13,12,17,1,1,0.0,0,0.1355,0.2631,0.0877,0.1476
q13,12,18,0,0,0.0,0,0.0422,0.1006,0.0179,0.0273
q13,12,19,0,0,0.0,0,0.0866,0.1154,0.0213,0.0379
q13,12,20,0,0,0.0,0,0.1186,0.1124,0.0183,0.0344
q13,12,21,0,0,0.0,0,0.1195,0.2399,0.0524,0.0935
q13,12,22,0,0,0.0,0,0.1461,0.0,0.0,0.0133
q13,12,23,0,0,0.0,0,0.0065,0.273,0.0721,0.1087
q13,12,24,0,0,0.0,0,0.0909,0.0,0.0,0.0093
q13,12,25,0,0,0.0,0,0.1116,0.1098,0.033,0.0691
q13,12,26,0,0,0.0,0,0.0645,0.1361,0.0233,0.0477
q13,13,14,0,1,0.0,0,0.0,0.0,0.0011,0.0131
q13,13,15,0,1,0.0,0,0.001,0.0,0.002,0.0106
q13,13,16,0,1,0.0,0,0.0,0.0,0.0,0.0038
q13,13,17,1,1,0.0,0,0.0,0.105,0.0287,0.087
q13,13,18,0,0,0.0,0,0.0,0.0,0.0,0.0038
q13,13,19,0,0,0.0,0,0.0,0.0,0.001,0.006
q13,13,20,0,0,0.0,0,0.001,0.0,0.0011,0.0122
q13,13,21,0,0,0.1667,1,0.0107,0.11,0.0571,0.1614
q13,13,22,0,0,0.0,0,0.0,0.0,0.0,0.0069
q13,13,23,0,0,0.1667,1,0.0107,0.205,0.0717,0.1484
q13,13,24,0,0,0.0,0,0.0,0.0,0.0,0.0033
q13,13,25,0,0,0.0,0,0.0,0.065,0.0161,0.057
q13,13,26,0,0,0.0,0,0.0,0.05,0.0072,0.0242
q13,14,15,1,1,0.0,0,0.0534,0.3385,0.0649,0.0939
q13,14,16,1,1,0.0,0,0.0161,0.2878,0.0526,0.0876
q13,14,17,0,1,0.0,0,0.0223,0.1338,0.0198,0.0397
q13,14,18,0,0,0.0,0,0.0178,0.319,0.073,0.1071
q13,14,19,0,0,1.0,5,1.0,0.638,0.3016,0.3754
q13,14,20,0,0,0.0,0,0.0534,0.332,0.0634,0.0955
q13,14,21,0,0,0.0,0,0.019,0.0886,0.0142,0.0269
q13,14,22,0,0,0.0,0,0.0805,0.0,0.0009,0.0155
q13,14,23,0,0,0.0,0,0.0027,0.0891,0.0172,0.0272
q13,14,24,0,0,0.0,0,0.0813,0.0,0.0017,0.015
q13,14,25,0,0,0.0,0,0.0642,0.0925,0.0217,0.0384
q13,14,26,0,0,0.0,0,0.0266,0.224,0.0348,0.0638
q13,15,16,1,1,0.0,0,0.018,0.2068,0.0443,0.0718
q13,15,17,0,1,0.0,0,0.0575,0.1477,0.0193,0.047
q13,15,18,0,0,0.0,0,0.0194,0.2467,0.0586,0.0879
q13,15,19,0,0,0.0,0,0.0534,0.3165,0.0613,0.0902
q13,15,20,0,0,1.0,6,1.0,0.4296,0.1594,0.2371
q13,15,21,0,0,0.0,0,0.0315,0.0886,0.0153,0.0313
q13,15,22,0,0,0.0,0,0.0883,0.0,0.0,0.0113
q13,15,23,0,0,0.0,0,0.0099,0.0891,0.0187,0.0312
q13,15,24,0,0,0.0,0,0.0446,0.0,0.0,0.011
q13,15,25,0,0,0.0,0,0.0447,0.0925,0.0194,0.0391
q13,15,26,0,0,0.0,0,0.0517,0.1951,0.0323,0.0583
q13,16,17,0,1,0.0,0,0.0062,0.0785,0.0115,0.0268
q13,16,18,0,0,1.0,2,0.9521,0.5006,0.1857,0.2471
q13,16,19,0,0,0.0,0,0.0161,0.2659,0.0507,0.0832
q13,16,20,0,0,0.0,0,0.018,0.2445,0.0436,0.0673
q13,16,21,0,0,0.0,0,0.0086,0.0886,0.0095,0.0214
q13,16,22,0,0,0.0,0,0.0072,0.0,0.0,0.0087
q13,16,23,0,0,0.0,0,0.0022,0.0891,0.0135,0.0255
q13,16,24,0,0,0.0,0,0.0033,0.0,0.0,0.0054
q13,16,25,0,0,0.0,0,0.0104,0.0925,0.0167,0.0304
q13,16,26,0,0,0.0,0,0.0103,0.1343,0.0209,0.036
q13,17,18,0,0,0.0,0,0.0087,0.0785,0.0143,0.0247
q13,17,19,0,0,0.0,0,0.0223,0.1338,0.0178,0.0342
q13,17,20,0,0,0.0,0,0.0575,0.1354,0.0195,0.0385
q13,17,21,0,0,0.1667,1,0.6169,0.3284,0.0836,0.1508
q13,17,22,0,0,0.0,0,0.028,0.0,0.0,0.0082
q13,17,23,0,0,0.0,0,0.0118,0.39,0.1149,0.1597
q13,17,24,0,0,0.0,0,0.0312,0.0,0.0,0.0102
q13,17,25,0,0,0.1429,1,0.4222,0.1233,0.0425,0.0955
q13,17,26,0,0,0.0,0,0.0324,0.14,0.0206,0.0476
q13,18,19,1,1,0.0,0,0.0178,0.288,0.0718,0.1023
q13,18,20,1,1,0.0,0,0.0194,0.26,0.0569,0.0781
q13,18,21,0,1,0.0,0,0.0102,0.0886,0.0126,0.0209
q13,18,22,0,1,0.0,0,0.0095,0.0,0.0,0.009
q13,18,23,0,1,0.0,0,0.0023,0.0891,0.0155,0.0239
q13,18,24,0,1,0.0,0,0.0046,0.0,0.0,0.0048
q13,18,25,0,1,0.0,0,0.0129,0.0925,0.0201,0.0292
q13,18,26,0,1,0.0,0,0.0128,0.1883,0.0281,0.045
q13,19,20,1,1,0.0,0,0.0534,0.3082,0.0613,0.0898
q13,19,21,0,1,0.0,0,0.019,0.0886,0.0131,0.0271
q13,19,22,0,1,0.0,0,0.0805,0.0,0.0017,0.0144
q13,19,23,0,1,0.0,0,0.0027,0.0891,0.0159,0.0261
q13,19,24,0,1,0.0,0,0.0813,0.0,0.0,0.0093
q13,19,25,0,1,0.0,0,0.0642,0.0925,0.0203,0.0358
q13,19,26,0,1,0.0,0,0.0266,0.2071,0.0336,0.0573
q13,20,21,0,1,0.0,0,0.0315,0.0886,0.0143,0.0325
q13,20,22,0,1,0.0,0,0.0883,0.0,0.0,0.0097
q13,20,23,0,1,0.0,0,0.0099,0.0891,0.019,0.0346
q13,20,24,0,1,0.0,0,0.0446,0.0,0.0,0.0056
q13,20,25,0,1,0.0,0,0.0447,0.0925,0.0213,0.0373
q13,20,26,0,1,0.0,0,0.0517,0.2212,0.043,0.0625
q13,21,22,0,1,0.0,0,0.0228,0.0,0.0015,0.0049
q13,21,23,1,1,0.2,1,0.0225,0.4354,0.208,0.3047
q13,21,24,0,1,0.0,0,0.0274,0.0,0.0,0.0078
q13,21,25,1,1,0.1667,1,0.5368,0.2731,0.0566,0.1132
q13,21,26,0,1,0.0,0,0.0187,0.0886,0.0148,0.0335
q13,22,23,0,1,0.0,0,0.0024,0.0,0.0013,0.0088
q13,22,24,1,1,0.0,0,0.0547,0.0236,0.0199,0.052
q13,22,25,0,1,0.0,0,0.0432,0.0,0.0011,0.0132
q13,22,26,1,1,0.1111,1,0.1445,0.0622,0.0295,0.0856
q13,23,24,0,1,0.0,0,0.0092,0.0,0.0,0.007
q13,23,25,1,1,0.0,0,0.0164,0.2451,0.0617,0.098
q13,23,26,0,1,0.0,0,0.0015,0.0891,0.0165,0.0321
q13,24,25,0,1,0.0,0,0.0488,0.0,0.0,0.0092
q13,24,26,1,1,0.0,0,0.0581,0.0331,0.0227,0.0739
q13,25,26,0,1,0.0,0,0.0335,0.0925,0.0216,0.0393
q14,0,1,1,1,0.0,0,0.6047,0.0434,0.0081,0.0231
q14,0,2,0,1,0.0,0,0.1526,0.0242,0.0049,0.0231
q14,0,3,0,1,0.0,0,0.0051,0.0323,0.0099,0.0283
q14,0,4,1,1,0.0,0,0.635,0.1483,0.041,0.0991
q14,0,5,0,1,0.0,0,0.0285,0.1493,0.017,0.0341
q14,0,6,0,1,0.0,0,0.0458,0.1463,0.0207,0.0431
q14,0,7,0,1,0.0,0,0.1294,0.0363,0.0068,0.0176
q14,0,8,0,1,0.0,0,0.1198,0.0,0.002,0.0164
q14,1,2,0,1,0.0,0,0.1447,0.0245,0.0067,0.0176
q14,1,3,0,1,0.0,0,0.0043,0.0148,0.0123,0.0286
q14,1,4,1,1,0.0,0,0.618,0.0931,0.0218,0.0666
q14,1,5,0,1,0.0,0,0.0323,0.014,0.0122,0.0244
q14,1,6,0,1,0.0,0,0.0509,0.0265,0.0179,0.04
q14,1,7,0,1,0.0,0,0.1328,0.1117,0.0354,0.1095
q14,1,8,0,1,0.0,0,0.1219,0.0,0.0035,0.0117
q14,2,3,0,1,0.0,0,0.0058,0.0191,0.0132,0.0378
q14,2,4,0,1,0.0,0,0.1548,0.0437,0.0181,0.0449
q14,2,5,0,1,0.2222,2,0.1293,0.0263,0.0154,0.0428
q14,2,6,0,1,0.0,0,0.0272,0.0156,0.0167,0.049
q14,2,7,1,1,0.125,1,0.3322,0.323,0.0409,0.0679
q14,2,8,1,1,0.0,0,0.0811,0.3708,0.0821,0.1231
q14,3,4,0,1,0.0,0,0.0049,0.0985,0.0144,0.034
q14,3,5,1,1,0.0,0,0.0078,0.2809,0.0652,0.1154
q14,3,6,1,1,0.125,1,0.1335,0.3546,0.0993,0.1481
q14,3,7,0,1,0.0,0,0.0042,0.0369,0.0112,0.041
q14,3,8,0,1,0.0,0,0.0048,0.0427,0.016,0.0391
q14,4,5,0,1,0.0,0,0.0185,0.1499,0.0146,0.0309
q14,4,6,0,1,0.0,0,0.0499,0.1129,0.0194,0.0419
q14,4,7,0,1,0.0,0,0.1245,0.0609,0.0117,0.0439
q14,4,8,0,1,0.0,0,0.1054,0.0114,0.0108,0.0357
q14,5,6,1,1,0.0,0,0.0233,0.3224,0.0794,0.1245
q14,5,7,0,1,0.0,0,0.0499,0.0092,0.0095,0.04
q14,5,8,0,1,0.0,0,0.0285,0.0049,0.0131,0.0385
q14,6,7,0,1,0.0,0,0.0384,0.0178,0.0129,0.0404
q14,6,8,0,1,0.0,0,0.0351,0.0,0.0119,0.0344
q14,7,8,1,1,0.0,0,0.0733,0.3779,0.0297,0.0508
q15,0,1,1,1,0.0,0,0.0,0.0,0.0,0.0
q15,0,2,1,1,0.0,0,0.0,0.0,0.0,0.0
q15,0,3,0,1,0.0,0,0.0,0.0,0.0,0.0
q15,0,4,0,1,0.0,0,0.0,0.0,0.0,0.0
q15,0,5,0,1,0.0,0,0.0,0.0,0.0,0.0
q15,0,6,0,1,0.0,0,0.0,0.0,0.0,0.0
q15,0,7,0,1,0.0,0,0.0,0.0,0.0,0.0
q15,0,8,0,1,0.0,0,0.0,0.0,0.0,0.0
q15,1,2,1,1,0.125,1,0.7774,0.6279,0.1646,0.2798
q15,1,3,0,1,0.0,0,0.5913,0.4883,0.0873,0.1955
q15,1,4,0,1,0.0,0,0.0554,0.0,0.0071,0.0147
q15,1,5,0,1,0.0,0,0.1075,0.0,0.0053,0.0146
q15,1,6,0,1,0.25,2,0.7563,0.7375,0.1839,0.302
q15,1,7,0,1,0.0,0,0.0921,0.0048,0.0155,0.0262
q15,1,8,0,1,0.125,1,0.71,0.6731,0.1513,0.2775
q15,2,3,0,1,0.1429,1,0.7528,0.4985,0.1252,0.2684
q15,2,4,0,1,0.0,0,0.0608,0.0,0.0045,0.0138
q15,2,5,0,1,0.0,0,0.0939,0.0,0.0036,0.0119
q15,2,6,0,1,0.1667,1,0.8394,0.685,0.2184,0.3629
q15,2,7,0,1,0.0,0,0.083,0.0043,0.0114,0.0218
q15,2,8,0,1,0.0,0,0.5725,0.4744,0.0975,0.2489
q15,3,4,0,1,0.0,0,0.0572,0.0,0.0004,0.0051
q15,3,5,0,1,0.0,0,0.1099,0.0,0.0,0.0061
q15,3,6,1,1,0.0,0,0.6196,0.4712,0.127,0.2728
q15,3,7,0,1,0.0,0,0.0789,0.0,0.0,0.0027
q15,3,8,1,1,0.0,0,0.4928,0.389,0.0932,0.2532
q15,4,5,1,1,0.0,0,0.0255,0.0482,0.0224,0.049
q15,4,6,0,1,0.0,0,0.0623,0.0459,0.0062,0.0148
q15,4,7,1,1,0.0,0,0.0349,0.1456,0.0342,0.0695
q15,4,8,0,1,0.0,0,0.0527,0.0,0.0003,0.0074
q15,5,6,0,1,0.0,0,0.1215,0.0746,0.0049,0.0127
q15,5,7,1,1,0.125,1,0.2746,0.1814,0.0453,0.0827
q15,5,8,0,1,0.0,0,0.0998,0.0,0.0007,0.0093
q15,6,7,0,1,0.0,0,0.0916,0.1902,0.0121,0.0248
q15,6,8,1,1,0.1667,1,0.7208,0.5388,0.1569,0.3237
q15,7,8,0,1,0.0,0,0.0956,0.0,0.0,0.0094
q16,0,1,0,1,0.25,1,0.0125,0.0183,0.0053,0.0193
q16,0,2,1,1,0.2,1,0.0216,0.1213,0.0469,0.071
q16,0,3,1,1,0.2,1,0.0142,0.0366,0.008,0.0364
q16,0,4,0,1,0.25,1,0.6846,0.1762,0.0555,0.1144
q16,0,5,0,1,0.0,0,0.0106,0.0,0.0,0.0181
q16,0,6,0,1,0.0,0,0.0,0.0183,0.0049,0.0174
q16,0,7,0,1,0.0,0,0.0109,0.0206,0.0082,0.0255
q16,0,8,0,1,0.0,0,0.2382,0.0595,0.0094,0.0262
q16,1,2,0,1,0.1667,1,0.0124,0.0206,0.0152,0.0374
q16,1,3,0,1,0.1667,1,0.0105,0.2323,0.0341,0.0529
q16,1,4,0,1,0.0,0,0.003,0.1378,0.0201,0.0399
q16,1,5,1,1,0.0,0,0.004,0.3057,0.0274,0.0442
q16,1,6,0,1,0.0,0,0.0,0.1988,0.019,0.0399
q16,1,7,1,1,0.1429,1,0.1276,0.3622,0.0554,0.0884
q16,1,8,0,1,0.0,0,0.003,0.1378,0.0126,0.0307
q16,2,3,1,1,0.1429,1,0.0118,0.0784,0.0208,0.0475
q16,2,4,0,1,0.0,0,0.0137,0.1157,0.0231,0.0421
q16,2,5,0,1,0.0,0,0.0132,0.0797,0.0202,0.0328
q16,2,6,0,1,0.0,0,0.0016,0.0411,0.0132,0.0313
q16,2,7,0,1,0.125,1,0.1327,0.1054,0.0226,0.0442
q16,2,8,0,1,0.0,0,0.0156,0.1028,0.0159,0.0318
q16,3,4,0,1,0.1667,1,0.2444,0.2068,0.0341,0.0698
q16,3,5,0,1,0.1429,1,0.1214,0.2351,0.0394,0.0667
q16,3,6,0,1,0.0,0,0.0,0.1747,0.0234,0.0499
q16,3,7,0,1,0.125,1,0.0011,0.2389,0.034,0.0621
q16,3,8,0,1,0.0,0,0.0082,0.1785,0.0182,0.0395
q16,4,5,0,1,0.0,0,0.1496,0.2244,0.028,0.0604
q16,4,6,1,1,0.0,0,0.0168,0.2515,0.032,0.0488
q16,4,7,0,1,0.0,0,0.1338,0.2405,0.0335,0.0658
q16,4,8,1,1,0.0,0,0.3106,0.4496,0.096,0.1397
q16,5,6,0,1,0.0,0,0.0702,0.1394,0.0166,0.0358
q16,5,7,1,1,0.125,1,0.2715,0.4864,0.0823,0.1189
q16,5,8,0,1,0.0,0,0.0344,0.1606,0.0202,0.0515
q16,6,7,0,1,0.0,0,0.0188,0.1787,0.0201,0.0399
q16,6,8,1,1,0.0,0,0.0168,0.2326,0.0268,0.0432
q16,7,8,0,1,0.0,0,0.0139,0.1514,0.0271,0.0554
q17,0,1,0,1,0.0,0,0.0534,0.1483,0.0333,0.0846
q17,0,2,0,1,0.0,0,0.0046,0.0948,0.0241,0.0618
q17,0,3,0,1,0.0,0,0.0393,0.0569,0.0208,0.0644
q17,0,4,0,1,0.0,0,0.0494,0.0552,0.0215,0.0766
q17,0,5,1,1,0.0,0,0.0308,0.1655,0.0336,0.0792
q17,0,6,0,1,0.0,0,0.0586,0.1034,0.0235,0.0647
q17,0,7,0,1,0.0,0,0.0348,0.1517,0.0283,0.0765
q17,0,8,1,1,0.0,0,0.0548,0.0552,0.0263,0.074
q17,1,2,1,1,0.0,0,0.0127,0.1471,0.0543,0.1037
q17,1,3,1,1,0.0,0,0.0747,0.1725,0.0921,0.1497
q17,1,4,0,1,0.0,0,0.1276,0.0615,0.0198,0.0585
q17,1,5,0,1,0.0,0,0.0296,0.0709,0.0201,0.0655
q17,1,6,0,1,0.0,0,0.1319,0.0561,0.0223,0.0618
q17,1,7,0,1,0.0,0,0.105,0.0949,0.0291,0.0706
q17,1,8,0,1,0.0,0,0.0681,0.0388,0.0242,0.0829
q17,2,3,1,1,0.0,0,0.0042,0.0516,0.0358,0.0836
q17,2,4,0,1,0.0,0,0.0026,0.1535,0.0387,0.0737
q17,2,5,0,1,0.0,0,0.0027,0.0323,0.0152,0.0541
q17,2,6,0,1,0.0,0,0.0017,0.0335,0.0212,0.0652
q17,2,7,0,1,0.0,0,0.0051,0.0335,0.0188,0.0689
q17,2,8,0,1,0.0,0,0.0044,0.0335,0.0124,0.0499
q17,3,4,0,1,0.0,0,0.0882,0.0776,0.0225,0.0563
q17,3,5,0,1,0.1429,1,0.1432,0.0878,0.0231,0.0683
q17,3,6,0,1,0.0,0,0.0501,0.0471,0.0214,0.0639
q17,3,7,0,1,0.25,2,0.248,0.0738,0.0282,0.0742
q17,3,8,0,1,0.0,0,0.0477,0.0445,0.0115,0.0512
q17,4,5,0,1,0.0,0,0.0259,0.0392,0.016,0.052
q17,4,6,1,1,0.0,0,0.1172,0.0226,0.022,0.078
q17,4,7,1,1,0.0,0,0.0897,0.0867,0.0441,0.1049
q17,4,8,0,1,0.0,0,0.0367,0.0321,0.0072,0.0424
q17,5,6,0,1,0.0,0,0.0482,0.09,0.0202,0.0598
q17,5,7,0,1,0.1111,1,0.1455,0.0989,0.0316,0.0737
q17,5,8,1,1,0.0,0,0.0375,0.1499,0.0611,0.1001
q17,6,7,1,1,0.0,0,0.0265,0.1606,0.0466,0.1013
q17,6,8,0,1,0.1111,1,0.164,0.041,0.0098,0.049
q17,7,8,0,1,0.1,1,0.1513,0.0284,0.0133,0.0537
q18,0,1,1,1,0.375,3,0.6678,0.2339,0.0737,0.1309
q18,0,2,1,1,0.0909,1,0.0746,0.1017,0.0357,0.067
q18,0,3,0,1,0.2222,2,0.6252,0.3085,0.0993,0.1483
q18,0,4,0,1,0.1111,1,0.044,0.0814,0.0144,0.0304
q18,0,5,0,1,0.1111,1,0.058,0.0271,0.0156,0.0508
q18,0,6,0,1,0.0909,1,0.0503,0.0881,0.0238,0.0634
q18,0,7,0,1,0.0,0,0.0314,0.0542,0.009,0.0189
q18,0,8,0,1,0.0909,1,0.5973,0.3153,0.0608,0.0958
q18,0,9,0,0,0.0,0,0.0408,0.0,0.0,0.0088
q18,0,10,0,0,0.0,0,0.0951,0.0,0.0,0.0028
q18,0,11,0,0,0.0,0,0.0391,0.0542,0.0121,0.0314
q18,0,12,0,0,0.0,0,0.02,0.0542,0.0098,0.0236
q18,0,13,0,0,0.0,0,0.068,0.0,0.0047,0.0097
q18,0,14,0,0,0.0,0,0.06,0.0542,0.0149,0.0429
q18,0,15,0,0,0.0,0,0.018,0.0542,0.0146,0.0333
q18,0,16,0,0,0.0,0,0.0308,0.0542,0.0126,0.0263
q18,0,17,0,0,0.1111,1,0.0234,0.0814,0.0132,0.0298
q18,0,18,0,0,0.0,0,0.0417,0.0542,0.0108,0.02
q18,0,19,0,0,0.0,0,0.0537,0.0542,0.0161,0.0372
q18,0,20,0,0,0.125,1,0.1374,0.1288,0.031,0.0617
q18,0,21,0,0,0.0,0,0.0977,0.0271,0.0037,0.0088
q18,0,22,0,0,0.0,0,0.0463,0.0576,0.0104,0.0302
q18,0,23,0,0,0.1111,1,0.1731,0.0814,0.0127,0.0338
q18,1,2,1,1,0.1,1,0.0652,0.0597,0.017,0.0394
q18,1,3,0,1,0.25,2,0.6777,0.2141,0.0987,0.1544
q18,1,4,0,1,0.125,1,0.0363,0.0934,0.0307,0.0615
q18,1,5,0,1,0.125,1,0.0544,0.044,0.0224,0.0728
q18,1,6,0,1,0.1,1,0.0426,0.0733,0.0274,0.0671
q18,1,7,0,1,0.0,0,0.03,0.0586,0.0173,0.0315
q18,1,8,0,1,0.2222,2,0.6779,0.2125,0.0851,0.1636
q18,1,9,0,0,0.0,0,0.0312,0.0,0.0072,0.0453
q18,1,10,0,0,0.0,0,0.1044,0.0,0.0,0.0016
q18,1,11,0,0,0.0,0,0.0371,0.0586,0.0208,0.0472
q18,1,12,0,0,0.0,0,0.02,0.0751,0.0248,0.0532
q18,1,13,0,0,0.0,0,0.0618,0.0,0.0057,0.0112
q18,1,14,0,0,0.0,0,0.0552,0.0586,0.0249,0.0759
q18,1,15,0,0,0.0,0,0.0202,0.0733,0.0256,0.0568
q18,1,16,0,0,0.0,0,0.0296,0.0586,0.0205,0.0458
q18,1,17,0,0,0.125,1,0.0177,0.0641,0.0174,0.0437
q18,1,18,0,0,0.0,0,0.0436,0.044,0.0142,0.0274
q18,1,19,0,0,0.0,0,0.0487,0.0696,0.0257,0.0521
q18,1,20,0,0,0.3333,2,0.3606,0.141,0.0497,0.1068
q18,1,21,0,0,0.0,0,0.1009,0.0,0.005,0.0103
q18,1,22,0,0,0.0,0,0.0379,0.0586,0.0165,0.0483
q18,1,23,0,0,0.2857,2,0.3942,0.1429,0.0345,0.0873
q18,2,3,0,1,0.0,0,0.0398,0.092,0.0259,0.0428
q18,2,4,0,1,0.1111,1,0.0205,0.0995,0.0258,0.0442
q18,2,5,0,1,0.1111,1,0.0761,0.0,0.0069,0.0354
q18,2,6,0,1,0.0,0,0.0405,0.0821,0.02,0.0437
q18,2,7,0,1,0.0,0,0.0796,0.0796,0.0192,0.0347
q18,2,8,0,1,0.0,0,0.0581,0.0796,0.0151,0.029
q18,2,9,0,0,0.0,0,0.0688,0.0,0.0,0.0103
q18,2,10,0,0,0.0,0,0.1519,0.0,0.0,0.0009
q18,2,11,0,0,0.0,0,0.1237,0.0796,0.0238,0.0374
q18,2,12,0,0,0.0,0,0.0172,0.0995,0.0226,0.0339
q18,2,13,0,0,0.0,0,0.2339,0.0,0.008,0.0136
q18,2,14,0,0,0.0,0,0.1996,0.0995,0.0204,0.0349
q18,2,15,0,0,0.0,0,0.0439,0.0796,0.0179,0.0311
q18,2,16,0,0,0.0,0,0.1105,0.0821,0.0199,0.0353
q18,2,17,0,0,0.1111,1,0.0148,0.0995,0.0231,0.0414
q18,2,18,0,0,0.0,0,0.1227,0.0796,0.0193,0.0321
q18,2,19,0,0,0.0,0,0.212,0.102,0.02,0.0313
q18,2,20,0,0,0.125,1,0.0355,0.0796,0.0156,0.0303
q18,2,21,0,0,0.0,0,0.1529,0.0,0.0071,0.0124
q18,2,22,0,0,0.0,0,0.2042,0.0995,0.0208,0.0379
q18,2,23,0,0,0.1111,1,0.1796,0.0995,0.017,0.0365
q18,3,4,0,1,0.0,0,0.0313,0.0786,0.0224,0.0485
q18,3,5,1,1,0.0,0,0.0867,0.053,0.0248,0.0725
q18,3,6,1,1,0.0,0,0.0486,0.1297,0.0513,0.0887
q18,3,7,0,1,0.0,0,0.0611,0.0629,0.0142,0.0247
q18,3,8,0,1,0.1,1,0.1897,0.2574,0.0822,0.1299
q18,3,9,0,0,0.0,0,0.0243,0.0,0.0084,0.0422
q18,3,10,0,0,0.0,0,0.1315,0.0,0.0,0.0032
q18,3,11,0,0,0.0,0,0.0832,0.0629,0.0181,0.031
q18,3,12,0,0,0.0,0,0.0126,0.0629,0.0179,0.0374
q18,3,13,0,0,0.0,0,0.0903,0.0,0.0067,0.0128
q18,3,14,0,0,0.0,0,0.0942,0.0825,0.0262,0.0564
q18,3,15,0,0,0.0,0,0.0258,0.0864,0.0279,0.0541
q18,3,16,0,0,0.0,0,0.0795,0.0629,0.0183,0.0322
q18,3,17,0,0,0.0,0,0.0058,0.0786,0.0186,0.0369
q18,3,18,0,0,0.0,0,0.0809,0.0629,0.0175,0.0301
q18,3,19,0,0,0.0,0,0.1083,0.0629,0.0244,0.058
q18,3,20,0,0,0.1429,1,0.1292,0.1336,0.0362,0.078
q18,3,21,0,0,0.0,0,0.0916,0.0,0.0059,0.0117
q18,3,22,0,0,0.0,0,0.1094,0.0629,0.0225,0.0438
q18,3,23,0,0,0.0,0,0.0986,0.0845,0.0215,0.0559
q18,4,5,0,1,0.1429,1,0.0397,0.0507,0.023,0.0649
q18,4,6,0,1,0.0,0,0.0137,0.2474,0.0465,0.0812
q18,4,7,1,1,0.0,0,0.0292,0.2161,0.0658,0.111
q18,4,8,1,1,0.0,0,0.0155,0.2966,0.0845,0.127
q18,4,9,0,0,0.0,0,0.0348,0.0977,0.0265,0.0584
q18,4,10,0,0,0.0,0,0.0116,0.0402,0.012,0.0258
q18,4,11,0,0,0.0,0,0.0355,0.1823,0.0536,0.1075
q18,4,12,0,0,0.0,0,0.0084,0.073,0.0261,0.0504
q18,4,13,0,0,0.0,0,0.0794,0.0313,0.0172,0.0394
q18,4,14,0,0,0.0,0,0.0337,0.1923,0.0276,0.0504
q18,4,15,0,0,0.0,0,0.0117,0.2325,0.0562,0.094
q18,4,16,0,0,0.0,0,0.0324,0.231,0.0601,0.1153
q18,4,17,0,0,0.1429,1,0.0086,0.1744,0.0515,0.1038
q18,4,18,0,0,0.0,0,0.036,0.1595,0.032,0.0617
q18,4,19,0,0,0.0,0,0.0315,0.1818,0.0301,0.0567
q18,4,20,0,0,0.1667,1,0.0172,0.2891,0.0682,0.1031
q18,4,21,0,0,0.0,0,0.0507,0.1267,0.023,0.0443
q18,4,22,0,0,0.0,0,0.0437,0.2265,0.0296,0.0527
q18,4,23,0,0,0.1429,1,0.0183,0.3085,0.0679,0.114
q18,5,6,1,1,0.0,0,0.0396,0.1081,0.0493,0.1021
q18,5,7,0,1,0.0,0,0.0605,0.0,0.0074,0.0281
q18,5,8,0,1,0.0,0,0.0352,0.0,0.009,0.0458
q18,5,9,0,0,0.0,0,0.067,0.0684,0.0259,0.0761
q18,5,10,0,0,0.0,0,0.0933,0.0,0.0005,0.003
q18,5,11,0,0,0.0,0,0.085,0.0,0.0064,0.0277
q18,5,12,0,0,0.1429,1,0.0254,0.0252,0.019,0.0641
q18,5,13,0,0,0.0,0,0.1198,0.0,0.0027,0.0066
q18,5,14,0,0,0.0,0,0.1185,0.0356,0.0212,0.0627
q18,5,15,0,0,0.0,0,0.0354,0.0119,0.013,0.0491
q18,5,16,0,0,0.0,0,0.0826,0.0,0.0061,0.0273
q18,5,17,0,0,0.1429,1,0.0138,0.0548,0.0281,0.0577
q18,5,18,0,0,0.0,0,0.0729,0.0,0.0042,0.0207
q18,5,19,0,0,0.0,0,0.1242,0.037,0.0209,0.0666
q18,5,20,0,0,0.1667,1,0.0342,0.0667,0.0401,0.0873
q18,5,21,0,0,0.0,0,0.0933,0.0,0.0024,0.0067
q18,5,22,0,0,0.0,0,0.1102,0.04,0.0165,0.0502
q18,5,23,0,0,0.1429,1,0.0914,0.0385,0.0259,0.0752
q18,6,7,0,1,0.0,0,0.0515,0.1793,0.0372,0.0615
q18,6,8,0,1,0.0,0,0.0402,0.1503,0.0309,0.0622
q18,6,9,0,0,0.0,0,0.0795,0.0,0.0144,0.0641
q18,6,10,0,0,0.0,0,0.0784,0.0,0.0,0.0031
q18,6,11,0,0,0.0,0,0.1205,0.1823,0.0353,0.0627
q18,6,12,0,0,0.0,0,0.0211,0.0828,0.0292,0.064
q18,6,13,0,0,0.0,0,0.0628,0.0,0.0082,0.0181
q18,6,14,0,0,0.0,0,0.0654,0.1972,0.0419,0.0876
q18,6,15,0,0,0.0,0,0.0996,0.1683,0.0486,0.0885
q18,6,16,0,0,0.0,0,0.0471,0.1834,0.0351,0.0578
q18,6,17,0,0,0.0,0,0.0,0.12,0.0383,0.0677
q18,6,18,0,0,0.0,0,0.0575,0.1373,0.0233,0.036
q18,6,19,0,0,0.0,0,0.0863,0.1655,0.0412,0.0995
q18,6,20,0,0,0.0,0,0.0175,0.1641,0.0392,0.0723
q18,6,21,0,0,0.0,0,0.0598,0.0124,0.0086,0.0173
q18,6,22,0,0,0.0,0,0.0815,0.1779,0.034,0.0631
q18,6,23,0,0,0.0,0,0.0658,0.16,0.0349,0.0667
q18,7,8,1,1,0.0,0,0.215,0.3349,0.0864,0.124
q18,7,9,0,0,0.0,0,0.0345,0.0215,0.0075,0.0257
q18,7,10,0,0,0.0,0,0.1167,0.012,0.0035,0.015
q18,7,11,0,0,0.1429,1,0.3531,0.4269,0.148,0.2298
q18,7,12,0,0,0.0,0,0.0201,0.0581,0.0185,0.0317
q18,7,13,0,0,0.0,0,0.1001,0.012,0.0103,0.0269
q18,7,14,0,0,0.0,0,0.1161,0.1393,0.0233,0.0351
q18,7,15,0,0,0.0,0,0.0395,0.1549,0.0297,0.0551
q18,7,16,0,0,0.2857,2,0.5777,0.4382,0.1764,0.281
q18,7,17,0,0,0.0,0,0.016,0.1573,0.0577,0.1138
q18,7,18,0,0,0.25,2,0.6451,0.422,0.1188,0.1877
q18,7,19,0,0,0.0,0,0.1231,0.1309,0.0231,0.0385
q18,7,20,0,0,0.0,0,0.0262,0.1825,0.0532,0.0823
q18,7,21,0,0,0.0,0,0.1178,0.012,0.0101,0.0261
q18,7,22,0,0,0.0,0,0.111,0.1116,0.0209,0.0342
q18,7,23,0,0,0.0,0,0.3561,0.2701,0.0737,0.118
q18,8,9,0,0,0.0,0,0.0597,0.0,0.0031,0.0315
q18,8,10,0,0,0.0,0,0.0891,0.0378,0.0101,0.0212
q18,8,11,0,0,0.0,0,0.0715,0.2775,0.0739,0.1237
q18,8,12,0,0,0.0,0,0.02,0.0581,0.0173,0.0409
q18,8,13,0,0,0.0,0,0.0663,0.0,0.0095,0.0257
q18,8,14,0,0,0.0,0,0.0698,0.147,0.0258,0.0562
q18,8,15,0,0,0.0,0,0.0518,0.1349,0.03,0.0641
q18,8,16,0,0,0.0,0,0.0431,0.2395,0.0727,0.123
q18,8,17,0,0,0.0,0,0.0009,0.1972,0.0505,0.0942
q18,8,18,0,0,0.1,1,0.2159,0.2355,0.0376,0.0665
q18,8,19,0,0,0.0,0,0.0744,0.1604,0.0238,0.0505
q18,8,20,0,0,0.0,0,0.0336,0.2582,0.0794,0.1282
q18,8,21,0,0,0.0,0,0.0768,0.0684,0.0154,0.0308
q18,8,22,0,0,0.0,0,0.0675,0.1143,0.0223,0.0418
q18,8,23,0,0,0.1111,1,0.1614,0.2666,0.0678,0.1223
q18,9,10,0,1,0.0,0,0.1376,0.0645,0.0098,0.0323
q18,9,11,0,1,0.0,0,0.097,0.0,0.0011,0.0146
q18,9,12,1,1,0.0,0,0.0139,0.0566,0.0282,0.065
q18,9,13,0,1,0.0,0,0.1502,0.0996,0.012,0.0348
q18,9,14,0,1,0.0,0,0.1573,0.0,0.0063,0.0436
q18,9,15,1,1,0.0,0,0.0896,0.127,0.0335,0.0742
q18,9,16,0,1,0.0,0,0.058,0.0332,0.0131,0.029
q18,9,17,0,1,0.0,0,0.0,0.0,0.0034,0.0256
q18,9,18,0,0,0.0,0,0.049,0.0,0.0019,0.0114
q18,9,19,0,0,0.0,0,0.1668,0.0,0.0126,0.0441
q18,9,20,0,0,0.0,0,0.0445,0.0,0.005,0.037
q18,9,21,0,0,0.0,0,0.143,0.0996,0.0103,0.0325
q18,9,22,0,0,0.0,0,0.1572,0.0,0.0048,0.0252
q18,9,23,0,0,0.0,0,0.1134,0.0156,0.0089,0.0435
q18,10,11,0,1,0.0,0,0.1868,0.0,0.0,0.0041
q18,10,12,0,1,0.0,0,0.0281,0.0,0.0,0.0015
q18,10,13,1,1,0.0,0,0.4297,0.1768,0.1062,0.3066
q18,10,14,1,1,0.0,0,0.4344,0.0265,0.0048,0.0245
q18,10,15,0,1,0.0,0,0.0567,0.0142,0.0046,0.0138
q18,10,16,0,1,0.0,0,0.1797,0.0129,0.0036,0.0133
q18,10,17,0,1,0.0,0,0.012,0.014,0.005,0.0128
q18,10,18,0,0,0.0,0,0.1156,0.0,0.0,0.0039
q18,10,19,0,0,0.0,0,0.3967,0.0,0.0,0.0014
q18,10,20,0,0,0.0,0,0.0791,0.0282,0.0071,0.0143
q18,10,21,0,0,0.1667,1,0.8828,0.6964,0.2957,0.4828
q18,10,22,0,0,0.0,0,0.3924,0.0,0.0019,0.0116
q18,10,23,0,0,0.1429,1,0.6671,0.012,0.0058,0.0149
q18,11,12,0,1,0.0,0,0.0128,0.0673,0.0218,0.0387
q18,11,13,0,1,0.0,0,0.2448,0.0,0.0082,0.019
q18,11,14,0,1,0.0,0,0.2001,0.1806,0.0313,0.0511
q18,11,15,0,1,0.0,0,0.1409,0.1609,0.0309,0.0583
q18,11,16,1,1,0.1667,1,0.7163,0.619,0.2134,0.3022
q18,11,17,1,1,0.0,0,0.0282,0.3711,0.0805,0.1237
q18,11,18,0,0,0.1429,1,0.4435,0.2709,0.0905,0.1534
q18,11,19,0,0,0.0,0,0.2257,0.1511,0.0264,0.0446
q18,11,20,0,0,0.0,0,0.0804,0.3481,0.0577,0.0889
q18,11,21,0,0,0.0,0,0.2182,0.0,0.0073,0.016
q18,11,22,0,0,0.0,0,0.2034,0.1478,0.0252,0.0391
q18,11,23,0,0,0.0,0,0.1949,0.3892,0.0593,0.1005
q18,12,13,0,1,0.0,0,0.0197,0.0,0.0084,0.0176
q18,12,14,0,1,0.0,0,0.0256,0.0698,0.031,0.068
q18,12,15,1,1,0.0,0,0.0102,0.0916,0.0362,0.079
q18,12,16,0,1,0.0,0,0.0083,0.0581,0.0167,0.0292
q18,12,17,0,1,0.0,0,0.0,0.0712,0.0201,0.0335
q18,12,18,0,0,0.0,0,0.0128,0.0465,0.0151,0.0281
q18,12,19,0,0,0.0,0,0.0258,0.0741,0.0313,0.0548
q18,12,20,0,0,0.0,0,0.005,0.0581,0.0178,0.0419
q18,12,21,0,0,0.0,0,0.0276,0.0,0.0076,0.0156
q18,12,22,0,0,0.0,0,0.0184,0.0698,0.0198,0.0424
q18,12,23,0,0,0.0,0,0.0302,0.0698,0.0199,0.0462
q18,13,14,1,1,0.0,0,0.4894,0.0,0.01,0.0356
q18,13,15,0,1,0.0,0,0.06,0.0509,0.0229,0.0409
q18,13,16,0,1,0.0,0,0.211,0.0,0.0074,0.021
q18,13,17,0,1,0.0,0,0.0224,0.0,0.0086,0.0197
q18,13,18,0,0,0.0,0,0.1239,0.0,0.0069,0.0168
q18,13,19,0,0,0.0,0,0.5955,0.0,0.0099,0.0184
q18,13,20,0,0,0.0,0,0.0974,0.0211,0.009,0.0204
q18,13,21,0,0,0.0,0,0.4465,0.4154,0.1516,0.3673
q18,13,22,0,0,0.0,0,0.4405,0.0,0.0117,0.026
q18,13,23,0,0,0.0,0,0.3393,0.0,0.0089,0.022
q18,14,15,0,1,0.0,0,0.0492,0.1491,0.0316,0.0671
q18,14,16,0,1,0.0,0,0.1864,0.1507,0.0219,0.0407
q18,14,17,0,1,0.0,0,0.0137,0.1062,0.0234,0.0409
q18,14,18,0,0,0.0,0,0.1204,0.1272,0.0186,0.0287
q18,14,19,0,0,0.2857,2,0.6875,0.4122,0.1313,0.1961
q18,14,20,0,0,0.0,0,0.0858,0.1397,0.0248,0.058
q18,14,21,0,0,0.0,0,0.4523,0.0188,0.0116,0.0383
q18,14,22,0,0,0.0,0,0.479,0.221,0.0675,0.1107
q18,14,23,0,0,0.0,0,0.3664,0.1525,0.028,0.0628
q18,15,16,0,1,0.0,0,0.0298,0.1396,0.0291,0.0643
q18,15,17,0,1,0.0,0,0.0009,0.0982,0.0254,0.0494
q18,15,18,0,0,0.0,0,0.04,0.1618,0.0228,0.038
q18,15,19,0,0,0.0,0,0.0529,0.129,0.0281,0.056
q18,15,20,0,0,0.0,0,0.0082,0.1254,0.0299,0.0647
q18,15,21,0,0,0.0,0,0.0411,0.0249,0.0138,0.0308
q18,15,22,0,0,0.0,0,0.0449,0.1124,0.0256,0.0533
q18,15,23,0,0,0.0,0,0.0394,0.1574,0.03,0.0632
q18,16,17,1,1,0.0,0,0.0267,0.3096,0.0874,0.1339
q18,16,18,0,0,0.2857,2,0.6703,0.4263,0.1203,0.1851
q18,16,19,0,0,0.0,0,0.1982,0.1475,0.0224,0.04
q18,16,20,0,0,0.0,0,0.0694,0.2066,0.0581,0.0878
q18,16,21,0,0,0.0,0,0.2016,0.0234,0.0106,0.0224
q18,16,22,0,0,0.0,0,0.1957,0.1028,0.0208,0.0408
q18,16,23,0,0,0.0,0,0.3047,0.3154,0.0601,0.1026
q18,17,18,0,0,0.0,0,0.0234,0.0824,0.0281,0.0597
q18,17,19,0,0,0.0,0,0.017,0.1042,0.0211,0.0367
q18,17,20,0,0,0.1667,1,0.0286,0.2594,0.0788,0.1109
q18,17,21,0,0,0.0,0,0.0145,0.0245,0.0132,0.0254
q18,17,22,0,0,0.0,0,0.0164,0.056,0.0196,0.0308
q18,17,23,0,0,0.1429,1,0.0206,0.2194,0.0641,0.1152
q18,18,19,0,1,0.0,0,0.1363,0.1431,0.0229,0.038
q18,18,20,1,1,0.0,0,0.0601,0.1358,0.0257,0.0526
q18,18,21,0,1,0.0,0,0.1204,0.0,0.0066,0.0147
q18,18,22,0,1,0.0,0,0.1374,0.1113,0.0173,0.0303
q18,18,23,1,1,0.0,0,0.3386,0.2442,0.0381,0.0689
q18,19,20,0,1,0.0,0,0.0904,0.1397,0.0313,0.066
q18,19,21,1,1,0.0,0,0.4179,0.0,0.0089,0.017
q18,19,22,1,1,0.0,0,0.5742,0.3314,0.1063,0.1532
q18,19,23,0,1,0.0,0,0.2978,0.1557,0.0287,0.0556
q18,20,21,0,1,0.0,0,0.0858,0.1432,0.0152,0.0261
q18,20,22,0,1,0.0,0,0.0907,0.1397,0.0252,0.0471
q18,20,23,1,1,0.1667,1,0.0864,0.2746,0.09,0.1527
q18,21,22,1,1,0.0,0,0.3938,0.0684,0.0114,0.0264
q18,21,23,0,1,0.1667,1,0.6641,0.1144,0.0134,0.0281
q18,22,23,0,1,0.0,0,0.3533,0.1806,0.0283,0.0534
q19,0,1,0,1,0.0,0,0.1511,0.3542,0.0406,0.0557
q19,0,2,0,1,0.0,0,0.1715,0.0784,0.014,0.0318
q19,0,3,0,1,0.0,0,0.1872,0.1379,0.02,0.0329
q19,0,4,1,1,0.0,0,0.1918,0.4451,0.0885,0.1193
q19,0,5,1,1,0.0,0,0.1355,0.4639,0.0934,0.1372
q19,0,6,0,1,0.1,1,0.1891,0.3197,0.0337,0.0483
q19,0,7,0,1,0.0,0,0.1773,0.0878,0.0208,0.0392
q19,0,8,0,1,0.0,0,0.1594,0.2915,0.0255,0.0391
q19,1,2,0,1,0.0,0,0.1419,0.2861,0.023,0.0522
q19,1,3,1,1,0.0,0,0.1006,0.1277,0.038,0.077
q19,1,4,0,1,0.1,1,0.3339,0.2582,0.0444,0.0944
q19,1,5,0,1,0.0,0,0.1023,0.2529,0.0296,0.0482
q19,1,6,0,1,0.0,0,0.1576,0.2574,0.0422,0.0821
q19,1,7,0,1,0.0,0,0.131,0.1092,0.0289,0.0668
q19,1,8,1,1,0.0,0,0.1178,0.2332,0.0549,0.0957
q19,2,3,0,1,0.0,0,0.0889,0.0532,0.0105,0.0304
q19,2,4,0,1,0.0,0,0.1204,0.1916,0.0143,0.0346
q19,2,5,0,1,0.0,0,0.1111,0.1775,0.0117,0.0275
q19,2,6,1,1,0.0,0,0.2202,0.2593,0.0424,0.0857
q19,2,7,1,1,0.0,0,0.3548,0.3423,0.0412,0.0912
q19,2,8,0,1,0.0,0,0.1541,0.1724,0.0119,0.0375
q19,3,4,0,1,0.0,0,0.1747,0.0918,0.0277,0.0735
q19,3,5,0,1,0.0,0,0.1092,0.0612,0.014,0.0435
q19,3,6,0,1,0.0,0,0.1163,0.125,0.0339,0.0581
q19,3,7,0,1,0.0,0,0.118,0.0532,0.0193,0.0424
q19,3,8,1,1,0.0,0,0.1128,0.1516,0.0465,0.0953
q19,4,5,1,1,0.1111,1,0.2292,0.3321,0.075,0.1159
q19,4,6,0,1,0.0,0,0.1598,0.2873,0.0537,0.0914
q19,4,7,0,1,0.0,0,0.1029,0.1503,0.0199,0.0465
q19,4,8,0,1,0.0909,1,0.2664,0.2703,0.0402,0.0818
q19,5,6,0,1,0.0,0,0.1266,0.2217,0.0254,0.0455
q19,5,7,0,1,0.0,0,0.1064,0.1755,0.0191,0.0362
q19,5,8,0,1,0.1111,1,0.2211,0.261,0.026,0.048
q19,6,7,1,1,0.0,0,0.2198,0.22,0.0513,0.099
q19,6,8,0,1,0.0,0,0.1425,0.278,0.0474,0.0909
q19,7,8,0,1,0.0,0,0.1417,0.2128,0.0251,0.0533
q20,0,1,0,1,0.25,2,0.7832,0.474,0.1705,0.2553
q20,0,2,0,1,0.1111,1,0.3272,0.3838,0.111,0.1715
q20,0,3,0,1,0.0909,1,0.3689,0.3028,0.0724,0.1207
q20,0,4,0,1,0.0,0,0.1012,0.2248,0.0309,0.0518
q20,0,5,1,1,0.0,0,0.0048,0.315,0.0583,0.0761
q20,0,6,0,1,0.1,1,0.628,0.2783,0.0542,0.0922
q20,0,7,0,1,0.1,1,0.338,0.3456,0.0722,0.1184
q20,0,8,1,1,0.1,1,0.6228,0.3869,0.0927,0.1497
q20,1,2,1,1,0.1429,1,0.357,0.4195,0.1507,0.2206
q20,1,3,1,1,0.1111,1,0.3059,0.211,0.0713,0.1337
q20,1,4,0,1,0.0,0,0.115,0.2447,0.0429,0.0678
q20,1,5,0,1,0.0,0,0.0602,0.1673,0.0338,0.0513
q20,1,6,0,1,0.125,1,0.5913,0.3271,0.0768,0.1304
q20,1,7,0,1,0.2857,2,0.6744,0.4457,0.115,0.156
q20,1,8,0,1,0.125,1,0.5083,0.2772,0.0713,0.128
q20,2,3,1,1,0.1111,1,0.267,0.3218,0.1101,0.1688
q20,2,4,0,1,0.0,0,0.07,0.2321,0.0414,0.072
q20,2,5,0,1,0.0,0,0.0048,0.2129,0.0301,0.0476
q20,2,6,0,1,0.0,0,0.1631,0.2321,0.0481,0.0879
q20,2,7,0,1,0.125,1,0.3639,0.3756,0.1073,0.1613
q20,2,8,0,1,0.125,1,0.3342,0.3254,0.0882,0.1505
q20,3,4,0,1,0.0,0,0.1602,0.2636,0.0345,0.068
q20,3,5,0,1,0.0,0,0.0705,0.2972,0.0405,0.063
q20,3,6,0,1,0.2222,2,0.5174,0.2863,0.044,0.0958
q20,3,7,0,1,0.1,1,0.2914,0.2852,0.0455,0.0866
q20,3,8,0,1,0.5714,4,0.8519,0.513,0.1534,0.2242
q20,4,5,0,1,0.0,0,0.0853,0.184,0.0315,0.0545
q20,4,6,1,1,0.0,0,0.1595,0.3699,0.051,0.0791
q20,4,7,1,1,0.0,0,0.1032,0.2279,0.0496,0.0893
q20,4,8,0,1,0.0,0,0.1631,0.2346,0.0411,0.0779
q20,5,6,0,1,0.0,0,0.0844,0.1578,0.0271,0.0413
q20,5,7,0,1,0.0,0,0.0661,0.1201,0.0336,0.054
q20,5,8,1,1,0.0,0,0.0704,0.2287,0.0496,0.0704
q20,6,7,1,1,0.1111,1,0.2019,0.2164,0.0626,0.0996
q20,6,8,0,1,0.1111,1,0.6105,0.293,0.0473,0.0803
q20,7,8,0,1,0.1111,1,0.3671,0.1776,0.0589,0.1077
q21,0,1,1,1,0.0,0,0.0332,0.1078,0.0362,0.0825
q21,0,2,0,1,0.0,0,0.0365,0.0243,0.0045,0.0141
q21,0,3,0,1,0.0,0,0.003,0.0,0.0028,0.0201
q21,0,4,0,1,0.0,0,0.033,0.0512,0.0113,0.0359
q21,0,5,0,1,0.0,0,0.0147,0.0,0.0008,0.0107
q21,0,6,0,1,0.0,0,0.008,0.027,0.0043,0.0172
q21,0,7,1,1,0.0,0,0.045,0.0647,0.0177,0.0512
q21,0,8,0,1,0.0,0,0.0052,0.0,0.0034,0.0174
q21,0,9,0,0,0.0,0,0.0078,0.027,0.0153,0.0539
q21,0,10,0,0,0.0,0,0.0072,0.0243,0.0074,0.0317
q21,0,11,0,0,0.0,0,0.0633,0.0,0.0038,0.0149
q21,0,12,0,0,0.0,0,0.0316,0.0,0.0008,0.0168
q21,0,13,0,0,0.0,0,0.008,0.0243,0.0089,0.0363
q21,0,14,0,0,0.0,0,0.0737,0.0,0.0027,0.0084
q21,0,15,0,0,0.0,0,0.0117,0.0,0.0034,0.0261
q21,0,16,0,0,0.0,0,0.0323,0.0,0.005,0.0253
q21,0,17,0,0,0.0,0,0.0672,0.0,0.0039,0.0169
q21,0,18,0,0,0.0,0,0.0479,0.0,0.0011,0.0287
q21,0,19,0,0,0.0,0,0.0,0.0,0.0,0.0175
q21,0,20,0,0,0.0,0,0.01,0.0,0.0026,0.0171
q21,0,21,0,0,0.0,0,0.0081,0.027,0.0106,0.0291
q21,0,22,0,0,0.0,0,0.0043,0.0,0.0017,0.0174
q21,0,23,0,0,0.0,0,0.0076,0.0,0.0008,0.0167
q21,0,24,0,0,0.0,0,0.0058,0.0,0.003,0.0232
q21,0,25,0,0,0.0,0,0.0151,0.0,0.007,0.0276
q21,0,26,0,0,0.0,0,0.008,0.0,0.002,0.0236
q21,1,2,0,1,0.0,0,0.0349,0.0142,0.0052,0.0175
q21,1,3,0,1,0.0,0,0.0011,0.0,0.0022,0.0155
q21,1,4,0,1,0.0,0,0.0452,0.0158,0.0047,0.021
q21,1,5,0,1,0.0,0,0.0141,0.0,0.002,0.0143
q21,1,6,0,1,0.0,0,0.0226,0.0158,0.0054,0.0253
q21,1,7,1,1,0.0,0,0.0592,0.0569,0.0225,0.0688
q21,1,8,0,1,0.0,0,0.0224,0.0,0.0012,0.0114
q21,1,9,0,0,0.125,1,0.1429,0.0301,0.0137,0.0446
q21,1,10,0,0,0.0,0,0.0132,0.0221,0.0137,0.0385
q21,1,11,0,0,0.0,0,0.0701,0.0,0.0032,0.0231
q21,1,12,0,0,0.0,0,0.0542,0.0,0.0007,0.014
q21,1,13,0,0,0.0,0,0.0124,0.0,0.0027,0.0196
q21,1,14,0,0,0.0,0,0.0763,0.0,0.0007,0.0129
q21,1,15,0,0,0.0,0,0.0267,0.0,0.0006,0.0209
q21,1,16,0,0,0.0,0,0.0577,0.0,0.003,0.0272
q21,1,17,0,0,0.0,0,0.061,0.0,0.0017,0.0165
q21,1,18,0,0,0.0,0,0.0927,0.0,0.0051,0.0267
q21,1,19,0,0,0.0,0,0.003,0.0,0.0008,0.0151
q21,1,20,0,0,0.0,0,0.0211,0.0,0.0007,0.0259
q21,1,21,0,0,0.0,0,0.0129,0.0,0.0058,0.0264
q21,1,22,0,0,0.0,0,0.0132,0.0,0.0007,0.0177
q21,1,23,0,0,0.0,0,0.0058,0.0,0.0,0.0147
q21,1,24,0,0,0.0,0,0.0335,0.0,0.0019,0.0181
q21,1,25,0,0,0.0,0,0.0694,0.0,0.0039,0.0216
q21,1,26,0,0,0.0,0,0.0353,0.0,0.0023,0.0223
q21,2,3,0,1,0.0,0,0.0083,0.0623,0.0228,0.0394
q21,2,4,1,1,0.0,0,0.1123,0.0285,0.0237,0.0706
q21,2,5,0,1,0.0,0,0.0132,0.1211,0.0201,0.0274
q21,2,6,1,1,0.0,0,0.0349,0.2708,0.0651,0.1037
q21,2,7,0,1,0.0,0,0.0542,0.0677,0.0157,0.0307
q21,2,8,0,1,0.0,0,0.0253,0.2031,0.0192,0.0319
q21,2,9,0,0,0.0,0,0.0356,0.0184,0.0076,0.0393
q21,2,10,0,0,0.0,0,0.0632,0.2114,0.0267,0.0497
q21,2,11,0,0,0.0,0,0.17,0.1247,0.0203,0.0399
q21,2,12,0,0,0.0,0,0.0895,0.0475,0.0196,0.0358
q21,2,13,0,0,0.0,0,0.0097,0.0,0.0018,0.0151
q21,2,14,0,0,0.0,0,0.1885,0.1211,0.0246,0.0504
q21,2,15,0,0,0.0,0,0.0278,0.1722,0.0207,0.0343
q21,2,16,0,0,0.0,0,0.0822,0.0701,0.0197,0.0389
q21,2,17,0,0,0.0,0,0.2028,0.139,0.0261,0.0636
q21,2,18,0,0,0.0,0,0.0519,0.0691,0.0177,0.0294
q21,2,19,0,0,0.0,0,0.0113,0.0849,0.0289,0.0457
q21,2,20,0,0,0.0,0,0.099,0.152,0.0152,0.0386
q21,2,21,0,0,0.0,0,0.08,0.2138,0.0344,0.0646
q21,2,22,0,0,0.0,0,0.064,0.2197,0.031,0.0582
q21,2,23,0,0,0.0,0,0.0177,0.0475,0.0223,0.0493
q21,2,24,0,0,0.0,0,0.0095,0.1211,0.0217,0.0347
q21,2,25,0,0,0.0,0,0.0306,0.1508,0.0306,0.0631
q21,2,26,0,0,0.0,0,0.1124,0.2162,0.0255,0.0455
q21,3,4,0,1,0.0,0,0.0073,0.0376,0.0163,0.0469
q21,3,5,1,1,0.0,0,0.0175,0.1219,0.0411,0.0718
q21,3,6,0,1,0.0,0,0.004,0.0519,0.0172,0.0386
q21,3,7,0,1,0.0,0,0.0155,0.0649,0.0175,0.0271
q21,3,8,1,1,0.0,0,0.0,0.1115,0.035,0.0759
q21,3,9,0,0,0.0,0,0.0021,0.0,0.0023,0.0241
q21,3,10,0,0,0.0,0,0.006,0.0415,0.014,0.0357
q21,3,11,0,0,0.0,0,0.0039,0.0623,0.0151,0.0234
q21,3,12,0,0,0.0,0,0.0081,0.0545,0.0246,0.0633
q21,3,13,0,0,0.0,0,0.0083,0.0195,0.0203,0.0652
q21,3,14,0,0,0.0,0,0.0039,0.0623,0.0187,0.0271
q21,3,15,0,0,0.0,0,0.0214,0.1128,0.0405,0.0789
q21,3,16,0,0,0.0,0,0.0073,0.0726,0.0194,0.0379
q21,3,17,0,0,0.0,0,0.0108,0.0636,0.0166,0.03
q21,3,18,0,0,0.0,0,0.0406,0.0691,0.0295,0.0611
q21,3,19,0,0,0.0,0,0.003,0.0833,0.0264,0.0465
q21,3,20,0,0,0.0,0,0.0059,0.0532,0.0238,0.0769
q21,3,21,0,0,0.0,0,0.0073,0.0519,0.0162,0.0433
q21,3,22,0,0,0.0,0,0.0033,0.0947,0.035,0.0644
q21,3,23,0,0,0.0,0,0.0038,0.0519,0.0187,0.0382
q21,3,24,0,0,0.0,0,0.008,0.0726,0.022,0.0504
q21,3,25,0,0,0.0,0,0.008,0.0882,0.0292,0.0627
q21,3,26,0,0,0.0,0,0.0071,0.0713,0.0208,0.0573
q21,4,5,0,1,0.0,0,0.0104,0.0,0.0011,0.0184
q21,4,6,1,1,0.0,0,0.0175,0.0948,0.0435,0.0954
q21,4,7,0,1,0.0,0,0.0597,0.0454,0.0066,0.0286
q21,4,8,0,1,0.0,0,0.0261,0.0079,0.003,0.0252
q21,4,9,0,0,0.0,0,0.0223,0.0301,0.0118,0.0466
q21,4,10,0,0,0.0,0,0.0368,0.0,0.0086,0.0438
q21,4,11,0,0,0.0,0,0.13,0.0,0.0044,0.0314
q21,4,12,0,0,0.0,0,0.0792,0.0093,0.004,0.0321
q21,4,13,0,0,0.0,0,0.0095,0.0375,0.012,0.0301
q21,4,14,0,0,0.0,0,0.1404,0.0,0.0068,0.0383
q21,4,15,0,0,0.0,0,0.0155,0.0,0.0065,0.0374
q21,4,16,0,0,0.0,0,0.0544,0.0079,0.0062,0.0367
q21,4,17,0,0,0.0,0,0.1494,0.0,0.0083,0.0531
q21,4,18,0,0,0.0,0,0.0667,0.0,0.0062,0.034
q21,4,19,0,0,0.0,0,0.0062,0.0,0.0066,0.0417
q21,4,20,0,0,0.0,0,0.0583,0.0198,0.0078,0.0399
q21,4,21,0,0,0.0,0,0.0331,0.0,0.006,0.0453
q21,4,22,0,0,0.0,0,0.0351,0.0415,0.0228,0.059
q21,4,23,0,0,0.0,0,0.0146,0.0092,0.0122,0.0557
q21,4,24,0,0,0.0,0,0.0191,0.0,0.0021,0.0307
q21,4,25,0,0,0.0,0,0.0198,0.0247,0.0128,0.0571
q21,4,26,0,0,0.0,0,0.0954,0.0079,0.0095,0.0437
q21,5,6,0,1,0.0,0,0.0128,0.0621,0.0144,0.0235
q21,5,7,0,1,0.0,0,0.0256,0.0543,0.0154,0.0258
q21,5,8,1,1,0.0,0,0.0208,0.1736,0.041,0.0714
q21,5,9,0,0,0.0,0,0.0106,0.0,0.0,0.01
q21,5,10,0,0,0.0,0,0.0084,0.0708,0.0125,0.0263
q21,5,11,0,0,0.0,0,0.0182,0.1406,0.0257,0.036
q21,5,12,0,0,0.0,0,0.0136,0.1581,0.0301,0.0546
q21,5,13,0,0,0.0,0,0.0382,0.0242,0.0135,0.0491
q21,5,14,0,0,0.0,0,0.0239,0.2067,0.0315,0.0427
q21,5,15,0,0,0.0,0,0.0192,0.0805,0.0225,0.0554
q21,5,16,0,0,0.0,0,0.0135,0.097,0.0211,0.0295
q21,5,17,0,0,0.0,0,0.0212,0.2047,0.0279,0.0391
q21,5,18,0,0,0.0,0,0.0664,0.0829,0.0206,0.0371
q21,5,19,0,0,0.0,0,0.0078,0.0864,0.0183,0.0237
q21,5,20,0,0,0.0,0,0.0094,0.0615,0.0204,0.0515
q21,5,21,0,0,0.0,0,0.0058,0.1543,0.0259,0.0366
q21,5,22,0,0,0.0,0,0.0097,0.1443,0.0224,0.0358
q21,5,23,0,0,0.0,0,0.0058,0.0551,0.0166,0.0299
q21,5,24,0,0,0.0,0,0.0342,0.1717,0.0362,0.0619
q21,5,25,0,0,0.0,0,0.0108,0.1387,0.0192,0.0321
q21,5,26,0,0,0.0,0,0.0139,0.1445,0.0219,0.0317
q21,6,7,0,1,0.0,0,0.0157,0.049,0.015,0.0317
q21,6,8,0,1,0.0,0,0.0,0.1553,0.0155,0.0329
q21,6,9,0,0,0.0,0,0.0177,0.0268,0.0112,0.0423
q21,6,10,0,0,0.0,0,0.0171,0.077,0.017,0.0482
q21,6,11,0,0,0.0,0,0.0098,0.0372,0.0152,0.0392
q21,6,12,0,0,0.0,0,0.0086,0.1333,0.0225,0.0428
q21,6,13,0,0,0.0,0,0.0055,0.0093,0.0057,0.0229
q21,6,14,0,0,0.0,0,0.0115,0.0554,0.017,0.0345
q21,6,15,0,0,0.0,0,0.0228,0.1752,0.0236,0.0448
q21,6,16,0,0,0.0,0,0.0115,0.0332,0.0144,0.0347
q21,6,17,0,0,0.0,0,0.0065,0.0465,0.0211,0.0552
q21,6,18,0,0,0.1429,1,0.3672,0.0691,0.0183,0.0385
q21,6,19,0,0,0.0,0,0.0063,0.0725,0.0231,0.0425
q21,6,20,0,0,0.0,0,0.009,0.0845,0.0201,0.061
q21,6,21,0,0,0.25,1,0.3557,0.1942,0.0541,0.1073
q21,6,22,0,0,0.0,0,0.0048,0.1224,0.0231,0.0479
q21,6,23,0,0,0.0,0,0.0226,0.0459,0.0193,0.0491
q21,6,24,0,0,0.0,0,0.0288,0.0362,0.0134,0.0359
q21,6,25,0,0,0.1667,1,0.1801,0.0521,0.0216,0.0597
q21,6,26,0,0,0.0,0,0.0276,0.157,0.0239,0.0536
q21,7,8,0,1,0.0,0,0.0179,0.039,0.0137,0.0263
q21,7,9,0,0,0.0,0,0.0273,0.0,0.0022,0.025
q21,7,10,0,0,0.0,0,0.0204,0.0427,0.0153,0.0441
q21,7,11,0,0,0.0,0,0.0872,0.0753,0.0213,0.0383
q21,7,12,0,0,0.0,0,0.0973,0.0496,0.0139,0.0258
q21,7,13,0,0,0.0,0,0.0169,0.0167,0.0023,0.015
q21,7,14,0,0,0.0,0,0.089,0.0935,0.0241,0.034
q21,7,15,0,0,0.0,0,0.0575,0.0318,0.0128,0.0288
q21,7,16,0,0,0.0,0,0.0568,0.0654,0.0221,0.0443
q21,7,17,0,0,0.0,0,0.0802,0.0611,0.0202,0.0341
q21,7,18,0,0,0.0,0,0.152,0.0829,0.0185,0.035
q21,7,19,0,0,0.0,0,0.0035,0.0864,0.0167,0.029
q21,7,20,0,0,0.0,0,0.0288,0.0362,0.0109,0.0245
q21,7,21,0,0,0.0,0,0.0152,0.0533,0.0175,0.0359
q21,7,22,0,0,0.0,0,0.0186,0.0525,0.0138,0.0317
q21,7,23,0,0,0.0,0,0.0294,0.0838,0.0199,0.0338
q21,7,24,0,0,0.0,0,0.2542,0.0733,0.0209,0.0387
q21,7,25,0,0,0.0,0,0.0373,0.0521,0.0163,0.0344
q21,7,26,0,0,0.0,0,0.0528,0.0422,0.0175,0.0413
q21,8,9,0,0,0.0,0,0.0225,0.0,0.0024,0.0145
q21,8,10,0,0,0.0,0,0.0243,0.1217,0.016,0.035
q21,8,11,0,0,0.0,0,0.0277,0.1831,0.0228,0.04
q21,8,12,0,0,0.0,0,0.0266,0.0961,0.0255,0.0559
q21,8,13,0,0,0.1667,1,0.1306,0.0204,0.0101,0.0574
q21,8,14,0,0,0.0,0,0.0261,0.1813,0.0215,0.0363
q21,8,15,0,0,0.0,0,0.0012,0.0846,0.0192,0.0466
q21,8,16,0,0,0.0,0,0.0237,0.0667,0.0183,0.0357
q21,8,17,0,0,0.0,0,0.0284,0.1146,0.0205,0.0353
q21,8,18,0,0,0.0,0,0.0032,0.1002,0.022,0.0331
q21,8,19,0,0,0.0,0,0.0025,0.0741,0.0181,0.0336
q21,8,20,0,0,0.0,0,0.029,0.0966,0.0167,0.0457
q21,8,21,0,0,0.0,0,0.0217,0.2009,0.0233,0.0356
q21,8,22,0,0,0.0,0,0.008,0.1585,0.0207,0.0447
q21,8,23,0,0,0.0,0,0.0025,0.0551,0.0161,0.0396
q21,8,24,0,0,0.0,0,0.0022,0.1403,0.0259,0.0483
q21,8,25,0,0,0.0,0,0.0018,0.189,0.022,0.0475
q21,8,26,0,0,0.0,0,0.0242,0.1374,0.0214,0.0426
q21,9,10,1,1,0.0,0,0.0321,0.102,0.0346,0.0714
q21,9,11,0,1,0.0,0,0.0328,0.0134,0.0073,0.0284
q21,9,12,0,1,0.0,0,0.0282,0.0,0.0014,0.0333
q21,9,13,0,1,0.0,0,0.0077,0.0,0.0035,0.0275
q21,9,14,0,1,0.0,0,0.0326,0.0,0.0008,0.016
q21,9,15,0,1,0.0,0,0.015,0.0,0.0024,0.0334
q21,9,16,1,1,0.0,0,0.0377,0.1104,0.0303,0.0702
q21,9,17,0,1,0.0,0,0.0357,0.0151,0.0063,0.0335
q21,9,18,0,0,0.0,0,0.0505,0.0,0.0026,0.0225
q21,9,19,0,0,0.0,0,0.0051,0.0,0.005,0.0353
q21,9,20,0,0,0.0,0,0.0206,0.0167,0.0112,0.049
q21,9,21,0,0,0.0,0,0.019,0.0,0.003,0.028
q21,9,22,0,0,0.0,0,0.0334,0.0318,0.0147,0.0528
q21,9,23,0,0,0.0,0,0.0097,0.0,0.0071,0.0355
q21,9,24,0,0,0.0,0,0.0092,0.0151,0.0045,0.0246
q21,9,25,0,0,0.0,0,0.0225,0.0,0.0108,0.0577
q21,9,26,0,0,0.0,0,0.0242,0.0,0.0065,0.0392
q21,10,11,0,1,0.0,0,0.0429,0.1072,0.0225,0.0476
q21,10,12,0,1,0.0,0,0.0403,0.052,0.0153,0.044
q21,10,13,0,1,0.0,0,0.0097,0.0114,0.0052,0.0306
q21,10,14,0,1,0.0,0,0.0415,0.164,0.0222,0.0381
q21,10,15,0,1,0.0,0,0.005,0.0728,0.0143,0.036
q21,10,16,1,1,0.0,0,0.0357,0.1634,0.0439,0.0785
q21,10,17,0,1,0.0,0,0.0442,0.1228,0.0256,0.0566
q21,10,18,0,0,0.0,0,0.0085,0.0415,0.0113,0.0263
q21,10,19,0,0,0.0,0,0.0089,0.0494,0.0142,0.0382
q21,10,20,0,0,0.0,0,0.0346,0.0878,0.0154,0.0479
q21,10,21,0,0,0.0,0,0.044,0.1831,0.0249,0.0496
q21,10,22,0,0,0.6667,2,0.6588,0.2831,0.084,0.1392
q21,10,23,0,0,0.0,0,0.0095,0.0287,0.01,0.0304
q21,10,24,0,0,0.0,0,0.0075,0.0708,0.0136,0.0411
q21,10,25,0,0,0.1667,1,0.1018,0.1311,0.0257,0.0703
q21,10,26,0,0,0.0,0,0.045,0.1696,0.023,0.0607
q21,11,12,0,1,0.0,0,0.1151,0.093,0.0272,0.0453
q21,11,13,0,1,0.0,0,0.0119,0.0,0.0016,0.0169
q21,11,14,1,1,0.0,0,0.52,0.3372,0.08,0.1068
q21,11,15,0,1,0.0,0,0.0219,0.0372,0.0172,0.0343
q21,11,16,0,1,0.0,0,0.1322,0.1654,0.0366,0.0686
q21,11,17,1,1,0.0,0,0.5361,0.316,0.0791,0.1253
q21,11,18,0,0,0.0,0,0.0551,0.0829,0.0174,0.0292
q21,11,19,0,0,0.0,0,0.005,0.0864,0.0212,0.0376
q21,11,20,0,0,0.0,0,0.1107,0.0615,0.0158,0.0353
q21,11,21,0,0,0.0,0,0.0648,0.1454,0.0254,0.0448
q21,11,22,0,0,0.0,0,0.0455,0.1235,0.0256,0.0544
q21,11,23,0,0,0.0,0,0.0052,0.0838,0.0244,0.043
q21,11,24,0,0,0.0,0,0.021,0.1989,0.0401,0.0523
q21,11,25,0,0,0.0,0,0.0254,0.2197,0.0289,0.0488
q21,11,26,0,0,0.0,0,0.1365,0.1766,0.023,0.0452
q21,12,13,1,1,0.0,0,0.0099,0.0258,0.0175,0.064
q21,12,14,0,1,0.0,0,0.1315,0.1005,0.0308,0.0505
q21,12,15,1,1,0.0,0,0.0171,0.1849,0.0366,0.0687
q21,12,16,0,1,0.0,0,0.0513,0.0899,0.024,0.0455
q21,12,17,0,1,0.0,0,0.1345,0.1839,0.0325,0.0565
q21,12,18,0,0,0.0,0,0.1481,0.1071,0.0259,0.0495
q21,12,19,0,0,0.0,0,0.0076,0.0741,0.0191,0.0307
q21,12,20,0,0,0.0,0,0.0739,0.09,0.0302,0.0835
q21,12,21,0,0,0.0,0,0.0309,0.1276,0.0314,0.0573
q21,12,22,0,0,0.0,0,0.0426,0.106,0.0315,0.0678
q21,12,23,0,0,0.0,0,0.0015,0.0597,0.0191,0.0464
q21,12,24,0,0,0.0,0,0.0081,0.125,0.0266,0.0525
q21,12,25,0,0,0.0,0,0.0282,0.0961,0.0299,0.0581
q21,12,26,0,0,0.0,0,0.1188,0.1105,0.0273,0.0516
q21,13,14,0,1,0.0,0,0.0107,0.0,0.0037,0.0148
q21,13,15,1,1,0.0,0,0.007,0.0734,0.0219,0.073
q21,13,16,0,1,0.0,0,0.0077,0.0,0.001,0.0194
q21,13,17,0,1,0.0,0,0.0466,0.0,0.0039,0.0206
q21,13,18,0,0,0.0,0,0.0085,0.0,0.0056,0.0284
q21,13,19,0,0,0.0,0,0.0027,0.0,0.002,0.0238
q21,13,20,0,0,0.0,0,0.0126,0.0263,0.0159,0.051
q21,13,21,0,0,0.0,0,0.0091,0.0,0.0048,0.0265
q21,13,22,0,0,0.0,0,0.0054,0.012,0.0053,0.0282
q21,13,23,0,0,0.0,0,0.0009,0.0,0.0035,0.0273
q21,13,24,0,0,0.0,0,0.0536,0.0,0.0021,0.0276
q21,13,25,0,0,0.0,0,0.0053,0.0,0.0011,0.029
q21,13,26,0,0,0.0,0,0.0089,0.0,0.0,0.0264
q21,14,15,0,1,0.0,0,0.0244,0.0566,0.018,0.0306
q21,14,16,0,1,0.0,0,0.1038,0.1513,0.0379,0.0547
q21,14,17,1,1,0.0,0,0.6015,0.4273,0.1096,0.1608
q21,14,18,0,0,0.0,0,0.0551,0.0864,0.0233,0.0334
q21,14,19,0,0,0.0,0,0.0047,0.0864,0.0244,0.0421
q21,14,20,0,0,0.0,0,0.1237,0.0554,0.0187,0.04
q21,14,21,0,0,0.0,0,0.0701,0.1986,0.0303,0.0538
q21,14,22,0,0,0.0,0,0.0452,0.1813,0.0304,0.0511
q21,14,23,0,0,0.0,0,0.0166,0.0958,0.0329,0.0542
q21,14,24,0,0,0.0,0,0.0248,0.2483,0.0357,0.0468
q21,14,25,0,0,0.0,0,0.0256,0.1605,0.0263,0.0466
q21,14,26,0,0,0.0,0,0.1288,0.1697,0.0239,0.038
q21,15,16,0,1,0.0,0,0.0162,0.0541,0.0144,0.0349
q21,15,17,0,1,0.0,0,0.0163,0.05,0.02,0.0406
q21,15,18,0,0,0.0,0,0.0937,0.1019,0.0224,0.0541
q21,15,19,0,0,0.0,0,0.0,0.0617,0.0162,0.0313
q21,15,20,0,0,0.0,0,0.0244,0.0977,0.0237,0.0679
q21,15,21,0,0,0.0,0,0.0047,0.1443,0.0253,0.0475
q21,15,22,0,0,0.0,0,0.0028,0.1137,0.0217,0.0443
q21,15,23,0,0,0.0,0,0.0204,0.0459,0.0165,0.0412
q21,15,24,0,0,0.0,0,0.0522,0.0851,0.0193,0.0516
q21,15,25,0,0,0.0,0,0.0307,0.0493,0.0178,0.0534
q21,15,26,0,0,0.0,0,0.0282,0.1183,0.0203,0.0486
q21,16,17,0,1,0.0,0,0.1054,0.1454,0.0337,0.059
q21,16,18,0,0,0.0,0,0.0553,0.0829,0.0169,0.0324
q21,16,19,0,0,0.0,0,0.0038,0.1003,0.0235,0.0411
q21,16,20,0,0,0.0,0,0.0764,0.1888,0.0177,0.0373
q21,16,21,0,0,0.0,0,0.0206,0.0832,0.0222,0.0373
q21,16,22,0,0,0.0,0,0.0375,0.1027,0.0297,0.0742
q21,16,23,0,0,0.0,0,0.0041,0.0838,0.0219,0.0373
q21,16,24,0,0,0.0,0,0.0071,0.0959,0.026,0.0446
q21,16,25,0,0,0.0,0,0.0231,0.1713,0.0273,0.0634
q21,16,26,0,0,0.0,0,0.0681,0.1357,0.0262,0.0574
q21,17,18,0,0,0.0,0,0.0591,0.0846,0.0169,0.0315
q21,17,19,0,0,0.0,0,0.0049,0.0864,0.0197,0.0451
q21,17,20,0,0,0.0,0,0.1289,0.0615,0.0161,0.0387
q21,17,21,0,0,0.0,0,0.0711,0.1554,0.0241,0.0575
q21,17,22,0,0,0.0,0,0.0457,0.1607,0.0274,0.0699
q21,17,23,0,0,0.0,0,0.0036,0.0838,0.0232,0.0563
q21,17,24,0,0,0.0,0,0.0052,0.1973,0.0333,0.052
q21,17,25,0,0,0.0,0,0.0179,0.1937,0.0228,0.0538
q21,17,26,0,0,0.0,0,0.1429,0.1172,0.0262,0.0535
q21,18,19,0,1,0.0,0,0.0021,0.0846,0.023,0.0412
q21,18,20,1,1,0.0,0,0.0507,0.0553,0.0251,0.0584
q21,18,21,0,1,0.0,0,0.0056,0.0829,0.0251,0.0502
q21,18,22,1,1,0.0,0,0.0012,0.0708,0.0238,0.0414
q21,18,23,0,1,0.0,0,0.0214,0.0933,0.0275,0.057
q21,18,24,0,1,0.1,1,0.0865,0.0984,0.0243,0.0635
q21,18,25,0,1,0.0,0,0.0988,0.0915,0.0232,0.0462
q21,18,26,0,1,0.0,0,0.0578,0.0846,0.0216,0.04
q21,19,20,0,1,0.0,0,0.0038,0.0494,0.0136,0.0377
q21,19,21,0,1,0.0,0,0.0079,0.0741,0.0216,0.0464
q21,19,22,0,1,0.0,0,0.0108,0.0741,0.0277,0.0663
q21,19,23,0,1,0.0,0,0.0021,0.0741,0.0241,0.0441
q21,19,24,0,1,0.0,0,0.0011,0.0895,0.0194,0.0315
q21,19,25,1,1,0.1429,1,0.1184,0.1559,0.0495,0.0925
q21,19,26,1,1,0.0,0,0.005,0.1451,0.0399,0.0718
q21,20,21,0,1,0.0,0,0.0281,0.1154,0.0243,0.0719
q21,20,22,1,1,0.0,0,0.0386,0.0878,0.0225,0.0523
q21,20,23,0,1,0.0,0,0.0174,0.0505,0.0207,0.049
q21,20,24,0,1,0.0,0,0.0077,0.0351,0.0126,0.0458
q21,20,25,0,1,0.0,0,0.0169,0.0735,0.0221,0.0589
q21,20,26,0,1,0.0,0,0.0783,0.0878,0.0154,0.0446
q21,21,22,0,1,0.0,0,0.0452,0.1887,0.0304,0.0533
q21,21,23,1,1,0.0,0,0.0091,0.0551,0.0213,0.057
q21,21,24,1,1,0.0,0,0.0064,0.1543,0.0242,0.0466
q21,21,25,0,1,0.2,1,0.2993,0.2009,0.0477,0.0948
q21,21,26,0,1,0.0,0,0.0871,0.1898,0.023,0.0454
q21,22,23,0,1,0.0,0,0.0066,0.0471,0.024,0.0529
q21,22,24,0,1,0.0,0,0.0022,0.1333,0.0244,0.051
q21,22,25,0,1,0.0,0,0.0091,0.1749,0.0512,0.1017
q21,22,26,0,1,0.0,0,0.0428,0.1672,0.0312,0.0779
q21,23,24,1,1,0.0,0,0.0066,0.0941,0.0261,0.0508
q21,23,25,0,1,0.0,0,0.0161,0.0608,0.0247,0.0535
q21,23,26,0,1,0.0,0,0.047,0.0551,0.0179,0.0393
q21,24,25,0,1,0.0,0,0.0414,0.1453,0.0272,0.0597
q21,24,26,0,1,0.0,0,0.0065,0.1357,0.0236,0.0425
q21,25,26,1,1,0.0,0,0.0278,0.2877,0.0524,0.0976
q22,0,1,0,1,0.0,0,0.0221,0.0,0.0039,0.0341
q22,0,2,1,1,0.0,0,0.0014,0.0361,0.0153,0.0466
q22,0,3,0,1,0.0,0,0.0,0.0,0.0023,0.0211
q22,0,4,0,1,0.0,0,0.0,0.0321,0.0075,0.0352
q22,0,5,0,1,0.0,0,0.0,0.0,0.0,0.0082
q22,0,6,0,1,0.0,0,0.0,0.0442,0.0111,0.0342
q22,0,7,0,1,0.0,0,0.0,0.0,0.0,0.0049
q22,0,8,1,1,0.0,0,0.0,0.0361,0.0087,0.0311
q22,0,9,0,0,0.0,0,0.0012,0.0,0.0031,0.0166
q22,0,10,0,0,0.0,0,0.0,0.0,0.0,0.0123
q22,0,11,0,0,0.0,0,0.0021,0.0,0.003,0.0092
q22,0,12,0,0,0.0,0,0.0017,0.0,0.0,0.0119
q22,0,13,0,0,0.0,0,0.0146,0.0,0.0029,0.0128
q22,0,14,0,0,0.0,0,0.0,0.0,0.0009,0.0066
q22,0,15,0,0,0.0,0,0.0,0.0,0.0008,0.0134
q22,0,16,0,0,0.0,0,0.0,0.0,0.0,0.0025
q22,0,17,0,0,0.0,0,0.0165,0.0,0.0007,0.0062
q22,0,18,0,0,0.0,0,0.0032,0.0,0.0,0.0073
q22,0,19,0,0,0.0,0,0.0509,0.0,0.0,0.0042
q22,0,20,0,0,0.0,0,0.001,0.0,0.0,0.0083
q22,0,21,0,0,0.0,0,0.0113,0.0,0.0,0.008
q22,0,22,0,0,0.0,0,0.0307,0.0,0.0008,0.0054
q22,0,23,0,0,0.0,0,0.0,0.0,0.0,0.0033
q22,0,24,0,0,0.0,0,0.0211,0.0,0.0,0.0
q22,0,25,0,0,0.0,0,0.0,0.0,0.0,0.003
q22,0,26,0,0,0.0,0,0.0146,0.0,0.0,0.005
q22,1,2,0,1,0.0,0,0.0284,0.0159,0.0108,0.039
q22,1,3,0,1,0.0,0,0.0073,0.0,0.0009,0.0111
q22,1,4,1,1,0.0,0,0.0107,0.1411,0.0336,0.0703
q22,1,5,0,1,0.0,0,0.0166,0.0,0.0,0.0126
q22,1,6,1,1,0.0,0,0.012,0.1711,0.0522,0.0913
q22,1,7,0,1,0.0,0,0.0045,0.0,0.0007,0.0089
q22,1,8,0,1,0.0,0,0.0012,0.0141,0.0072,0.0318
q22,1,9,0,0,0.0,0,0.0333,0.0195,0.0076,0.0145
q22,1,10,0,0,0.0,0,0.0121,0.0407,0.0079,0.0254
q22,1,11,0,0,0.125,1,0.2681,0.03,0.0141,0.0422
q22,1,12,0,0,0.0,0,0.0225,0.0,0.0016,0.0237
q22,1,13,0,0,0.0,0,0.0102,0.0229,0.0084,0.027
q22,1,14,0,0,0.1429,1,0.1002,0.0335,0.0127,0.0344
q22,1,15,0,0,0.1111,1,0.1167,0.0176,0.01,0.0419
q22,1,16,0,0,0.0,0,0.0156,0.0,0.0006,0.0153
q22,1,17,0,0,0.0,0,0.0265,0.0,0.0,0.0113
q22,1,18,0,0,0.0,0,0.0254,0.0,0.0,0.0043
q22,1,19,0,0,0.0,0,0.0525,0.0,0.0,0.0032
q22,1,20,0,0,0.0,0,0.021,0.0,0.0,0.0148
q22,1,21,0,0,0.0,0,0.0324,0.0,0.001,0.0118
q22,1,22,0,0,0.0,0,0.046,0.0,0.0006,0.0128
q22,1,23,0,0,0.0,0,0.0063,0.0,0.0008,0.0107
q22,1,24,0,0,0.0,0,0.0044,0.0,0.0026,0.0153
q22,1,25,0,0,0.0,0,0.0,0.0,0.0,0.0103
q22,1,26,0,0,0.0,0,0.0063,0.0,0.0024,0.0105
q22,2,3,0,1,0.0,0,0.0048,0.0554,0.0162,0.0353
q22,2,4,0,1,0.0,0,0.0129,0.0541,0.0229,0.0503
q22,2,5,0,1,0.0,0,0.0296,0.0554,0.0145,0.0256
q22,2,6,0,1,0.0,0,0.007,0.0,0.0048,0.0329
q22,2,7,0,1,0.0,0,0.0135,0.0541,0.0163,0.035
q22,2,8,1,1,0.0,0,0.0009,0.1081,0.0344,0.0622
q22,2,9,0,0,0.0,0,0.0261,0.0,0.0102,0.0203
q22,2,10,0,0,0.0,0,0.007,0.0,0.0019,0.0212
q22,2,11,0,0,0.0,0,0.0223,0.0757,0.0232,0.0391
q22,2,12,0,0,0.0,0,0.0426,0.0541,0.0159,0.0285
q22,2,13,0,0,0.0,0,0.0396,0.0541,0.0165,0.027
q22,2,14,0,0,0.0,0,0.0034,0.0108,0.0154,0.0295
q22,2,15,0,0,0.0,0,0.009,0.0757,0.022,0.0362
q22,2,16,0,0,0.0,0,0.0199,0.0649,0.0144,0.0188
q22,2,17,0,0,0.0,0,0.0346,0.0324,0.0069,0.0143
q22,2,18,0,0,0.0,0,0.0181,0.0,0.01,0.0227
q22,2,19,0,0,0.0,0,0.0359,0.0904,0.0226,0.033
q22,2,20,0,0,0.0,0,0.0123,0.034,0.0155,0.0337
q22,2,21,0,0,0.0,0,0.043,0.0,0.0124,0.0264
q22,2,22,0,0,0.0,0,0.0399,0.0757,0.0179,0.0268
q22,2,23,0,0,0.0,0,0.0073,0.0757,0.0208,0.0314
q22,2,24,0,0,0.0,0,0.0073,0.0757,0.0178,0.0263
q22,2,25,0,0,0.0,0,0.0072,0.077,0.0165,0.025
q22,2,26,0,0,0.0,0,0.009,0.0757,0.0167,0.0257
q22,3,4,0,1,0.0,0,0.0051,0.0443,0.0167,0.0446
q22,3,5,1,1,0.0,0,0.0,0.2839,0.0822,0.1173
q22,3,6,0,1,0.0,0,0.008,0.0,0.0017,0.0248
q22,3,7,1,1,0.0,0,0.0028,0.205,0.067,0.1014
q22,3,8,0,1,0.0,0,0.0024,0.0997,0.0166,0.0402
q22,3,9,0,0,0.0,0,0.0122,0.0195,0.0098,0.0257
q22,3,10,0,0,0.0,0,0.008,0.0,0.0,0.0208
q22,3,11,0,0,0.0,0,0.0021,0.0554,0.0182,0.044
q22,3,12,0,0,0.0,0,0.0,0.1551,0.0282,0.0616
q22,3,13,0,0,0.0,0,0.0054,0.126,0.0238,0.0397
q22,3,14,0,0,0.0,0,0.0015,0.0443,0.0153,0.0365
q22,3,15,0,0,0.0,0,0.014,0.1177,0.0189,0.0395
q22,3,16,0,0,0.0,0,0.006,0.0983,0.0183,0.0372
q22,3,17,0,0,0.0,0,0.0075,0.1233,0.0132,0.0282
q22,3,18,0,0,0.0,0,0.0089,0.0,0.0132,0.0672
q22,3,19,0,0,0.0,0,0.0221,0.0579,0.0183,0.0426
q22,3,20,0,0,0.0,0,0.0162,0.0272,0.0207,0.0656
q22,3,21,0,0,0.0,0,0.0134,0.0,0.0112,0.0493
q22,3,22,0,0,0.0,0,0.0151,0.1925,0.0306,0.0605
q22,3,23,0,0,0.0,0,0.0063,0.126,0.0195,0.0288
q22,3,24,0,0,0.0,0,0.0051,0.1427,0.0184,0.027
q22,3,25,0,0,0.0,0,0.0031,0.1717,0.0238,0.0524
q22,3,26,0,0,0.0,0,0.0,0.1537,0.0167,0.0257
q22,4,5,0,1,0.0,0,0.0021,0.0583,0.0151,0.0387
q22,4,6,1,1,0.0,0,0.0,0.3541,0.107,0.1914
q22,4,7,0,1,0.0,0,0.0591,0.0625,0.0139,0.0332
q22,4,8,0,1,0.0,0,0.0031,0.0792,0.0223,0.0506
q22,4,9,0,0,0.0,0,0.0642,0.0195,0.0157,0.0414
q22,4,10,0,0,0.0,0,0.0,0.0611,0.0119,0.0515
q22,4,11,0,0,0.0,0,0.0,0.0597,0.0258,0.06
q22,4,12,0,0,0.0,0,0.0011,0.0393,0.0184,0.0453
q22,4,13,0,0,0.0,0,0.0085,0.0691,0.028,0.0569
q22,4,14,0,0,0.0,0,0.0,0.0354,0.0235,0.0568
q22,4,15,0,0,0.0,0,0.0612,0.1198,0.0301,0.0568
q22,4,16,0,0,0.0,0,0.0147,0.0875,0.015,0.0258
q22,4,17,0,0,0.0,0,0.0704,0.051,0.0084,0.0223
q22,4,18,0,0,0.0,0,0.0043,0.0,0.0097,0.0326
q22,4,19,0,0,0.0,0,0.1301,0.0886,0.0218,0.0383
q22,4,20,0,0,0.0,0,0.0088,0.0,0.0117,0.0361
q22,4,21,0,0,0.0,0,0.0096,0.0,0.0119,0.0327
q22,4,22,0,0,0.0,0,0.0613,0.0667,0.016,0.0366
q22,4,23,0,0,0.0,0,0.0604,0.0451,0.0151,0.0274
q22,4,24,0,0,0.0,0,0.0,0.0667,0.0153,0.0341
q22,4,25,0,0,0.0,0,0.0,0.0667,0.0121,0.027
q22,4,26,0,0,0.0,0,0.0,0.0667,0.0161,0.0343
q22,5,6,0,1,0.0,0,0.0079,0.0,0.0028,0.0231
q22,5,7,1,1,0.0,0,0.0,0.1644,0.0544,0.0835
q22,5,8,0,1,0.0,0,0.0,0.0749,0.0157,0.0389
q22,5,9,0,0,0.0,0,0.0068,0.0,0.0097,0.0331
q22,5,10,0,0,0.0,0,0.0062,0.0,0.0033,0.0254
q22,5,11,0,0,0.0,0,0.01,0.0487,0.0144,0.0341
q22,5,12,0,0,0.1111,1,0.1531,0.1548,0.0403,0.0985
q22,5,13,0,0,0.0,0,0.0186,0.0679,0.0205,0.0339
q22,5,14,0,0,0.0,0,0.0,0.025,0.0151,0.0439
q22,5,15,0,0,0.0,0,0.0,0.0999,0.0211,0.0479
q22,5,16,0,0,0.0,0,0.0049,0.0978,0.0188,0.045
q22,5,17,0,0,0.0,0,0.0061,0.0957,0.0162,0.0355
q22,5,18,0,0,0.0,0,0.0165,0.0,0.014,0.045
q22,5,19,0,0,0.0,0,0.0121,0.0723,0.0228,0.0457
q22,5,20,0,0,0.0,0,0.0063,0.0272,0.01,0.0323
q22,5,21,0,0,0.0,0,0.0154,0.0,0.0077,0.0224
q22,5,22,0,0,0.1111,1,0.0215,0.1374,0.0292,0.0761
q22,5,23,0,0,0.0,0,0.0,0.0542,0.0149,0.0223
q22,5,24,0,0,0.0,0,0.0017,0.0884,0.0145,0.0274
q22,5,25,0,0,0.0,0,0.0163,0.1415,0.0228,0.0504
q22,5,26,0,0,0.0,0,0.0,0.1436,0.0179,0.0292
q22,6,7,0,1,0.0,0,0.0,0.0,0.002,0.0216
q22,6,8,0,1,0.0,0,0.0038,0.0125,0.0111,0.0401
q22,6,9,0,0,0.0,0,0.0117,0.0195,0.0145,0.0419
q22,6,10,0,0,0.3333,1,0.7195,0.0712,0.0216,0.0638
q22,6,11,0,0,0.0,0,0.0084,0.0,0.0143,0.0527
q22,6,12,0,0,0.0,0,0.0106,0.0,0.0046,0.0336
q22,6,13,0,0,0.0,0,0.0096,0.0265,0.0171,0.0477
q22,6,14,0,0,0.0,0,0.001,0.0452,0.0115,0.0372
q22,6,15,0,0,0.0,0,0.0009,0.078,0.0202,0.0568
q22,6,16,0,0,0.0,0,0.0102,0.0,0.0011,0.0178
q22,6,17,0,0,0.0,0,0.0101,0.0,0.0022,0.0264
q22,6,18,0,0,0.0,0,0.0121,0.0,0.0027,0.028
q22,6,19,0,0,0.0,0,0.0045,0.0,0.0018,0.0155
q22,6,20,0,0,0.0,0,0.0044,0.0,0.0035,0.028
q22,6,21,0,0,0.0,0,0.0038,0.0,0.0029,0.0254
q22,6,22,0,0,0.0,0,0.0053,0.0,0.0019,0.0193
q22,6,23,0,0,0.0,0,0.0,0.0,0.0,0.0148
q22,6,24,0,0,0.0,0,0.0,0.0125,0.0044,0.021
q22,6,25,0,0,0.0,0,0.0009,0.0,0.0016,0.0204
q22,6,26,0,0,0.0,0,0.0,0.0125,0.0053,0.0215
q22,7,8,0,1,0.0,0,0.0,0.2052,0.0186,0.0356
q22,7,9,0,0,0.0,0,0.0102,0.0,0.0076,0.0283
q22,7,10,0,0,0.0,0,0.0,0.0,0.0,0.0162
q22,7,11,0,0,0.0,0,0.0114,0.0487,0.0119,0.0273
q22,7,12,0,0,0.0,0,0.0017,0.059,0.0185,0.0433
q22,7,13,0,0,0.0,0,0.0101,0.0861,0.0184,0.0253
q22,7,14,0,0,0.0,0,0.0094,0.1853,0.0168,0.0375
q22,7,15,0,0,0.0,0,0.0095,0.1821,0.0159,0.034
q22,7,16,0,0,0.0,0,0.0084,0.0961,0.0133,0.0271
q22,7,17,0,0,0.0,0,0.0049,0.0296,0.0085,0.021
q22,7,18,0,0,0.0,0,0.0056,0.0,0.0097,0.0315
q22,7,19,0,0,0.0,0,0.0137,0.0723,0.0167,0.0383
q22,7,20,0,0,0.0,0,0.0045,0.0272,0.0102,0.0322
q22,7,21,0,0,0.0,0,0.0122,0.0,0.0095,0.0225
q22,7,22,0,0,0.0,0,0.0057,0.0407,0.0178,0.0459
q22,7,23,0,0,0.0,0,0.0168,0.1332,0.0166,0.0246
q22,7,24,0,0,0.0,0,0.0115,0.0462,0.0135,0.0229
q22,7,25,0,0,0.0,0,0.0,0.097,0.0134,0.0316
q22,7,26,0,0,0.0,0,0.0086,0.0961,0.0118,0.0185
q22,8,9,0,0,0.0,0,0.0122,0.0,0.0078,0.0292
q22,8,10,0,0,0.0,0,0.0038,0.0,0.0033,0.0252
q22,8,11,0,0,0.0,0,0.0082,0.0755,0.0241,0.0435
q22,8,12,0,0,0.0,0,0.003,0.0688,0.0158,0.0382
q22,8,13,0,0,0.0,0,0.0,0.0497,0.0157,0.0313
q22,8,14,0,0,0.0,0,0.0028,0.1914,0.0201,0.0485
q22,8,15,0,0,0.0,0,0.0055,0.1559,0.029,0.061
q22,8,16,0,0,0.0,0,0.004,0.055,0.019,0.0327
q22,8,17,0,0,0.1429,1,0.0154,0.0443,0.0155,0.0369
q22,8,18,0,0,0.0,0,0.0012,0.0,0.0103,0.0267
q22,8,19,0,0,0.0,0,0.0012,0.0868,0.0157,0.0254
q22,8,20,0,0,0.0,0,0.0011,0.0407,0.0095,0.0245
q22,8,21,0,0,0.0,0,0.0,0.0,0.012,0.0303
q22,8,22,0,0,0.0,0,0.0028,0.0629,0.0174,0.0377
q22,8,23,0,0,0.0,0,0.0011,0.1433,0.0185,0.0263
q22,8,24,0,0,0.0,0,0.0021,0.0574,0.0197,0.0293
q22,8,25,0,0,0.0,0,0.0,0.0428,0.0147,0.0299
q22,8,26,0,0,0.0,0,0.0,0.0521,0.0183,0.0292
q22,9,10,1,1,0.0,0,0.0117,0.0509,0.0146,0.0465
q22,9,11,0,1,0.0,0,0.0134,0.0,0.0095,0.025
q22,9,12,0,1,0.0,0,0.0129,0.0,0.0108,0.0398
q22,9,13,1,1,0.0,0,0.0126,0.0244,0.0119,0.036
q22,9,14,0,1,0.0,0,0.0009,0.0,0.0057,0.0282
q22,9,15,0,1,0.0,0,0.0312,0.0,0.0095,0.0316
q22,9,16,0,1,0.0,0,0.0256,0.0,0.005,0.0224
q22,9,17,0,1,0.0,0,0.0289,0.0,0.0037,0.0169
q22,9,18,0,0,0.0,0,0.0223,0.0,0.0,0.0219
q22,9,19,0,0,0.0,0,0.0574,0.0,0.0086,0.0212
q22,9,20,0,0,0.0,0,0.0295,0.0,0.0,0.0174
q22,9,21,0,0,0.0,0,0.0225,0.0,0.0012,0.0171
q22,9,22,0,0,0.0,0,0.0468,0.0,0.0057,0.0219
q22,9,23,0,0,0.0,0,0.0102,0.0,0.0068,0.0174
q22,9,24,0,0,0.0,0,0.0132,0.0,0.0056,0.0172
q22,9,25,0,0,0.0,0,0.0,0.0,0.0052,0.022
q22,9,26,0,0,0.0,0,0.0019,0.0,0.0052,0.0142
q22,10,11,0,1,0.0,0,0.0084,0.0,0.0035,0.0259
q22,10,12,0,1,0.0,0,0.0089,0.0,0.0009,0.0225
q22,10,13,1,1,0.0,0,0.0127,0.0763,0.0123,0.0465
q22,10,14,0,1,0.0,0,0.001,0.0229,0.0067,0.0282
q22,10,15,0,1,0.0,0,0.0009,0.0,0.0045,0.0281
q22,10,16,0,1,0.0,0,0.0102,0.0,0.0025,0.023
q22,10,17,0,1,0.0,0,0.0101,0.0,0.0,0.0203
q22,10,18,0,0,0.0,0,0.0121,0.0,0.0172,0.0402
q22,10,19,0,0,0.0,0,0.0045,0.0,0.0,0.0171
q22,10,20,0,0,0.0,0,0.0044,0.0,0.0,0.0157
q22,10,21,0,0,0.0,0,0.0039,0.0,0.02,0.035
q22,10,22,0,0,0.0,0,0.0054,0.0,0.0,0.0158
q22,10,23,0,0,0.0,0,0.0,0.0,0.0,0.018
q22,10,24,0,0,0.0,0,0.0,0.0,0.0,0.0151
q22,10,25,0,0,0.0,0,0.0009,0.0,0.0,0.014
q22,10,26,0,0,0.0,0,0.0,0.0,0.0,0.013
q22,11,12,0,1,0.0,0,0.0099,0.0491,0.0144,0.0345
q22,11,13,0,1,0.0,0,0.0112,0.0487,0.015,0.0302
q22,11,14,1,1,0.0,0,0.011,0.1072,0.0598,0.1012
q22,11,15,1,1,0.0,0,0.0898,0.1474,0.06,0.1056
q22,11,16,0,1,0.0,0,0.008,0.0889,0.0212,0.038
q22,11,17,0,1,0.0,0,0.0198,0.0292,0.0066,0.0185
q22,11,18,0,0,0.0,0,0.0218,0.0,0.0174,0.0492
q22,11,19,0,0,0.0,0,0.0186,0.0868,0.022,0.0393
q22,11,20,0,0,0.0,0,0.0111,0.0407,0.017,0.0399
q22,11,21,0,0,0.0,0,0.0175,0.0,0.0133,0.0367
q22,11,22,0,0,0.0,0,0.0172,0.0999,0.0271,0.0423
q22,11,23,0,0,0.0,0,0.0013,0.0706,0.0198,0.0369
q22,11,24,0,0,0.0,0,0.0132,0.0755,0.0211,0.042
q22,11,25,0,0,0.0,0,0.0,0.0682,0.0159,0.0354
q22,11,26,0,0,0.0,0,0.0079,0.0755,0.0204,0.0403
q22,12,13,0,1,0.0,0,0.0254,0.1044,0.0182,0.031
q22,12,14,0,1,0.0,0,0.0,0.0602,0.0197,0.0581
q22,12,15,0,1,0.0,0,0.0,0.1548,0.0302,0.0602
q22,12,16,1,1,0.0,0,0.0031,0.1929,0.0349,0.0663
q22,12,17,1,1,0.0,0,0.0083,0.1609,0.0201,0.0455
q22,12,18,0,0,0.0,0,0.0094,0.0,0.0147,0.0467
q22,12,19,0,0,0.0,0,0.0197,0.0651,0.0254,0.0626
q22,12,20,0,0,0.0,0,0.0072,0.0272,0.0135,0.0325
q22,12,21,0,0,0.0,0,0.0279,0.0,0.013,0.0327
q22,12,22,0,0,0.1111,1,0.2625,0.1978,0.0439,0.0913
q22,12,23,0,0,0.0,0,0.0,0.0921,0.0204,0.0304
q22,12,24,0,0,0.0,0,0.0013,0.129,0.0187,0.0342
q22,12,25,0,0,0.0,0,0.0438,0.1622,0.0289,0.0577
q22,12,26,0,0,0.0,0,0.0009,0.1474,0.017,0.0291
q22,13,14,0,1,0.0,0,0.0034,0.0097,0.0131,0.0265
q22,13,15,0,1,0.0,0,0.0054,0.0618,0.0166,0.0341
q22,13,16,0,1,0.0,0,0.0084,0.0703,0.0132,0.024
q22,13,17,0,1,0.0,0,0.0175,0.04,0.0101,0.0172
q22,13,18,0,0,0.0,0,0.0038,0.0,0.01,0.0217
q22,13,19,0,0,0.0,0,0.0028,0.0579,0.013,0.0212
q22,13,20,0,0,0.0,0,0.0016,0.0272,0.0128,0.0297
q22,13,21,0,0,0.0,0,0.02,0.0,0.009,0.022
q22,13,22,0,0,0.0,0,0.0028,0.0606,0.0158,0.0284
q22,13,23,0,0,0.0,0,0.003,0.0485,0.0149,0.0251
q22,13,24,0,0,0.0,0,0.0059,0.0691,0.0151,0.0226
q22,13,25,0,0,0.0,0,0.0107,0.0848,0.0138,0.0264
q22,13,26,0,0,0.0,0,0.0083,0.0836,0.0148,0.0223
q22,14,15,1,1,0.1429,1,0.1004,0.3737,0.1093,0.1789
q22,14,16,0,1,0.0,0,0.0,0.0489,0.0165,0.0423
q22,14,17,0,1,0.0,0,0.0,0.0407,0.0109,0.0302
q22,14,18,0,0,0.0,0,0.0,0.0,0.0165,0.043
q22,14,19,0,0,0.0,0,0.0009,0.0,0.0119,0.0263
q22,14,20,0,0,0.0,0,0.0,0.0272,0.0124,0.0288
q22,14,21,0,0,0.0,0,0.003,0.0,0.015,0.0366
q22,14,22,0,0,0.0,0,0.0009,0.0407,0.0154,0.0386
q22,14,23,0,0,0.0,0,0.002,0.0903,0.0177,0.0352
q22,14,24,0,0,0.0,0,0.0041,0.0081,0.0142,0.0334
q22,14,25,0,0,0.0,0,0.0018,0.0081,0.0102,0.0317
q22,14,26,0,0,0.0,0,0.003,0.0081,0.015,0.0362
q22,15,16,0,1,0.0,0,0.0216,0.1407,0.0291,0.0642
q22,15,17,0,1,0.0,0,0.0068,0.1022,0.0181,0.043
q22,15,18,0,0,0.0,0,0.0096,0.0,0.0121,0.0412
q22,15,19,0,0,0.0,0,0.0207,0.0904,0.0195,0.0273
q22,15,20,0,0,0.0,0,0.0124,0.0407,0.0118,0.0247
q22,15,21,0,0,0.0,0,0.0054,0.0,0.0127,0.0303
q22,15,22,0,0,0.0,0,0.0202,0.1201,0.0262,0.0459
q22,15,23,0,0,0.0,0,0.0078,0.1648,0.0237,0.0416
q22,15,24,0,0,0.0,0,0.0245,0.1057,0.0244,0.0463
q22,15,25,0,0,0.0,0,0.0,0.0896,0.0179,0.0386
q22,15,26,0,0,0.0,0,0.0009,0.0744,0.0212,0.0427
q22,16,17,1,1,0.0,0,0.0494,0.0949,0.0198,0.0511
q22,16,18,0,0,0.0,0,0.0248,0.0,0.0105,0.0378
q22,16,19,0,0,0.0,0,0.0221,0.0976,0.0199,0.0313
q22,16,20,0,0,0.0,0,0.012,0.0,0.0086,0.0212
q22,16,21,0,0,0.0,0,0.0143,0.0,0.0116,0.0288
q22,16,22,0,0,0.0,0,0.035,0.1354,0.0282,0.051
q22,16,23,0,0,0.0,0,0.0128,0.105,0.02,0.0284
q22,16,24,0,0,0.0,0,0.0077,0.0853,0.0173,0.0287
q22,16,25,0,0,0.0,0,0.0,0.0962,0.0175,0.0344
q22,16,26,0,0,0.0,0,0.0059,0.0855,0.0183,0.0276
q22,17,18,0,0,0.0,0,0.0333,0.0,0.0076,0.0263
q22,17,19,0,0,0.0,0,0.0415,0.0434,0.0075,0.017
q22,17,20,0,0,0.0,0,0.009,0.0,0.0051,0.015
q22,17,21,0,0,0.0,0,0.0089,0.0,0.0054,0.016
q22,17,22,0,0,0.0,0,0.0476,0.159,0.0137,0.0346
q22,17,23,0,0,0.0,0,0.0041,0.0767,0.0112,0.017
q22,17,24,0,0,0.0,0,0.0175,0.1208,0.0113,0.0212
q22,17,25,0,0,0.0,0,0.0,0.0645,0.0091,0.0314
q22,17,26,0,0,0.0,0,0.0137,0.087,0.0103,0.018
q22,18,19,0,1,0.0,0,0.0329,0.0,0.0164,0.0486
q22,18,20,1,1,0.0,0,0.0203,0.0633,0.0376,0.0872
q22,18,21,1,1,0.0,0,0.0195,0.2584,0.0982,0.1705
q22,18,22,0,1,0.0,0,0.0209,0.0,0.0118,0.046
q22,18,23,0,1,0.0,0,0.0068,0.0,0.0101,0.0179
q22,18,24,0,1,0.0,0,0.008,0.0,0.0078,0.0168
q22,18,25,0,1,0.0,0,0.0,0.0,0.0092,0.0255
q22,18,26,0,1,0.0,0,0.0027,0.0,0.0085,0.0169
q22,19,20,0,1,0.0,0,0.0511,0.0,0.0121,0.027
q22,19,21,0,1,0.0,0,0.0087,0.0,0.0144,0.0302
q22,19,22,1,1,0.125,1,0.5031,0.1392,0.0417,0.0926
q22,19,23,0,1,0.0,0,0.0078,0.0868,0.0209,0.022
q22,19,24,0,1,0.0,0,0.0057,0.0868,0.0176,0.0242
q22,19,25,1,1,0.0,0,0.0,0.0868,0.0179,0.0479
q22,19,26,0,1,0.0,0,0.0017,0.0868,0.0177,0.0209
q22,20,21,1,1,0.0,0,0.0177,0.0441,0.0382,0.1062
q22,20,22,0,1,0.0,0,0.0419,0.0272,0.0123,0.033
q22,20,23,0,1,0.0,0,0.0045,0.0272,0.0129,0.0209
q22,20,24,0,1,0.0,0,0.0018,0.0272,0.0089,0.0149
q22,20,25,0,1,0.0,0,0.0,0.0272,0.0106,0.0229
q22,20,26,0,1,0.0,0,0.0,0.0272,0.0084,0.0165
q22,21,22,0,1,0.0,0,0.0916,0.0,0.0131,0.0323
q22,21,23,0,1,0.0,0,0.0044,0.0,0.0123,0.0239
q22,21,24,0,1,0.0,0,0.0027,0.0,0.0096,0.0185
q22,21,25,0,1,0.0,0,0.0168,0.0,0.009,0.019
q22,21,26,0,1,0.0,0,0.0136,0.0,0.0095,0.0155
q22,22,23,0,1,0.0,0,0.005,0.0937,0.0198,0.0285
q22,22,24,0,1,0.0,0,0.005,0.1528,0.0184,0.027
q22,22,25,1,1,0.0,0,0.0033,0.2166,0.0401,0.0804
q22,22,26,0,1,0.0,0,0.0017,0.1703,0.0199,0.0276
q22,23,24,1,1,0.0,0,0.0051,0.2054,0.0414,0.0687
q22,23,25,0,1,0.0,0,0.0,0.0926,0.0158,0.0241
q22,23,26,1,1,0.0,0,0.0108,0.1907,0.0396,0.0651
q22,24,25,0,1,0.0,0,0.0012,0.1394,0.0167,0.026
q22,24,26,1,1,0.0,0,0.0376,0.2213,0.0475,0.0852
q22,25,26,0,1,0.0,0,0.0027,0.129,0.0177,0.0271
q23,0,1,1,1,0.2222,2,0.4228,0.1342,0.0763,0.169
q23,0,2,0,1,0.0,0,0.125,0.0,0.0077,0.0273
q23,0,3,1,1,0.125,1,0.1148,0.043,0.0258,0.0887
q23,0,4,0,1,0.2222,2,0.2185,0.0278,0.0166,0.0435
q23,0,5,0,1,0.0,0,0.0212,0.0228,0.0086,0.0435
q23,0,6,0,1,0.0,0,0.0907,0.0203,0.0087,0.0352
q23,0,7,0,1,0.0,0,0.1573,0.0,0.0018,0.0251
q23,0,8,0,1,0.0,0,0.0619,0.0,0.0064,0.0335
q23,1,2,0,1,0.1111,1,0.1569,0.0576,0.0291,0.0488
q23,1,3,1,1,0.25,2,0.173,0.4508,0.14,0.2195
q23,1,4,0,1,0.0909,1,0.1767,0.0671,0.0216,0.0417
q23,1,5,0,1,0.0,0,0.0218,0.0,0.0019,0.0366
q23,1,6,0,1,0.0,0,0.0892,0.0,0.0097,0.0429
q23,1,7,0,1,0.0,0,0.1041,0.0,0.0093,0.0463
q23,1,8,0,1,0.0,0,0.0685,0.1319,0.0181,0.0465
q23,2,3,0,1,0.0,0,0.0961,0.068,0.0207,0.0403
q23,2,4,1,1,0.0,0,0.0986,0.0867,0.0376,0.0778
q23,2,5,0,1,0.0,0,0.0102,0.0,0.0016,0.0254
q23,2,6,0,1,0.0,0,0.0099,0.0,0.0083,0.0239
q23,2,7,0,1,0.0,0,0.028,0.0,0.004,0.0291
q23,2,8,1,1,0.0,0,0.0074,0.0765,0.026,0.0557
q23,3,4,0,1,0.1111,1,0.0567,0.0659,0.0194,0.0342
q23,3,5,0,1,0.0,0,0.0877,0.0132,0.0066,0.0378
q23,3,6,0,1,0.0,0,0.018,0.0395,0.0117,0.039
q23,3,7,0,1,0.0,0,0.3419,0.0,0.0088,0.039
q23,3,8,0,1,0.0,0,0.0231,0.1647,0.0201,0.0454
q23,4,5,0,1,0.0,0,0.0042,0.0,0.0045,0.0285
q23,4,6,0,1,0.0,0,0.0757,0.0,0.0083,0.0351
q23,4,7,0,1,0.0,0,0.1383,0.0215,0.0206,0.0433
q23,4,8,1,1,0.0,0,0.0613,0.0744,0.0216,0.0418
q23,5,6,1,1,0.0,0,0.0197,0.0,0.0052,0.0434
q23,5,7,1,1,0.125,1,0.1717,0.0,0.0029,0.0312
q23,5,8,0,1,0.0,0,0.0207,0.0,0.0047,0.0282
q23,6,7,1,1,0.1111,1,0.2089,0.0,0.0146,0.0554
q23,6,8,0,1,0.0,0,0.3063,0.0739,0.0167,0.044
q23,7,8,0,1,0.0,0,0.0882,0.0257,0.0222,0.0536
q24,0,1,0,1,0.1111,1,0.0253,0.0,0.0,0.0164
q24,0,2,0,1,0.0,0,0.0145,0.0,0.006,0.0386
q24,0,3,0,1,0.1111,1,0.0111,0.0,0.0,0.0142
q24,0,4,0,1,0.1111,1,0.1275,0.0,0.002,0.0273
q24,0,5,0,1,0.1429,1,0.1061,0.0,0.0009,0.0205
q24,0,6,1,1,0.0,0,0.2526,0.0243,0.006,0.0419
q24,0,7,0,1,0.0,0,0.0293,0.0,0.0014,0.0265
q24,0,8,1,1,0.1429,1,0.23,0.0,0.002,0.0509
q24,1,2,0,1,0.0,0,0.0109,0.0747,0.025,0.0426
q24,1,3,0,1,0.1111,1,0.0999,0.139,0.058,0.0967
q24,1,4,1,1,0.1111,1,0.1409,0.0664,0.0168,0.0313
q24,1,5,1,1,0.1429,1,0.1006,0.0913,0.0436,0.0866
q24,1,6,0,1,0.0,0,0.0595,0.0726,0.0176,0.0365
q24,1,7,0,1,0.0,0,0.0429,0.0664,0.0145,0.0232
q24,1,8,0,1,0.1429,1,0.1107,0.0747,0.0215,0.0368
q24,2,3,1,1,0.125,1,0.6161,0.1443,0.0458,0.0646
q24,2,4,0,1,0.0,0,0.059,0.0837,0.0321,0.0756
q24,2,5,0,1,0.0,0,0.0329,0.0,0.0168,0.0349
q24,2,6,0,1,0.0,0,0.0168,0.1373,0.049,0.0829
q24,2,7,1,1,0.1667,1,0.6089,0.2392,0.079,0.152
q24,2,8,0,1,0.0,0,0.0154,0.134,0.0568,0.0876
q24,3,4,0,1,0.1111,1,0.1772,0.1031,0.0278,0.038
q24,3,5,0,1,0.1429,1,0.1255,0.0567,0.0342,0.0682
q24,3,6,0,1,0.0,0,0.0304,0.1254,0.0301,0.0401
q24,3,7,1,1,0.1429,1,0.4922,0.201,0.0536,0.0705
q24,3,8,0,1,0.1429,1,0.1008,0.1271,0.0339,0.0429
q24,4,5,1,1,0.1429,1,0.2075,0.1901,0.0232,0.045
q24,4,6,0,1,0.0,0,0.065,0.1334,0.0385,0.0705
q24,4,7,0,1,0.0,0,0.0581,0.2751,0.0314,0.0635
q24,4,8,0,1,0.1429,1,0.2325,0.1199,0.0471,0.082
q24,5,6,0,1,0.0,0,0.0473,0.0363,0.0218,0.0499
q24,5,7,0,1,0.0,0,0.0172,0.1542,0.0171,0.0298
q24,5,8,0,1,0.2,1,0.1921,0.0,0.019,0.0494
q24,6,7,0,1,0.0,0,0.0237,0.1192,0.0354,0.0684
q24,6,8,1,1,0.1667,1,0.2991,0.2257,0.094,0.1516
q24,7,8,0,1,0.0,0,0.0317,0.1326,0.0339,0.065
q25,0,1,1,1,0.0,0,0.057,0.2036,0.089,0.1717
q25,0,2,1,1,0.0,0,0.2141,0.2255,0.0613,0.1231
q25,0,3,0,1,0.25,2,0.3226,0.2016,0.0526,0.1017
q25,0,4,0,1,0.2857,2,0.438,0.2575,0.0636,0.1282
q25,0,5,0,1,0.2857,2,0.4663,0.2435,0.0625,0.1262
q25,0,6,0,1,0.1111,1,0.4891,0.2934,0.0634,0.1063
q25,0,7,0,1,0.0,0,0.1054,0.1118,0.0389,0.0906
q25,0,8,0,1,0.25,2,0.4583,0.1936,0.0387,0.0896
q25,0,9,0,0,0.3333,2,0.3948,0.1077,0.0513,0.1093
q25,0,10,0,0,0.0,0,0.2489,0.0349,0.0256,0.0577
q25,0,11,0,0,0.0,0,0.0806,0.1357,0.0525,0.0944
q25,0,12,0,0,0.1111,1,0.0239,0.1297,0.0406,0.0854
q25,0,13,0,0,0.1111,1,0.285,0.1517,0.0417,0.0901
q25,0,14,0,0,0.1111,1,0.1326,0.1437,0.0436,0.0986
q25,0,15,0,0,0.0,0,0.1298,0.2036,0.0446,0.0834
q25,0,16,0,0,0.0,0,0.2288,0.2255,0.048,0.0745
q25,0,17,0,0,0.125,1,0.2302,0.1577,0.0362,0.0814
q25,0,18,0,0,0.0,0,0.1025,0.0,0.0101,0.0507
q25,0,19,0,0,0.0,0,0.1929,0.0818,0.0363,0.0741
q25,0,20,0,0,0.1111,1,0.2425,0.1717,0.0442,0.1023
q25,0,21,0,0,0.0,0,0.0419,0.0459,0.0259,0.0554
q25,0,22,0,0,0.0,0,0.0861,0.1238,0.0418,0.0762
q25,0,23,0,0,0.0,0,0.2168,0.1018,0.04,0.0921
q25,0,24,0,0,0.0,0,0.0991,0.1158,0.0413,0.0946
q25,0,25,0,0,0.0,0,0.1659,0.2435,0.0591,0.0949
q25,0,26,0,0,0.0,0,0.0861,0.2315,0.0505,0.087
q25,1,2,1,1,0.0,0,0.0721,0.2552,0.0714,0.12
q25,1,3,0,1,0.0,0,0.0496,0.1314,0.0365,0.0763
q25,1,4,0,1,0.0,0,0.055,0.1638,0.0412,0.0812
q25,1,5,0,1,0.0,0,0.072,0.1638,0.045,0.1
q25,1,6,0,1,0.0,0,0.0781,0.2095,0.0434,0.0829
q25,1,7,0,1,0.0,0,0.0158,0.1143,0.0294,0.0759
q25,1,8,0,1,0.0,0,0.0279,0.1581,0.031,0.0752
q25,1,9,0,0,0.0,0,0.0439,0.0769,0.0309,0.0752
q25,1,10,0,0,0.0,0,0.0541,0.0504,0.0247,0.0496
q25,1,11,0,0,0.0,0,0.0472,0.1124,0.0441,0.0836
q25,1,12,0,0,0.0,0,0.0132,0.0495,0.0217,0.0606
q25,1,13,0,0,0.0,0,0.0268,0.1143,0.0319,0.0672
q25,1,14,0,0,0.0,0,0.0227,0.099,0.0272,0.0646
q25,1,15,0,0,0.0,0,0.0393,0.099,0.0222,0.0518
q25,1,16,0,0,0.0,0,0.0967,0.1143,0.0238,0.046
q25,1,17,0,0,0.1429,1,0.272,0.1676,0.04,0.0821
q25,1,18,0,0,0.0,0,0.0609,0.0,0.0061,0.0338
q25,1,19,0,0,0.0,0,0.0898,0.0461,0.0225,0.0495
q25,1,20,0,0,0.0,0,0.0233,0.099,0.0257,0.065
q25,1,21,0,0,0.0,0,0.0315,0.0,0.0099,0.0302
q25,1,22,0,0,0.0,0,0.0446,0.0629,0.0326,0.0738
q25,1,23,0,0,0.0,0,0.0934,0.0,0.0196,0.0456
q25,1,24,0,0,0.0,0,0.0056,0.1333,0.0354,0.0703
q25,1,25,0,0,0.1111,1,0.2504,0.1105,0.0436,0.081
q25,1,26,0,0,0.0,0,0.0457,0.1848,0.0495,0.0844
q25,2,3,0,1,0.0,0,0.0911,0.1417,0.0343,0.0609
q25,2,4,0,1,0.0,0,0.1283,0.188,0.0502,0.0849
q25,2,5,0,1,0.0,0,0.1947,0.1866,0.0544,0.0912
q25,2,6,0,1,0.1429,1,0.2568,0.1826,0.0458,0.0802
q25,2,7,0,1,0.0,0,0.1114,0.1335,0.0388,0.0658
q25,2,8,0,1,0.0,0,0.0344,0.1417,0.0345,0.0671
q25,2,9,0,0,0.0,0,0.0795,0.0731,0.0177,0.0478
q25,2,10,0,0,0.0,0,0.8222,0.0504,0.0188,0.0402
q25,2,11,0,0,0.0,0,0.0714,0.1144,0.0408,0.0716
q25,2,12,0,0,0.0,0,0.0299,0.1131,0.027,0.0621
q25,2,13,0,0,0.0,0,0.0923,0.1458,0.0404,0.0703
q25,2,14,0,0,0.0,0,0.0218,0.1458,0.0323,0.0626
q25,2,15,0,0,0.0,0,0.1145,0.1308,0.03,0.0616
q25,2,16,0,0,0.0,0,0.2342,0.1417,0.0305,0.0561
q25,2,17,0,0,0.0,0,0.0604,0.1662,0.0306,0.0567
q25,2,18,0,0,0.0,0,0.1724,0.0,0.0071,0.0315
q25,2,19,0,0,0.0,0,0.2646,0.096,0.0268,0.049
q25,2,20,0,0,0.0,0,0.0243,0.1431,0.0308,0.063
q25,2,21,0,0,0.0,0,0.0335,0.0283,0.0155,0.0415
q25,2,22,0,0,0.0,0,0.0787,0.1131,0.0349,0.0616
q25,2,23,0,0,0.0,0,0.2707,0.0518,0.0291,0.0647
q25,2,24,0,0,0.0,0,0.119,0.1717,0.0434,0.0718
q25,2,25,0,0,0.0,0,0.127,0.109,0.0349,0.0636
q25,2,26,0,0,0.0,0,0.0693,0.1144,0.0348,0.0634
q25,3,4,0,1,0.125,1,0.153,0.2506,0.0634,0.1216
q25,3,5,1,1,0.5,3,0.7465,0.4659,0.186,0.2729
q25,3,6,1,1,0.1111,1,0.1656,0.3353,0.1043,0.1604
q25,3,7,0,1,0.0,0,0.0198,0.194,0.0348,0.0763
q25,3,8,0,1,0.1111,1,0.1476,0.2491,0.0607,0.1228
q25,3,9,0,0,0.6,3,0.7563,0.2615,0.0616,0.1071
q25,3,10,0,0,0.0,0,0.1269,0.0698,0.0128,0.028
q25,3,11,0,0,0.0,0,0.0524,0.1142,0.0301,0.0548
q25,3,12,0,0,0.1111,1,0.0254,0.1367,0.0456,0.0991
q25,3,13,0,0,0.1111,1,0.0706,0.2323,0.0515,0.1003
q25,3,14,0,0,0.1111,1,0.053,0.2383,0.0514,0.1012
q25,3,15,0,0,0.0,0,0.0639,0.1533,0.0449,0.0803
q25,3,16,0,0,0.0,0,0.1248,0.188,0.0541,0.0868
q25,3,17,0,0,0.2857,2,0.5068,0.4156,0.1146,0.1812
q25,3,18,0,0,0.0,0,0.0611,0.0,0.0122,0.0466
q25,3,19,0,0,0.0,0,0.0854,0.1862,0.0442,0.101
q25,3,20,0,0,0.1111,1,0.0522,0.2443,0.0481,0.0964
q25,3,21,0,0,0.0,0,0.0364,0.0772,0.0361,0.0682
q25,3,22,0,0,0.0,0,0.0497,0.1629,0.0275,0.0403
q25,3,23,0,0,0.0,0,0.0963,0.0658,0.0455,0.0987
q25,3,24,0,0,0.0,0,0.0395,0.1754,0.0446,0.0827
q25,3,25,0,0,0.0,0,0.0667,0.1497,0.0268,0.0537
q25,3,26,0,0,0.0,0,0.0533,0.1629,0.0267,0.0552
q25,4,5,0,1,0.1429,1,0.1671,0.2924,0.077,0.1438
q25,4,6,0,1,0.125,1,0.3662,0.3649,0.0978,0.1602
q25,4,7,1,1,0.0,0,0.1123,0.3575,0.0977,0.1626
q25,4,8,1,1,0.2857,2,0.5504,0.6118,0.2347,0.3126
q25,4,9,0,0,0.1667,1,0.22,0.2192,0.0419,0.0804
q25,4,10,0,0,0.0,0,0.357,0.0504,0.0193,0.0349
q25,4,11,0,0,0.0,0,0.072,0.1104,0.0381,0.067
q25,4,12,0,0,0.125,1,0.0344,0.0702,0.0377,0.0896
q25,4,13,0,0,0.2857,2,0.5122,0.3857,0.1331,0.1916
q25,4,14,0,0,0.125,1,0.1342,0.4054,0.1086,0.1778
q25,4,15,0,0,0.0,0,0.0824,0.156,0.0443,0.0975
q25,4,16,0,0,0.0,0,0.1779,0.145,0.0377,0.0777
q25,4,17,0,0,0.1429,1,0.2121,0.3501,0.082,0.1435
q25,4,18,0,0,0.0,0,0.0789,0.0193,0.0282,0.0752
q25,4,19,0,0,0.0,0,0.1251,0.0845,0.0308,0.0938
q25,4,20,0,0,0.125,1,0.2453,0.3391,0.0896,0.1586
q25,4,21,0,0,0.0,0,0.0485,0.0677,0.0254,0.0644
q25,4,22,0,0,0.0,0,0.0731,0.2002,0.0435,0.0654
q25,4,23,0,0,0.0,0,0.1652,0.0439,0.0378,0.0979
q25,4,24,0,0,0.1429,1,0.1077,0.3243,0.0858,0.1331
q25,4,25,0,0,0.0,0,0.1168,0.2469,0.054,0.0891
q25,4,26,0,0,0.0,0,0.0743,0.2469,0.0487,0.079
q25,5,6,1,1,0.125,1,0.2079,0.3428,0.1056,0.1521
q25,5,7,0,1,0.0,0,0.0949,0.1976,0.0421,0.0997
q25,5,8,0,1,0.125,1,0.1337,0.2718,0.0641,0.1207
q25,5,9,0,0,0.75,3,0.8406,0.2885,0.0662,0.1186
q25,5,10,0,0,0.0,0,0.2076,0.0349,0.0129,0.0291
q25,5,11,0,0,0.0,0,0.0723,0.1434,0.0362,0.0689
q25,5,12,0,0,0.125,1,0.0186,0.1256,0.0457,0.0935
q25,5,13,0,0,0.125,1,0.095,0.1867,0.064,0.1136
q25,5,14,0,0,0.125,1,0.0339,0.2707,0.0685,0.1259
q25,5,15,0,0,0.0,0,0.1366,0.1638,0.0436,0.0958
q25,5,16,0,0,0.0,0,0.1892,0.1954,0.0442,0.0769
q25,5,17,0,0,0.3333,2,0.6206,0.4192,0.1384,0.2335
q25,5,18,0,0,0.0,0,0.1639,0.0435,0.0097,0.0402
q25,5,19,0,0,0.0,0,0.1713,0.1075,0.0373,0.084
q25,5,20,0,0,0.125,1,0.0296,0.2576,0.0649,0.1258
q25,5,21,0,0,0.0,0,0.038,0.063,0.0278,0.0567
q25,5,22,0,0,0.0,0,0.0766,0.1085,0.0355,0.061
q25,5,23,0,0,0.0,0,0.19,0.0787,0.0431,0.098
q25,5,24,0,0,0.0,0,0.0692,0.1937,0.0517,0.1037
q25,5,25,0,0,0.0,0,0.1566,0.1176,0.0421,0.0674
q25,5,26,0,0,0.0,0,0.0752,0.1583,0.0374,0.0686
q25,6,7,0,1,0.0,0,0.1077,0.1965,0.0438,0.0804
q25,6,8,0,1,0.25,2,0.5582,0.414,0.1363,0.2078
q25,6,9,0,0,0.1429,1,0.2416,0.2731,0.0525,0.0876
q25,6,10,0,0,0.0,0,0.8208,0.0349,0.0149,0.0394
q25,6,11,0,0,0.1111,1,0.0895,0.1853,0.0426,0.088
q25,6,12,0,0,0.1111,1,0.1139,0.1773,0.0538,0.1014
q25,6,13,0,0,0.1111,1,0.2839,0.2467,0.0594,0.1046
q25,6,14,0,0,0.25,2,0.2804,0.2197,0.0747,0.1273
q25,6,15,0,0,0.0,0,0.1036,0.2024,0.0505,0.0916
q25,6,16,0,0,0.0,0,0.1204,0.2115,0.0569,0.0984
q25,6,17,0,0,0.125,1,0.2272,0.2277,0.0473,0.0968
q25,6,18,0,0,0.0,0,0.0764,0.0435,0.0134,0.0585
q25,6,19,0,0,0.0,0,0.0994,0.2131,0.0462,0.0881
q25,6,20,0,0,0.25,2,0.3864,0.251,0.078,0.1281
q25,6,21,0,0,0.0,0,0.0469,0.0898,0.0386,0.0693
q25,6,22,0,0,0.0,0,0.0879,0.1238,0.0319,0.056
q25,6,23,0,0,0.0,0,0.1545,0.0671,0.0472,0.094
q25,6,24,0,0,0.0,0,0.125,0.2205,0.0567,0.0996
q25,6,25,0,0,0.0,0,0.1066,0.1506,0.043,0.0858
q25,6,26,0,0,0.125,1,0.1867,0.166,0.0489,0.0915
q25,7,8,1,1,0.0,0,0.0186,0.3929,0.0805,0.1401
q25,7,9,0,0,0.0,0,0.0188,0.0308,0.0089,0.0363
q25,7,10,0,0,0.0,0,0.187,0.0,0.01,0.0303
q25,7,11,0,0,0.0,0,0.0719,0.0812,0.0353,0.0633
q25,7,12,0,0,0.0,0,0.0052,0.0505,0.031,0.0752
q25,7,13,0,0,0.125,1,0.2757,0.4044,0.1099,0.157
q25,7,14,0,0,0.0,0,0.0261,0.4148,0.0887,0.1617
q25,7,15,0,0,0.0,0,0.1089,0.1185,0.0343,0.0774
q25,7,16,0,0,0.0,0,0.1557,0.1081,0.0233,0.0507
q25,7,17,0,0,0.0,0,0.0351,0.3274,0.0594,0.1094
q25,7,18,0,0,0.0,0,0.1183,0.1401,0.0372,0.0858
q25,7,19,0,0,0.0,0,0.1272,0.0653,0.0239,0.0653
q25,7,20,0,0,0.0,0,0.0296,0.42,0.0874,0.1566
q25,7,21,0,0,0.0,0,0.0283,0.0126,0.0124,0.0449
q25,7,22,0,0,0.0,0,0.0726,0.0979,0.0377,0.0528
q25,7,23,0,0,0.0,0,0.1181,0.0142,0.0281,0.073
q25,7,24,0,0,0.0,0,0.2239,0.3532,0.0923,0.1269
q25,7,25,0,0,0.0,0,0.0914,0.0741,0.0354,0.0721
q25,7,26,0,0,0.0,0,0.0736,0.1414,0.0382,0.0664
q25,8,9,0,0,0.1429,1,0.2241,0.1962,0.0379,0.0723
q25,8,10,0,0,0.0,0,0.0894,0.0,0.0094,0.0299
q25,8,11,0,0,0.1111,1,0.0354,0.0926,0.0316,0.0624
q25,8,12,0,0,0.1111,1,0.1115,0.1539,0.0442,0.1018
q25,8,13,0,0,0.1111,1,0.2378,0.2667,0.0692,0.1206
q25,8,14,0,0,0.25,2,0.2789,0.3093,0.0906,0.1501
q25,8,15,0,0,0.0,0,0.0314,0.2028,0.0507,0.1076
q25,8,16,0,0,0.0,0,0.0444,0.1518,0.0412,0.0847
q25,8,17,0,0,0.125,1,0.2226,0.3035,0.0698,0.1308
q25,8,18,0,0,0.0,0,0.0198,0.0386,0.0148,0.0486
q25,8,19,0,0,0.0,0,0.0375,0.2035,0.0436,0.0943
q25,8,20,0,0,0.25,2,0.3863,0.2265,0.0741,0.1275
q25,8,21,0,0,0.0,0,0.0181,0.0772,0.0296,0.0682
q25,8,22,0,0,0.0,0,0.0344,0.1403,0.0397,0.0621
q25,8,23,0,0,0.0,0,0.0386,0.0774,0.0398,0.0947
q25,8,24,0,0,0.0,0,0.0123,0.2436,0.0608,0.1
q25,8,25,0,0,0.0,0,0.0347,0.1294,0.0443,0.0807
q25,8,26,0,0,0.125,1,0.1628,0.1527,0.0473,0.0817
q25,9,10,1,1,0.0,0,0.1233,0.0349,0.0273,0.0556
q25,9,11,1,1,0.0,0,0.0519,0.0808,0.0308,0.0623
q25,9,12,0,1,0.1429,1,0.0184,0.0577,0.0213,0.0422
q25,9,13,0,1,0.1429,1,0.1572,0.0308,0.0126,0.0395
q25,9,14,0,1,0.1429,1,0.1343,0.0308,0.0138,0.0485
q25,9,15,0,1,0.0,0,0.0596,0.0577,0.0148,0.033
q25,9,16,0,1,0.0,0,0.1133,0.1077,0.0228,0.0422
q25,9,17,0,1,0.4,2,0.7588,0.2,0.0438,0.085
q25,9,18,0,0,0.0,0,0.058,0.0,0.0049,0.0335
q25,9,19,0,0,0.0,0,0.0766,0.1077,0.0328,0.0633
q25,9,20,0,0,0.1429,1,0.1324,0.0308,0.0143,0.0492
q25,9,21,0,0,0.0,0,0.0359,0.0577,0.0191,0.0411
q25,9,22,0,0,0.0,0,0.0492,0.1115,0.0269,0.055
q25,9,23,0,0,0.0,0,0.0856,0.0577,0.0198,0.0468
q25,9,24,0,0,0.0,0,0.0395,0.1115,0.0217,0.0566
q25,9,25,0,0,0.0,0,0.0619,0.1423,0.0369,0.0758
q25,9,26,0,0,0.0,0,0.0528,0.1577,0.0307,0.0555
q25,10,11,1,1,0.0,0,0.2149,0.1279,0.0466,0.0781
q25,10,12,0,1,0.0,0,0.0147,0.0,0.0088,0.0252
q25,10,13,0,1,0.0,0,0.1013,0.0,0.0114,0.0317
q25,10,14,0,1,0.0,0,0.0619,0.0,0.0098,0.0328
q25,10,15,0,1,0.0,0,0.2466,0.0,0.0068,0.0232
q25,10,16,0,1,0.0,0,0.1279,0.0,0.0103,0.0287
q25,10,17,0,1,0.0,0,0.1334,0.0,0.0065,0.0223
q25,10,18,0,0,0.0,0,0.104,0.0,0.0082,0.0237
q25,10,19,0,0,0.0,0,0.1728,0.0,0.0131,0.0321
q25,10,20,0,0,0.0,0,0.0321,0.0,0.0095,0.0312
q25,10,21,0,0,0.0,0,0.1879,0.0,0.0037,0.0244
q25,10,22,0,0,0.1429,1,0.2539,0.0891,0.0311,0.064
q25,10,23,0,0,0.0,0,0.3877,0.0,0.0073,0.0234
q25,10,24,0,0,0.0,0,0.1884,0.0504,0.0158,0.0321
q25,10,25,0,0,0.2857,2,0.3043,0.0775,0.039,0.0823
q25,10,26,0,0,0.0,0,0.2154,0.0504,0.0276,0.06
q25,11,12,0,1,0.0,0,0.013,0.1015,0.0253,0.0504
q25,11,13,0,1,0.0,0,0.0547,0.1294,0.0427,0.0709
q25,11,14,0,1,0.1111,1,0.1664,0.1129,0.0359,0.0613
q25,11,15,0,1,0.0,0,0.1349,0.0635,0.0247,0.0474
q25,11,16,0,1,0.0,0,0.1155,0.0635,0.0238,0.0432
q25,11,17,0,1,0.0,0,0.0469,0.0914,0.0285,0.0565
q25,11,18,0,0,0.0,0,0.1029,0.0531,0.0122,0.0295
q25,11,19,0,0,0.0,0,0.1005,0.0461,0.0208,0.0477
q25,11,20,0,0,0.1111,1,0.0353,0.1003,0.0335,0.0607
q25,11,21,0,0,0.0,0,0.0687,0.0,0.0154,0.0374
q25,11,22,0,0,0.25,2,0.9053,0.4175,0.1277,0.1883
q25,11,23,0,0,0.0,0,0.092,0.1574,0.0263,0.0543
q25,11,24,0,0,0.0,0,0.0775,0.1497,0.0492,0.0863
q25,11,25,0,0,0.2222,2,0.7561,0.5102,0.1731,0.2279
q25,11,26,0,0,0.8,4,0.8439,0.4657,0.1484,0.2142
q25,12,13,0,1,0.1111,1,0.0178,0.0776,0.038,0.0903
q25,12,14,0,1,0.1111,1,0.0452,0.117,0.0513,0.1112
q25,12,15,1,1,0.0,0,0.0227,0.3621,0.1194,0.1882
q25,12,16,1,1,0.0,0,0.0399,0.3941,0.1302,0.172
q25,12,17,0,1,0.125,1,0.013,0.0973,0.0348,0.0913
q25,12,18,0,0,0.0,0,0.009,0.0,0.0097,0.0393
q25,12,19,0,0,0.0,0,0.0267,0.4338,0.1417,0.2118
q25,12,20,0,0,0.1111,1,0.0522,0.1133,0.0449,0.0946
q25,12,21,0,0,0.0,0,0.0081,0.2346,0.0946,0.1427
q25,12,22,0,0,0.0,0,0.013,0.1232,0.0214,0.042
q25,12,23,0,0,0.0,0,0.0327,0.3574,0.1091,0.1871
q25,12,24,0,0,0.0,0,0.0122,0.0653,0.0337,0.0799
q25,12,25,0,0,0.0,0,0.0121,0.0702,0.026,0.0514
q25,12,26,0,0,0.0,0,0.0149,0.0591,0.0218,0.0522
q25,13,14,1,1,0.1111,1,0.1107,0.5056,0.1583,0.2242
q25,13,15,0,1,0.0,0,0.0751,0.1356,0.0371,0.0818
q25,13,16,0,1,0.0,0,0.1003,0.1344,0.0272,0.0512
q25,13,17,1,1,0.125,1,0.1495,0.4278,0.0928,0.1445
q25,13,18,0,0,0.0,0,0.0858,0.2343,0.051,0.0997
q25,13,19,0,0,0.0,0,0.0953,0.0633,0.0234,0.06
q25,13,20,0,0,0.1111,1,0.2254,0.5133,0.1606,0.2191
q25,13,21,0,0,0.0,0,0.0449,0.0126,0.0135,0.0431
q25,13,22,0,0,0.0,0,0.0578,0.1014,0.0391,0.0596
q25,13,23,0,0,0.0,0,0.0934,0.0271,0.0304,0.0768
q25,13,24,0,0,0.125,1,0.1906,0.4166,0.1196,0.1621
q25,13,25,0,0,0.0,0,0.0676,0.1435,0.0496,0.0765
q25,13,26,0,0,0.0,0,0.0556,0.1489,0.0402,0.0673
q25,14,15,0,1,0.1,1,0.1785,0.1892,0.058,0.114
q25,14,16,0,1,0.0,0,0.0584,0.1556,0.0306,0.0674
q25,14,17,1,1,0.125,1,0.1284,0.3856,0.0986,0.1594
q25,14,18,0,0,0.25,2,0.0529,0.1981,0.0387,0.0883
q25,14,19,0,0,0.0,0,0.0326,0.0614,0.0266,0.0708
q25,14,20,0,0,0.6667,4,0.873,0.7396,0.403,0.4659
q25,14,21,0,0,0.0,0,0.0398,0.0394,0.019,0.0606
q25,14,22,0,0,0.0,0,0.0447,0.1097,0.0417,0.0647
q25,14,23,0,0,0.0,0,0.0492,0.1084,0.0419,0.1048
q25,14,24,0,0,0.0,0,0.0108,0.3873,0.0936,0.1375
q25,14,25,0,0,0.0,0,0.0374,0.1224,0.041,0.079
q25,14,26,0,0,0.125,1,0.1836,0.0946,0.0325,0.0609
q25,15,16,1,1,0.0,0,0.149,0.3504,0.0787,0.1228
q25,15,17,0,1,0.0,0,0.047,0.1309,0.0343,0.0902
q25,15,18,0,0,0.0,0,0.1419,0.0,0.0044,0.0358
q25,15,19,0,0,0.0,0,0.143,0.2802,0.0748,0.1181
q25,15,20,0,0,0.1,1,0.1761,0.1909,0.0553,0.1208
q25,15,21,0,0,0.3333,3,0.452,0.2189,0.0796,0.1371
q25,15,22,0,0,0.0,0,0.1121,0.0778,0.0198,0.0407
q25,15,23,0,0,0.0,0,0.1943,0.1716,0.0614,0.1178
q25,15,24,0,0,0.0,0,0.0964,0.1778,0.0467,0.0896
q25,15,25,0,0,0.0,0,0.1371,0.0576,0.0232,0.0448
q25,15,26,0,0,0.0,0,0.1275,0.0482,0.0215,0.0461
q25,16,17,0,1,0.0,0,0.0677,0.1218,0.031,0.0659
q25,16,18,0,0,0.0,0,0.2752,0.0,0.0017,0.0205
q25,16,19,0,0,0.0,0,0.299,0.3781,0.1088,0.1689
q25,16,20,0,0,0.0,0,0.0589,0.105,0.0286,0.0651
q25,16,21,0,0,0.0,0,0.0814,0.2315,0.0867,0.1354
q25,16,22,0,0,0.0,0,0.1236,0.0778,0.0205,0.0386
q25,16,23,0,0,0.0,0,0.2858,0.2826,0.086,0.1353
q25,16,24,0,0,0.0,0,0.0927,0.1035,0.0249,0.0533
q25,16,25,0,0,0.0,0,0.1893,0.0576,0.0259,0.0496
q25,16,26,0,0,0.0,0,0.1201,0.0384,0.0214,0.0408
q25,17,18,0,0,0.0,0,0.0567,0.1618,0.0232,0.0607
q25,17,19,0,0,0.0,0,0.0585,0.0806,0.0248,0.0694
q25,17,20,0,0,0.125,1,0.127,0.3655,0.0868,0.1435
q25,17,21,0,0,0.0,0,0.0344,0.0394,0.017,0.0473
q25,17,22,0,0,0.0,0,0.0412,0.1002,0.0339,0.0541
q25,17,23,0,0,0.0,0,0.0665,0.0245,0.0314,0.0868
q25,17,24,0,0,0.0,0,0.0392,0.38,0.0751,0.1275
q25,17,25,0,0,0.1111,1,0.2776,0.1047,0.0333,0.0595
q25,17,26,0,0,0.0,0,0.0442,0.0914,0.0327,0.0649
q25,18,19,0,1,0.0,0,0.185,0.0,0.0037,0.0289
q25,18,20,1,1,0.1111,1,0.0332,0.2391,0.043,0.0923
q25,18,21,0,1,0.0,0,0.0637,0.0,0.0011,0.02
q25,18,22,0,1,0.0,0,0.1113,0.0,0.0028,0.0175
q25,18,23,0,1,0.0,0,0.1995,0.0,0.0042,0.0363
q25,18,24,1,1,0.0,0,0.0775,0.087,0.0241,0.0635
q25,18,25,0,1,0.0,0,0.1589,0.0676,0.0122,0.0292
q25,18,26,0,1,0.0,0,0.1005,0.0,0.0084,0.0314
q25,19,20,0,1,0.0,0,0.037,0.0633,0.0275,0.0804
q25,19,21,1,1,0.0,0,0.0614,0.2937,0.11,0.1771
q25,19,22,0,1,0.0,0,0.1104,0.0614,0.0166,0.0348
q25,19,23,1,1,0.0,0,0.417,0.3013,0.1097,0.1994
q25,19,24,0,1,0.0,0,0.0811,0.0633,0.0242,0.0648
q25,19,25,0,1,0.0,0,0.1427,0.0614,0.0256,0.0467
q25,19,26,0,1,0.0,0,0.1057,0.0614,0.0239,0.0481
q25,20,21,0,1,0.0,0,0.0343,0.0394,0.0185,0.0662
q25,20,22,0,1,0.0,0,0.0366,0.0755,0.0296,0.0487
q25,20,23,0,1,0.0,0,0.0503,0.0865,0.0317,0.0993
q25,20,24,1,1,0.0,0,0.0101,0.3946,0.1078,0.1576
q25,20,25,0,1,0.0,0,0.0309,0.1141,0.0351,0.0641
q25,20,26,0,1,0.125,1,0.175,0.0777,0.0299,0.057
q25,21,22,0,1,0.0,0,0.0667,0.0126,0.0095,0.0246
q25,21,23,1,1,0.0,0,0.0717,0.1197,0.0576,0.1135
q25,21,24,0,1,0.0,0,0.065,0.0283,0.0194,0.0611
q25,21,25,0,1,0.0,0,0.0651,0.0,0.016,0.0329
q25,21,26,0,1,0.0,0,0.0675,0.0,0.0116,0.0281
q25,22,23,0,1,0.0,0,0.0975,0.1677,0.0245,0.043
q25,22,24,0,1,0.0,0,0.0682,0.1157,0.0476,0.0704
q25,22,25,1,1,0.2222,2,0.7369,0.3573,0.1354,0.1816
q25,22,26,1,1,0.2857,2,0.9054,0.3962,0.1186,0.1838
q25,23,24,0,1,0.0,0,0.1253,0.0258,0.0292,0.0758
q25,23,25,0,1,0.0,0,0.1564,0.0465,0.0294,0.052
q25,23,26,0,1,0.0,0,0.0952,0.0245,0.0217,0.0509
q25,24,25,0,1,0.0,0,0.0853,0.0877,0.0373,0.0624
q25,24,26,0,1,0.0,0,0.0691,0.1011,0.0363,0.0632
q25,25,26,1,1,0.1111,1,0.6708,0.4353,0.1579,0.2184
q26,0,1,0,1,0.0,0,0.0198,0.1871,0.0206,0.0487
q26,0,2,0,1,0.0,0,0.0562,0.1806,0.0278,0.0639
q26,0,3,0,1,0.0,0,0.0564,0.2161,0.0345,0.0769
q26,0,4,0,1,0.0,0,0.0409,0.1935,0.0248,0.064
q26,0,5,0,1,0.0,0,0.0547,0.1871,0.0145,0.0344
q26,0,6,0,1,0.0,0,0.072,0.1774,0.0199,0.0558
q26,0,7,1,1,0.0,0,0.0319,0.2581,0.0305,0.0739
q26,0,8,1,1,0.0,0,0.0269,0.1677,0.0122,0.0389
q26,0,9,0,0,0.0,0,0.047,0.1277,0.052,0.102
q26,0,10,0,0,0.125,1,0.0744,0.1323,0.0449,0.099
q26,0,11,0,0,0.0,0,0.0119,0.0,0.016,0.0444
q26,0,12,0,0,0.0,0,0.0524,0.1742,0.025,0.0721
q26,0,13,0,0,0.0,0,0.0062,0.1871,0.0226,0.0603
q26,0,14,0,0,0.0,0,0.0414,0.1903,0.0232,0.064
q26,0,15,0,0,0.0,0,0.0132,0.1581,0.0091,0.0314
q26,0,16,0,0,0.0,0,0.0237,0.2,0.0161,0.0435
q26,0,17,0,0,0.0,0,0.062,0.2258,0.0202,0.0493
q26,0,18,0,0,0.0,0,0.0246,0.1806,0.0158,0.0395
q26,0,19,0,0,0.125,1,0.0646,0.2258,0.0302,0.058
q26,0,20,0,0,0.1,1,0.068,0.1806,0.0306,0.0662
q26,0,21,0,0,0.1111,1,0.0446,0.3323,0.0563,0.1151
q26,0,22,0,0,0.0,0,0.0441,0.2258,0.0309,0.0674
q26,0,23,0,0,0.0,0,0.0329,0.1903,0.0262,0.0728
q26,0,24,0,0,0.0,0,0.0155,0.1581,0.0167,0.0464
q26,0,25,0,0,0.0,0,0.0259,0.2258,0.042,0.0888
q26,0,26,0,0,0.0,0,0.0357,0.2387,0.0291,0.0659
q26,1,2,1,1,0.0,0,0.1832,0.1795,0.0313,0.0611
q26,1,3,0,1,0.0,0,0.2669,0.1652,0.0265,0.0592
q26,1,4,0,1,0.0,0,0.0506,0.1311,0.0149,0.0454
q26,1,5,0,1,0.0,0,0.1508,0.1795,0.0272,0.047
q26,1,6,1,1,0.0,0,0.0411,0.1567,0.0162,0.0408
q26,1,7,0,1,0.0,0,0.1947,0.1738,0.0197,0.0505
q26,1,8,0,1,0.0,0,0.0261,0.1282,0.0109,0.0359
q26,1,9,0,0,0.0,0,0.2381,0.0355,0.0225,0.0583
q26,1,10,0,0,0.0,0,0.0278,0.0256,0.0104,0.0409
q26,1,11,0,0,0.0,0,0.0311,0.0256,0.013,0.0417
q26,1,12,0,0,0.0,0,0.1518,0.1425,0.0133,0.037
q26,1,13,0,0,0.0,0,0.0315,0.1311,0.0186,0.0502
q26,1,14,0,0,0.0,0,0.2183,0.151,0.0284,0.0602
q26,1,15,0,0,0.0,0,0.0048,0.1396,0.0141,0.0408
q26,1,16,0,0,0.0,0,0.1755,0.1795,0.0171,0.0435
q26,1,17,0,0,0.0,0,0.0447,0.1652,0.0135,0.0347
q26,1,18,0,0,0.0,0,0.1595,0.1396,0.0162,0.0399
q26,1,19,0,0,0.0,0,0.2337,0.1681,0.0197,0.045
q26,1,20,0,0,0.0,0,0.1073,0.1567,0.0276,0.0679
q26,1,21,0,0,0.0,0,0.1835,0.1311,0.0139,0.0465
q26,1,22,0,0,0.0,0,0.0333,0.1425,0.0155,0.0452
q26,1,23,0,0,0.0,0,0.2111,0.1254,0.0085,0.0309
q26,1,24,0,0,0.0,0,0.0053,0.1481,0.0169,0.044
q26,1,25,0,0,0.0,0,0.2744,0.1481,0.0183,0.0542
q26,1,26,0,0,0.0,0,0.2696,0.1396,0.0183,0.0499
q26,2,3,0,1,0.2857,2,0.4649,0.3619,0.1262,0.1886
q26,2,4,0,1,0.1111,1,0.2919,0.1014,0.0456,0.0891
q26,2,5,0,1,0.1111,1,0.1806,0.2231,0.0527,0.0993
q26,2,6,1,1,0.0,0,0.0441,0.2871,0.0844,0.1416
q26,2,7,0,1,0.0,0,0.1381,0.1092,0.0327,0.0762
q26,2,8,0,1,0.0,0,0.0174,0.039,0.0165,0.0438
q26,2,9,0,0,0.0,0,0.1553,0.0957,0.0412,0.0845
q26,2,10,0,0,0.125,1,0.1915,0.2075,0.0493,0.098
q26,2,11,0,0,0.0,0,0.031,0.0343,0.0323,0.0761
q26,2,12,0,0,0.25,2,0.484,0.3167,0.088,0.1641
q26,2,13,0,0,0.0,0,0.009,0.1654,0.0589,0.1199
q26,2,14,0,0,0.2857,2,0.487,0.1201,0.0379,0.0793
q26,2,15,0,0,0.125,1,0.3977,0.2028,0.053,0.1046
q26,2,16,0,0,0.125,1,0.3329,0.0718,0.0346,0.0783
q26,2,17,0,0,0.0,0,0.0365,0.0546,0.0245,0.0553
q26,2,18,0,0,0.0,0,0.0647,0.1818,0.0237,0.0439
q26,2,19,0,0,0.2857,2,0.462,0.2122,0.0765,0.1197
q26,2,20,0,0,0.0,0,0.1027,0.1481,0.0615,0.1028
q26,2,21,0,0,0.0,0,0.1303,0.078,0.0274,0.07
q26,2,22,0,0,0.0,0,0.0247,0.1279,0.0369,0.0605
q26,2,23,0,0,0.0,0,0.1898,0.0421,0.0256,0.0607
q26,2,24,0,0,0.25,2,0.4468,0.1778,0.0691,0.1274
q26,2,25,0,0,0.0,0,0.2434,0.1264,0.0604,0.1152
q26,2,26,0,0,0.0,0,0.1951,0.0546,0.0287,0.0694
q26,3,4,1,1,0.125,1,0.0589,0.1321,0.0495,0.0928
q26,3,5,1,1,0.125,1,0.1994,0.3533,0.0833,0.11
q26,3,6,0,1,0.0,0,0.0379,0.2842,0.05,0.0888
q26,3,7,0,1,0.3333,2,0.7034,0.232,0.0641,0.1099
q26,3,8,0,1,0.0,0,0.0295,0.1045,0.0283,0.064
q26,3,9,0,0,0.0,0,0.2201,0.0284,0.0177,0.0516
q26,3,10,0,0,0.0,0,0.0271,0.1874,0.0393,0.0846
q26,3,11,0,0,0.1429,1,0.2573,0.0445,0.0389,0.0884
q26,3,12,0,0,0.5,3,0.4806,0.341,0.0891,0.151
q26,3,13,0,0,0.0,0,0.0232,0.1382,0.0467,0.09
q26,3,14,0,0,0.0,0,0.2189,0.1152,0.0328,0.0642
q26,3,15,0,0,0.0,0,0.0048,0.2627,0.0435,0.0803
q26,3,16,0,0,0.1429,1,0.4586,0.1997,0.049,0.0887
q26,3,17,0,0,0.0,0,0.0465,0.0691,0.0253,0.0609
q26,3,18,0,0,0.0,0,0.099,0.1688,0.025,0.0476
q26,3,19,0,0,0.6,3,0.9321,0.3886,0.1459,0.2117
q26,3,20,0,0,0.0,0,0.1094,0.1129,0.0738,0.1338
q26,3,21,0,0,0.0,0,0.1704,0.0952,0.0318,0.0733
q26,3,22,0,0,0.0,0,0.031,0.0998,0.0379,0.0738
q26,3,23,0,0,0.0,0,0.2945,0.0906,0.0293,0.0628
q26,3,24,0,0,0.125,1,0.0163,0.2381,0.0812,0.1359
q26,3,25,0,0,0.0,0,0.3813,0.129,0.0485,0.0954
q26,3,26,0,0,0.0,0,0.3277,0.0814,0.0219,0.0544
q26,4,5,1,1,0.0,0,0.0955,0.2082,0.0487,0.079
q26,4,6,0,1,0.0,0,0.0323,0.1711,0.0502,0.0942
q26,4,7,0,1,0.125,1,0.0454,0.191,0.0448,0.1015
q26,4,8,0,1,0.125,1,0.4789,0.2387,0.0721,0.1417
q26,4,9,0,0,0.1111,1,0.0521,0.0284,0.0192,0.0535
q26,4,10,0,0,0.2857,2,0.5532,0.1737,0.0833,0.1667
q26,4,11,0,0,0.0,0,0.0149,0.0663,0.0435,0.0775
q26,4,12,0,0,0.25,2,0.3515,0.3369,0.1074,0.1694
q26,4,13,0,0,0.0,0,0.0109,0.1817,0.0368,0.0711
q26,4,14,0,0,0.125,1,0.198,0.1777,0.0367,0.0804
q26,4,15,0,0,0.125,1,0.5074,0.2175,0.0539,0.0919
q26,4,16,0,0,0.2857,2,0.4038,0.2347,0.0609,0.11
q26,4,17,0,0,0.1,1,0.5518,0.2851,0.0873,0.1403
q26,4,18,0,0,0.0,0,0.0169,0.2381,0.0287,0.0577
q26,4,19,0,0,0.0,0,0.0517,0.1844,0.0385,0.0709
q26,4,20,0,0,0.0,0,0.0693,0.1393,0.0472,0.0819
q26,4,21,0,0,0.0,0,0.04,0.2122,0.0382,0.0836
q26,4,22,0,0,0.1111,1,0.5468,0.2878,0.0871,0.1508
q26,4,23,0,0,0.0,0,0.0775,0.1804,0.0474,0.1002
q26,4,24,0,0,0.1111,1,0.5545,0.2202,0.0558,0.1045
q26,4,25,0,0,0.0,0,0.0557,0.1862,0.0535,0.0891
q26,4,26,0,0,0.0,0,0.0645,0.1658,0.0404,0.0873
q26,5,6,0,1,0.0,0,0.0281,0.2278,0.0372,0.0662
q26,5,7,0,1,0.0,0,0.1345,0.1257,0.0219,0.0515
q26,5,8,0,1,0.0,0,0.0113,0.1649,0.038,0.0628
q26,5,9,0,0,0.0,0,0.1183,0.039,0.0167,0.0429
q26,5,10,0,0,0.0,0,0.0898,0.2091,0.0327,0.0749
q26,5,11,0,0,0.0,0,0.0104,0.0553,0.0257,0.0554
q26,5,12,0,0,0.1111,1,0.1625,0.2337,0.0469,0.081
q26,5,13,0,0,0.0,0,0.0011,0.1103,0.0274,0.0641
q26,5,14,0,0,0.125,1,0.237,0.1613,0.0472,0.0818
q26,5,15,0,0,0.0,0,0.0235,0.2254,0.0393,0.0679
q26,5,16,0,0,0.0,0,0.113,0.1625,0.033,0.0565
q26,5,17,0,0,0.0,0,0.0267,0.1388,0.0285,0.0522
q26,5,18,0,0,0.0,0,0.0648,0.2489,0.0288,0.0414
q26,5,19,0,0,0.125,1,0.191,0.209,0.0686,0.1111
q26,5,20,0,0,0.0,0,0.1684,0.1693,0.0544,0.0916
q26,5,21,0,0,0.0,0,0.1057,0.1198,0.0294,0.0566
q26,5,22,0,0,0.0,0,0.0177,0.1293,0.031,0.0603
q26,5,23,0,0,0.0,0,0.1981,0.1198,0.0286,0.0554
q26,5,24,0,0,0.1111,1,0.0357,0.1767,0.0481,0.0933
q26,5,25,0,0,0.0,0,0.2189,0.1213,0.0342,0.064
q26,5,26,0,0,0.0,0,0.1917,0.102,0.0244,0.0572
q26,6,7,0,1,0.125,1,0.1603,0.2315,0.0602,0.126
q26,6,8,0,1,0.0,0,0.026,0.1019,0.031,0.0665
q26,6,9,0,0,0.0,0,0.0389,0.078,0.0241,0.0642
q26,6,10,0,0,0.125,1,0.4645,0.2536,0.0549,0.1158
q26,6,11,0,0,0.125,1,0.1322,0.1937,0.0632,0.1207
q26,6,12,0,0,0.0,0,0.0287,0.2303,0.0625,0.1173
q26,6,13,0,0,0.0,0,0.0,0.0943,0.0426,0.0998
q26,6,14,0,0,0.0,0,0.049,0.158,0.0495,0.1133
q26,6,15,0,0,0.0,0,0.1582,0.2199,0.0668,0.1322
q26,6,16,0,0,0.0,0,0.0388,0.1921,0.0509,0.1083
q26,6,17,0,0,0.0,0,0.043,0.1019,0.0348,0.0769
q26,6,18,0,0,0.0,0,0.011,0.2468,0.0257,0.0436
q26,6,19,0,0,0.0,0,0.0347,0.2114,0.0518,0.0879
q26,6,20,0,0,0.0,0,0.0395,0.1411,0.04,0.071
q26,6,21,0,0,0.0,0,0.0122,0.1262,0.0306,0.0756
q26,6,22,0,0,0.0,0,0.0293,0.1366,0.0365,0.0721
q26,6,23,0,0,0.0,0,0.0238,0.0987,0.0307,0.0719
q26,6,24,0,0,0.0,0,0.1707,0.2396,0.073,0.1338
q26,6,25,0,0,0.0,0,0.0228,0.1749,0.0469,0.103
q26,6,26,0,0,0.0,0,0.0239,0.1586,0.0461,0.1055
q26,7,8,1,1,0.0,0,0.034,0.1195,0.0385,0.0865
q26,7,9,0,0,0.125,1,0.2776,0.1135,0.023,0.0628
q26,7,10,0,0,0.1429,1,0.1335,0.1514,0.0448,0.1091
q26,7,11,0,0,0.1429,1,0.1516,0.2016,0.0516,0.0976
q26,7,12,0,0,0.125,1,0.1522,0.1294,0.0435,0.1022
q26,7,13,0,0,0.0,0,0.0305,0.1863,0.0514,0.1054
q26,7,14,0,0,0.0,0,0.1751,0.2334,0.0443,0.1019
q26,7,15,0,0,0.0,0,0.0075,0.1142,0.042,0.0944
q26,7,16,0,0,0.1429,1,0.5116,0.185,0.0542,0.1229
q26,7,17,0,0,0.0,0,0.0413,0.1553,0.0437,0.0934
q26,7,18,0,0,0.0,0,0.0733,0.2532,0.0251,0.0488
q26,7,19,0,0,0.1429,1,0.6447,0.2394,0.0542,0.1032
q26,7,20,0,0,0.0,0,0.054,0.1323,0.0329,0.0769
q26,7,21,0,0,0.0,0,0.0981,0.2601,0.0475,0.0977
q26,7,22,0,0,0.0,0,0.0287,0.313,0.065,0.117
q26,7,23,0,0,0.0,0,0.1856,0.2961,0.0456,0.0949
q26,7,24,0,0,0.0,0,0.0082,0.2427,0.0557,0.1136
q26,7,25,0,0,0.0,0,0.2342,0.2595,0.0567,0.1181
q26,7,26,0,0,0.0,0,0.2207,0.2966,0.0601,0.1248
q26,8,9,0,0,0.0,0,0.0226,0.0355,0.015,0.0386
q26,8,10,0,0,0.1429,1,0.3418,0.2127,0.0962,0.1702
q26,8,11,0,0,0.0,0,0.0196,0.191,0.0609,0.1074
q26,8,12,0,0,0.125,1,0.3247,0.1521,0.0667,0.1196
q26,8,13,0,0,0.0,0,0.0105,0.1222,0.0308,0.0682
q26,8,14,0,0,0.0,0,0.0229,0.1974,0.0471,0.0904
q26,8,15,0,0,0.1429,1,0.2158,0.1046,0.04,0.0903
q26,8,16,0,0,0.3333,2,0.2459,0.3584,0.0994,0.1578
q26,8,17,0,0,0.1111,1,0.5393,0.5551,0.1985,0.2813
q26,8,18,0,0,0.0,0,0.0095,0.3052,0.0356,0.071
q26,8,19,0,0,0.0,0,0.0305,0.1531,0.0377,0.0725
q26,8,20,0,0,0.0,0,0.0461,0.1499,0.036,0.0615
q26,8,21,0,0,0.0,0,0.0132,0.2047,0.0449,0.0876
q26,8,22,0,0,0.125,1,0.5325,0.3027,0.1314,0.2108
q26,8,23,0,0,0.0,0,0.0323,0.4101,0.0895,0.1567
q26,8,24,0,0,0.125,1,0.1287,0.1272,0.0371,0.0638
q26,8,25,0,0,0.0,0,0.0176,0.2821,0.0622,0.1042
q26,8,26,0,0,0.0,0,0.0204,0.3308,0.0603,0.1134
q26,9,10,1,1,0.0,0,0.0349,0.0461,0.0266,0.0662
q26,9,11,0,1,0.0,0,0.0144,0.0284,0.0196,0.0455
q26,9,12,0,1,0.0,0,0.1148,0.0567,0.0231,0.0634
q26,9,13,0,1,0.0,0,0.0177,0.0284,0.0112,0.0502
q26,9,14,0,1,0.0,0,0.2001,0.0638,0.0211,0.0441
q26,9,15,0,1,0.0,0,0.0054,0.0567,0.0156,0.0392
q26,9,16,0,1,0.0,0,0.2108,0.0567,0.0113,0.0359
q26,9,17,1,1,0.0,0,0.0482,0.0638,0.0149,0.0443
q26,9,18,0,0,0.0,0,0.0835,0.0922,0.0159,0.039
q26,9,19,0,0,0.0,0,0.2073,0.1135,0.0228,0.0537
q26,9,20,0,0,0.0,0,0.0985,0.078,0.028,0.0689
q26,9,21,0,0,0.0,0,0.1637,0.1489,0.0286,0.0645
q26,9,22,0,0,0.0,0,0.0351,0.1064,0.0225,0.0571
q26,9,23,0,0,0.0,0,0.2191,0.0603,0.0193,0.0542
q26,9,24,0,0,0.0,0,0.006,0.117,0.0205,0.0544
q26,9,25,0,0,0.0,0,0.268,0.1312,0.0319,0.0653
q26,9,26,0,0,0.0,0,0.2623,0.0709,0.0182,0.054
q26,10,11,0,1,0.0,0,0.0184,0.1449,0.0682,0.1272
q26,10,12,0,1,0.125,1,0.2116,0.3401,0.0977,0.1807
q26,10,13,0,1,0.0,0,0.0,0.1334,0.052,0.122
q26,10,14,0,1,0.1429,1,0.1875,0.1599,0.0563,0.1084
q26,10,15,0,1,0.1429,1,0.5066,0.2428,0.0471,0.1032
q26,10,16,0,1,0.3333,2,0.1926,0.1094,0.0472,0.1076
q26,10,17,1,1,0.1111,1,0.4081,0.3125,0.1047,0.1813
q26,10,18,0,0,0.0,0,0.0055,0.0519,0.0179,0.0428
q26,10,19,0,0,0.0,0,0.024,0.0802,0.0387,0.0905
q26,10,20,0,0,0.0,0,0.0718,0.0776,0.0331,0.0808
q26,10,21,0,0,0.0,0,0.0089,0.1118,0.0399,0.0972
q26,10,22,0,0,0.125,1,0.3911,0.2596,0.089,0.1569
q26,10,23,0,0,0.0,0,0.0438,0.0865,0.063,0.1422
q26,10,24,0,0,0.125,1,0.5537,0.0986,0.0372,0.0899
q26,10,25,0,0,0.0,0,0.0177,0.2567,0.0909,0.1667
q26,10,26,0,0,0.0,0,0.0256,0.1394,0.0645,0.1544
q26,11,12,0,1,0.0,0,0.02,0.0646,0.0397,0.0882
q26,11,13,0,1,0.0,0,0.0041,0.137,0.0309,0.0796
q26,11,14,0,1,0.0,0,0.0278,0.1673,0.0381,0.074
q26,11,15,1,1,0.0,0,0.0094,0.1594,0.0585,0.1139
q26,11,16,1,1,0.1429,1,0.264,0.2266,0.0906,0.1534
q26,11,17,0,1,0.0,0,0.0208,0.1976,0.0669,0.1238
q26,11,18,0,0,0.0,0,0.0108,0.0519,0.0208,0.0449
q26,11,19,0,0,0.1429,1,0.2564,0.1594,0.0481,0.0928
q26,11,20,0,0,0.0,0,0.0361,0.0882,0.0373,0.0834
q26,11,21,0,0,0.0,0,0.0107,0.1159,0.033,0.0772
q26,11,22,0,0,0.0,0,0.0073,0.1383,0.0477,0.0952
q26,11,23,0,0,0.0,0,0.017,0.1713,0.0535,0.1034
q26,11,24,0,0,0.0,0,0.1485,0.2003,0.0435,0.0811
q26,11,25,0,0,0.0,0,0.0177,0.1707,0.0506,0.0982
q26,11,26,0,0,0.0,0,0.02,0.1634,0.0528,0.1047
q26,12,13,1,1,0.0,0,0.0088,0.1991,0.0825,0.1363
q26,12,14,1,1,0.0,0,0.1237,0.2567,0.076,0.1322
q26,12,15,0,1,0.0,0,0.0077,0.1805,0.0589,0.1045
q26,12,16,0,1,0.125,1,0.2062,0.1101,0.0483,0.0954
q26,12,17,0,1,0.1,1,0.3876,0.1498,0.0638,0.1165
q26,12,18,0,0,0.0,0,0.0652,0.2208,0.0247,0.0484
q26,12,19,0,0,0.2857,2,0.4737,0.1883,0.0517,0.0995
q26,12,20,0,0,0.0,0,0.1121,0.1905,0.0585,0.0946
q26,12,21,0,0,0.0,0,0.1348,0.0965,0.0402,0.0917
q26,12,22,0,0,0.1111,1,0.3731,0.2134,0.0837,0.1376
q26,12,23,0,0,0.0,0,0.2209,0.2479,0.0488,0.1023
q26,12,24,0,0,0.1111,1,0.0208,0.1351,0.0473,0.0939
q26,12,25,0,0,0.0,0,0.2683,0.244,0.0715,0.1348
q26,12,26,0,0,0.0,0,0.208,0.1033,0.043,0.1004
q26,13,14,1,1,0.0,0,0.0197,0.2841,0.0977,0.1551
q26,13,15,0,1,0.0,0,0.0011,0.1257,0.0409,0.0849
q26,13,16,0,1,0.0,0,0.0143,0.1537,0.0421,0.0878
q26,13,17,0,1,0.0,0,0.0125,0.1281,0.0401,0.0838
q26,13,18,0,0,0.0,0,0.0049,0.2143,0.0235,0.0507
q26,13,19,0,0,0.0,0,0.0269,0.2564,0.0536,0.1022
q26,13,20,0,0,0.0,0,0.0103,0.1534,0.0526,0.0975
q26,13,21,0,0,0.0,0,0.0296,0.1769,0.0589,0.114
q26,13,22,0,0,0.125,1,0.2647,0.1467,0.047,0.1038
q26,13,23,0,0,0.0,0,0.0185,0.1821,0.0433,0.0906
q26,13,24,0,0,0.0,0,0.0,0.1944,0.0532,0.102
q26,13,25,0,0,0.0,0,0.0321,0.2158,0.0688,0.1331
q26,13,26,0,0,0.0,0,0.049,0.163,0.051,0.1109
q26,14,15,0,1,0.1429,1,0.2948,0.1696,0.0459,0.0847
q26,14,16,0,1,0.1429,1,0.2877,0.1498,0.0262,0.0652
q26,14,17,0,1,0.0,0,0.0213,0.1858,0.0429,0.0855
q26,14,18,0,0,0.0,0,0.0717,0.2446,0.029,0.0591
q26,14,19,0,0,0.0,0,0.2108,0.2272,0.0491,0.0837
q26,14,20,0,0,0.0,0,0.106,0.164,0.0529,0.0889
q26,14,21,0,0,0.0,0,0.1104,0.2718,0.0633,0.1108
q26,14,22,0,0,0.0,0,0.0108,0.2683,0.066,0.116
q26,14,23,0,0,0.0,0,0.1352,0.1892,0.0467,0.0962
q26,14,24,0,0,0.125,1,0.3236,0.2334,0.0397,0.0694
q26,14,25,0,0,0.0,0,0.1906,0.2384,0.0685,0.1235
q26,14,26,0,0,0.0,0,0.1723,0.2509,0.0593,0.1178
q26,15,16,1,1,0.3333,2,0.6195,0.3426,0.097,0.1594
q26,15,17,0,1,0.0,0,0.0098,0.0614,0.0275,0.0671
q26,15,18,0,0,0.0,0,0.003,0.2424,0.0212,0.0369
q26,15,19,0,0,0.0,0,0.008,0.2139,0.0531,0.0943
q26,15,20,0,0,0.0,0,0.0183,0.1446,0.0431,0.077
q26,15,21,0,0,0.0,0,0.0091,0.1695,0.024,0.0519
q26,15,22,0,0,0.0,0,0.0059,0.1157,0.0311,0.0737
q26,15,23,0,0,0.0,0,0.0051,0.1046,0.0296,0.0648
q26,15,24,0,0,0.5,3,0.9775,0.2339,0.0887,0.1571
q26,15,25,0,0,0.0,0,0.0036,0.1227,0.0401,0.0845
q26,15,26,0,0,0.0,0,0.0051,0.1734,0.0377,0.0929
q26,16,17,0,1,0.1111,1,0.1752,0.3625,0.1024,0.1676
q26,16,18,0,0,0.0,0,0.0741,0.21,0.018,0.0449
q26,16,19,0,0,0.1429,1,0.4014,0.2406,0.0631,0.1025
q26,16,20,0,0,0.0,0,0.0992,0.1658,0.0428,0.0781
q26,16,21,0,0,0.0,0,0.0931,0.2186,0.042,0.0878
q26,16,22,0,0,0.125,1,0.1556,0.2593,0.091,0.1471
q26,16,23,0,0,0.0,0,0.1593,0.2656,0.0494,0.1032
q26,16,24,0,0,0.2857,2,0.6696,0.2603,0.0812,0.1383
q26,16,25,0,0,0.0,0,0.1943,0.2285,0.0401,0.0812
q26,16,26,0,0,0.0,0,0.1964,0.2666,0.0438,0.0952
q26,17,18,0,0,0.0,0,0.0158,0.2468,0.0295,0.0505
q26,17,19,0,0,0.0,0,0.0425,0.1495,0.0336,0.0751
q26,17,20,0,0,0.0,0,0.0648,0.1252,0.0305,0.0635
q26,17,21,0,0,0.0,0,0.0243,0.1557,0.0359,0.0875
q26,17,22,0,0,0.2222,2,0.6618,0.3554,0.1571,0.2367
q26,17,23,0,0,0.0,0,0.0683,0.4054,0.0846,0.1508
q26,17,24,0,0,0.0,0,0.0103,0.1184,0.032,0.0711
q26,17,25,0,0,0.0,0,0.0422,0.3131,0.0842,0.131
q26,17,26,0,0,0.0,0,0.0554,0.3426,0.0602,0.1172
q26,18,19,0,1,0.0,0,0.0803,0.2532,0.0285,0.0455
q26,18,20,0,1,0.0,0,0.0219,0.2165,0.0236,0.0434
q26,18,21,1,1,0.0,0,0.0293,0.2554,0.0329,0.0735
q26,18,22,1,1,0.0,0,0.0132,0.2532,0.034,0.0727
q26,18,23,0,1,0.0,0,0.1871,0.2446,0.0321,0.0627
q26,18,24,0,1,0.0,0,0.0044,0.2468,0.0223,0.0401
q26,18,25,0,1,0.0,0,0.2534,0.2403,0.0342,0.0692
q26,18,26,0,1,0.0,0,0.3673,0.2403,0.0284,0.0595
q26,19,20,1,1,0.1111,1,0.1108,0.2028,0.0705,0.1175
q26,19,21,0,1,0.125,1,0.1671,0.2078,0.0443,0.0888
q26,19,22,0,1,0.0,0,0.0329,0.2163,0.0572,0.0992
q26,19,23,0,1,0.0,0,0.2615,0.1993,0.0444,0.0833
q26,19,24,1,1,0.125,1,0.0198,0.3852,0.1088,0.1589
q26,19,25,0,1,0.0,0,0.347,0.1735,0.0465,0.0867
q26,19,26,0,1,0.0,0,0.2787,0.1847,0.0348,0.0751
q26,20,21,0,1,0.1,1,0.1145,0.1058,0.031,0.0658
q26,20,22,0,1,0.0,0,0.0627,0.1305,0.0346,0.0596
q26,20,23,0,1,0.0,0,0.1336,0.1323,0.033,0.0634
q26,20,24,1,1,0.0,0,0.021,0.1887,0.0525,0.0896
q26,20,25,0,1,0.0,0,0.1315,0.1111,0.0409,0.0797
q26,20,26,0,1,0.0,0,0.1141,0.0917,0.027,0.0629
q26,21,22,1,1,0.1111,1,0.0469,0.3902,0.121,0.1772
q26,21,23,0,1,0.0,0,0.2353,0.181,0.0482,0.1044
q26,21,24,0,1,0.0,0,0.011,0.2719,0.0489,0.0894
q26,21,25,0,1,0.0,0,0.342,0.1495,0.041,0.0983
q26,21,26,0,1,0.0,0,0.3426,0.2248,0.051,0.1182
q26,22,23,0,1,0.0,0,0.0562,0.3255,0.0789,0.1656
q26,22,24,0,1,0.0,0,0.0061,0.2014,0.0382,0.0735
q26,22,25,0,1,0.0,0,0.035,0.292,0.0755,0.1295
q26,22,26,0,1,0.0,0,0.0571,0.3351,0.0683,0.1383
q26,23,24,0,1,0.0,0,0.0056,0.1939,0.035,0.0704
q26,23,25,1,1,0.0,0,0.4091,0.2581,0.0775,0.1184
q26,23,26,1,1,0.0,0,0.607,0.4442,0.1066,0.1775
q26,24,25,0,1,0.0,0,0.004,0.1805,0.0396,0.0771
q26,24,26,0,1,0.0,0,0.0056,0.2013,0.0294,0.0726
q26,25,26,1,1,0.0,0,0.4917,0.3498,0.1111,0.1642
q27,0,1,1,1,0.125,1,0.541,0.1587,0.0546,0.0929
q27,0,2,0,1,0.0,0,0.1573,0.0443,0.0132,0.0364
q27,0,3,0,1,0.125,1,0.0532,0.0886,0.0189,0.0365
q27,0,4,1,1,0.0,0,0.0099,0.0535,0.0164,0.0444
q27,0,5,0,1,0.25,2,0.3654,0.0664,0.0288,0.0823
q27,0,6,0,1,0.0,0,0.0319,0.0627,0.014,0.0404
q27,0,7,0,1,0.1111,1,0.3656,0.0443,0.015,0.0516
q27,0,8,0,1,0.1111,1,0.038,0.048,0.0148,0.0419
q27,0,9,0,0,0.2857,2,0.5695,0.0627,0.0281,0.0677
q27,0,10,0,0,0.0,0,0.0591,0.0,0.0026,0.0139
q27,0,11,0,0,0.0,0,0.0444,0.0447,0.0179,0.0338
q27,0,12,0,0,0.0,0,0.102,0.0532,0.0161,0.0343
q27,0,13,0,0,0.0,0,0.0134,0.0627,0.0174,0.0315
q27,0,14,0,0,0.0,0,0.0779,0.048,0.0166,0.044
q27,0,15,0,0,0.0,0,0.0079,0.0554,0.0128,0.0292
q27,0,16,0,0,0.0,0,0.045,0.0,0.0111,0.0281
q27,0,17,0,0,0.0,0,0.013,0.0443,0.0114,0.0241
q27,0,18,0,0,0.0,0,0.0779,0.048,0.0174,0.0469
q27,0,19,0,0,0.0,0,0.1084,0.059,0.0237,0.0506
q27,0,20,0,0,0.0,0,0.0516,0.0443,0.0125,0.0382
q27,0,21,0,0,0.0,0,0.0092,0.0332,0.0118,0.0389
q27,0,22,0,0,0.125,1,0.0257,0.0756,0.0249,0.0421
q27,0,23,0,0,0.1,1,0.1326,0.1162,0.0268,0.0594
q27,0,24,0,0,0.0,0,0.0651,0.059,0.0112,0.0228
q27,0,25,0,0,0.0,0,0.0749,0.0443,0.0127,0.0241
q27,0,26,0,0,0.0,0,0.004,0.0554,0.0086,0.0158
q27,1,2,0,1,0.125,1,0.1403,0.1715,0.0237,0.0498
q27,1,3,0,1,0.0,0,0.0623,0.0178,0.0154,0.0393
q27,1,4,1,1,0.0,0,0.0099,0.1002,0.0251,0.0587
q27,1,5,0,1,0.0,0,0.0408,0.186,0.0232,0.0452
q27,1,6,0,1,0.125,1,0.0649,0.1058,0.0222,0.0488
q27,1,7,0,1,0.0,0,0.0567,0.196,0.0283,0.0609
q27,1,8,0,1,0.0,0,0.047,0.108,0.0219,0.0503
q27,1,9,0,0,0.0,0,0.0591,0.0203,0.0217,0.0515
q27,1,10,0,0,0.0,0,0.049,0.0,0.0028,0.0145
q27,1,11,0,0,0.0,0,0.0502,0.0,0.0133,0.0345
q27,1,12,0,0,0.0,0,0.0656,0.0,0.0124,0.0253
q27,1,13,0,0,0.0,0,0.0203,0.055,0.019,0.0373
q27,1,14,0,0,0.0,0,0.1405,0.206,0.0306,0.0554
q27,1,15,0,0,0.0,0,0.0118,0.01,0.0101,0.0234
q27,1,16,0,0,0.0,0,0.0381,0.2327,0.0315,0.0471
q27,1,17,0,0,0.0,0,0.0207,0.0713,0.0134,0.0351
q27,1,18,0,0,0.0,0,0.1405,0.1069,0.0234,0.0475
q27,1,19,0,0,0.0,0,0.0522,0.0135,0.0157,0.0434
q27,1,20,0,0,0.0,0,0.0474,0.0935,0.0223,0.0508
q27,1,21,0,0,0.0,0,0.0121,0.2249,0.0268,0.0467
q27,1,22,0,0,0.0,0,0.0246,0.0958,0.0162,0.0318
q27,1,23,0,0,0.0,0,0.1285,0.1136,0.0279,0.0647
q27,1,24,0,0,0.0,0,0.0715,0.0813,0.0117,0.0265
q27,1,25,0,0,0.0,0,0.0819,0.0312,0.0139,0.0336
q27,1,26,0,0,0.0,0,0.0049,0.0713,0.0104,0.0251
q27,2,3,1,1,0.0,0,0.0768,0.1071,0.0441,0.0724
q27,2,4,0,1,0.1429,1,0.3593,0.1805,0.0522,0.0994
q27,2,5,0,1,0.0,0,0.0533,0.1786,0.0429,0.0814
q27,2,6,0,1,0.1111,1,0.1066,0.1631,0.0465,0.0918
q27,2,7,1,1,0.1111,1,0.2672,0.3089,0.0962,0.1568
q27,2,8,0,1,0.1111,1,0.1552,0.1486,0.0356,0.072
q27,2,9,0,0,0.0,0,0.0561,0.0861,0.0344,0.0674
q27,2,10,0,0,0.0,0,0.0561,0.0,0.0033,0.0146
q27,2,11,0,0,0.0,0,0.0608,0.121,0.0289,0.0568
q27,2,12,0,0,0.0,0,0.0736,0.1064,0.023,0.0371
q27,2,13,0,0,0.0,0,0.0127,0.0969,0.0184,0.0331
q27,2,14,0,0,0.0,0,0.1069,0.1874,0.0406,0.0672
q27,2,15,0,0,0.0,0,0.0117,0.0473,0.0148,0.0379
q27,2,16,0,0,0.0,0,0.0331,0.0965,0.0298,0.0614
q27,2,17,0,0,0.0,0,0.0188,0.1313,0.0241,0.0464
q27,2,18,0,0,0.0,0,0.1069,0.1404,0.0349,0.0609
q27,2,19,0,0,0.0,0,0.0705,0.0677,0.0209,0.047
q27,2,20,0,0,0.0,0,0.0469,0.1381,0.0325,0.0632
q27,2,21,0,0,0.1667,1,0.2143,0.265,0.0616,0.1186
q27,2,22,0,0,0.0,0,0.0249,0.1264,0.024,0.0392
q27,2,23,0,0,0.0,0,0.025,0.1332,0.0346,0.0628
q27,2,24,0,0,0.0,0,0.0813,0.0936,0.0187,0.0338
q27,2,25,0,0,0.0,0,0.1011,0.0724,0.0204,0.0456
q27,2,26,0,0,0.0,0,0.0068,0.1303,0.0186,0.0332
q27,3,4,0,1,0.1667,1,0.1516,0.0675,0.0346,0.0714
q27,3,5,0,1,0.2857,2,0.1096,0.0694,0.028,0.0646
q27,3,6,0,1,0.0,0,0.0673,0.0636,0.027,0.0596
q27,3,7,1,1,0.125,1,0.1036,0.1543,0.061,0.0936
q27,3,8,0,1,0.125,1,0.052,0.0743,0.024,0.0509
q27,3,9,0,0,0.3333,2,0.1798,0.1076,0.0345,0.0664
q27,3,10,0,0,0.0,0,0.0245,0.0,0.0047,0.0166
q27,3,11,0,0,0.0,0,0.0152,0.1043,0.0271,0.0447
q27,3,12,0,0,0.0,0,0.0687,0.1064,0.0221,0.0372
q27,3,13,0,0,0.0,0,0.008,0.0419,0.0154,0.0382
q27,3,14,0,0,0.0,0,0.0892,0.0493,0.0226,0.0456
q27,3,15,0,0,0.0,0,0.0,0.0386,0.0149,0.0321
q27,3,16,0,0,0.0,0,0.0361,0.0077,0.0193,0.0455
q27,3,17,0,0,0.0,0,0.0009,0.0878,0.0235,0.0462
q27,3,18,0,0,0.0,0,0.0892,0.0429,0.0183,0.0425
q27,3,19,0,0,0.0,0,0.0677,0.1235,0.0309,0.0498
q27,3,20,0,0,0.125,1,0.1405,0.0721,0.0315,0.0583
q27,3,21,0,0,0.0,0,0.0212,0.0,0.0125,0.0335
q27,3,22,0,0,0.1429,1,0.0109,0.0463,0.0149,0.0308
q27,3,23,0,0,0.1111,1,0.0305,0.0771,0.0269,0.0488
q27,3,24,0,0,0.0,0,0.015,0.0704,0.02,0.0335
q27,3,25,0,0,0.0,0,0.0778,0.08,0.0217,0.0496
q27,3,26,0,0,0.0,0,0.0,0.0858,0.0209,0.0339
q27,4,5,0,1,0.0,0,0.0071,0.1139,0.0429,0.0884
q27,4,6,0,1,0.0,0,0.0242,0.1503,0.0376,0.0791
q27,4,7,0,1,0.3333,2,0.5396,0.2502,0.0931,0.1843
q27,4,8,0,1,0.3333,2,0.3155,0.2456,0.0497,0.0993
q27,4,9,0,0,0.1667,1,0.1752,0.0886,0.0338,0.0618
q27,4,10,0,0,0.0,0,0.0086,0.0321,0.0057,0.0228
q27,4,11,0,0,0.0,0,0.0499,0.0596,0.0227,0.0471
q27,4,12,0,0,0.0,0,0.0234,0.071,0.0188,0.0343
q27,4,13,0,0,0.0,0,0.005,0.0471,0.0144,0.0422
q27,4,14,0,0,0.0,0,0.0116,0.0966,0.0269,0.0544
q27,4,15,0,0,0.0,0,0.0027,0.1569,0.0278,0.047
q27,4,16,0,0,0.2,1,0.1453,0.0495,0.0317,0.0668
q27,4,17,0,0,0.0,0,0.0045,0.1027,0.0243,0.0485
q27,4,18,0,0,0.0,0,0.0116,0.1458,0.0308,0.0521
q27,4,19,0,0,0.0,0,0.0234,0.0558,0.0185,0.0427
q27,4,20,0,0,0.1429,1,0.1456,0.1502,0.024,0.06
q27,4,21,0,0,0.6667,2,0.4717,0.2049,0.0551,0.1027
q27,4,22,0,0,0.0,0,0.0065,0.146,0.0237,0.0384
q27,4,23,0,0,0.0,0,0.0162,0.1064,0.0237,0.0562
q27,4,24,0,0,0.0,0,0.01,0.1541,0.0212,0.0359
q27,4,25,0,0,0.0,0,0.0128,0.1485,0.0285,0.071
q27,4,26,0,0,0.0,0,0.0027,0.1036,0.0193,0.0358
q27,5,6,1,1,0.0,0,0.0151,0.1622,0.05,0.0879
q27,5,7,0,1,0.1111,1,0.3454,0.2538,0.0532,0.101
q27,5,8,1,1,0.1111,1,0.0407,0.2852,0.0661,0.1065
q27,5,9,0,0,0.2857,2,0.4324,0.1228,0.0412,0.0762
q27,5,10,0,0,0.0,0,0.0272,0.0,0.0031,0.015
q27,5,11,0,0,0.0,0,0.0427,0.1043,0.0247,0.0487
q27,5,12,0,0,0.0,0,0.0338,0.1064,0.0196,0.031
q27,5,13,0,0,0.0,0,0.0169,0.1034,0.0188,0.0303
q27,5,14,0,0,0.0,0,0.0676,0.1548,0.0333,0.0596
q27,5,15,0,0,0.0,0,0.016,0.0554,0.0168,0.0397
q27,5,16,0,0,0.0,0,0.0345,0.3113,0.0533,0.0869
q27,5,17,0,0,0.0,0,0.0129,0.1944,0.0347,0.063
q27,5,18,0,0,0.0,0,0.0676,0.0965,0.0243,0.054
q27,5,19,0,0,0.0,0,0.0664,0.0677,0.0264,0.0569
q27,5,20,0,0,0.0,0,0.0424,0.1421,0.0311,0.0688
q27,5,21,0,0,0.0,0,0.0194,0.235,0.0345,0.0702
q27,5,22,0,0,0.125,1,0.0407,0.1535,0.0423,0.0649
q27,5,23,0,0,0.1,1,0.0292,0.1961,0.0348,0.0766
q27,5,24,0,0,0.0,0,0.0254,0.1749,0.0234,0.0441
q27,5,25,0,0,0.0,0,0.0487,0.0611,0.0249,0.0581
q27,5,26,0,0,0.0,0,0.0031,0.174,0.0206,0.0375
q27,6,7,0,1,0.0,0,0.0208,0.1631,0.0448,0.0855
q27,6,8,1,1,0.0,0,0.06,0.2758,0.0709,0.103
q27,6,9,0,0,0.0,0,0.0206,0.0975,0.0366,0.0808
q27,6,10,0,0,0.0,0,0.037,0.0,0.0031,0.0242
q27,6,11,0,0,0.1111,1,0.156,0.1564,0.0523,0.1063
q27,6,12,0,0,0.0,0,0.1081,0.1064,0.0233,0.0571
q27,6,13,0,0,0.0,0,0.0112,0.0419,0.0171,0.0402
q27,6,14,0,0,0.0,0,0.0812,0.1686,0.0385,0.0784
q27,6,15,0,0,0.0,0,0.0036,0.0917,0.0164,0.0424
q27,6,16,0,0,0.0,0,0.0214,0.1234,0.0298,0.0775
q27,6,17,0,0,0.0,0,0.0074,0.1587,0.0267,0.0496
q27,6,18,0,0,0.0,0,0.0812,0.2079,0.04,0.0776
q27,6,19,0,0,0.0,0,0.1069,0.0829,0.0279,0.0709
q27,6,20,0,0,0.0,0,0.0175,0.2312,0.0462,0.0914
q27,6,21,0,0,0.0,0,0.0216,0.1252,0.0268,0.058
q27,6,22,0,0,0.0,0,0.0047,0.1582,0.0237,0.0391
q27,6,23,0,0,0.0,0,0.0177,0.1691,0.0412,0.0711
q27,6,24,0,0,0.0,0,0.0299,0.1778,0.0267,0.0525
q27,6,25,0,0,0.0,0,0.0745,0.1839,0.0258,0.0588
q27,6,26,0,0,0.0,0,0.0035,0.1752,0.023,0.0492
q27,7,8,0,1,0.1111,1,0.1605,0.2107,0.0517,0.0973
q27,7,9,0,0,0.5,3,0.6205,0.119,0.0395,0.0732
q27,7,10,0,0,0.0,0,0.0174,0.0464,0.0105,0.0278
q27,7,11,0,0,0.0,0,0.0316,0.108,0.0267,0.0526
q27,7,12,0,0,0.0,0,0.0306,0.1064,0.0183,0.0262
q27,7,13,0,0,0.0,0,0.0137,0.0969,0.0189,0.0371
q27,7,14,0,0,0.0,0,0.0357,0.2041,0.038,0.0695
q27,7,15,0,0,0.0,0,0.0102,0.0291,0.0136,0.0369
q27,7,16,0,0,0.0,0,0.0282,0.2604,0.0432,0.083
q27,7,17,0,0,0.0,0,0.013,0.1452,0.0266,0.0507
q27,7,18,0,0,0.0,0,0.0357,0.1404,0.0287,0.0569
q27,7,19,0,0,0.0,0,0.0464,0.0677,0.0193,0.0391
q27,7,20,0,0,0.1111,1,0.1348,0.1572,0.0345,0.0621
q27,7,21,0,0,0.1667,1,0.2287,0.3019,0.0788,0.1362
q27,7,22,0,0,0.0,0,0.0156,0.1149,0.0199,0.0371
q27,7,23,0,0,0.1,1,0.1091,0.1237,0.0395,0.0688
q27,7,24,0,0,0.0,0,0.0216,0.1482,0.0245,0.0364
q27,7,25,0,0,0.0,0,0.0177,0.0685,0.0238,0.0521
q27,7,26,0,0,0.0,0,0.004,0.155,0.0253,0.0445
q27,8,9,0,0,0.125,1,0.0355,0.1089,0.033,0.0653
q27,8,10,0,0,0.0,0,0.024,0.0,0.0059,0.0231
q27,8,11,0,0,0.0,0,0.0519,0.1285,0.0289,0.052
q27,8,12,0,0,0.0,0,0.0517,0.1064,0.0204,0.0406
q27,8,13,0,0,0.0,0,0.0145,0.0445,0.0133,0.0373
q27,8,14,0,0,0.125,1,0.133,0.1736,0.0418,0.0818
q27,8,15,0,0,0.0,0,0.0138,0.2153,0.0197,0.0382
q27,8,16,0,0,0.1429,1,0.3985,0.1942,0.0296,0.0609
q27,8,17,0,0,0.0,0,0.0073,0.1654,0.0321,0.0586
q27,8,18,0,0,0.125,1,0.133,0.1929,0.0407,0.0717
q27,8,19,0,0,0.0,0,0.0471,0.0677,0.0183,0.0359
q27,8,20,0,0,0.0,0,0.0323,0.1872,0.028,0.0575
q27,8,21,0,0,0.4,2,0.2802,0.1961,0.0518,0.0955
q27,8,22,0,0,0.2857,2,0.1196,0.1893,0.0337,0.0538
q27,8,23,0,0,0.1,1,0.0333,0.1831,0.0365,0.0627
q27,8,24,0,0,0.0,0,0.0355,0.1594,0.0265,0.0464
q27,8,25,0,0,0.0,0,0.0463,0.1326,0.0277,0.0629
q27,8,26,0,0,0.0,0,0.0033,0.1446,0.0223,0.0449
q27,9,10,0,1,0.0,0,0.0154,0.0,0.0048,0.0307
q27,9,11,1,1,0.0,0,0.0336,0.1639,0.0422,0.0701
q27,9,12,1,1,0.0,0,0.0228,0.1419,0.0352,0.0667
q27,9,13,0,1,0.0,0,0.0057,0.0419,0.015,0.0295
q27,9,14,0,1,0.0,0,0.0356,0.062,0.0214,0.0463
q27,9,15,0,1,0.0,0,0.0047,0.0418,0.0175,0.0426
q27,9,16,0,1,0.0,0,0.0256,0.0114,0.0227,0.0614
q27,9,17,0,1,0.0,0,0.0187,0.1038,0.0258,0.0417
q27,9,18,0,0,0.0,0,0.0356,0.0519,0.0197,0.0442
q27,9,19,0,0,0.0,0,0.041,0.132,0.0436,0.083
q27,9,20,0,0,0.125,1,0.188,0.162,0.0596,0.0965
q27,9,21,0,0,0.0,0,0.0146,0.0241,0.0219,0.0534
q27,9,22,0,0,0.1429,1,0.0327,0.062,0.0193,0.0326
q27,9,23,0,0,0.25,2,0.2433,0.2405,0.0777,0.121
q27,9,24,0,0,0.0,0,0.0156,0.0949,0.0233,0.0348
q27,9,25,0,0,0.0,0,0.0154,0.0772,0.0225,0.0536
q27,9,26,0,0,0.0,0,0.0047,0.1051,0.0223,0.0329
q27,10,11,0,1,0.0,0,0.0386,0.0,0.0,0.0084
q27,10,12,0,1,0.0,0,0.064,0.0,0.0014,0.0188
q27,10,13,1,1,0.0,0,0.0092,0.0286,0.0071,0.0292
q27,10,14,1,1,0.0,0,0.0824,0.0893,0.0253,0.0558
q27,10,15,0,1,0.0,0,0.0116,0.0,0.0008,0.0097
q27,10,16,0,1,0.0,0,0.0157,0.0,0.0018,0.0199
q27,10,17,0,1,0.0,0,0.0112,0.0,0.0021,0.007
q27,10,18,0,0,0.0,0,0.0824,0.0893,0.025,0.0556
q27,10,19,0,0,0.0,0,0.0524,0.0,0.0036,0.0143
q27,10,20,0,0,0.0,0,0.0363,0.0,0.0053,0.0277
q27,10,21,0,0,0.0,0,0.0068,0.0,0.0,0.0118
q27,10,22,0,0,0.0,0,0.0185,0.0,0.0024,0.0151
q27,10,23,0,0,0.0,0,0.0092,0.0,0.0015,0.0117
q27,10,24,0,0,0.0,0,0.0705,0.0286,0.0026,0.0155
q27,10,25,0,0,0.2,1,0.5392,0.0964,0.0188,0.0495
q27,10,26,0,0,0.0,0,0.0051,0.0,0.0,0.0097
q27,11,12,1,1,0.0,0,0.0499,0.1463,0.045,0.0786
q27,11,13,0,1,0.0,0,0.0422,0.0596,0.0182,0.0298
q27,11,14,0,1,0.0,0,0.1202,0.0745,0.0202,0.0372
q27,11,15,0,1,0.0,0,0.0348,0.0596,0.0171,0.032
q27,11,16,0,1,0.0,0,0.0511,0.0168,0.0186,0.044
q27,11,17,0,1,0.0,0,0.0323,0.1043,0.0205,0.0313
q27,11,18,0,0,0.0,0,0.1202,0.0596,0.0197,0.0389
q27,11,19,0,0,0.0,0,0.0484,0.1043,0.0323,0.0649
q27,11,20,0,0,0.0,0,0.0735,0.108,0.0276,0.0568
q27,11,21,0,0,0.0,0,0.035,0.0168,0.0169,0.0356
q27,11,22,0,0,0.0,0,0.0368,0.0894,0.0199,0.0278
q27,11,23,0,0,0.0,0,0.0416,0.1043,0.0234,0.0502
q27,11,24,0,0,0.0,0,0.0402,0.108,0.0215,0.0351
q27,11,25,0,0,0.0,0,0.1206,0.0894,0.0185,0.0404
q27,11,26,0,0,0.0,0,0.0344,0.108,0.0179,0.0301
q27,12,13,0,1,0.0,0,0.0093,0.071,0.015,0.0279
q27,12,14,0,1,0.0,0,0.0802,0.0887,0.0237,0.0443
q27,12,15,0,1,0.0,0,0.0118,0.0887,0.0266,0.0473
q27,12,16,0,1,0.0,0,0.0366,0.0,0.019,0.0431
q27,12,17,0,1,0.0,0,0.0063,0.1064,0.0202,0.0338
q27,12,18,0,0,0.0,0,0.0802,0.0732,0.0234,0.0525
q27,12,19,0,0,0.2,1,0.6511,0.1752,0.0667,0.1118
q27,12,20,0,0,0.0,0,0.0453,0.133,0.0284,0.0568
q27,12,21,0,0,0.0,0,0.0211,0.0,0.0148,0.0287
q27,12,22,0,0,0.0,0,0.0158,0.1242,0.0225,0.0362
q27,12,23,0,0,0.0,0,0.0281,0.1064,0.0198,0.0415
q27,12,24,0,0,0.1667,1,0.3096,0.1064,0.0218,0.0567
q27,12,25,0,0,0.0,0,0.0679,0.122,0.025,0.0478
q27,12,26,0,0,0.0,0,0.0065,0.1064,0.0163,0.0324
q27,13,14,1,1,0.0,0,0.021,0.0995,0.0254,0.0549
q27,13,15,0,1,0.0,0,0.0064,0.0497,0.0175,0.0495
q27,13,16,0,1,0.0,0,0.0051,0.0524,0.0136,0.0406
q27,13,17,0,1,0.0,0,0.0175,0.0419,0.0123,0.0333
q27,13,18,0,0,0.0,0,0.021,0.0445,0.0231,0.049
q27,13,19,0,0,0.0,0,0.0057,0.0541,0.0158,0.0247
q27,13,20,0,0,0.0,0,0.0114,0.0419,0.0174,0.0437
q27,13,21,0,0,0.0,0,0.0038,0.0772,0.0141,0.0366
q27,13,22,0,0,0.0,0,0.0209,0.0445,0.012,0.0311
q27,13,23,0,0,0.0,0,0.0228,0.0419,0.0166,0.0363
q27,13,24,0,0,0.0,0,0.0085,0.0589,0.0162,0.0372
q27,13,25,0,0,0.0,0,0.0125,0.0419,0.0139,0.043
q27,13,26,0,0,0.0,0,0.0078,0.0497,0.0134,0.0414
q27,14,15,0,1,0.0,0,0.0124,0.0759,0.0197,0.0461
q27,14,16,0,1,0.0,0,0.0387,0.0966,0.0275,0.0586
q27,14,17,0,1,0.0,0,0.0188,0.1164,0.0281,0.0558
q27,14,18,0,0,1.0,4,1.0,0.761,0.4682,0.5188
q27,14,19,0,0,0.0,0,0.0648,0.0677,0.0194,0.0396
q27,14,20,0,0,0.0,0,0.0573,0.1211,0.0279,0.0523
q27,14,21,0,0,0.0,0,0.0167,0.1055,0.022,0.0455
q27,14,22,0,0,0.1429,1,0.1211,0.0996,0.028,0.0537
q27,14,23,0,0,0.0,0,0.0245,0.1243,0.0267,0.0578
q27,14,24,0,0,0.0,0,0.0726,0.1331,0.0228,0.0556
q27,14,25,0,0,0.1429,1,0.3388,0.1726,0.0515,0.1019
q27,14,26,0,0,0.0,0,0.0067,0.1361,0.0233,0.0427
q27,15,16,1,1,0.0,0,0.0107,0.0454,0.0261,0.0648
q27,15,17,1,1,0.0,0,0.0171,0.129,0.0315,0.0646
q27,15,18,0,0,0.0,0,0.0124,0.1125,0.0205,0.042
q27,15,19,0,0,0.0,0,0.0107,0.0541,0.0137,0.0305
q27,15,20,0,0,0.0,0,0.0114,0.1461,0.0177,0.0386
q27,15,21,0,0,0.0,0,0.003,0.0262,0.0125,0.0364
q27,15,22,0,0,0.0,0,0.0213,0.0942,0.0184,0.0359
q27,15,23,0,0,0.0,0,0.0073,0.1253,0.0207,0.0406
q27,15,24,0,0,0.0,0,0.0116,0.2134,0.0194,0.037
q27,15,25,0,0,0.0,0,0.0143,0.2252,0.0275,0.0542
q27,15,26,0,0,0.1429,1,0.1058,0.1635,0.0374,0.0848
q27,16,17,1,1,0.0,0,0.0124,0.1824,0.042,0.0844
q27,16,18,0,0,0.0,0,0.0387,0.0568,0.0218,0.0485
q27,16,19,0,0,0.0,0,0.0369,0.0,0.0164,0.0427
q27,16,20,0,0,0.1429,1,0.1237,0.0851,0.0325,0.0777
q27,16,21,0,0,0.25,1,0.5426,0.3204,0.0711,0.1083
q27,16,22,0,0,0.0,0,0.0216,0.0744,0.0264,0.0497
q27,16,23,0,0,0.0,0,0.0152,0.1579,0.0296,0.0548
q27,16,24,0,0,0.0,0,0.0261,0.1152,0.0195,0.0413
q27,16,25,0,0,0.0,0,0.0327,0.0145,0.0189,0.0596
q27,16,26,0,0,0.0,0,0.0042,0.147,0.0294,0.0529
q27,17,18,0,0,0.0,0,0.0188,0.1608,0.0344,0.0601
q27,17,19,0,0,0.0,0,0.0121,0.0677,0.0127,0.0274
q27,17,20,0,0,0.0,0,0.015,0.2172,0.0297,0.0476
q27,17,21,0,0,0.0,0,0.0063,0.1068,0.0235,0.0585
q27,17,22,0,0,0.1429,1,0.5814,0.2561,0.0819,0.1241
q27,17,23,0,0,0.0,0,0.0091,0.1614,0.0289,0.0456
q27,17,24,0,0,0.0,0,0.0094,0.1789,0.0278,0.0507
q27,17,25,0,0,0.0,0,0.013,0.1165,0.025,0.0612
q27,17,26,0,0,0.0,0,0.0063,0.2669,0.0546,0.0771
q27,18,19,0,1,0.0,0,0.0648,0.0541,0.0181,0.0388
q27,18,20,0,1,0.0,0,0.0573,0.1426,0.026,0.0483
q27,18,21,0,1,0.0,0,0.0167,0.0589,0.018,0.0435
q27,18,22,0,1,0.1429,1,0.1211,0.1147,0.0232,0.0418
q27,18,23,0,1,0.0,0,0.0245,0.1565,0.0271,0.0551
q27,18,24,1,1,0.0,0,0.0726,0.1768,0.0236,0.056
q27,18,25,1,1,0.1429,1,0.3388,0.2272,0.0507,0.0943
q27,18,26,0,1,0.0,0,0.0067,0.1608,0.0231,0.0428
q27,19,20,1,1,0.0,0,0.0473,0.1269,0.0436,0.0787
q27,19,21,0,1,0.0,0,0.0185,0.0,0.012,0.0348
q27,19,22,0,1,0.0,0,0.0166,0.0677,0.0158,0.0297
q27,19,23,1,1,0.0,0,0.0281,0.1218,0.0349,0.0618
q27,19,24,0,1,0.0,0,0.0575,0.0677,0.0125,0.0253
q27,19,25,0,1,0.0,0,0.0447,0.0829,0.017,0.0345
q27,19,26,0,1,0.0,0,0.0031,0.0677,0.0117,0.0224
q27,20,21,0,1,0.0,0,0.0075,0.0591,0.0182,0.0453
q27,20,22,0,1,0.0,0,0.0203,0.1552,0.0222,0.038
q27,20,23,1,1,0.0,0,0.0183,0.2793,0.0565,0.0831
q27,20,24,0,1,0.0,0,0.0391,0.1832,0.0247,0.0418
q27,20,25,0,1,0.0,0,0.0465,0.1702,0.0225,0.0541
q27,20,26,0,1,0.0,0,0.006,0.2192,0.0247,0.0388
q27,21,22,1,1,0.0,0,0.013,0.1243,0.0217,0.0479
q27,21,23,0,1,0.0,0,0.0088,0.1078,0.0201,0.0451
q27,21,24,0,1,0.0,0,0.0116,0.1165,0.0146,0.0348
q27,21,25,0,1,0.0,0,0.0165,0.0097,0.0138,0.0448
q27,21,26,1,1,0.0,0,0.004,0.1291,0.0139,0.0312
q27,22,23,0,1,0.1111,1,0.021,0.1573,0.0252,0.0405
q27,22,24,0,1,0.0,0,0.0195,0.1328,0.0189,0.0366
q27,22,25,0,1,0.0,0,0.0214,0.1205,0.0223,0.0497
q27,22,26,1,1,0.0,0,0.0031,0.1582,0.0207,0.0403
q27,23,24,0,1,0.0,0,0.0177,0.158,0.0244,0.04
q27,23,25,0,1,0.0,0,0.0193,0.1572,0.0215,0.0408
q27,23,26,0,1,0.0,0,0.005,0.1789,0.0253,0.0437
q27,24,25,1,1,0.0,0,0.0878,0.1659,0.0239,0.055
q27,24,26,0,1,0.0,0,0.0068,0.2051,0.0283,0.0453
q27,25,26,0,1,0.0,0,0.0076,0.0884,0.02,0.0478
q28,0,1,1,1,0.0,0,0.0766,0.1419,0.0704,0.1328
q28,0,2,1,1,0.0,0,0.1139,0.0811,0.0406,0.1019
q28,0,3,0,1,0.0,0,0.1237,0.0,0.0,0.0198
q28,0,4,0,1,0.0,0,0.0636,0.0,0.0009,0.0161
q28,0,5,0,1,0.0,0,0.0065,0.0,0.0018,0.0186
q28,0,6,0,1,0.0,0,0.0525,0.0,0.0016,0.0181
q28,0,7,0,1,0.0,0,0.044,0.0,0.0,0.012
q28,0,8,0,1,0.0,0,0.1352,0.0,0.0014,0.021
q28,0,9,0,0,0.0,0,0.043,0.0,0.0017,0.0219
q28,0,10,0,0,0.0,0,0.1014,0.0,0.0,0.0068
q28,0,11,0,0,0.0,0,0.1041,0.0,0.0072,0.0437
q28,0,12,0,0,0.0,0,0.028,0.0,0.002,0.0169
q28,0,13,0,0,0.0,0,0.0334,0.0405,0.008,0.0365
q28,0,14,0,0,0.0,0,0.0657,0.0709,0.0178,0.0479
q28,0,15,0,0,0.0,0,0.1049,0.0,0.0,0.0049
q28,0,16,0,0,0.0,0,0.1207,0.0372,0.0136,0.0561
q28,0,17,0,0,0.0,0,0.0438,0.0405,0.0058,0.0255
q28,0,18,0,0,0.0,0,0.0871,0.0405,0.0182,0.0455
q28,0,19,0,0,0.0,0,0.0375,0.0,0.0,0.0037
q28,0,20,0,0,0.0,0,0.018,0.0,0.0,0.0146
q28,0,21,0,0,0.0,0,0.0067,0.0405,0.0163,0.0532
q28,0,22,0,0,0.0,0,0.0894,0.0,0.0,0.0068
q28,0,23,0,0,0.0,0,0.0456,0.0,0.0,0.0108
q28,0,24,0,0,0.0,0,0.009,0.0405,0.0076,0.0245
q28,0,25,0,0,0.0,0,0.0396,0.0,0.0,0.0128
q28,0,26,0,0,0.0,0,0.0566,0.0,0.0006,0.0184
q28,1,2,1,1,0.0,0,0.0839,0.0767,0.0348,0.0797
q28,1,3,0,1,0.0,0,0.0188,0.0575,0.017,0.0633
q28,1,4,0,1,0.0,0,0.0627,0.0,0.0036,0.0283
q28,1,5,0,1,0.0,0,0.0105,0.0,0.0091,0.0347
q28,1,6,0,1,0.0,0,0.067,0.0,0.0015,0.0216
q28,1,7,0,1,0.0,0,0.0431,0.0,0.0025,0.0244
q28,1,8,0,1,0.0,0,0.1045,0.0,0.0036,0.0252
q28,1,9,0,0,0.0,0,0.0401,0.0256,0.0086,0.0395
q28,1,10,0,0,0.0,0,0.0221,0.0,0.0024,0.0123
q28,1,11,0,0,0.0,0,0.0687,0.0,0.007,0.0413
q28,1,12,0,0,0.0,0,0.0198,0.0,0.0,0.0101
q28,1,13,0,0,0.0,0,0.0362,0.0383,0.0079,0.0341
q28,1,14,0,0,0.0,0,0.0411,0.0383,0.0106,0.0397
q28,1,15,0,0,0.0,0,0.0878,0.0,0.0009,0.0088
q28,1,16,0,0,0.0,0,0.0749,0.0288,0.0098,0.03
q28,1,17,0,0,0.0,0,0.0602,0.0383,0.0064,0.0307
q28,1,18,0,0,0.0,0,0.0462,0.0383,0.0118,0.0386
q28,1,19,0,0,0.0,0,0.0245,0.0,0.0,0.0075
q28,1,20,0,0,0.0,0,0.0186,0.0,0.0011,0.0184
q28,1,21,0,0,0.0,0,0.006,0.0639,0.019,0.0582
q28,1,22,0,0,0.0,0,0.0645,0.0,0.0,0.0068
q28,1,23,0,0,0.0,0,0.0313,0.0,0.0,0.0118
q28,1,24,0,0,0.0,0,0.0207,0.0383,0.0098,0.03
q28,1,25,0,0,0.0,0,0.0497,0.0256,0.0061,0.0269
q28,1,26,0,0,0.0,0,0.0446,0.0256,0.0066,0.0296
q28,2,3,0,1,0.0,0,0.0251,0.0,0.0017,0.0297
q28,2,4,0,1,0.0,0,0.086,0.0,0.0007,0.0137
q28,2,5,0,1,0.0,0,0.0047,0.0,0.0015,0.0158
q28,2,6,0,1,0.0,0,0.1153,0.0,0.0,0.0238
q28,2,7,0,1,0.0,0,0.0302,0.0,0.0007,0.0205
q28,2,8,0,1,0.0,0,0.1284,0.0155,0.003,0.0246
q28,2,9,0,0,0.0,0,0.0304,0.0,0.0057,0.0285
q28,2,10,0,0,0.0,0,0.0473,0.0,0.0046,0.023
q28,2,11,0,0,0.0,0,0.0849,0.0551,0.0229,0.0587
q28,2,12,0,0,0.0,0,0.0292,0.0,0.0023,0.0187
q28,2,13,0,0,0.0,0,0.0349,0.0379,0.0095,0.0333
q28,2,14,0,0,0.0,0,0.0638,0.0379,0.0125,0.0396
q28,2,15,0,0,0.0,0,0.0991,0.0,0.0007,0.008
q28,2,16,0,0,0.1429,1,0.6024,0.1893,0.0819,0.1468
q28,2,17,0,0,0.0,0,0.0497,0.0379,0.0072,0.0275
q28,2,18,0,0,0.1429,1,0.4316,0.0909,0.0375,0.0694
q28,2,19,0,0,0.0,0,0.01,0.0,0.0009,0.0097
q28,2,20,0,0,0.0,0,0.019,0.0,0.0034,0.0191
q28,2,21,0,0,0.0,0,0.0038,0.0516,0.0152,0.0437
q28,2,22,0,0,0.0,0,0.0812,0.0,0.0008,0.0117
q28,2,23,0,0,0.0,0,0.0554,0.0,0.0007,0.0112
q28,2,24,0,0,0.0,0,0.0223,0.0516,0.0089,0.0225
q28,2,25,0,0,0.0,0,0.0736,0.0,0.0,0.0143
q28,2,26,0,0,0.0,0,0.0537,0.0207,0.0048,0.0257
q28,3,4,0,1,0.0,0,0.0288,0.0863,0.0291,0.0735
q28,3,5,0,1,0.0,0,0.0109,0.1146,0.04,0.091
q28,3,6,1,1,0.0,0,0.0469,0.122,0.0326,0.0688
q28,3,7,1,1,0.25,2,0.1125,0.1473,0.0505,0.0983
q28,3,8,0,1,0.0,0,0.0434,0.0997,0.0276,0.0629
q28,3,9,0,0,0.1111,1,0.4841,0.1295,0.0419,0.079
q28,3,10,0,0,0.0,0,0.1945,0.0558,0.0189,0.0415
q28,3,11,0,0,0.0,0,0.0431,0.2143,0.0827,0.1244
q28,3,12,0,0,0.0,0,0.0016,0.0729,0.0206,0.0367
q28,3,13,0,0,0.0,0,0.1611,0.0759,0.0356,0.0957
q28,3,14,0,0,0.0,0,0.1409,0.0967,0.0326,0.0762
q28,3,15,0,0,0.0,0,0.0167,0.0833,0.0238,0.0421
q28,3,16,0,0,0.0,0,0.0268,0.061,0.0171,0.0472
q28,3,17,0,0,0.25,2,0.1182,0.1295,0.03,0.0744
q28,3,18,0,0,0.0,0,0.0158,0.139,0.0407,0.0791
q28,3,19,0,0,0.0,0,0.0146,0.1042,0.0427,0.0889
q28,3,20,0,0,0.0,0,0.0257,0.0893,0.0311,0.0682
q28,3,21,0,0,0.0,0,0.0023,0.0833,0.0341,0.0721
q28,3,22,0,0,0.0,0,0.0112,0.0833,0.0241,0.0462
q28,3,23,0,0,0.0,0,0.012,0.0848,0.0213,0.0365
q28,3,24,0,0,0.0,0,0.0223,0.0833,0.0187,0.0445
q28,3,25,0,0,0.125,1,0.0534,0.0923,0.0326,0.0786
q28,3,26,0,0,0.1429,1,0.0466,0.1518,0.0346,0.0754
q28,4,5,1,1,0.0,0,0.0098,0.0952,0.0499,0.0884
q28,4,6,0,1,0.0,0,0.0854,0.1821,0.0276,0.0611
q28,4,7,0,1,0.0,0,0.0207,0.2585,0.0383,0.0758
q28,4,8,1,1,0.0,0,0.0791,0.3032,0.0545,0.0866
q28,4,9,0,0,0.2857,2,0.2558,0.0796,0.0356,0.0796
q28,4,10,0,0,0.0,0,0.0469,0.0558,0.0145,0.0349
q28,4,11,0,0,0.0,0,0.0599,0.0637,0.0233,0.0568
q28,4,12,0,0,0.0,0,0.0101,0.1858,0.0323,0.0489
q28,4,13,0,0,0.0,0,0.022,0.172,0.0363,0.0712
q28,4,14,0,0,0.0,0,0.0751,0.0987,0.0288,0.0621
q28,4,15,0,0,0.0,0,0.0607,0.1396,0.0274,0.0421
q28,4,16,0,0,0.0,0,0.0676,0.1636,0.0252,0.0494
q28,4,17,0,0,0.0,0,0.0332,0.1647,0.0299,0.0667
q28,4,18,0,0,0.0,0,0.0116,0.0856,0.0338,0.0739
q28,4,19,0,0,0.0,0,0.055,0.1548,0.0382,0.0723
q28,4,20,0,0,0.0,0,0.0216,0.0579,0.0199,0.051
q28,4,21,0,0,0.0,0,0.0066,0.1015,0.0371,0.0812
q28,4,22,0,0,0.0,0,0.0329,0.0867,0.0231,0.0418
q28,4,23,0,0,0.0,0,0.0614,0.0632,0.0207,0.0399
q28,4,24,0,0,0.0,0,0.0254,0.0523,0.0224,0.0529
q28,4,25,0,0,0.0,0,0.0715,0.2399,0.0288,0.0667
q28,4,26,0,0,0.0,0,0.0755,0.1712,0.031,0.0672
q28,5,6,0,1,0.0,0,0.0091,0.0658,0.0199,0.0505
q28,5,7,0,1,0.0,0,0.0011,0.0576,0.0169,0.0423
q28,5,8,1,1,0.0,0,0.0118,0.114,0.0399,0.0713
q28,5,9,0,0,0.0,0,0.0118,0.0881,0.0316,0.0678
q28,5,10,0,0,0.0,0,0.0084,0.0558,0.0137,0.0255
q28,5,11,0,0,0.0,0,0.0098,0.0744,0.0232,0.0474
q28,5,12,0,0,0.0,0,0.0094,0.082,0.0206,0.0384
q28,5,13,0,0,0.0,0,0.0049,0.0585,0.0202,0.0458
q28,5,14,0,0,0.0,0,0.0048,0.0682,0.0226,0.0502
q28,5,15,0,0,0.0,0,0.0054,0.1069,0.0324,0.05
q28,5,16,0,0,0.0,0,0.0121,0.047,0.0143,0.0426
q28,5,17,0,0,0.0,0,0.0065,0.0846,0.0197,0.0481
q28,5,18,0,0,0.0,0,0.0058,0.1141,0.0274,0.0553
q28,5,19,0,0,0.0,0,0.0039,0.081,0.0224,0.0381
q28,5,20,0,0,0.0,0,0.0109,0.1056,0.0307,0.0556
q28,5,21,0,0,0.0,0,0.0012,0.0947,0.032,0.0623
q28,5,22,0,0,0.0,0,0.0009,0.1301,0.035,0.048
q28,5,23,0,0,0.0,0,0.0071,0.1093,0.0325,0.0478
q28,5,24,0,0,0.0,0,0.0115,0.0952,0.028,0.046
q28,5,25,0,0,0.0,0,0.0073,0.0705,0.0253,0.06
q28,5,26,0,0,0.0,0,0.0103,0.0999,0.0237,0.0498
q28,6,7,1,1,0.0,0,0.0421,0.1583,0.0347,0.0641
q28,6,8,0,1,0.0,0,0.0845,0.163,0.0316,0.0627
q28,6,9,0,0,0.0,0,0.0369,0.0618,0.0209,0.0565
q28,6,10,0,0,0.0,0,0.039,0.0558,0.0146,0.0334
q28,6,11,0,0,0.0,0,0.0739,0.0837,0.033,0.0623
q28,6,12,0,0,0.0,0,0.0105,0.1375,0.0231,0.0475
q28,6,13,0,0,0.0,0,0.031,0.1439,0.0289,0.0654
q28,6,14,0,0,0.0,0,0.0392,0.0877,0.0267,0.0535
q28,6,15,0,0,0.0,0,0.092,0.143,0.0188,0.0365
q28,6,16,0,0,0.0,0,0.0789,0.1335,0.0323,0.0618
q28,6,17,0,0,0.0,0,0.0407,0.162,0.0367,0.0668
q28,6,18,0,0,0.0,0,0.0633,0.0998,0.0205,0.0472
q28,6,19,0,0,0.0,0,0.0255,0.1056,0.0275,0.0549
q28,6,20,0,0,0.0,0,0.0219,0.0709,0.0213,0.0507
q28,6,21,0,0,0.0,0,0.0065,0.0771,0.0246,0.0567
q28,6,22,0,0,0.0,0,0.0425,0.0714,0.0216,0.0414
q28,6,23,0,0,0.0,0,0.0591,0.0622,0.0168,0.0405
q28,6,24,0,0,0.0,0,0.0275,0.0593,0.0196,0.0481
q28,6,25,0,0,0.0,0,0.0916,0.1444,0.0301,0.0738
q28,6,26,0,0,0.0,0,0.0651,0.1704,0.0323,0.0725
q28,7,8,0,1,0.0,0,0.0612,0.1657,0.0232,0.0453
q28,7,9,0,0,0.0,0,0.0886,0.0531,0.0216,0.0529
q28,7,10,0,0,0.0,0,0.1604,0.0558,0.0158,0.0393
q28,7,11,0,0,0.0,0,0.0677,0.0784,0.032,0.065
q28,7,12,0,0,0.0,0,0.0154,0.1496,0.0227,0.0433
q28,7,13,0,0,0.1429,1,0.8641,0.3073,0.0811,0.1481
q28,7,14,0,0,0.0,0,0.0395,0.1035,0.037,0.08
q28,7,15,0,0,0.0,0,0.0366,0.1441,0.0193,0.0322
q28,7,16,0,0,0.0,0,0.043,0.1262,0.0233,0.0419
q28,7,17,0,0,0.1111,1,0.0773,0.2007,0.0316,0.0649
q28,7,18,0,0,0.0,0,0.0201,0.0873,0.0214,0.0434
q28,7,19,0,0,0.0,0,0.0477,0.1389,0.0373,0.0748
q28,7,20,0,0,0.0,0,0.0519,0.0738,0.0221,0.0441
q28,7,21,0,0,0.0,0,0.0,0.065,0.0224,0.0619
q28,7,22,0,0,0.0,0,0.0391,0.0612,0.0186,0.0413
q28,7,23,0,0,0.0,0,0.0417,0.0514,0.0144,0.0287
q28,7,24,0,0,0.0,0,0.0272,0.0451,0.0159,0.048
q28,7,25,0,0,0.125,1,0.0534,0.1878,0.0449,0.0881
q28,7,26,0,0,0.1429,1,0.0578,0.1768,0.0352,0.0774
q28,8,9,0,0,0.0,0,0.067,0.0922,0.0294,0.0654
q28,8,10,0,0,0.0,0,0.0408,0.0558,0.0124,0.0263
q28,8,11,0,0,0.0,0,0.1494,0.0757,0.0205,0.0491
q28,8,12,0,0,0.0,0,0.0379,0.1858,0.0252,0.0429
q28,8,13,0,0,0.0,0,0.0437,0.1902,0.0301,0.064
q28,8,14,0,0,0.0,0,0.0719,0.0682,0.0205,0.0406
q28,8,15,0,0,0.1667,1,0.3175,0.1858,0.0312,0.0608
q28,8,16,0,0,0.0,0,0.1425,0.1262,0.0223,0.0463
q28,8,17,0,0,0.0,0,0.0766,0.1414,0.0234,0.0493
q28,8,18,0,0,0.0,0,0.1258,0.0998,0.0249,0.0549
q28,8,19,0,0,0.0,0,0.0452,0.123,0.0269,0.0496
q28,8,20,0,0,0.0,0,0.0273,0.0695,0.0187,0.0408
q28,8,21,0,0,0.0,0,0.0051,0.1055,0.0301,0.0558
q28,8,22,0,0,0.0,0,0.1303,0.1084,0.0227,0.0399
q28,8,23,0,0,0.0,0,0.0937,0.0804,0.0254,0.0525
q28,8,24,0,0,0.0,0,0.0187,0.0585,0.0206,0.043
q28,8,25,0,0,0.0,0,0.0668,0.1599,0.0296,0.0686
q28,8,26,0,0,0.0,0,0.0585,0.1538,0.0262,0.0619
q28,9,10,0,1,0.0,0,0.0478,0.0576,0.0168,0.0405
q28,9,11,0,1,0.0,0,0.0552,0.1301,0.0442,0.0845
q28,9,12,1,1,0.0,0,0.0083,0.1411,0.0431,0.0788
q28,9,13,0,1,0.0,0,0.0492,0.0585,0.02,0.0566
q28,9,14,0,1,0.0,0,0.0305,0.0792,0.0269,0.059
q28,9,15,1,1,0.125,1,0.0367,0.1649,0.0553,0.0796
q28,9,16,0,1,0.0,0,0.0319,0.0466,0.0193,0.0548
q28,9,17,0,1,0.1111,1,0.1795,0.0705,0.0226,0.0564
q28,9,18,0,0,0.0,0,0.0266,0.1141,0.0329,0.0733
q28,9,19,0,0,0.0,0,0.0366,0.0825,0.0292,0.0664
q28,9,20,0,0,0.125,1,0.1671,0.1606,0.0416,0.0746
q28,9,21,0,0,0.125,1,0.0171,0.1286,0.0375,0.0743
q28,9,22,0,0,0.0,0,0.0342,0.1582,0.0467,0.0704
q28,9,23,0,0,0.0,0,0.0297,0.1551,0.048,0.086
q28,9,24,0,0,0.125,1,0.1769,0.0705,0.0238,0.0535
q28,9,25,0,0,0.0,0,0.0517,0.0705,0.0228,0.0543
q28,9,26,0,0,0.1429,1,0.265,0.1367,0.0391,0.0732
q28,10,11,1,1,0.0,0,0.053,0.0768,0.0285,0.0588
q28,10,12,0,1,0.0,0,0.0136,0.0576,0.0161,0.0284
q28,10,13,0,1,0.0,0,0.1235,0.0558,0.0196,0.0392
q28,10,14,0,1,0.0,0,0.0573,0.0558,0.0176,0.0349
q28,10,15,0,1,0.0,0,0.0283,0.0576,0.0132,0.0177
q28,10,16,1,1,0.0,0,0.0426,0.0733,0.0241,0.0508
q28,10,17,0,1,0.0,0,0.0357,0.0558,0.0112,0.0278
q28,10,18,0,0,0.0,0,0.0306,0.0784,0.0266,0.0526
q28,10,19,0,0,0.0,0,0.0199,0.0558,0.0205,0.0412
q28,10,20,0,0,0.0,0,0.0309,0.0558,0.0183,0.0347
q28,10,21,0,0,0.0,0,0.0032,0.0558,0.0247,0.0471
q28,10,22,0,0,0.0,0,0.0146,0.0558,0.0173,0.0338
q28,10,23,0,0,0.0,0,0.023,0.0558,0.0136,0.0264
q28,10,24,0,0,0.0,0,0.0228,0.0733,0.0229,0.0498
q28,10,25,0,0,0.0,0,0.0207,0.0558,0.0137,0.0325
q28,10,26,0,0,0.0,0,0.0695,0.0558,0.0113,0.0277
q28,11,12,0,1,0.0,0,0.0186,0.0637,0.0221,0.0435
q28,11,13,0,1,0.0,0,0.0503,0.0677,0.0329,0.084
q28,11,14,0,1,0.0,0,0.0668,0.077,0.0309,0.0682
q28,11,15,0,1,0.0,0,0.1177,0.0637,0.0164,0.0267
q28,11,16,1,1,0.0,0,0.1141,0.1514,0.0575,0.0993
q28,11,17,0,1,0.0,0,0.0813,0.0969,0.0304,0.07
q28,11,18,0,0,0.0,0,0.0577,0.1373,0.0418,0.0848
q28,11,19,0,0,0.0,0,0.0547,0.081,0.0314,0.0664
q28,11,20,0,0,0.0,0,0.0457,0.0796,0.0293,0.0579
q28,11,21,0,0,0.0,0,0.0044,0.1001,0.043,0.0934
q28,11,22,0,0,0.0,0,0.1013,0.0651,0.0211,0.0396
q28,11,23,0,0,0.0,0,0.0516,0.0651,0.0187,0.0354
q28,11,24,0,0,0.0,0,0.0319,0.0784,0.0225,0.0553
q28,11,25,0,0,0.0,0,0.0488,0.0704,0.0256,0.0636
q28,11,26,0,0,0.0,0,0.0724,0.0943,0.0277,0.0762
q28,12,13,0,1,0.0,0,0.01,0.1598,0.0255,0.0453
q28,12,14,0,1,0.0,0,0.0284,0.0743,0.0286,0.0492
q28,12,15,1,1,0.0,0,0.0308,0.2099,0.044,0.0662
q28,12,16,0,1,0.0,0,0.0287,0.1363,0.0235,0.0461
q28,12,17,0,1,0.0,0,0.0202,0.1496,0.0235,0.0435
q28,12,18,0,0,0.0,0,0.0129,0.0873,0.0239,0.0506
q28,12,19,0,0,0.0,0,0.0059,0.1114,0.0305,0.0495
q28,12,20,0,0,0.0,0,0.0224,0.1476,0.0393,0.0741
q28,12,21,0,0,0.0,0,0.0011,0.0677,0.0205,0.0356
q28,12,22,0,0,0.0,0,0.0386,0.1862,0.0627,0.109
q28,12,23,0,0,0.0,0,0.0119,0.1255,0.0306,0.058
q28,12,24,0,0,0.0,0,0.006,0.0579,0.0179,0.0364
q28,12,25,0,0,0.0,0,0.0225,0.1484,0.0209,0.0367
q28,12,26,0,0,0.0,0,0.0112,0.1423,0.0194,0.0374
q28,13,14,1,1,0.0,0,0.0298,0.139,0.0683,0.1086
q28,13,15,0,1,0.0,0,0.0246,0.1256,0.0221,0.0362
q28,13,16,0,1,0.0,0,0.0308,0.1256,0.0239,0.0537
q28,13,17,1,1,0.0,0,0.0527,0.2439,0.0509,0.089
q28,13,18,0,0,0.0,0,0.018,0.1176,0.0369,0.065
q28,13,19,0,0,0.0,0,0.0387,0.1679,0.0489,0.0904
q28,13,20,0,0,0.0,0,0.0309,0.0724,0.0257,0.0493
q28,13,21,0,0,0.0,0,0.0022,0.0988,0.0348,0.0716
q28,13,22,0,0,0.0,0,0.0303,0.0612,0.0186,0.0423
q28,13,23,0,0,0.0,0,0.0308,0.0585,0.0165,0.0355
q28,13,24,0,0,0.0,0,0.022,0.0793,0.024,0.0621
q28,13,25,0,0,0.0,0,0.0261,0.2329,0.0438,0.0829
q28,13,26,0,0,0.0,0,0.0417,0.1854,0.0308,0.0721
q28,14,15,0,1,0.0,0,0.0277,0.0694,0.0198,0.0275
q28,14,16,0,1,0.0,0,0.0388,0.0646,0.0275,0.0671
q28,14,17,1,1,0.0,0,0.0398,0.1924,0.0519,0.0863
q28,14,18,0,0,0.0,0,0.0278,0.1373,0.0387,0.0667
q28,14,19,0,0,0.0,0,0.0363,0.1462,0.0439,0.0682
q28,14,20,0,0,0.0,0,0.0186,0.1042,0.0368,0.0627
q28,14,21,0,0,0.0,0,0.0042,0.1353,0.0461,0.0785
q28,14,22,0,0,0.0,0,0.0269,0.074,0.0212,0.0445
q28,14,23,0,0,0.0,0,0.0275,0.0682,0.0195,0.0337
q28,14,24,0,0,0.0,0,0.0107,0.0889,0.0267,0.0496
q28,14,25,0,0,0.0,0,0.0608,0.1303,0.0334,0.0613
q28,14,26,0,0,0.0,0,0.0635,0.123,0.0286,0.0596
q28,15,16,0,1,0.0,0,0.1184,0.0894,0.0157,0.0303
q28,15,17,0,1,0.125,1,0.0713,0.1524,0.0197,0.0314
q28,15,18,0,0,0.0,0,0.0671,0.1016,0.0211,0.0349
q28,15,19,0,0,0.0,0,0.0273,0.0999,0.028,0.0436
q28,15,20,0,0,0.1429,1,0.0213,0.1056,0.0282,0.0418
q28,15,21,0,0,0.1429,1,0.0033,0.0866,0.0222,0.0323
q28,15,22,0,0,0.0,0,0.1012,0.176,0.0484,0.0678
q28,15,23,0,0,0.0,0,0.0603,0.1179,0.0408,0.0658
q28,15,24,0,0,0.1429,1,0.0148,0.0856,0.025,0.0355
q28,15,25,0,0,0.0,0,0.0423,0.1451,0.0218,0.041
q28,15,26,0,0,0.1667,1,0.0439,0.2171,0.028,0.0413
q28,16,17,0,1,0.0,0,0.0409,0.184,0.03,0.0653
q28,16,18,0,0,0.1111,1,0.4402,0.1783,0.0583,0.0956
q28,16,19,0,0,0.0,0,0.035,0.0709,0.0183,0.036
q28,16,20,0,0,0.0,0,0.0215,0.0478,0.0173,0.0394
q28,16,21,0,0,0.0,0,0.0023,0.0541,0.0212,0.0516
q28,16,22,0,0,0.0,0,0.0997,0.0523,0.0152,0.0312
q28,16,23,0,0,0.0,0,0.066,0.0439,0.013,0.0289
q28,16,24,0,0,0.0,0,0.0202,0.0505,0.0164,0.0436
q28,16,25,0,0,0.0,0,0.0386,0.1178,0.022,0.0492
q28,16,26,0,0,0.0,0,0.0533,0.1356,0.0261,0.061
q28,17,18,0,0,0.0,0,0.0323,0.1355,0.0266,0.0552
q28,17,19,0,0,0.0,0,0.0415,0.1766,0.0329,0.0631
q28,17,20,0,0,0.125,1,0.174,0.1693,0.028,0.0507
q28,17,21,0,0,0.125,1,0.1402,0.1407,0.0405,0.0741
q28,17,22,0,0,0.0,0,0.0379,0.0816,0.0186,0.0358
q28,17,23,0,0,0.0,0,0.0206,0.0697,0.0161,0.0297
q28,17,24,0,0,0.125,1,0.1744,0.149,0.0522,0.0845
q28,17,25,0,0,0.125,1,0.0566,0.2041,0.048,0.0844
q28,17,26,0,0,0.3333,2,0.3703,0.2574,0.0841,0.1334
q28,18,19,0,1,0.0,0,0.0029,0.0998,0.03,0.0493
q28,18,20,0,1,0.0,0,0.0107,0.0856,0.0276,0.0585
q28,18,21,1,1,0.0,0,0.0033,0.1676,0.0534,0.0942
q28,18,22,0,1,0.0,0,0.0596,0.0998,0.0261,0.0493
q28,18,23,0,1,0.0,0,0.0307,0.0998,0.0229,0.0489
q28,18,24,1,1,0.0,0,0.0107,0.1783,0.0415,0.0661
q28,18,25,0,1,0.0,0,0.0251,0.0873,0.0161,0.0393
q28,18,26,0,1,0.0,0,0.0221,0.1087,0.0186,0.0502
q28,19,20,0,1,0.0,0,0.0182,0.0767,0.0295,0.0529
q28,19,21,0,1,0.0,0,0.0066,0.1129,0.0335,0.0521
q28,19,22,0,1,0.0,0,0.0228,0.081,0.0272,0.0531
q28,19,23,0,1,0.0,0,0.0347,0.081,0.0232,0.0437
q28,19,24,0,1,0.0,0,0.0172,0.0825,0.0223,0.0429
q28,19,25,1,1,0.0,0,0.0241,0.1997,0.0412,0.0689
q28,19,26,1,1,0.0,0,0.0449,0.1317,0.0258,0.0568
q28,20,21,0,1,0.1429,1,0.1422,0.0955,0.0289,0.0461
q28,20,22,1,1,0.0,0,0.021,0.136,0.0615,0.108
q28,20,23,1,1,0.0,0,0.0076,0.1085,0.0333,0.0469
q28,20,24,0,1,0.1429,1,0.1706,0.1056,0.0264,0.042
q28,20,25,0,1,0.0,0,0.022,0.0709,0.0177,0.043
q28,20,26,0,1,0.1667,1,0.1694,0.1418,0.027,0.0494
q28,21,22,0,1,0.0,0,0.0,0.0866,0.0238,0.0378
q28,21,23,0,1,0.0,0,0.0052,0.0866,0.0225,0.0394
q28,21,24,1,1,0.3333,2,0.0121,0.1624,0.0654,0.1106
q28,21,25,0,1,0.0,0,0.0098,0.1096,0.0321,0.0721
q28,21,26,0,1,0.1667,1,0.145,0.115,0.0341,0.0786
q28,22,23,1,1,0.0,0,0.0359,0.1811,0.0496,0.0764
q28,22,24,0,1,0.0,0,0.0124,0.1059,0.0302,0.0447
q28,22,25,0,1,0.0,0,0.0362,0.0612,0.0152,0.0272
q28,22,26,0,1,0.0,0,0.0141,0.1033,0.0215,0.0321
q28,23,24,0,1,0.0,0,0.0192,0.0868,0.0263,0.0482
q28,23,25,0,1,0.0,0,0.0352,0.0514,0.0138,0.0262
q28,23,26,0,1,0.0,0,0.0346,0.0868,0.0177,0.0305
q28,24,25,0,1,0.0,0,0.0224,0.0439,0.0148,0.0407
q28,24,26,0,1,0.1667,1,0.1727,0.1472,0.0483,0.0787
q28,25,26,1,1,0.1667,1,0.3983,0.5981,0.241,0.3349
q29,0,1,0,1,0.0,0,0.0134,0.0,0.0039,0.0273
q29,0,2,0,1,0.0,0,0.0273,0.0,0.0023,0.0361
q29,0,3,0,1,0.0,0,0.0799,0.0274,0.0107,0.0481
q29,0,4,1,1,0.0,0,0.0062,0.0,0.0184,0.0547
q29,0,5,0,1,0.0,0,0.0219,0.0,0.008,0.0513
q29,0,6,1,1,0.0,0,0.0089,0.0,0.0239,0.065
q29,0,7,0,1,0.0,0,0.0699,0.0,0.0014,0.0208
q29,0,8,0,1,0.0,0,0.0056,0.0,0.0012,0.0131
q29,0,9,0,0,0.0,0,0.0,0.0,0.0,0.0042
q29,0,10,0,0,0.0,0,0.0,0.0,0.0,0.0161
q29,0,11,0,0,0.0,0,0.0,0.0,0.0043,0.0329
q29,0,12,0,0,0.0,0,0.0432,0.0,0.0,0.0093
q29,0,13,0,0,0.0,0,0.0296,0.0,0.0,0.0065
q29,0,14,0,0,0.0,0,0.0026,0.0,0.0068,0.0399
q29,0,15,0,0,0.0,0,0.0019,0.0,0.0,0.0137
q29,0,16,0,0,0.0,0,0.003,0.0,0.0018,0.0299
q29,0,17,0,0,0.0,0,0.0039,0.0,0.0,0.0089
q29,0,18,0,0,0.0,0,0.0,0.0,0.0,0.0057
q29,0,19,0,0,0.0,0,0.0,0.0,0.0033,0.0378
q29,0,20,0,0,0.0,0,0.0,0.0,0.0,0.0121
q29,0,21,0,0,0.0,0,0.0331,0.0,0.001,0.0131
q29,0,22,0,0,0.0,0,0.001,0.0,0.006,0.0262
q29,0,23,0,0,0.0,0,0.0061,0.0,0.0,0.0161
q29,0,24,0,0,0.0,0,0.0509,0.0,0.0,0.0051
q29,0,25,0,0,0.0,0,0.001,0.0,0.0,0.0141
q29,0,26,0,0,0.0,0,0.0222,0.0,0.0,0.0185
q29,1,2,0,1,0.1429,1,0.2492,0.0,0.003,0.0291
q29,1,3,0,1,0.1429,1,0.2437,0.0171,0.0084,0.0308
q29,1,4,0,1,0.2,1,0.2878,0.0192,0.0142,0.0481
q29,1,5,0,1,0.25,1,0.1418,0.0171,0.0097,0.028
q29,1,6,0,1,0.1667,1,0.2953,0.0192,0.0142,0.0439
q29,1,7,1,1,0.0,0,0.027,0.0363,0.0072,0.0288
q29,1,8,1,1,0.0,0,0.0028,0.0171,0.0052,0.0274
q29,1,9,0,0,0.0,0,0.0405,0.0,0.0,0.0156
q29,1,10,0,0,0.0,0,0.0068,0.0,0.0057,0.0229
q29,1,11,0,0,0.0,0,0.001,0.0,0.0,0.025
q29,1,12,0,0,0.0,0,0.0,0.0,0.004,0.0187
q29,1,13,0,0,0.0,0,0.0,0.0,0.0049,0.016
q29,1,14,0,0,0.0,0,0.0047,0.0171,0.0069,0.0268
q29,1,15,0,0,0.0,0,0.0067,0.0,0.0056,0.0279
q29,1,16,0,0,0.0,0,0.0012,0.0,0.0032,0.0165
q29,1,17,0,0,0.0,0,0.0024,0.0,0.003,0.0171
q29,1,18,0,0,0.0,0,0.0,0.0,0.0011,0.0087
q29,1,19,0,0,0.0,0,0.0039,0.0,0.0039,0.0286
q29,1,20,0,0,0.0,0,0.0283,0.0,0.0035,0.0178
q29,1,21,0,0,0.0,0,0.0,0.0,0.0037,0.0191
q29,1,22,0,0,0.0,0,0.001,0.0,0.0044,0.0151
q29,1,23,0,0,0.0,0,0.005,0.0,0.0046,0.0164
q29,1,24,0,0,0.0,0,0.0031,0.0,0.0032,0.012
q29,1,25,0,0,0.0,0,0.0067,0.0,0.0035,0.0186
q29,1,26,0,0,0.0,0,0.0031,0.0,0.0056,0.0241
q29,2,3,1,1,0.25,2,0.5435,0.1484,0.0985,0.1871
q29,2,4,0,1,0.1429,1,0.4119,0.0,0.0163,0.0786
q29,2,5,1,1,0.1667,1,0.4193,0.1542,0.0501,0.1278
q29,2,6,0,1,0.125,1,0.4236,0.2349,0.0347,0.087
q29,2,7,0,1,0.125,1,0.1821,0.17,0.0184,0.0516
q29,2,8,0,1,0.0,0,0.0028,0.1729,0.0214,0.0554
q29,2,9,0,0,0.0,0,0.1287,0.0,0.0013,0.0271
q29,2,10,0,0,0.0,0,0.0112,0.0,0.004,0.025
q29,2,11,0,0,0.0,0,0.0009,0.0,0.0021,0.0245
q29,2,12,0,0,0.0,0,0.0108,0.0238,0.0127,0.0242
q29,2,13,0,0,0.0,0,0.0136,0.0,0.0089,0.0172
q29,2,14,0,0,0.0,0,0.0676,0.0,0.0107,0.0317
q29,2,15,0,0,0.0,0,0.0439,0.0,0.0025,0.0233
q29,2,16,0,0,0.0,0,0.0075,0.1758,0.0177,0.041
q29,2,17,0,0,0.0,0,0.0092,0.0,0.0083,0.0206
q29,2,18,0,0,0.0,0,0.0,0.0,0.0,0.0093
q29,2,19,0,0,0.0,0,0.0085,0.0,0.0035,0.0248
q29,2,20,0,0,0.0,0,0.0487,0.0,0.0097,0.0275
q29,2,21,0,0,0.0,0,0.0347,0.0,0.0101,0.0294
q29,2,22,0,0,0.0,0,0.0031,0.1628,0.0162,0.0349
q29,2,23,0,0,0.0,0,0.0074,0.1499,0.0122,0.0253
q29,2,24,0,0,0.0,0,0.0153,0.0,0.0102,0.0222
q29,2,25,0,0,0.0,0,0.0458,0.036,0.0125,0.0337
q29,2,26,0,0,0.0,0,0.0195,0.0,0.0093,0.0333
q29,3,4,0,1,0.1429,1,0.3133,0.0476,0.0238,0.0765
q29,3,5,1,1,0.1667,1,0.2266,0.1839,0.0747,0.1536
q29,3,6,0,1,0.125,1,0.3266,0.0626,0.0338,0.0829
q29,3,7,0,1,0.125,1,0.2424,0.0792,0.0268,0.0654
q29,3,8,0,1,0.1667,1,0.2674,0.1162,0.0261,0.0717
q29,3,9,0,0,0.0,0,0.1215,0.0,0.0012,0.0264
q29,3,10,0,0,0.0,0,0.0262,0.0,0.0066,0.0339
q29,3,11,0,0,0.0,0,0.0018,0.0,0.003,0.0303
q29,3,12,0,0,0.0,0,0.0074,0.0358,0.0163,0.0314
q29,3,13,0,0,0.0,0,0.0336,0.0361,0.0136,0.0277
q29,3,14,0,0,0.0,0,0.0023,0.0399,0.0118,0.029
q29,3,15,0,0,0.0,0,0.0221,0.0,0.0048,0.0231
q29,3,16,0,0,0.0,0,0.0024,0.1635,0.0183,0.0347
q29,3,17,0,0,0.0,0,0.0092,0.0421,0.014,0.0323
q29,3,18,0,0,0.0,0,0.0,0.0,0.0,0.0121
q29,3,19,0,0,0.0,0,0.0153,0.0,0.0066,0.0275
q29,3,20,0,0,0.0,0,0.0512,0.0329,0.0138,0.0317
q29,3,21,0,0,0.0,0,0.0347,0.0319,0.0185,0.0429
q29,3,22,0,0,0.0,0,0.0,0.0307,0.0139,0.0284
q29,3,23,0,0,0.0,0,0.0075,0.0409,0.0137,0.0259
q29,3,24,0,0,0.0,0,0.1164,0.166,0.0162,0.029
q29,3,25,0,0,0.0,0,0.0195,0.0728,0.0158,0.0393
q29,3,26,0,0,0.0,0,0.0237,0.0356,0.0162,0.0408
q29,4,5,0,1,0.25,1,0.3144,0.0533,0.0178,0.0574
q29,4,6,1,1,0.1667,1,0.4469,0.1455,0.0611,0.1244
q29,4,7,0,1,0.0,0,0.0142,0.0231,0.0047,0.0223
q29,4,8,0,1,0.0,0,0.0,0.0231,0.0031,0.0249
q29,4,9,0,0,0.0,0,0.0405,0.0,0.0,0.0127
q29,4,10,0,0,0.0,0,0.0236,0.0,0.0,0.0108
q29,4,11,0,0,0.0,0,0.001,0.0,0.0,0.0224
q29,4,12,0,0,0.0,0,0.0059,0.0,0.0,0.005
q29,4,13,0,0,0.0,0,0.0,0.0,0.0008,0.0039
q29,4,14,0,0,0.0,0,0.0061,0.0,0.0017,0.0304
q29,4,15,0,0,0.0,0,0.0032,0.0,0.0,0.019
q29,4,16,0,0,0.0,0,0.0021,0.0115,0.007,0.0307
q29,4,17,0,0,0.0,0,0.0,0.0,0.0,0.0112
q29,4,18,0,0,0.0,0,0.0,0.0,0.0,0.0043
q29,4,19,0,0,0.0,0,0.0042,0.0,0.0008,0.0221
q29,4,20,0,0,0.0,0,0.034,0.0,0.0,0.0113
q29,4,21,0,0,0.0,0,0.0,0.0,0.0,0.0111
q29,4,22,0,0,0.0,0,0.0,0.0,0.0069,0.0325
q29,4,23,0,0,0.0,0,0.0042,0.0,0.0007,0.0146
q29,4,24,0,0,0.0,0,0.0154,0.0,0.0,0.0025
q29,4,25,0,0,0.0,0,0.0032,0.0,0.0006,0.022
q29,4,26,0,0,0.0,0,0.0155,0.0,0.0,0.0143
q29,5,6,0,1,0.2,1,0.3091,0.1908,0.0422,0.1001
q29,5,7,0,1,0.0,0,0.0268,0.1507,0.0223,0.0598
q29,5,8,0,1,0.0,0,0.0,0.1531,0.0215,0.0542
q29,5,9,0,0,0.0,0,0.0,0.0,0.0011,0.0259
q29,5,10,0,0,0.0,0,0.0,0.0,0.0063,0.0243
q29,5,11,0,0,0.0,0,0.0011,0.0,0.0009,0.0356
q29,5,12,0,0,0.0,0,0.0,0.1073,0.0196,0.0349
q29,5,13,0,0,0.0,0,0.0087,0.0482,0.0137,0.0252
q29,5,14,0,0,0.0,0,0.0687,0.0399,0.012,0.0393
q29,5,15,0,0,0.0,0,0.0029,0.0,0.0053,0.0265
q29,5,16,0,0,0.0,0,0.0053,0.0413,0.0189,0.0511
q29,5,17,0,0,0.0,0,0.0,0.0826,0.0147,0.0285
q29,5,18,0,0,0.0,0,0.0,0.0,0.0017,0.0124
q29,5,19,0,0,0.0,0,0.0034,0.0,0.0079,0.0348
q29,5,20,0,0,0.0,0,0.0,0.0438,0.0124,0.0293
q29,5,21,0,0,0.0,0,0.0087,0.125,0.0191,0.0417
q29,5,22,0,0,0.0,0,0.0021,0.0389,0.0147,0.038
q29,5,23,0,0,0.0,0,0.0087,0.0389,0.0125,0.0247
q29,5,24,0,0,0.0,0,0.0,0.0826,0.0161,0.0285
q29,5,25,0,0,0.0,0,0.0023,0.1057,0.0226,0.0454
q29,5,26,0,0,0.0,0,0.0088,0.0474,0.0138,0.0348
q29,6,7,0,1,0.0,0,0.0392,0.1745,0.0206,0.0504
q29,6,8,0,1,0.0,0,0.0138,0.1735,0.0133,0.0347
q29,6,9,0,0,0.0,0,0.0988,0.0,0.0,0.0215
q29,6,10,0,0,0.0,0,0.0262,0.0,0.004,0.0219
q29,6,11,0,0,0.0,0,0.001,0.0,0.0,0.0233
q29,6,12,0,0,0.0,0,0.0,0.0477,0.0116,0.0259
q29,6,13,0,0,0.0,0,0.0057,0.0241,0.0079,0.0194
q29,6,14,0,0,0.0,0,0.0,0.0432,0.0166,0.0556
q29,6,15,0,0,0.0,0,0.0026,0.0263,0.0096,0.0355
q29,6,16,0,0,0.0,0,0.004,0.1797,0.0248,0.0556
q29,6,17,0,0,0.0,0,0.002,0.0493,0.0105,0.0284
q29,6,18,0,0,0.0,0,0.0,0.0,0.0,0.0126
q29,6,19,0,0,0.0,0,0.0061,0.0,0.0078,0.0322
q29,6,20,0,0,0.0,0,0.035,0.0219,0.0099,0.0299
q29,6,21,0,0,0.0,0,0.0068,0.0213,0.0089,0.0266
q29,6,22,0,0,0.0,0,0.0,0.1677,0.0235,0.0524
q29,6,23,0,0,0.0,0,0.0176,0.1458,0.0132,0.0354
q29,6,24,0,0,0.0,0,0.0095,0.0164,0.0079,0.0173
q29,6,25,0,0,0.0,0,0.0012,0.0267,0.0139,0.0402
q29,6,26,0,0,0.0,0,0.0274,0.0237,0.0117,0.033
q29,7,8,1,1,0.2,1,0.3584,0.1725,0.0473,0.0947
q29,7,9,0,0,0.0,0,0.081,0.0,0.0016,0.0204
q29,7,10,0,0,0.0,0,0.0292,0.0,0.0066,0.026
q29,7,11,0,0,0.0,0,0.0,0.0,0.002,0.0274
q29,7,12,0,0,0.0,0,0.0692,0.0835,0.0185,0.0373
q29,7,13,0,0,0.0,0,0.0351,0.0617,0.0153,0.0313
q29,7,14,0,0,0.0,0,0.004,0.0532,0.0115,0.0283
q29,7,15,0,0,0.0,0,0.0178,0.0,0.0076,0.0319
q29,7,16,0,0,0.0,0,0.0037,0.1438,0.0154,0.0315
q29,7,17,0,0,0.0,0,0.0098,0.0782,0.0153,0.0391
q29,7,18,0,0,0.0,0,0.0,0.0,0.0019,0.0192
q29,7,19,0,0,0.0,0,0.0051,0.0,0.0066,0.0379
q29,7,20,0,0,0.0,0,0.0147,0.0438,0.0119,0.0262
q29,7,21,0,0,0.0,0,0.0376,0.1303,0.0182,0.0395
q29,7,22,0,0,0.0,0,0.0,0.1677,0.016,0.0272
q29,7,23,0,0,0.0,0,0.01,0.1028,0.0167,0.032
q29,7,24,0,0,0.0,0,0.1254,0.084,0.017,0.0408
q29,7,25,0,0,0.0,0,0.0149,0.0401,0.0147,0.0348
q29,7,26,0,0,0.0,0,0.0136,0.0504,0.0183,0.0425
q29,8,9,0,0,0.0,0,0.0065,0.0,0.0027,0.0268
q29,8,10,0,0,0.0,0,0.0012,0.0,0.007,0.031
q29,8,11,0,0,0.0,0,0.001,0.0,0.0018,0.0285
q29,8,12,0,0,0.0,0,0.0,0.0715,0.0165,0.0363
q29,8,13,0,0,0.0,0,0.0013,0.0723,0.0153,0.0321
q29,8,14,0,0,0.0,0,0.0034,0.0532,0.0108,0.0241
q29,8,15,0,0,0.0,0,0.0071,0.0,0.01,0.0284
q29,8,16,0,0,0.0,0,0.0031,0.1538,0.0139,0.0264
q29,8,17,0,0,0.0,0,0.0,0.0705,0.0186,0.0421
q29,8,18,0,0,0.0,0,0.0,0.0179,0.0051,0.0152
q29,8,19,0,0,0.0,0,0.007,0.0194,0.0102,0.0311
q29,8,20,0,0,0.0,0,0.0024,0.0918,0.0205,0.0409
q29,8,21,0,0,0.0,0,0.0,0.0638,0.0184,0.0399
q29,8,22,0,0,0.0,0,0.0,0.1892,0.0138,0.0254
q29,8,23,0,0,0.0,0,0.0024,0.1176,0.019,0.0307
q29,8,24,0,0,0.0,0,0.003,0.0676,0.0212,0.0398
q29,8,25,0,0,0.0,0,0.0035,0.0437,0.0133,0.0294
q29,8,26,0,0,0.0,0,0.0045,0.1022,0.0261,0.0518
q29,9,10,1,1,0.0,0,0.0777,0.0,0.0082,0.0464
q29,9,11,1,1,0.0,0,0.0,0.0,0.0179,0.0375
q29,9,12,0,1,0.0,0,0.0291,0.0,0.0,0.0259
q29,9,13,0,1,0.0,0,0.081,0.0,0.0,0.0252
q29,9,14,0,1,0.0,0,0.0,0.0,0.0027,0.0195
q29,9,15,0,1,0.0,0,0.0834,0.0,0.0012,0.0216
q29,9,16,0,1,0.0,0,0.0,0.0481,0.005,0.0211
q29,9,17,0,1,0.0,0,0.0874,0.0,0.0,0.0217
q29,9,18,0,0,0.0,0,0.0,0.0,0.0046,0.0344
q29,9,19,0,0,0.0,0,0.0405,0.0428,0.0052,0.0236
q29,9,20,0,0,0.1111,1,0.2704,0.0428,0.0058,0.0396
q29,9,21,0,0,0.0,0,0.081,0.0,0.0,0.0257
q29,9,22,0,0,0.0,0,0.0,0.0,0.0,0.0158
q29,9,23,0,0,0.0,0,0.0405,0.0,0.0,0.0127
q29,9,24,0,0,0.0,0,0.0777,0.0,0.0,0.0178
q29,9,25,0,0,0.0,0,0.0834,0.0,0.0,0.0119
q29,9,26,0,0,0.0,0,0.1134,0.0,0.0087,0.0498
q29,10,11,1,1,0.0,0,0.0,0.0,0.0086,0.0378
q29,10,12,0,1,0.0,0,0.028,0.0,0.0072,0.0278
q29,10,13,0,1,0.0,0,0.0061,0.0,0.0091,0.0309
q29,10,14,0,1,0.0,0,0.0,0.0,0.009,0.0264
q29,10,15,0,1,0.0,0,0.0169,0.0,0.0095,0.0318
q29,10,16,0,1,0.0,0,0.0016,0.0,0.0056,0.0245
q29,10,17,0,1,0.0,0,0.0062,0.0182,0.0099,0.0335
q29,10,18,0,0,0.0,0,0.0,0.0,0.0067,0.0274
q29,10,19,0,0,0.0,0,0.0085,0.0547,0.0222,0.0581
q29,10,20,0,0,0.0,0,0.0492,0.0273,0.0154,0.0415
q29,10,21,0,0,0.0,0,0.0043,0.0,0.0094,0.0309
q29,10,22,0,0,0.0,0,0.0,0.0,0.0054,0.0196
q29,10,23,0,0,0.0,0,0.0081,0.0,0.0063,0.0243
q29,10,24,0,0,0.0,0,0.0828,0.0,0.0081,0.0357
q29,10,25,0,0,0.0,0,0.0179,0.0,0.0071,0.024
q29,10,26,0,0,0.0,0,0.1036,0.0273,0.0242,0.0629
q29,11,12,0,1,0.0,0,0.0,0.0,0.0,0.0209
q29,11,13,0,1,0.0,0,0.0,0.0,0.0011,0.0282
q29,11,14,0,1,0.0,0,0.0011,0.0,0.0063,0.0388
q29,11,15,0,1,0.0,0,0.0,0.0,0.0079,0.0414
q29,11,16,0,1,0.0,0,0.0,0.0,0.0017,0.0231
q29,11,17,0,1,0.0,0,0.0,0.0,0.0,0.0255
q29,11,18,0,0,0.0,0,0.0,0.0,0.0012,0.0155
q29,11,19,0,0,0.2,1,0.4632,0.2368,0.0486,0.1133
q29,11,20,0,0,0.0,0,0.0,0.0,0.0009,0.0296
q29,11,21,0,0,0.0,0,0.0,0.0,0.0,0.0321
q29,11,22,0,0,0.0,0,0.0,0.0,0.0009,0.0199
q29,11,23,0,0,0.0,0,0.0,0.0,0.0008,0.0259
q29,11,24,0,0,0.0,0,0.0,0.0,0.0008,0.0265
q29,11,25,0,0,0.0,0,0.0,0.0,0.0007,0.0245
q29,11,26,0,0,0.0,0,0.0051,0.0184,0.008,0.0522
q29,12,13,1,1,0.0,0,0.0676,0.1024,0.0342,0.0661
q29,12,14,0,1,0.0,0,0.0,0.0399,0.0117,0.019
q29,12,15,0,1,0.0,0,0.0142,0.0,0.0059,0.0206
q29,12,16,0,1,0.0,0,0.0011,0.0477,0.0155,0.0322
q29,12,17,1,1,0.0,0,0.0476,0.1565,0.0313,0.0641
q29,12,18,0,0,0.0,0,0.0,0.0,0.0029,0.0215
q29,12,19,0,0,0.0,0,0.0,0.0,0.0098,0.0262
q29,12,20,0,0,0.0,0,0.0053,0.0507,0.0197,0.0377
q29,12,21,0,0,0.0,0,0.0462,0.1162,0.0249,0.0535
q29,12,22,0,0,0.0,0,0.0,0.0477,0.0147,0.0272
q29,12,23,0,0,0.0,0,0.0017,0.0477,0.0159,0.0319
q29,12,24,0,0,0.0,0,0.1524,0.1073,0.0208,0.0439
q29,12,25,0,0,0.0,0,0.0162,0.1103,0.0192,0.0307
q29,12,26,0,0,0.0,0,0.0416,0.0507,0.0234,0.0514
q29,13,14,0,1,0.0,0,0.0,0.0532,0.0152,0.0219
q29,13,15,0,1,0.0,0,0.0075,0.0,0.0076,0.0242
q29,13,16,0,1,0.0,0,0.002,0.0482,0.0125,0.0191
q29,13,17,1,1,0.0,0,0.0493,0.1792,0.0534,0.0912
q29,13,18,0,0,0.0,0,0.0041,0.0,0.0068,0.0442
q29,13,19,0,0,0.0,0,0.0,0.0,0.0114,0.031
q29,13,20,0,0,0.0,0,0.0082,0.0738,0.0237,0.0351
q29,13,21,0,0,0.2,1,0.0715,0.0934,0.0334,0.0635
q29,13,22,0,0,0.0,0,0.0,0.0482,0.0129,0.018
q29,13,23,0,0,0.0,0,0.0029,0.0723,0.0187,0.0332
q29,13,24,0,0,0.0,0,0.052,0.0919,0.0275,0.0614
q29,13,25,0,0,0.0,0,0.0086,0.0873,0.0218,0.0351
q29,13,26,0,0,0.0,0,0.0218,0.0738,0.0241,0.0494
q29,14,15,1,1,0.0,0,0.0033,0.0199,0.0169,0.0472
q29,14,16,1,1,0.0,0,0.0817,0.1728,0.0546,0.1131
q29,14,17,0,1,0.0,0,0.0,0.0532,0.0117,0.0234
q29,14,18,0,0,0.0,0,0.0,0.0,0.0029,0.0123
q29,14,19,0,0,0.0,0,0.0011,0.0,0.007,0.0312
q29,14,20,0,0,0.0,0,0.0,0.0532,0.0136,0.0294
q29,14,21,0,0,0.0,0,0.0,0.0532,0.0151,0.0324
q29,14,22,0,0,0.0,0,0.086,0.1196,0.0422,0.0998
q29,14,23,0,0,0.0,0,0.001,0.0615,0.0252,0.067
q29,14,24,0,0,0.0,0,0.0,0.0532,0.0124,0.018
q29,14,25,0,0,0.0,0,0.0726,0.0598,0.0224,0.0545
q29,14,26,0,0,0.0,0,0.0,0.0532,0.0152,0.0291
q29,15,16,1,1,0.0,0,0.0022,0.0247,0.014,0.0416
q29,15,17,0,1,0.0,0,0.0042,0.0,0.0093,0.0309
q29,15,18,0,0,0.0,0,0.0,0.0,0.0018,0.0155
q29,15,19,0,0,0.0,0,0.0071,0.0,0.0108,0.0465
q29,15,20,0,0,0.0,0,0.0337,0.0,0.0069,0.0249
q29,15,21,0,0,0.0,0,0.0075,0.0,0.0079,0.0208
q29,15,22,0,0,0.0,0,0.001,0.0124,0.0077,0.0333
q29,15,23,0,0,0.0,0,0.0012,0.0124,0.0109,0.0362
q29,15,24,0,0,0.0,0,0.0102,0.0,0.007,0.0302
q29,15,25,0,0,0.5,1,0.8994,0.1808,0.0827,0.1559
q29,15,26,0,0,0.0,0,0.0118,0.0,0.0072,0.0279
q29,16,17,0,1,0.0,0,0.0016,0.0317,0.0124,0.0306
q29,16,18,0,0,0.0,0,0.0,0.0,0.0023,0.0139
q29,16,19,0,0,0.0,0,0.0011,0.0,0.0057,0.0322
q29,16,20,0,0,0.0,0,0.0,0.0438,0.0107,0.0234
q29,16,21,0,0,0.0,0,0.0071,0.0426,0.0139,0.035
q29,16,22,0,0,0.3333,1,0.6487,0.3593,0.1207,0.2095
q29,16,23,0,0,0.0,0,0.0025,0.1429,0.014,0.044
q29,16,24,0,0,0.0,0,0.002,0.0656,0.013,0.0253
q29,16,25,0,0,0.0,0,0.0041,0.0397,0.0204,0.0597
q29,16,26,0,0,0.0,0,0.0016,0.0474,0.0119,0.0278
q29,17,18,0,0,0.0,0,0.0034,0.0797,0.024,0.0709
q29,17,19,0,0,0.0,0,0.0,0.0,0.0102,0.0282
q29,17,20,0,0,0.0,0,0.0132,0.0658,0.0213,0.0455
q29,17,21,0,0,0.0,0,0.0486,0.242,0.0386,0.0702
q29,17,22,0,0,0.0,0,0.0,0.0383,0.0115,0.0225
q29,17,23,0,0,0.0,0,0.0026,0.0642,0.0181,0.0349
q29,17,24,0,0,0.0,0,0.0396,0.1701,0.0496,0.0962
q29,17,25,0,0,0.0,0,0.0042,0.1216,0.0229,0.0411
q29,17,26,0,0,0.0,0,0.0166,0.0948,0.027,0.0597
q29,18,19,0,1,0.0,0,0.0,0.0,0.0019,0.0166
q29,18,20,0,1,0.0,0,0.0,0.0,0.0009,0.0202
q29,18,21,1,1,0.0,0,0.0,0.1335,0.0473,0.0802
q29,18,22,0,1,0.0,0,0.0,0.0,0.0,0.0071
q29,18,23,0,1,0.0,0,0.0,0.0,0.0008,0.0175
q29,18,24,1,1,0.0,0,0.0045,0.1653,0.0405,0.0822
q29,18,25,0,1,0.0,0,0.0,0.0,0.0007,0.0138
q29,18,26,0,1,0.0,0,0.0021,0.0,0.0064,0.0302
q29,19,20,1,1,0.0,0,0.0372,0.0275,0.0208,0.0548
q29,19,21,0,1,0.0,0,0.001,0.0,0.0082,0.035
q29,19,22,0,1,0.0,0,0.0,0.0,0.0047,0.0219
q29,19,23,0,1,0.0,0,0.0085,0.0,0.0077,0.0311
q29,19,24,0,1,0.0,0,0.0073,0.0146,0.0108,0.0291
q29,19,25,0,1,0.0,0,0.0061,0.0,0.0077,0.0301
q29,19,26,1,1,0.0,0,0.0105,0.0469,0.0271,0.0621
q29,20,21,0,1,0.0,0,0.0198,0.0685,0.0231,0.0441
q29,20,22,0,1,0.0,0,0.0,0.0438,0.014,0.0228
q29,20,23,0,1,0.0,0,0.0383,0.0836,0.0267,0.0443
q29,20,24,0,1,0.0,0,0.0493,0.0767,0.021,0.0368
q29,20,25,0,1,0.0,0,0.0272,0.0658,0.017,0.0259
q29,20,26,1,1,0.0,0,0.0488,0.1807,0.0725,0.1029
q29,21,22,0,1,0.0,0,0.003,0.0426,0.0138,0.0242
q29,21,23,0,1,0.0,0,0.0057,0.0745,0.022,0.0425
q29,21,24,1,1,0.0,0,0.0393,0.2806,0.0565,0.0792
q29,21,25,0,1,0.0,0,0.0086,0.1622,0.0253,0.0411
q29,21,26,0,1,0.0,0,0.0125,0.0711,0.0226,0.0481
q29,22,23,1,1,0.0,0,0.0,0.2036,0.035,0.0646
q29,22,24,0,1,0.0,0,0.0,0.0383,0.0121,0.0216
q29,22,25,1,1,0.0,0,0.002,0.0683,0.0277,0.0593
q29,22,26,0,1,0.0,0,0.0,0.0474,0.0131,0.021
q29,23,24,0,1,0.0,0,0.0099,0.0574,0.0183,0.0312
q29,23,25,1,1,0.0,0,0.0012,0.1868,0.041,0.0754
q29,23,26,0,1,0.0,0,0.0086,0.1022,0.0314,0.0578
q29,24,25,0,1,0.0,0,0.0114,0.1322,0.0198,0.0282
q29,24,26,0,1,0.0,0,0.0353,0.083,0.0234,0.047
q29,25,26,0,1,0.0,0,0.0133,0.0741,0.0177,0.0355
q30,0,1,1,1,0.0,0,0.0009,0.0596,0.0355,0.0787
q30,0,2,0,1,0.1,1,0.0494,0.1656,0.0339,0.0764
q30,0,3,1,1,0.0,0,0.024,0.0879,0.0289,0.0662
q30,0,4,0,1,0.0,0,0.021,0.0225,0.017,0.0524
q30,0,5,0,1,0.1111,1,0.0387,0.0368,0.0092,0.0266
q30,0,6,0,1,0.0,0,0.0051,0.0757,0.0198,0.0599
q30,0,7,0,1,0.0,0,0.0431,0.0,0.0123,0.0404
q30,0,8,0,1,0.0,0,0.0295,0.092,0.0127,0.037
q30,0,9,0,0,0.0,0,0.0276,0.0,0.0,0.0216
q30,0,10,0,0,0.0,0,0.019,0.0409,0.009,0.03
q30,0,11,0,0,0.0,0,0.0364,0.0,0.0074,0.0242
q30,0,12,0,0,0.0,0,0.0394,0.0409,0.0094,0.0377
q30,0,13,0,0,0.125,1,0.2213,0.0675,0.0237,0.0639
q30,0,14,0,0,0.25,2,0.375,0.0552,0.0183,0.0616
q30,0,15,0,0,0.0,0,0.0322,0.0389,0.0155,0.0405
q30,0,16,0,0,0.0,0,0.006,0.045,0.0119,0.0335
q30,0,17,0,0,0.0,0,0.0097,0.0327,0.0118,0.0449
q30,0,18,0,0,0.0,0,0.0621,0.0613,0.0128,0.0328
q30,0,19,0,0,0.0,0,0.0228,0.0552,0.0103,0.0305
q30,0,20,0,0,0.0,0,0.0041,0.0,0.0,0.0105
q30,0,21,0,0,0.0,0,0.0376,0.0941,0.019,0.0427
q30,0,22,0,0,0.0,0,0.04,0.0184,0.004,0.0236
q30,0,23,0,0,0.1111,1,0.155,0.0613,0.0138,0.045
q30,0,24,0,0,0.0,0,0.034,0.0757,0.0138,0.0423
q30,0,25,0,0,0.0,0,0.0411,0.0593,0.0137,0.0409
q30,0,26,0,0,0.125,1,0.1592,0.0184,0.0116,0.0402
q30,1,2,0,1,0.0,0,0.0019,0.0422,0.0079,0.0446
q30,1,3,1,1,0.0,0,0.0,0.0794,0.027,0.0535
q30,1,4,0,1,0.0,0,0.0569,0.0199,0.0081,0.0355
q30,1,5,0,1,0.0,0,0.0,0.0,0.0024,0.0225
q30,1,6,0,1,0.0,0,0.0009,0.0199,0.0107,0.0498
q30,1,7,0,1,0.0,0,0.0009,0.0223,0.0045,0.0272
q30,1,8,0,1,0.0,0,0.0052,0.0397,0.0066,0.0313
q30,1,9,0,0,0.0,0,0.0,0.0,0.0,0.0274
q30,1,10,0,0,0.0,0,0.0082,0.0,0.0017,0.0187
q30,1,11,0,0,0.0,0,0.0,0.0,0.0044,0.029
q30,1,12,0,0,0.0,0,0.0027,0.0,0.0025,0.0167
q30,1,13,0,0,0.0,0,0.0,0.0248,0.0071,0.0299
q30,1,14,0,0,0.0,0,0.0008,0.0199,0.0061,0.0307
q30,1,15,0,0,0.0,0,0.0026,0.0,0.0024,0.0191
q30,1,16,0,0,0.0,0,0.002,0.0,0.0023,0.017
q30,1,17,0,0,0.1429,1,0.1249,0.0397,0.0066,0.0228
q30,1,18,0,0,0.0,0,0.0036,0.0,0.0031,0.0119
q30,1,19,0,0,0.0,0,0.0018,0.0223,0.0042,0.0155
q30,1,20,0,0,0.0,0,0.0,0.0,0.0,0.0091
q30,1,21,0,0,0.0,0,0.0041,0.0223,0.0066,0.0242
q30,1,22,0,0,0.0,0,0.0084,0.0,0.0,0.0085
q30,1,23,0,0,0.0,0,0.0018,0.0223,0.0068,0.0344
q30,1,24,0,0,0.0,0,0.0,0.0199,0.0068,0.0189
q30,1,25,0,0,0.0,0,0.0028,0.0199,0.0057,0.0249
q30,1,26,0,0,0.0,0,0.0,0.0199,0.0064,0.023
q30,2,3,0,1,0.125,1,0.1357,0.3009,0.065,0.115
q30,2,4,0,1,0.0,0,0.0247,0.2495,0.0589,0.0994
q30,2,5,1,1,0.1,1,0.0606,0.3031,0.0624,0.094
q30,2,6,0,1,0.0,0,0.005,0.093,0.0335,0.0785
q30,2,7,0,1,0.0,0,0.0274,0.2276,0.0402,0.083
q30,2,8,1,1,0.1111,1,0.2712,0.2166,0.0536,0.1074
q30,2,9,0,0,0.0,0,0.0461,0.0,0.004,0.032
q30,2,10,0,0,0.0,0,0.0211,0.0533,0.0185,0.0487
q30,2,11,0,0,0.1111,1,0.2745,0.113,0.0423,0.0908
q30,2,12,0,0,0.2222,2,0.2762,0.1105,0.044,0.1002
q30,2,13,0,0,0.0,0,0.0602,0.1072,0.0275,0.0612
q30,2,14,0,0,0.1,1,0.0907,0.0821,0.0278,0.064
q30,2,15,0,0,0.0,0,0.0475,0.198,0.0438,0.0856
q30,2,16,0,0,0.1,1,0.0715,0.2746,0.055,0.084
q30,2,17,0,0,0.0,0,0.0308,0.1915,0.0292,0.0551
q30,2,18,0,0,0.0,0,0.0847,0.0751,0.0253,0.0559
q30,2,19,0,0,0.0,0,0.1153,0.0853,0.028,0.0586
q30,2,20,0,0,0.0,0,0.0158,0.065,0.0193,0.0409
q30,2,21,0,0,0.0,0,0.1172,0.1926,0.0466,0.0792
q30,2,22,0,0,0.0,0,0.0526,0.1794,0.0349,0.0637
q30,2,23,0,0,0.1,1,0.0547,0.2604,0.0572,0.1139
q30,2,24,0,0,0.0,0,0.0585,0.1346,0.0348,0.0712
q30,2,25,0,0,0.0,0,0.0487,0.14,0.0335,0.0673
q30,2,26,0,0,0.0,0,0.0848,0.1247,0.0299,0.0636
q30,3,4,0,1,0.0,0,0.0413,0.1152,0.0344,0.0746
q30,3,5,0,1,0.0,0,0.0383,0.1837,0.0474,0.0819
q30,3,6,0,1,0.0,0,0.0,0.0522,0.0244,0.0624
q30,3,7,0,1,0.0,0,0.0284,0.1946,0.0436,0.0866
q30,3,8,0,1,0.0,0,0.0298,0.1337,0.0361,0.0851
q30,3,9,0,0,0.0,0,0.0188,0.0,0.0028,0.0257
q30,3,10,0,0,0.0,0,0.0053,0.0594,0.0203,0.0458
q30,3,11,0,0,0.0,0,0.0478,0.1412,0.0406,0.0866
q30,3,12,0,0,0.1429,1,0.1447,0.025,0.0261,0.0738
q30,3,13,0,0,0.0,0,0.0243,0.1207,0.0283,0.0549
q30,3,14,0,0,0.0,0,0.0167,0.0609,0.025,0.0547
q30,3,15,0,0,0.0,0,0.0094,0.112,0.0408,0.0835
q30,3,16,0,0,0.0,0,0.0134,0.1783,0.0452,0.0853
q30,3,17,0,0,0.0,0,0.017,0.1217,0.0306,0.0551
q30,3,18,0,0,0.125,1,0.0736,0.0313,0.0219,0.0503
q30,3,19,0,0,0.0,0,0.0217,0.0707,0.0269,0.0689
q30,3,20,0,0,0.0,0,0.0073,0.0441,0.0185,0.0423
q30,3,21,0,0,0.0,0,0.0451,0.1489,0.0454,0.0873
q30,3,22,0,0,0.0,0,0.0144,0.1489,0.0335,0.0594
q30,3,23,0,0,0.0,0,0.0367,0.1707,0.0432,0.1075
q30,3,24,0,0,0.0,0,0.0314,0.0848,0.0297,0.0638
q30,3,25,0,0,0.0,0,0.031,0.113,0.0272,0.057
q30,3,26,0,0,0.0,0,0.0273,0.0924,0.0289,0.0554
q30,4,5,0,1,0.0,0,0.0414,0.1539,0.032,0.0645
q30,4,6,1,1,0.0,0,0.004,0.1787,0.0751,0.1374
q30,4,7,1,1,0.0,0,0.037,0.2771,0.067,0.1121
q30,4,8,0,1,0.0,0,0.0344,0.1281,0.036,0.0786
q30,4,9,0,0,0.0,0,0.009,0.0895,0.0175,0.0439
q30,4,10,0,0,0.0,0,0.0,0.0582,0.02,0.0368
q30,4,11,0,0,0.0,0,0.02,0.1446,0.0318,0.0653
q30,4,12,0,0,0.0,0,0.0151,0.0189,0.0188,0.0576
q30,4,13,0,0,0.0,0,0.013,0.1245,0.0408,0.0742
q30,4,14,0,0,0.0,0,0.0142,0.0844,0.0364,0.0727
q30,4,15,0,0,0.0,0,0.0045,0.1281,0.0264,0.0571
q30,4,16,0,0,0.0,0,0.0116,0.1629,0.028,0.0613
q30,4,17,0,0,0.0,0,0.0045,0.2267,0.0441,0.0676
q30,4,18,0,0,0.0,0,0.0245,0.0172,0.0156,0.0372
q30,4,19,0,0,0.0,0,0.0087,0.1243,0.0399,0.0811
q30,4,20,0,0,0.0,0,0.0011,0.0771,0.0162,0.0316
q30,4,21,0,0,0.0,0,0.0031,0.1661,0.061,0.1055
q30,4,22,0,0,0.0,0,0.0088,0.1045,0.0215,0.0367
q30,4,23,0,0,0.0,0,0.0519,0.1291,0.0455,0.0927
q30,4,24,0,0,0.0,0,0.0236,0.1271,0.0442,0.0811
q30,4,25,0,0,0.0,0,0.0154,0.0993,0.0375,0.0719
q30,4,26,0,0,0.0,0,0.0099,0.2056,0.0374,0.0705
q30,5,6,0,1,0.0,0,0.004,0.0466,0.0211,0.0502
q30,5,7,0,1,0.2857,2,0.2396,0.2915,0.0521,0.0901
q30,5,8,1,1,0.0,0,0.0677,0.17,0.0401,0.0843
q30,5,9,0,0,0.0,0,0.0102,0.0,0.0045,0.0281
q30,5,10,0,0,0.0,0,0.0013,0.0642,0.0225,0.0334
q30,5,11,0,0,0.0,0,0.0543,0.0825,0.028,0.0671
q30,5,12,0,0,0.25,2,0.3457,0.0777,0.0319,0.0828
q30,5,13,0,0,0.125,1,0.0372,0.0947,0.0218,0.0427
q30,5,14,0,0,0.1111,1,0.0367,0.038,0.0188,0.0379
q30,5,15,0,0,0.0,0,0.0157,0.094,0.0339,0.0698
q30,5,16,0,0,0.1111,1,0.0127,0.3447,0.0583,0.0981
q30,5,17,0,0,0.0,0,0.0194,0.0923,0.0238,0.0368
q30,5,18,0,0,0.0,0,0.0824,0.1424,0.0273,0.0491
q30,5,19,0,0,0.0,0,0.0223,0.0969,0.0309,0.0612
q30,5,20,0,0,0.0,0,0.0045,0.0551,0.0194,0.0477
q30,5,21,0,0,0.0,0,0.0387,0.1755,0.0375,0.0686
q30,5,22,0,0,0.0,0,0.0154,0.2299,0.0361,0.0597
q30,5,23,0,0,0.4286,3,0.3519,0.3609,0.0948,0.1587
q30,5,24,0,0,0.1111,1,0.1526,0.113,0.0336,0.0579
q30,5,25,0,0,0.1,1,0.0464,0.0959,0.0274,0.0525
q30,5,26,0,0,0.0,0,0.0491,0.0845,0.0195,0.0344
q30,6,7,1,1,0.0,0,0.0038,0.115,0.0422,0.0764
q30,6,8,0,1,0.0,0,0.0087,0.1084,0.0376,0.0833
q30,6,9,0,0,0.0,0,0.0053,0.0506,0.0137,0.034
q30,6,10,0,0,0.0,0,0.0017,0.12,0.0325,0.0493
q30,6,11,0,0,0.0,0,0.0113,0.0565,0.0186,0.0499
q30,6,12,0,0,0.0,0,0.0,0.02,0.0156,0.0455
q30,6,13,0,0,0.0,0,0.0152,0.1049,0.0301,0.0637
q30,6,14,0,0,0.0,0,0.0051,0.1255,0.0395,0.0757
q30,6,15,0,0,0.0,0,0.0088,0.0399,0.0205,0.046
q30,6,16,0,0,0.0,0,0.0031,0.0399,0.0194,0.05
q30,6,17,0,0,0.0,0,0.0,0.0797,0.0329,0.0686
q30,6,18,0,0,0.0,0,0.0096,0.0485,0.0189,0.0464
q30,6,19,0,0,0.0,0,0.0111,0.2044,0.0543,0.0894
q30,6,20,0,0,0.0,0,0.0059,0.0352,0.0113,0.0288
q30,6,21,0,0,0.0,0,0.0024,0.136,0.0456,0.0897
q30,6,22,0,0,0.0,0,0.0069,0.0428,0.0181,0.0352
q30,6,23,0,0,0.0,0,0.0116,0.0551,0.0309,0.0778
q30,6,24,0,0,0.0,0,0.0192,0.1445,0.0429,0.0781
q30,6,25,0,0,0.0,0,0.0198,0.0913,0.036,0.0698
q30,6,26,0,0,0.0,0,0.0072,0.0875,0.031,0.0762
q30,7,8,0,1,0.0,0,0.115,0.1426,0.0341,0.0788
q30,7,9,0,0,0.0,0,0.0483,0.0506,0.0101,0.03
q30,7,10,0,0,0.0,0,0.0,0.0691,0.0213,0.0345
q30,7,11,0,0,0.0,0,0.0566,0.0949,0.037,0.0814
q30,7,12,0,0,0.125,1,0.2337,0.0242,0.0196,0.0644
q30,7,13,0,0,0.0,0,0.0311,0.1708,0.0328,0.0652
q30,7,14,0,0,0.0,0,0.0395,0.0608,0.0206,0.0502
q30,7,15,0,0,0.0,0,0.0475,0.133,0.0245,0.0557
q30,7,16,0,0,0.125,1,0.1228,0.2835,0.0428,0.0714
q30,7,17,0,0,0.0,0,0.0114,0.1532,0.0285,0.054
q30,7,18,0,0,0.0,0,0.0304,0.0188,0.0167,0.0378
q30,7,19,0,0,0.0,0,0.0095,0.1401,0.0378,0.069
q30,7,20,0,0,0.0,0,0.0061,0.0441,0.0142,0.0339
q30,7,21,0,0,0.0,0,0.0181,0.2056,0.0423,0.0738
q30,7,22,0,0,0.0,0,0.0499,0.1912,0.0282,0.0486
q30,7,23,0,0,0.2857,2,0.3275,0.27,0.0574,0.1141
q30,7,24,0,0,0.0,0,0.0368,0.073,0.031,0.07
q30,7,25,0,0,0.0,0,0.0394,0.1118,0.0288,0.0678
q30,7,26,0,0,0.0,0,0.042,0.1778,0.0271,0.0563
q30,8,9,0,0,0.0,0,0.0373,0.0739,0.0071,0.0275
q30,8,10,0,0,0.0,0,0.0182,0.1115,0.0251,0.0545
q30,8,11,0,0,0.1429,1,0.3611,0.0949,0.0367,0.0977
q30,8,12,0,0,0.0,0,0.0841,0.084,0.0261,0.0638
q30,8,13,0,0,0.0,0,0.067,0.1687,0.0298,0.0627
q30,8,14,0,0,0.0,0,0.0525,0.0978,0.0304,0.0606
q30,8,15,0,0,0.0,0,0.0398,0.0459,0.0199,0.0615
q30,8,16,0,0,0.0,0,0.028,0.1271,0.0289,0.0736
q30,8,17,0,0,0.0,0,0.0409,0.0892,0.0276,0.0562
q30,8,18,0,0,0.0,0,0.0799,0.1471,0.0235,0.0605
q30,8,19,0,0,0.0,0,0.1286,0.1918,0.0378,0.078
q30,8,20,0,0,0.0,0,0.003,0.0441,0.0112,0.0369
q30,8,21,0,0,0.0,0,0.1303,0.2669,0.0461,0.0853
q30,8,22,0,0,0.0,0,0.0443,0.1003,0.0183,0.0486
q30,8,23,0,0,0.0,0,0.1178,0.2089,0.0478,0.1092
q30,8,24,0,0,0.125,1,0.1341,0.1466,0.0443,0.0738
q30,8,25,0,0,0.0,0,0.0504,0.159,0.0357,0.0622
q30,8,26,0,0,0.0,0,0.0527,0.0666,0.0265,0.0627
q30,9,10,1,1,0.0,0,0.001,0.0467,0.0118,0.022
q30,9,11,1,1,0.0,0,0.056,0.1829,0.0453,0.0697
q30,9,12,0,1,0.0,0,0.0704,0.0,0.0056,0.0367
q30,9,13,0,1,0.0,0,0.0218,0.0,0.0009,0.0205
q30,9,14,0,1,0.0,0,0.0163,0.0,0.0008,0.0167
q30,9,15,0,1,0.0,0,0.0395,0.0,0.0009,0.0169
q30,9,16,0,1,0.0,0,0.0126,0.0,0.0009,0.0188
q30,9,17,0,1,0.0,0,0.0,0.0,0.0028,0.0157
q30,9,18,0,0,0.0,0,0.0303,0.0,0.0012,0.0178
q30,9,19,0,0,0.0,0,0.0163,0.0,0.0047,0.0205
q30,9,20,0,0,0.0,0,0.0098,0.0,0.0,0.0091
q30,9,21,0,0,0.0,0,0.0071,0.0,0.0019,0.0214
q30,9,22,0,0,0.0,0,0.0636,0.0,0.0,0.0063
q30,9,23,0,0,0.0,0,0.0446,0.035,0.0111,0.0421
q30,9,24,0,0,0.0,0,0.0112,0.0,0.0015,0.0145
q30,9,25,0,0,0.0,0,0.0259,0.0311,0.0063,0.0208
q30,9,26,0,0,0.0,0,0.0143,0.0,0.0016,0.0148
q30,10,11,1,1,0.0,0,0.0233,0.08,0.0286,0.0617
q30,10,12,0,1,0.0,0,0.0068,0.0133,0.012,0.0364
q30,10,13,0,1,0.0,0,0.0206,0.0582,0.0209,0.0415
q30,10,14,0,1,0.0,0,0.0075,0.0861,0.0245,0.0477
q30,10,15,0,1,0.0,0,0.0021,0.0497,0.0187,0.0433
q30,10,16,0,1,0.0,0,0.0053,0.057,0.0193,0.0376
q30,10,17,0,1,0.0,0,0.0413,0.0606,0.0223,0.0431
q30,10,18,0,0,0.0,0,0.0215,0.061,0.0142,0.0288
q30,10,19,0,0,0.0,0,0.0177,0.08,0.0238,0.047
q30,10,20,0,0,0.0,0,0.0,0.0388,0.0117,0.0335
q30,10,21,0,0,0.0,0,0.0201,0.0909,0.0268,0.0467
q30,10,22,0,0,0.0,0,0.0191,0.0485,0.0173,0.0387
q30,10,23,0,0,0.0,0,0.0,0.0618,0.019,0.0395
q30,10,24,0,0,0.0,0,0.0088,0.1164,0.0299,0.0438
q30,10,25,0,0,0.0,0,0.0102,0.0945,0.0244,0.0371
q30,10,26,0,0,0.0,0,0.011,0.0703,0.0226,0.0479
q30,11,12,0,1,0.0,0,0.0934,0.0124,0.0199,0.0667
q30,11,13,0,1,0.0,0,0.0366,0.0576,0.0218,0.0658
q30,11,14,0,1,0.0,0,0.0689,0.0565,0.021,0.0505
q30,11,15,0,1,0.0,0,0.0378,0.1424,0.0318,0.0727
q30,11,16,0,1,0.0,0,0.0156,0.165,0.0289,0.0679
q30,11,17,0,1,0.0,0,0.0584,0.1299,0.0291,0.058
q30,11,18,0,0,0.0,0,0.0784,0.0156,0.0175,0.0506
q30,11,19,0,0,0.0,0,0.1089,0.0881,0.0348,0.0796
q30,11,20,0,0,0.0,0,0.0039,0.1661,0.0213,0.0541
q30,11,21,0,0,0.0,0,0.1213,0.0757,0.0297,0.0621
q30,11,22,0,0,0.0,0,0.0784,0.0542,0.0194,0.0585
q30,11,23,0,0,0.0,0,0.0811,0.104,0.036,0.0963
q30,11,24,0,0,0.0,0,0.0377,0.0836,0.0284,0.0653
q30,11,25,0,0,0.0,0,0.0498,0.052,0.0223,0.0634
q30,11,26,0,0,0.0,0,0.0333,0.1051,0.024,0.0618
q30,12,13,0,1,0.0,0,0.0399,0.0252,0.0161,0.0437
q30,12,14,0,1,0.0,0,0.0284,0.0,0.0097,0.0424
q30,12,15,1,1,0.0,0,0.015,0.0798,0.0319,0.092
q30,12,16,1,1,0.0,0,0.0144,0.1933,0.058,0.1243
q30,12,17,0,1,0.0,0,0.0193,0.0,0.0129,0.0383
q30,12,18,0,0,0.0,0,0.0758,0.144,0.0432,0.0853
q30,12,19,0,0,0.0,0,0.0475,0.0285,0.0174,0.0597
q30,12,20,0,0,0.0,0,0.0039,0.0914,0.0198,0.0548
q30,12,21,0,0,0.0,0,0.0446,0.0494,0.0228,0.0625
q30,12,22,0,0,0.0,0,0.0744,0.0746,0.0368,0.0862
q30,12,23,0,0,0.1111,1,0.2436,0.0557,0.0274,0.0852
q30,12,24,0,0,0.0,0,0.0504,0.0777,0.0291,0.0573
q30,12,25,0,0,0.0,0,0.047,0.0263,0.017,0.0481
q30,12,26,0,0,0.0,0,0.0322,0.0084,0.0104,0.0371
q30,13,14,1,1,0.0,0,0.0818,0.1759,0.0607,0.093
q30,13,15,0,1,0.0,0,0.0318,0.0504,0.02,0.0517
q30,13,16,0,1,0.0,0,0.0102,0.0957,0.0235,0.0596
q30,13,17,1,1,0.125,1,0.2008,0.298,0.1329,0.1956
q30,13,18,0,0,0.0,0,0.0802,0.0172,0.0132,0.0374
q30,13,19,0,0,0.0,0,0.0376,0.118,0.0367,0.0726
q30,13,20,0,0,0.0,0,0.004,0.0352,0.0104,0.0235
q30,13,21,0,0,0.0,0,0.0497,0.2139,0.0445,0.0729
q30,13,22,0,0,0.0,0,0.0427,0.092,0.0181,0.0391
q30,13,23,0,0,0.125,1,0.1481,0.143,0.0301,0.065
q30,13,24,0,0,0.2857,2,0.4556,0.2932,0.1167,0.1821
q30,13,25,0,0,0.25,2,0.4815,0.3354,0.1187,0.1835
q30,13,26,0,0,0.0,0,0.0275,0.216,0.0774,0.126
q30,14,15,0,1,0.0,0,0.0243,0.0304,0.0159,0.0401
q30,14,16,0,1,0.0,0,0.0087,0.0408,0.0205,0.0484
q30,14,17,1,1,0.0,0,0.0032,0.1815,0.0628,0.0939
q30,14,18,0,0,0.0,0,0.0647,0.0172,0.0155,0.0378
q30,14,19,0,0,0.0,0,0.0294,0.1981,0.0392,0.065
q30,14,20,0,0,0.0,0,0.0087,0.0352,0.0107,0.0302
q30,14,21,0,0,0.0,0,0.0316,0.0955,0.0339,0.0541
q30,14,22,0,0,0.0,0,0.0625,0.0439,0.0157,0.0308
q30,14,23,0,0,0.1111,1,0.1482,0.0541,0.0196,0.0504
q30,14,24,0,0,0.0,0,0.0798,0.2431,0.0683,0.104
q30,14,25,0,0,0.0,0,0.096,0.1823,0.0641,0.1028
q30,14,26,0,0,0.5,3,0.501,0.2783,0.0948,0.1572
q30,15,16,1,1,0.0,0,0.0042,0.28,0.075,0.1437
q30,15,17,0,1,0.0,0,0.0057,0.1511,0.0244,0.0481
q30,15,18,0,0,0.0,0,0.0635,0.0673,0.0377,0.0879
q30,15,19,0,0,0.0,0,0.0355,0.0337,0.0183,0.0505
q30,15,20,0,0,0.25,1,0.5976,0.1762,0.0504,0.0951
q30,15,21,0,0,0.0,0,0.0376,0.0883,0.0381,0.0723
q30,15,22,0,0,0.1667,1,0.4174,0.2424,0.0619,0.127
q30,15,23,0,0,0.0,0,0.0402,0.132,0.0287,0.0718
q30,15,24,0,0,0.0,0,0.021,0.089,0.0249,0.0575
q30,15,25,0,0,0.0,0,0.0359,0.0384,0.0206,0.0499
q30,15,26,0,0,0.0,0,0.0161,0.0964,0.0217,0.0496
q30,16,17,0,1,0.0,0,0.001,0.0839,0.0218,0.0424
q30,16,18,0,0,0.1,1,0.1604,0.1502,0.0371,0.0746
q30,16,19,0,0,0.0,0,0.0151,0.0843,0.0262,0.0642
q30,16,20,0,0,0.0,0,0.003,0.1806,0.0263,0.0596
q30,16,21,0,0,0.125,1,0.2593,0.2233,0.0489,0.0955
q30,16,22,0,0,0.0,0,0.0087,0.2832,0.0554,0.0967
q30,16,23,0,0,0.0,0,0.018,0.2339,0.0401,0.0897
q30,16,24,0,0,0.0,0,0.0116,0.1061,0.0349,0.0694
q30,16,25,0,0,0.0,0,0.0104,0.1179,0.031,0.0635
q30,16,26,0,0,0.0,0,0.0162,0.0652,0.02,0.0458
q30,17,18,0,0,0.0,0,0.0299,0.0172,0.0212,0.048
q30,17,19,0,0,0.0,0,0.0132,0.1138,0.0308,0.0564
q30,17,20,0,0,0.0,0,0.001,0.0749,0.0153,0.0263
q30,17,21,0,0,0.0,0,0.014,0.0902,0.033,0.0568
q30,17,22,0,0,0.0,0,0.0426,0.0672,0.0181,0.0353
q30,17,23,0,0,0.0,0,0.0236,0.1186,0.0292,0.0564
q30,17,24,0,0,0.1111,1,0.2096,0.3043,0.1133,0.172
q30,17,25,0,0,0.1,1,0.2237,0.34,0.1288,0.2001
q30,17,26,0,0,0.0,0,0.0214,0.3221,0.0843,0.1154
q30,18,19,0,1,0.0,0,0.0448,0.1017,0.0228,0.05
q30,18,20,1,1,0.0,0,0.0118,0.0469,0.0283,0.0594
q30,18,21,0,1,0.0,0,0.0468,0.1205,0.0308,0.0635
q30,18,22,1,1,0.0,0,0.0699,0.0736,0.0406,0.0831
q30,18,23,0,1,0.0,0,0.0395,0.0986,0.0203,0.0445
q30,18,24,0,1,0.0,0,0.1824,0.1205,0.0337,0.074
q30,18,25,0,1,0.0,0,0.1911,0.0657,0.025,0.0558
q30,18,26,0,1,0.0,0,0.0494,0.0172,0.0165,0.0401
q30,19,20,0,1,0.0,0,0.0019,0.0463,0.0141,0.0283
q30,19,21,1,1,0.2,1,0.471,0.2677,0.0915,0.1523
q30,19,22,0,1,0.0,0,0.0476,0.0516,0.0188,0.0374
q30,19,23,1,1,0.0,0,0.0205,0.176,0.0523,0.1044
q30,19,24,0,1,0.1667,1,0.1177,0.2381,0.0406,0.0678
q30,19,25,0,1,0.0,0,0.0353,0.1728,0.0367,0.0639
q30,19,26,0,1,0.0,0,0.0223,0.1222,0.0302,0.0602
q30,20,21,0,1,0.0,0,0.0011,0.0518,0.0178,0.04
q30,20,22,1,1,0.0,0,0.0262,0.0628,0.0233,0.0568
q30,20,23,0,1,0.0,0,0.0068,0.0441,0.0149,0.0428
q30,20,24,0,1,0.0,0,0.009,0.1145,0.0187,0.0353
q30,20,25,0,1,0.0,0,0.0053,0.0352,0.0107,0.0228
q30,20,26,0,1,0.0,0,0.0073,0.0936,0.0158,0.0339
q30,21,22,0,1,0.0,0,0.0467,0.1108,0.0282,0.0518
q30,21,23,1,1,0.0,0,0.0192,0.215,0.0524,0.1029
q30,21,24,0,1,0.0,0,0.0442,0.1578,0.0499,0.0828
q30,21,25,0,1,0.0,0,0.0546,0.2139,0.0445,0.0743
q30,21,26,0,1,0.0,0,0.0256,0.0997,0.0362,0.0656
q30,22,23,0,1,0.0,0,0.0424,0.1985,0.0265,0.0517
q30,22,24,0,1,0.0,0,0.0246,0.0836,0.0211,0.0442
q30,22,25,0,1,0.0,0,0.0394,0.092,0.0189,0.0472
q30,22,26,0,1,0.0,0,0.0139,0.0418,0.0149,0.0323
q30,23,24,0,1,0.1111,1,0.2542,0.0868,0.0338,0.0705
q30,23,25,0,1,0.1,1,0.1491,0.1179,0.0283,0.0628
q30,23,26,0,1,0.0,0,0.0531,0.0782,0.0261,0.0641
q30,24,25,1,1,0.375,3,0.6673,0.4751,0.233,0.3024
q30,24,26,1,1,0.0,0,0.0333,0.1533,0.0587,0.1029
q30,25,26,1,1,0.0,0,0.0342,0.1581,0.0682,0.1115
q31,0,1,0,1,0.2,1,0.1988,0.1069,0.0361,0.075
q31,0,2,0,1,0.0,0,0.0019,0.0184,0.0156,0.0454
q31,0,3,0,1,0.0,0,0.0152,0.0,0.0132,0.0445
q31,0,4,0,1,0.0,0,0.0068,0.0745,0.0278,0.0685
q31,0,5,0,1,0.0,0,0.008,0.0734,0.0325,0.0775
q31,0,6,0,1,0.0,0,0.0115,0.0454,0.0165,0.0445
q31,0,7,1,1,0.0,0,0.0141,0.2732,0.0627,0.1056
q31,0,8,1,1,0.0,0,0.0066,0.2559,0.0719,0.1185
q31,1,2,1,1,0.0,0,0.0276,0.1236,0.0262,0.0727
q31,1,3,0,1,0.0,0,0.036,0.0478,0.0135,0.0317
q31,1,4,0,1,0.1429,1,0.2748,0.0512,0.0261,0.0646
q31,1,5,0,1,0.2857,2,0.1813,0.0268,0.0163,0.0576
q31,1,6,1,1,0.0,0,0.0028,0.2171,0.0434,0.0885
q31,1,7,0,1,0.1429,1,0.0237,0.0791,0.033,0.0758
q31,1,8,0,1,0.2,1,0.3189,0.0683,0.0354,0.087
q31,2,3,0,1,0.0,0,0.0038,0.0478,0.0181,0.0518
q31,2,4,0,1,0.0,0,0.0101,0.0326,0.0152,0.042
q31,2,5,0,1,0.0,0,0.0113,0.0247,0.0165,0.0492
q31,2,6,1,1,0.0,0,0.0098,0.1048,0.0334,0.0888
q31,2,7,0,1,0.0,0,0.0081,0.0682,0.023,0.0529
q31,2,8,0,1,0.0,0,0.0092,0.0633,0.0237,0.0485
q31,3,4,1,1,0.0,0,0.0038,0.3883,0.0749,0.1191
q31,3,5,1,1,0.0,0,0.0027,0.4158,0.087,0.1333
q31,3,6,0,1,0.0,0,0.0072,0.1649,0.0184,0.0443
q31,3,7,0,1,0.0,0,0.0,0.0526,0.0166,0.0482
q31,3,8,0,1,0.0,0,0.0031,0.1075,0.0173,0.0548
q31,4,5,1,1,0.2857,2,0.7512,0.3187,0.0878,0.1489
q31,4,6,0,1,0.0,0,0.0011,0.0738,0.0139,0.0445
q31,4,7,0,1,0.1429,1,0.2662,0.0583,0.0203,0.0722
q31,4,8,0,1,0.2,1,0.8556,0.0821,0.0387,0.0893
q31,5,6,0,1,0.0,0,0.0011,0.081,0.0183,0.0484
q31,5,7,0,1,0.125,1,0.2587,0.0608,0.0255,0.0751
q31,5,8,0,1,0.1667,1,0.7396,0.1298,0.0521,0.1176
q31,6,7,0,1,0.0,0,0.0012,0.0249,0.0172,0.0493
q31,6,8,0,1,0.0,0,0.0009,0.008,0.0149,0.0477
q31,7,8,1,1,0.2,1,0.2316,0.3024,0.0901,0.1459
q32,0,1,0,1,0.0,0,0.0,0.1164,0.0151,0.0322
q32,0,2,1,1,0.0,0,0.0012,0.1056,0.0249,0.0622
q32,0,3,0,1,0.0,0,0.001,0.1164,0.0177,0.0419
q32,0,4,0,1,0.0,0,0.0102,0.1164,0.017,0.0394
q32,0,5,0,1,0.0,0,0.0,0.069,0.0098,0.0261
q32,0,6,0,1,0.0,0,0.0,0.0593,0.0155,0.0296
q32,0,7,0,1,0.0,0,0.0169,0.0819,0.0052,0.0151
q32,0,8,1,1,0.0,0,0.0,0.1164,0.0234,0.0496
q32,0,9,0,0,0.0,0,0.0023,0.0819,0.0186,0.0384
q32,0,10,0,0,0.0,0,0.0012,0.0311,0.013,0.0329
q32,0,11,0,0,0.0,0,0.0039,0.0345,0.0079,0.016
q32,0,12,0,0,0.0,0,0.0,0.0819,0.0115,0.0335
q32,0,13,0,0,0.0,0,0.001,0.0345,0.0098,0.0164
q32,0,14,0,0,0.0,0,0.0,0.1056,0.0115,0.0192
q32,0,15,0,0,0.0,0,0.0,0.0345,0.0076,0.0173
q32,0,16,0,0,0.0,0,0.001,0.1056,0.0152,0.0252
q32,0,17,0,0,0.0,0,0.0,0.1164,0.0164,0.0262
q32,0,18,0,0,0.0,0,0.0,0.0345,0.0075,0.0187
q32,0,19,0,0,0.0,0,0.0,0.0345,0.0094,0.0249
q32,0,20,0,0,0.0,0,0.0022,0.0,0.0044,0.0252
q32,0,21,0,0,0.0,0,0.0045,0.0,0.0039,0.0146
q32,0,22,0,0,0.0,0,0.001,0.0,0.0038,0.012
q32,0,23,0,0,0.0,0,0.0,0.0345,0.0069,0.0174
q32,0,24,0,0,0.0,0,0.0,0.0,0.0057,0.02
q32,0,25,0,0,0.0,0,0.0,0.0345,0.007,0.0175
q32,0,26,0,0,0.0,0,0.0,0.0,0.0012,0.013
q32,1,2,0,1,0.2,1,0.1132,0.0455,0.0161,0.0477
q32,1,3,0,1,0.4,2,0.5401,0.1732,0.0349,0.0712
q32,1,4,1,1,0.0,0,0.0012,0.2158,0.0604,0.0786
q32,1,5,0,1,0.0,0,0.0,0.0902,0.0212,0.0461
q32,1,6,1,1,0.0,0,0.0,0.178,0.0252,0.0586
q32,1,7,0,1,0.1667,1,0.1638,0.0911,0.0182,0.0481
q32,1,8,0,1,0.0,0,0.0,0.131,0.0158,0.0324
q32,1,9,0,0,0.1667,1,0.3633,0.0387,0.0256,0.0598
q32,1,10,0,0,0.0,0,0.0,0.04,0.0121,0.033
q32,1,11,0,0,0.0,0,0.005,0.0534,0.0136,0.0254
q32,1,12,0,0,0.0,0,0.0,0.0377,0.0119,0.0465
q32,1,13,0,0,0.0,0,0.0011,0.115,0.0156,0.0298
q32,1,14,0,0,0.0,0,0.0,0.1,0.0175,0.0323
q32,1,15,0,0,0.0,0,0.001,0.0136,0.0074,0.022
q32,1,16,0,0,0.0,0,0.0093,0.0896,0.018,0.0331
q32,1,17,0,0,0.0,0,0.0,0.1355,0.0211,0.0355
q32,1,18,0,0,0.0,0,0.001,0.0283,0.0117,0.0233
q32,1,19,0,0,0.0,0,0.0031,0.0761,0.0219,0.0398
q32,1,20,0,0,0.0,0,0.0024,0.0161,0.011,0.0339
q32,1,21,0,0,0.0,0,0.0151,0.0,0.0076,0.0236
q32,1,22,0,0,0.0,0,0.0,0.0,0.005,0.0172
q32,1,23,0,0,0.0,0,0.0,0.0783,0.0173,0.0337
q32,1,24,0,0,0.0,0,0.0,0.1285,0.0216,0.0472
q32,1,25,0,0,0.0,0,0.0,0.0357,0.0148,0.0388
q32,1,26,0,0,0.0,0,0.0,0.0,0.0013,0.0213
q32,2,3,0,1,0.1667,1,0.1688,0.0438,0.018,0.0529
q32,2,4,0,1,0.0,0,0.0073,0.0624,0.0207,0.0431
q32,2,5,0,1,0.0,0,0.0066,0.0523,0.0145,0.0456
q32,2,6,0,1,0.0,0,0.0031,0.0466,0.0094,0.0256
q32,2,7,0,1,0.4,2,0.0946,0.0304,0.0091,0.0246
q32,2,8,1,1,0.0,0,0.0062,0.1956,0.0305,0.0432
q32,2,9,0,0,0.1667,1,0.1011,0.0237,0.0157,0.0443
q32,2,10,0,0,0.0,0,0.0022,0.0244,0.0116,0.0356
q32,2,11,0,0,0.1667,1,0.0796,0.027,0.0106,0.0203
q32,2,12,0,0,0.0,0,0.0085,0.023,0.0082,0.0349
q32,2,13,0,0,0.0,0,0.0638,0.0602,0.0178,0.0358
q32,2,14,0,0,0.0,0,0.01,0.0455,0.0134,0.0218
q32,2,15,0,0,0.0,0,0.0028,0.1686,0.0123,0.0279
q32,2,16,0,0,0.0,0,0.0232,0.0455,0.0139,0.0292
q32,2,17,0,0,0.0,0,0.0039,0.0556,0.0175,0.0355
q32,2,18,0,0,0.0,0,0.0028,0.1804,0.017,0.0301
q32,2,19,0,0,0.0,0,0.1405,0.027,0.0148,0.0329
q32,2,20,0,0,0.0,0,0.0076,0.0543,0.0214,0.0476
q32,2,21,0,0,0.0,0,0.015,0.0,0.0072,0.0216
q32,2,22,0,0,0.0,0,0.0,0.0,0.0044,0.0171
q32,2,23,0,0,0.0,0,0.0031,0.0691,0.01,0.0262
q32,2,24,0,0,0.0,0,0.0041,0.2226,0.0426,0.0717
q32,2,25,0,0,0.0,0,0.0028,0.2563,0.0388,0.0598
q32,2,26,0,0,0.0,0,0.0043,0.0219,0.0131,0.0454
q32,3,4,0,1,0.0,0,0.0191,0.1363,0.026,0.0587
q32,3,5,1,1,0.0,0,0.0384,0.1452,0.0389,0.0736
q32,3,6,0,1,0.0,0,0.0206,0.0424,0.0067,0.0246
q32,3,7,1,1,0.1429,1,0.0904,0.2204,0.0391,0.0742
q32,3,8,0,1,0.0,0,0.0068,0.1343,0.0166,0.0351
q32,3,9,0,0,0.1429,1,0.3029,0.0409,0.0275,0.0628
q32,3,10,0,0,0.0,0,0.0053,0.0422,0.0184,0.0525
q32,3,11,0,0,0.0,0,0.001,0.0454,0.0139,0.0306
q32,3,12,0,0,0.0,0,0.0381,0.0397,0.0144,0.0395
q32,3,13,0,0,0.0,0,0.001,0.0761,0.0155,0.0329
q32,3,14,0,0,0.0,0,0.0038,0.1452,0.0185,0.0342
q32,3,15,0,0,0.0,0,0.021,0.051,0.0118,0.0265
q32,3,16,0,0,0.0,0,0.0099,0.0751,0.017,0.0263
q32,3,17,0,0,0.0,0,0.0033,0.1223,0.0215,0.0348
q32,3,18,0,0,0.0,0,0.021,0.051,0.0141,0.0284
q32,3,19,0,0,0.0,0,0.0038,0.0469,0.0123,0.0269
q32,3,20,0,0,0.0,0,0.0169,0.0,0.007,0.0264
q32,3,21,0,0,0.0,0,0.0175,0.0,0.0048,0.0232
q32,3,22,0,0,0.0,0,0.001,0.0,0.0047,0.0172
q32,3,23,0,0,0.0,0,0.0094,0.1096,0.0175,0.041
q32,3,24,0,0,0.0,0,0.0209,0.0204,0.014,0.0364
q32,3,25,0,0,0.0,0,0.0,0.0306,0.0115,0.0282
q32,3,26,0,0,0.0,0,0.0012,0.0,0.0026,0.0238
q32,4,5,0,1,0.0,0,0.0287,0.1297,0.0189,0.0375
q32,4,6,1,1,0.0,0,0.0277,0.1949,0.042,0.0706
q32,4,7,0,1,0.0,0,0.0316,0.1148,0.0134,0.0287
q32,4,8,0,1,0.0,0,0.0232,0.1493,0.0229,0.051
q32,4,9,0,0,0.1667,1,0.1574,0.0409,0.031,0.0744
q32,4,10,0,0,0.0,0,0.0769,0.0422,0.0204,0.0498
q32,4,11,0,0,0.0,0,0.0256,0.0534,0.0163,0.0298
q32,4,12,0,0,0.0,0,0.0211,0.0397,0.0263,0.0753
q32,4,13,0,0,0.0,0,0.004,0.0761,0.0158,0.0289
q32,4,14,0,0,0.0,0,0.0202,0.155,0.0253,0.0395
q32,4,15,0,0,0.0,0,0.003,0.0276,0.011,0.0202
q32,4,16,0,0,0.0,0,0.0014,0.0896,0.021,0.0338
q32,4,17,0,0,0.0,0,0.0025,0.1481,0.0309,0.0418
q32,4,18,0,0,0.0,0,0.0035,0.0367,0.0162,0.0278
q32,4,19,0,0,0.0,0,0.0049,0.0586,0.0165,0.0298
q32,4,20,0,0,0.0,0,0.0081,0.0,0.0067,0.0256
q32,4,21,0,0,0.0,0,0.0037,0.0,0.0077,0.018
q32,4,22,0,0,0.0,0,0.006,0.0,0.0091,0.0267
q32,4,23,0,0,0.0,0,0.0089,0.1286,0.0198,0.0324
q32,4,24,0,0,0.0,0,0.0171,0.0287,0.0142,0.029
q32,4,25,0,0,0.0,0,0.0193,0.0482,0.016,0.0255
q32,4,26,0,0,0.0,0,0.001,0.0,0.0,0.0204
q32,5,6,0,1,0.0,0,0.0233,0.0424,0.0055,0.0183
q32,5,7,1,1,0.0,0,0.0296,0.1969,0.0317,0.0594
q32,5,8,0,1,0.0,0,0.0339,0.1128,0.0118,0.0287
q32,5,9,0,0,0.0,0,0.1981,0.0602,0.0176,0.0436
q32,5,10,0,0,0.0,0,0.066,0.0756,0.0116,0.0352
q32,5,11,0,0,0.0,0,0.0197,0.0,0.0067,0.0205
q32,5,12,0,0,0.0,0,0.0645,0.0397,0.0114,0.0385
q32,5,13,0,0,0.0,0,0.0173,0.069,0.0105,0.0221
q32,5,14,0,0,0.0,0,0.0631,0.0939,0.0151,0.0261
q32,5,15,0,0,0.0,0,0.0088,0.0207,0.0116,0.0219
q32,5,16,0,0,0.0,0,0.003,0.0289,0.0108,0.0276
q32,5,17,0,0,0.0,0,0.009,0.1196,0.0143,0.0249
q32,5,18,0,0,0.0,0,0.0173,0.054,0.0099,0.0237
q32,5,19,0,0,0.0,0,0.016,0.0,0.0065,0.0227
q32,5,20,0,0,0.0,0,0.0219,0.0402,0.0107,0.0337
q32,5,21,0,0,0.0,0,0.0044,0.0,0.0039,0.0193
q32,5,22,0,0,0.0,0,0.0198,0.0,0.0022,0.015
q32,5,23,0,0,0.0,0,0.0365,0.1329,0.025,0.0453
q32,5,24,0,0,0.0,0,0.0406,0.0399,0.0146,0.0421
q32,5,25,0,0,0.0,0,0.0125,0.0772,0.0109,0.03
q32,5,26,0,0,0.0,0,0.0137,0.0,0.0048,0.0354
q32,6,7,0,1,0.0,0,0.013,0.0424,0.0031,0.007
q32,6,8,0,1,0.0,0,0.01,0.0593,0.014,0.0189
q32,6,9,0,0,0.0,0,0.0214,0.0805,0.0225,0.0432
q32,6,10,0,0,0.0,0,0.0267,0.0805,0.023,0.0467
q32,6,11,0,0,0.0,0,0.0137,0.0,0.0,0.0035
q32,6,12,0,0,0.0,0,0.0131,0.0805,0.0223,0.0505
q32,6,13,0,0,0.0,0,0.0,0.0,0.0,0.0031
q32,6,14,0,0,0.0,0,0.005,0.0466,0.0058,0.0114
q32,6,15,0,0,0.0,0,0.0027,0.0,0.0,0.0093
q32,6,16,0,0,0.0,0,0.0077,0.0466,0.008,0.0157
q32,6,17,0,0,0.0,0,0.002,0.0593,0.0102,0.0153
q32,6,18,0,0,0.0,0,0.0038,0.0,0.0,0.0071
q32,6,19,0,0,0.0,0,0.0,0.0,0.0,0.0064
q32,6,20,0,0,0.0,0,0.004,0.0,0.0,0.017
q32,6,21,0,0,0.0,0,0.0022,0.0,0.0,0.0013
q32,6,22,0,0,0.0,0,0.0009,0.0,0.0,0.0065
q32,6,23,0,0,0.0,0,0.0122,0.0,0.0,0.0081
q32,6,24,0,0,0.0,0,0.0142,0.0,0.0,0.0028
q32,6,25,0,0,0.0,0,0.0118,0.0,0.0,0.0057
q32,6,26,0,0,0.0,0,0.0021,0.0,0.002,0.0138
q32,7,8,0,1,0.0,0,0.0057,0.1211,0.0083,0.0187
q32,7,9,0,0,0.1429,1,0.1198,0.0495,0.0113,0.0283
q32,7,10,0,0,0.0,0,0.0234,0.04,0.0057,0.0195
q32,7,11,0,0,0.1429,1,0.2816,0.0107,0.0037,0.0151
q32,7,12,0,0,0.0,0,0.0124,0.0209,0.0056,0.0176
q32,7,13,0,0,0.0,0,0.0143,0.0619,0.0059,0.0152
q32,7,14,0,0,0.0,0,0.0078,0.0852,0.009,0.0217
q32,7,15,0,0,0.0,0,0.0055,0.0306,0.0088,0.0173
q32,7,16,0,0,0.0,0,0.0324,0.0405,0.0051,0.0121
q32,7,17,0,0,0.0,0,0.0043,0.1071,0.0082,0.0182
q32,7,18,0,0,0.0,0,0.0054,0.0071,0.0046,0.0147
q32,7,19,0,0,0.0,0,0.0157,0.0117,0.003,0.0099
q32,7,20,0,0,0.0,0,0.0103,0.0,0.0028,0.014
q32,7,21,0,0,0.0,0,0.0155,0.0,0.0017,0.0096
q32,7,22,0,0,0.0,0,0.0031,0.0,0.0009,0.0073
q32,7,23,0,0,0.0,0,0.0032,0.0846,0.0077,0.0178
q32,7,24,0,0,0.0,0,0.0168,0.0,0.0052,0.0207
q32,7,25,0,0,0.0,0,0.0083,0.0068,0.0037,0.017
q32,7,26,0,0,0.0,0,0.0021,0.0,0.0024,0.0198
q32,8,9,0,0,0.0,0,0.0381,0.0301,0.0194,0.0474
q32,8,10,0,0,0.0,0,0.0175,0.0311,0.0131,0.0307
q32,8,11,0,0,0.0,0,0.0056,0.0415,0.0117,0.0239
q32,8,12,0,0,0.0,0,0.011,0.0293,0.0117,0.0464
q32,8,13,0,0,0.0,0,0.0063,0.0602,0.0183,0.0373
q32,8,14,0,0,0.0,0,0.0057,0.1443,0.0179,0.0365
q32,8,15,0,0,0.0,0,0.0011,0.1874,0.0186,0.0378
q32,8,16,0,0,0.0,0,0.0,0.1327,0.0233,0.0465
q32,8,17,0,0,0.0,0,0.0011,0.1841,0.0271,0.0457
q32,8,18,0,0,0.0,0,0.0038,0.1874,0.021,0.0472
q32,8,19,0,0,0.0,0,0.0063,0.0398,0.0143,0.034
q32,8,20,0,0,0.0,0,0.0049,0.0,0.0041,0.0223
q32,8,21,0,0,0.0,0,0.0,0.0,0.0055,0.0159
q32,8,22,0,0,0.0,0,0.0023,0.0,0.0072,0.0326
q32,8,23,0,0,0.0,0,0.0022,0.0398,0.0078,0.0196
q32,8,24,0,0,0.0,0,0.0116,0.1692,0.015,0.028
q32,8,25,0,0,0.0,0,0.0053,0.1658,0.0108,0.024
q32,8,26,0,0,0.0,0,0.0,0.0,0.0011,0.0166
q32,9,10,1,1,0.0,0,0.0255,0.1756,0.0882,0.1357
q32,9,11,0,1,0.0,0,0.0187,0.0,0.0086,0.0224
q32,9,12,1,1,0.0,0,0.0314,0.2129,0.0897,0.1481
q32,9,13,0,1,0.0,0,0.0122,0.0,0.0084,0.0231
q32,9,14,0,1,0.0,0,0.0111,0.0409,0.0177,0.0371
q32,9,15,0,1,0.0,0,0.0068,0.0,0.0095,0.0225
q32,9,16,0,1,0.0,0,0.0045,0.0237,0.0195,0.0363
q32,9,17,0,1,0.0,0,0.0067,0.0301,0.0185,0.0394
q32,9,18,0,0,0.0,0,0.0127,0.0,0.0088,0.0208
q32,9,19,0,0,0.0,0,0.0131,0.0,0.0092,0.025
q32,9,20,0,0,0.0,0,0.0115,0.0409,0.0108,0.0455
q32,9,21,0,0,0.0,0,0.0088,0.0,0.0019,0.0284
q32,9,22,0,0,0.0,0,0.0117,0.0,0.0019,0.0213
q32,9,23,0,0,0.0,0,0.0094,0.0,0.013,0.0376
q32,9,24,0,0,0.0,0,0.0279,0.0172,0.0126,0.0302
q32,9,25,0,0,0.0,0,0.0078,0.0538,0.0132,0.0422
q32,9,26,0,0,0.0,0,0.001,0.0,0.0029,0.0251
q32,10,11,0,1,0.0,0,0.0255,0.0,0.0,0.0115
q32,10,12,1,1,0.0,0,0.039,0.2289,0.0915,0.122
q32,10,13,0,1,0.0,0,0.0169,0.0,0.0011,0.0169
q32,10,14,0,1,0.0,0,0.0592,0.0444,0.0099,0.0219
q32,10,15,0,1,0.0,0,0.0056,0.0,0.0,0.0135
q32,10,16,0,1,0.0,0,0.001,0.0267,0.0084,0.0243
q32,10,17,0,1,0.0,0,0.0247,0.0333,0.011,0.0203
q32,10,18,0,0,0.0,0,0.0051,0.0,0.0015,0.012
q32,10,19,0,0,0.0,0,0.0039,0.0,0.0046,0.024
q32,10,20,0,0,0.0,0,0.0526,0.0178,0.0066,0.0316
q32,10,21,0,0,0.0,0,0.0186,0.02,0.0058,0.0251
q32,10,22,0,0,0.0,0,0.0112,0.0,0.0009,0.0169
q32,10,23,0,0,0.1667,1,0.4586,0.02,0.0056,0.0272
q32,10,24,0,0,0.0,0,0.0256,0.0,0.0014,0.0153
q32,10,25,0,0,0.0,0,0.0325,0.0,0.0,0.008
q32,10,26,0,0,0.0,0,0.0043,0.0,0.0012,0.0182
q32,11,12,0,1,0.0,0,0.0125,0.0,0.0008,0.023
q32,11,13,1,1,0.0,0,0.0284,0.1168,0.0496,0.1003
q32,11,14,0,1,0.0,0,0.0455,0.0668,0.0161,0.0362
q32,11,15,1,1,0.1429,1,0.1136,0.0854,0.031,0.0743
q32,11,16,0,1,0.0,0,0.0169,0.0578,0.0163,0.0265
q32,11,17,0,1,0.0,0,0.0129,0.0534,0.0144,0.0263
q32,11,18,0,0,0.1429,1,0.1174,0.1469,0.0533,0.1049
q32,11,19,0,0,0.0,0,0.0274,0.0732,0.0302,0.0752
q32,11,20,0,0,0.0,0,0.0121,0.0,0.0092,0.0208
q32,11,21,0,0,0.0,0,0.0108,0.0,0.01,0.0262
q32,11,22,0,0,0.0,0,0.0332,0.0,0.0136,0.0502
q32,11,23,0,0,0.0,0,0.0046,0.0427,0.0117,0.0214
q32,11,24,0,0,0.0,0,0.0392,0.012,0.0142,0.0418
q32,11,25,0,0,0.0,0,0.0166,0.0574,0.0159,0.024
q32,11,26,0,0,0.0,0,0.0055,0.0107,0.004,0.0265
q32,12,13,0,1,0.0,0,0.0089,0.0,0.001,0.0153
q32,12,14,0,1,0.0,0,0.0223,0.0418,0.0098,0.0241
q32,12,15,0,1,0.0,0,0.0655,0.0,0.0007,0.0166
q32,12,16,0,1,0.0,0,0.0,0.0251,0.0082,0.0281
q32,12,17,0,1,0.0,0,0.0053,0.0314,0.0108,0.0298
q32,12,18,0,0,0.0,0,0.0689,0.0,0.0007,0.0213
q32,12,19,0,0,0.0,0,0.0087,0.0,0.0,0.0183
q32,12,20,0,0,0.0,0,0.0375,0.0335,0.0108,0.0383
q32,12,21,0,0,0.0,0,0.0074,0.0,0.0009,0.0224
q32,12,22,0,0,0.0,0,0.0081,0.0,0.0019,0.0198
q32,12,23,0,0,0.0,0,0.0226,0.0167,0.003,0.024
q32,12,24,0,0,0.1667,1,0.1766,0.0,0.0028,0.0224
q32,12,25,0,0,0.0,0,0.0392,0.0188,0.0041,0.0249
q32,12,26,0,0,0.1667,1,0.1645,0.0188,0.0106,0.0282
q32,13,14,0,1,0.0,0,0.0175,0.0938,0.0163,0.0372
q32,13,15,1,1,0.0,0,0.018,0.2142,0.0603,0.1212
q32,13,16,0,1,0.0,0,0.0009,0.0283,0.0096,0.0237
q32,13,17,0,1,0.0,0,0.0073,0.0761,0.0136,0.0266
q32,13,18,0,0,0.1667,1,0.1322,0.2195,0.0618,0.1202
q32,13,19,0,0,0.5,2,0.7147,0.1469,0.0579,0.1342
q32,13,20,0,0,0.0,0,0.0178,0.0,0.0071,0.0222
q32,13,21,0,0,0.0,0,0.0054,0.0,0.0082,0.0244
q32,13,22,0,0,0.0,0,0.0105,0.069,0.0255,0.0626
q32,13,23,0,0,0.0,0,0.0164,0.0956,0.0131,0.0253
q32,13,24,0,0,0.0,0,0.0396,0.0814,0.0169,0.0438
q32,13,25,0,0,0.0,0,0.0034,0.0602,0.0141,0.0305
q32,13,26,0,0,0.0,0,0.0024,0.0142,0.0051,0.0316
q32,14,15,0,1,0.0,0,0.0383,0.0513,0.0145,0.0376
q32,14,16,1,1,0.0,0,0.0022,0.1705,0.0421,0.0651
q32,14,17,1,1,0.0,0,0.0118,0.2745,0.0596,0.0787
q32,14,18,0,0,0.0,0,0.0481,0.0283,0.0176,0.0419
q32,14,19,0,0,0.0,0,0.0137,0.0703,0.0156,0.029
q32,14,20,0,0,0.0,0,0.0225,0.0,0.0055,0.0198
q32,14,21,0,0,0.0,0,0.0072,0.0,0.0076,0.0306
q32,14,22,0,0,0.0,0,0.0272,0.0,0.0082,0.0249
q32,14,23,0,0,0.0,0,0.0306,0.1617,0.023,0.0382
q32,14,24,0,0,0.0,0,0.0291,0.0209,0.0138,0.0334
q32,14,25,0,0,0.0,0,0.0107,0.0487,0.0127,0.0279
q32,14,26,0,0,0.1111,1,0.0046,0.0,0.0,0.0146
q32,15,16,0,1,0.0,0,0.0011,0.0231,0.0078,0.0223
q32,15,17,0,1,0.0,0,0.0088,0.0364,0.009,0.0217
q32,15,18,0,0,0.6,3,0.8187,0.4398,0.1403,0.2282
q32,15,19,0,0,0.1667,1,0.1158,0.0703,0.028,0.0798
q32,15,20,0,0,0.0,0,0.0124,0.0,0.0033,0.0109
q32,15,21,0,0,0.0,0,0.0031,0.0,0.0043,0.0213
q32,15,22,0,0,0.0,0,0.0153,0.0448,0.0247,0.0521
q32,15,23,0,0,0.0,0,0.002,0.0582,0.0127,0.0239
q32,15,24,0,0,0.0,0,0.1057,0.1876,0.0154,0.0325
q32,15,25,0,0,0.0,0,0.0125,0.1435,0.0144,0.0289
q32,15,26,0,0,0.0,0,0.0112,0.0123,0.0052,0.0261
q32,16,17,1,1,0.0,0,0.0,0.1676,0.0525,0.0749
q32,16,18,0,0,0.0,0,0.002,0.0462,0.0136,0.027
q32,16,19,0,0,0.0,0,0.0009,0.0703,0.0222,0.0414
q32,16,20,0,0,0.0,0,0.0052,0.0,0.0071,0.0225
q32,16,21,0,0,0.0,0,0.0252,0.0,0.0073,0.0235
q32,16,22,0,0,0.0,0,0.0057,0.0,0.0088,0.0259
q32,16,23,0,0,0.0,0,0.002,0.0578,0.0155,0.0239
q32,16,24,0,0,0.0,0,0.0035,0.0116,0.0154,0.0321
q32,16,25,0,0,0.0,0,0.0038,0.0549,0.016,0.03
q32,16,26,0,0,0.0,0,0.0,0.0,0.0021,0.0259
q32,17,18,0,0,0.0,0,0.0089,0.0364,0.0139,0.0261
q32,17,19,0,0,0.0,0,0.0074,0.0717,0.0197,0.0339
q32,17,20,0,0,0.0,0,0.0039,0.0,0.0081,0.0255
q32,17,21,0,0,0.0,0,0.0061,0.0128,0.0112,0.0352
q32,17,22,0,0,0.0,0,0.0056,0.0,0.0088,0.024
q32,17,23,0,0,0.0,0,0.0092,0.1549,0.0221,0.0385
q32,17,24,0,0,0.0,0,0.0231,0.0285,0.0162,0.0309
q32,17,25,0,0,0.0,0,0.0015,0.0547,0.0138,0.0254
q32,17,26,0,0,0.0,0,0.0021,0.0,0.0,0.0122
q32,18,19,1,1,0.1667,1,0.1286,0.0586,0.0236,0.0727
q32,18,20,0,1,0.0,0,0.0163,0.0,0.0079,0.0194
q32,18,21,0,1,0.0,0,0.0031,0.0,0.0087,0.0277
q32,18,22,1,1,0.0,0,0.0193,0.0364,0.0246,0.0688
q32,18,23,0,1,0.0,0,0.0025,0.0788,0.014,0.0257
q32,18,24,0,1,0.0,0,0.1097,0.2018,0.0208,0.0358
q32,18,25,0,1,0.0,0,0.0125,0.2248,0.0202,0.0365
q32,18,26,0,1,0.0,0,0.0126,0.0071,0.0046,0.0263
q32,19,20,0,1,0.0,0,0.0132,0.0,0.0072,0.0243
q32,19,21,0,1,0.0,0,0.0031,0.0,0.0065,0.0175
q32,19,22,1,1,0.0,0,0.0105,0.0395,0.0251,0.0684
q32,19,23,0,1,0.0,0,0.0051,0.0586,0.0127,0.0217
q32,19,24,0,1,0.0,0,0.0386,0.0132,0.0167,0.0363
q32,19,25,0,1,0.0,0,0.0043,0.0498,0.016,0.0327
q32,19,26,0,1,0.0,0,0.0013,0.0,0.0021,0.0263
q32,20,21,1,1,0.0,0,0.0087,0.0362,0.0277,0.0554
q32,20,22,0,1,0.0,0,0.0081,0.0,0.0101,0.028
q32,20,23,1,1,0.2,1,0.2256,0.0744,0.029,0.0592
q32,20,24,0,1,0.0,0,0.043,0.0,0.0075,0.027
q32,20,25,0,1,0.0,0,0.0062,0.0382,0.015,0.032
q32,20,26,0,1,0.0,0,0.0042,0.0161,0.0035,0.0219
q32,21,22,0,1,0.0,0,0.0,0.0,0.01,0.0305
q32,21,23,1,1,0.0,0,0.0065,0.0144,0.009,0.0325
q32,21,24,0,1,0.0,0,0.0096,0.0,0.0057,0.0252
q32,21,25,0,1,0.0,0,0.0023,0.0,0.0088,0.0283
q32,21,26,0,1,0.0,0,0.0043,0.0128,0.0038,0.0181
q32,22,23,0,1,0.0,0,0.0079,0.0112,0.0089,0.026
q32,22,24,0,1,0.0,0,0.0129,0.0,0.0037,0.0189
q32,22,25,0,1,0.0,0,0.0028,0.0,0.0056,0.0197
q32,22,26,0,1,0.0,0,0.0,0.0,0.0032,0.0185
q32,23,24,0,1,0.0,0,0.0083,0.0628,0.0172,0.0375
q32,23,25,0,1,0.0,0,0.0043,0.1095,0.0148,0.0314
q32,23,26,0,1,0.0,0,0.0046,0.0,0.0037,0.0236
q32,24,25,1,1,0.0,0,0.0505,0.2657,0.0481,0.0731
q32,24,26,1,1,0.1111,1,0.1334,0.0772,0.0348,0.0801
q32,25,26,1,1,0.125,1,0.132,0.0458,0.0248,0.0714
q33,0,1,0,1,0.0,0,0.0761,0.2012,0.0946,0.1285
q33,0,2,0,1,0.125,1,0.4292,0.3075,0.1257,0.1877
q33,0,3,0,1,0.1429,1,0.3349,0.1857,0.084,0.1236
q33,0,4,1,1,0.0,0,0.077,0.1549,0.0781,0.1529
q33,0,5,1,1,0.5,3,0.2954,0.3714,0.1003,0.2011
q33,0,6,0,1,0.125,1,0.2796,0.2147,0.0764,0.115
q33,0,7,0,1,0.0,0,0.1492,0.1799,0.052,0.0972
q33,0,8,0,1,0.2857,2,0.2356,0.2263,0.0744,0.1181
q33,1,2,1,1,0.0,0,0.0622,0.2955,0.1638,0.2235
q33,1,3,1,1,0.1429,1,0.0531,0.303,0.1214,0.1695
q33,1,4,0,1,0.0,0,0.0483,0.1569,0.0663,0.1092
q33,1,5,0,1,0.0,0,0.0794,0.1023,0.0458,0.0979
q33,1,6,0,1,0.0,0,0.0267,0.1799,0.0519,0.0922
q33,1,7,0,1,0.0,0,0.0248,0.1894,0.0521,0.088
q33,1,8,0,1,0.0,0,0.04,0.1799,0.0504,0.0842
q33,2,3,1,1,0.125,1,0.1196,0.2957,0.1374,0.176
q33,2,4,0,1,0.0,0,0.0603,0.1408,0.0649,0.1169
q33,2,5,0,1,0.1111,1,0.2489,0.085,0.0454,0.1098
q33,2,6,0,1,0.1111,1,0.2956,0.3068,0.0733,0.1382
q33,2,7,0,1,0.1111,1,0.1781,0.2865,0.0596,0.0991
q33,2,8,0,1,0.1111,1,0.1437,0.2477,0.059,0.1098
q33,3,4,0,1,0.0,0,0.0261,0.1932,0.0508,0.0854
q33,3,5,0,1,0.0,0,0.1352,0.0622,0.0362,0.0852
q33,3,6,0,1,0.0,0,0.0703,0.1122,0.0419,0.0725
q33,3,7,0,1,0.125,1,0.1557,0.1095,0.0369,0.0696
q33,3,8,0,1,0.2857,2,0.3967,0.1284,0.0474,0.0824
q33,4,5,1,1,0.0,0,0.0655,0.2414,0.0962,0.2344
q33,4,6,0,1,0.0,0,0.0824,0.0946,0.0263,0.0502
q33,4,7,0,1,0.0,0,0.0213,0.0946,0.0251,0.0448
q33,4,8,0,1,0.0,0,0.0375,0.0946,0.0259,0.0519
q33,5,6,0,1,0.1111,1,0.2001,0.2294,0.0478,0.0814
q33,5,7,0,1,0.0,0,0.1402,0.1855,0.0315,0.071
q33,5,8,0,1,0.1111,1,0.1846,0.2272,0.0473,0.0821
q33,6,7,1,1,0.0,0,0.0269,0.3998,0.0964,0.154
q33,6,8,1,1,0.25,2,0.4545,0.5525,0.1929,0.2777
q33,7,8,1,1,0.0,0,0.0394,0.3589,0.0956,0.1386
q34,0,1,1,1,0.1,1,0.449,0.1507,0.0699,0.1451
q34,0,2,0,1,0.2222,2,0.8716,0.1914,0.0793,0.1589
q34,0,3,0,1,0.0,0,0.0077,0.0837,0.0288,0.0607
q34,0,4,0,1,0.375,3,0.8834,0.2057,0.0796,0.1462
q34,0,5,0,1,0.5714,4,0.8552,0.4115,0.1427,0.2325
q34,0,6,1,1,0.3333,3,0.808,0.3254,0.1083,0.1837
q34,0,7,0,1,0.375,3,0.5527,0.2392,0.0673,0.1335
q34,0,8,0,1,0.5,4,0.8716,0.4306,0.1075,0.1915
q34,0,9,0,0,0.0,0,0.0317,0.0,0.003,0.0115
q34,0,10,0,0,0.0909,1,0.335,0.0,0.0039,0.0276
q34,0,11,0,0,0.0,0,0.153,0.0,0.0045,0.0249
q34,0,12,0,0,0.0,0,0.0088,0.0,0.0072,0.0237
q34,0,13,0,0,0.1,1,0.3468,0.0,0.009,0.0359
q34,0,14,0,0,0.0,0,0.0339,0.0,0.0029,0.0222
q34,0,15,0,0,0.0,0,0.0492,0.0263,0.0258,0.0645
q34,0,16,0,0,0.0,0,0.1608,0.0,0.0112,0.0325
q34,0,17,0,0,0.0,0,0.0409,0.0,0.0,0.0199
q34,0,18,0,0,0.0,0,0.0487,0.0335,0.0227,0.0519
q34,0,19,0,0,0.0,0,0.0428,0.0,0.0098,0.0323
q34,0,20,0,0,0.0,0,0.0527,0.0431,0.0228,0.0567
q34,0,21,0,0,0.0,0,0.0863,0.0,0.0139,0.0395
q34,0,22,0,0,0.0,0,0.2445,0.0,0.0134,0.0378
q34,0,23,0,0,0.1,1,0.3357,0.0742,0.0376,0.0865
q34,1,2,0,1,0.0,0,0.3475,0.1652,0.0653,0.1318
q34,1,3,0,1,0.0,0,0.0064,0.0,0.009,0.0324
q34,1,4,0,1,0.1111,1,0.3645,0.2262,0.0678,0.1196
q34,1,5,0,1,0.1111,1,0.4542,0.2964,0.0964,0.1452
q34,1,6,1,1,0.1,1,0.4545,0.3145,0.0916,0.1492
q34,1,7,0,1,0.25,2,0.9225,0.1878,0.0454,0.1103
q34,1,8,0,1,0.1,1,0.4482,0.3281,0.0797,0.1315
q34,1,9,0,0,0.0,0,0.0122,0.0,0.0045,0.0262
q34,1,10,0,0,0.1,1,0.31,0.0,0.018,0.0528
q34,1,11,0,0,0.0,0,0.081,0.0284,0.0119,0.0381
q34,1,12,0,0,0.0,0,0.0047,0.0,0.0042,0.0154
q34,1,13,0,0,0.0,0,0.0398,0.0,0.0063,0.0238
q34,1,14,0,0,0.0,0,0.0084,0.0,0.0029,0.0187
q34,1,15,0,0,0.0,0,0.0251,0.0,0.01,0.0337
q34,1,16,0,0,0.0,0,0.0689,0.0,0.0033,0.0308
q34,1,17,0,0,0.0,0,0.0257,0.0,0.0022,0.0172
q34,1,18,0,0,0.0,0,0.0218,0.0,0.0055,0.0244
q34,1,19,0,0,0.0,0,0.0076,0.0,0.0021,0.0169
q34,1,20,0,0,0.0,0,0.0084,0.0,0.0053,0.0298
q34,1,21,0,0,0.0,0,0.0407,0.0181,0.0058,0.0279
q34,1,22,0,0,0.0,0,0.0309,0.0,0.0056,0.0284
q34,1,23,0,0,0.1111,1,0.4515,0.2353,0.0702,0.1154
q34,2,3,1,1,0.0,0,0.008,0.1785,0.0635,0.0963
q34,2,4,1,1,0.4286,3,0.9124,0.3428,0.1344,0.2249
q34,2,5,0,1,0.25,2,0.8729,0.2918,0.1134,0.1765
q34,2,6,0,1,0.2222,2,0.9013,0.2309,0.0933,0.1545
q34,2,7,0,1,0.25,2,0.8468,0.2748,0.0908,0.152
q34,2,8,0,1,0.375,3,0.8719,0.2805,0.0918,0.1595
q34,2,9,0,0,0.0,0,0.0872,0.0,0.0033,0.0176
q34,2,10,0,0,0.0,0,0.2503,0.0651,0.029,0.0525
q34,2,11,0,0,0.0,0,0.1813,0.0,0.0022,0.0188
q34,2,12,0,0,0.0,0,0.0025,0.0,0.0096,0.0306
q34,2,13,0,0,0.1111,1,0.2087,0.0611,0.0268,0.0517
q34,2,14,0,0,0.0,0,0.0445,0.0,0.0076,0.0295
q34,2,15,0,0,0.0,0,0.0435,0.0657,0.0286,0.0685
q34,2,16,0,0,0.0,0,0.1466,0.0633,0.0222,0.0505
q34,2,17,0,0,0.0,0,0.039,0.0158,0.0124,0.0379
q34,2,18,0,0,0.0,0,0.0414,0.0194,0.0204,0.0513
q34,2,19,0,0,0.0,0,0.0451,0.0833,0.0351,0.0611
q34,2,20,0,0,0.0,0,0.0411,0.1176,0.0484,0.0822
q34,2,21,0,0,0.0,0,0.1328,0.0,0.0095,0.0335
q34,2,22,0,0,0.0,0,0.126,0.0595,0.0227,0.0503
q34,2,23,0,0,0.0,0,0.3079,0.0963,0.0462,0.098
q34,3,4,1,1,0.0,0,0.0096,0.1182,0.0443,0.0828
q34,3,5,0,1,0.0,0,0.0087,0.0717,0.0309,0.0576
q34,3,6,0,1,0.0,0,0.0078,0.0637,0.0286,0.0592
q34,3,7,0,1,0.0,0,0.0062,0.1102,0.0394,0.0689
q34,3,8,0,1,0.0,0,0.0077,0.1009,0.032,0.06
q34,3,9,0,0,0.0,0,0.0047,0.0,0.0021,0.0094
q34,3,10,0,0,0.0,0,0.0191,0.0,0.0046,0.0181
q34,3,11,0,0,0.0,0,0.0195,0.0,0.001,0.0047
q34,3,12,0,0,0.0,0,0.0,0.0,0.004,0.0182
q34,3,13,0,0,0.0,0,0.0325,0.0204,0.0064,0.02
q34,3,14,0,0,0.0,0,0.0064,0.0,0.0,0.0045
q34,3,15,0,0,0.0,0,0.0255,0.0775,0.0147,0.0429
q34,3,16,0,0,0.0,0,0.0107,0.0614,0.0134,0.0268
q34,3,17,0,0,0.0,0,0.0043,0.0,0.0067,0.0152
q34,3,18,0,0,0.0,0,0.0217,0.035,0.0134,0.0365
q34,3,19,0,0,0.0,0,0.0064,0.0646,0.0223,0.0476
q34,3,20,0,0,0.0,0,0.0119,0.0837,0.0288,0.0564
q34,3,21,0,0,0.0,0,0.0036,0.0,0.0098,0.0258
q34,3,22,0,0,0.0,0,0.0081,0.0431,0.0217,0.0424
q34,3,23,0,0,0.0,0,0.0105,0.0425,0.022,0.0433
q34,4,5,0,1,0.4286,3,0.8845,0.2579,0.0843,0.1482
q34,4,6,0,1,0.2222,2,0.8464,0.2478,0.0777,0.136
q34,4,7,0,1,0.25,2,0.787,0.1648,0.0526,0.1023
q34,4,8,0,1,0.375,3,0.8129,0.2138,0.0669,0.1312
q34,4,9,0,0,0.0,0,0.0886,0.0,0.0011,0.0126
q34,4,10,0,0,0.1,1,0.2626,0.0,0.0068,0.0324
q34,4,11,0,0,0.0,0,0.1646,0.0,0.0022,0.0101
q34,4,12,0,0,0.0,0,0.0047,0.0,0.0084,0.0196
q34,4,13,0,0,0.0,0,0.0553,0.0204,0.0048,0.0134
q34,4,14,0,0,0.0,0,0.0439,0.0,0.0053,0.0209
q34,4,15,0,0,0.0,0,0.0311,0.0399,0.0174,0.0435
q34,4,16,0,0,0.0,0,0.1422,0.0614,0.0175,0.0498
q34,4,17,0,0,0.0,0,0.0409,0.0,0.0105,0.034
q34,4,18,0,0,0.0,0,0.0284,0.0155,0.0096,0.0283
q34,4,19,0,0,0.0,0,0.0453,0.1139,0.0276,0.0518
q34,4,20,0,0,0.0,0,0.0422,0.1643,0.0362,0.068
q34,4,21,0,0,0.0,0,0.1286,0.0,0.0102,0.0357
q34,4,22,0,0,0.0,0,0.1254,0.1373,0.0289,0.0597
q34,4,23,0,0,0.1111,1,0.3204,0.2616,0.0651,0.1132
q34,5,6,0,1,0.5714,4,0.9207,0.356,0.1532,0.2337
q34,5,7,1,1,0.4286,3,0.5537,0.1756,0.0796,0.1398
q34,5,8,1,1,0.375,3,0.7315,0.4684,0.1979,0.2811
q34,5,9,0,0,0.0,0,0.0312,0.0576,0.0067,0.021
q34,5,10,0,0,0.2222,2,0.4821,0.0313,0.0253,0.0562
q34,5,11,0,0,0.0,0,0.2432,0.0,0.0028,0.021
q34,5,12,0,0,0.0,0,0.0063,0.0,0.0074,0.0236
q34,5,13,0,0,0.1111,1,0.3471,0.028,0.0164,0.0415
q34,5,14,0,0,0.0,0,0.0288,0.0,0.0037,0.0193
q34,5,15,0,0,0.0,0,0.0519,0.0657,0.0197,0.0455
q34,5,16,0,0,0.0,0,0.165,0.0461,0.0164,0.0394
q34,5,17,0,0,0.0,0,0.0432,0.0,0.0086,0.0255
q34,5,18,0,0,0.0,0,0.0498,0.0194,0.0165,0.045
q34,5,19,0,0,0.0,0,0.0457,0.1139,0.0343,0.0636
q34,5,20,0,0,0.0,0,0.0532,0.1465,0.0413,0.0764
q34,5,21,0,0,0.0,0,0.0921,0.0,0.0136,0.0441
q34,5,22,0,0,0.1,1,0.2358,0.1723,0.0499,0.0973
q34,5,23,0,0,0.1111,1,0.3417,0.1657,0.0642,0.1233
q34,6,7,0,1,0.375,3,0.5537,0.1692,0.0754,0.1375
q34,6,8,0,1,0.3333,3,0.8069,0.2359,0.1064,0.1598
q34,6,9,0,0,0.0,0,0.0447,0.0,0.0082,0.0202
q34,6,10,0,0,0.2,2,0.4826,0.0578,0.0209,0.0447
q34,6,11,0,0,0.0,0,0.2618,0.0,0.0027,0.018
q34,6,12,0,0,0.0,0,0.0063,0.0,0.0133,0.0475
q34,6,13,0,0,0.1,1,0.3464,0.0204,0.0107,0.0329
q34,6,14,0,0,0.0,0,0.0555,0.0,0.0027,0.0165
q34,6,15,0,0,0.0,0,0.0519,0.0657,0.019,0.0511
q34,6,16,0,0,0.0,0,0.1619,0.0614,0.0144,0.0363
q34,6,17,0,0,0.0,0,0.057,0.0,0.006,0.0283
q34,6,18,0,0,0.0,0,0.0481,0.0447,0.0229,0.0548
q34,6,19,0,0,0.0,0,0.0517,0.102,0.0277,0.0643
q34,6,20,0,0,0.0,0,0.0537,0.1659,0.0352,0.0778
q34,6,21,0,0,0.0,0,0.1147,0.0,0.011,0.0395
q34,6,22,0,0,0.0909,1,0.2359,0.1978,0.0367,0.0731
q34,6,23,0,0,0.1,1,0.3597,0.2007,0.0637,0.1085
q34,7,8,1,1,0.375,3,0.5536,0.1877,0.0749,0.129
q34,7,9,0,0,0.0,0,0.0135,0.0324,0.0061,0.0243
q34,7,10,0,0,0.1,1,0.3171,0.0217,0.0087,0.034
q34,7,11,0,0,0.0,0,0.1267,0.0284,0.0086,0.0264
q34,7,12,0,0,0.0,0,0.006,0.0,0.0067,0.0214
q34,7,13,0,0,0.1111,1,0.2063,0.0,0.0078,0.0247
q34,7,14,0,0,0.0,0,0.0045,0.0,0.0,0.0091
q34,7,15,0,0,0.0,0,0.0471,0.0657,0.0165,0.0384
q34,7,16,0,0,0.0,0,0.1231,0.0768,0.0211,0.0414
q34,7,17,0,0,0.0,0,0.0146,0.0,0.008,0.0262
q34,7,18,0,0,0.0,0,0.0419,0.0194,0.0145,0.0413
q34,7,19,0,0,0.0,0,0.0164,0.068,0.0236,0.0413
q34,7,20,0,0,0.0,0,0.0295,0.0902,0.0314,0.0557
q34,7,21,0,0,0.0,0,0.0685,0.0242,0.0119,0.0424
q34,7,22,0,0,0.0,0,0.1031,0.0538,0.0216,0.0566
q34,7,23,0,0,0.1111,1,0.3179,0.1463,0.0536,0.1093
q34,8,9,0,0,0.0,0,0.0634,0.0576,0.0045,0.0191
q34,8,10,0,0,0.0909,1,0.3419,0.0,0.0148,0.043
q34,8,11,0,0,0.0,0,0.1585,0.0,0.0053,0.0256
q34,8,12,0,0,0.0,0,0.0088,0.0,0.0052,0.0185
q34,8,13,0,0,0.1,1,0.3469,0.1145,0.0204,0.0433
q34,8,14,0,0,0.0,0,0.0384,0.0,0.0037,0.024
q34,8,15,0,0,0.0,0,0.0557,0.0775,0.0146,0.0397
q34,8,16,0,0,0.0,0,0.1548,0.0461,0.0155,0.0366
q34,8,17,0,0,0.0,0,0.0358,0.0,0.0058,0.0271
q34,8,18,0,0,0.0,0,0.0476,0.0311,0.0136,0.0437
q34,8,19,0,0,0.0,0,0.0382,0.0646,0.0166,0.0389
q34,8,20,0,0,0.0,0,0.0485,0.0725,0.0249,0.0549
q34,8,21,0,0,0.0,0,0.0828,0.0,0.0102,0.0461
q34,8,22,0,0,0.0,0,0.2487,0.0431,0.0183,0.0542
q34,8,23,0,0,0.1,1,0.333,0.1245,0.0497,0.1021
q34,9,10,1,1,0.125,1,0.1667,0.1619,0.0474,0.0842
q34,9,11,1,1,0.0,0,0.1398,0.0,0.0038,0.0287
q34,9,12,0,1,0.0,0,0.0116,0.0,0.0,0.0057
q34,9,13,0,1,0.0,0,0.0468,0.0,0.0,0.005
q34,9,14,0,1,0.0,0,0.0232,0.0,0.0,0.0038
q34,9,15,0,1,0.0,0,0.0276,0.0,0.0015,0.0116
q34,9,16,0,1,0.0,0,0.0578,0.0,0.0,0.0014
q34,9,17,0,1,0.0,0,0.0168,0.0,0.0,0.0
q34,9,18,0,0,0.0,0,0.0281,0.0,0.0013,0.0085
q34,9,19,0,0,0.0,0,0.0182,0.0,0.0,0.0042
q34,9,20,0,0,0.0,0,0.0371,0.0,0.0012,0.0072
q34,9,21,0,0,0.125,1,0.255,0.0,0.0068,0.0285
q34,9,22,0,0,0.125,1,0.24,0.0899,0.0132,0.0264
q34,9,23,0,0,0.0,0,0.1362,0.0971,0.0143,0.0301
q34,10,11,1,1,0.0,0,0.1532,0.0,0.0031,0.0313
q34,10,12,0,1,0.0,0,0.0135,0.0,0.0029,0.013
q34,10,13,0,1,0.0,0,0.0608,0.0,0.0013,0.0101
q34,10,14,0,1,0.0,0,0.031,0.0,0.0,0.0049
q34,10,15,0,1,0.0,0,0.0372,0.0,0.0091,0.0278
q34,10,16,0,1,0.0,0,0.092,0.0,0.0034,0.0178
q34,10,17,0,1,0.0,0,0.0211,0.0,0.0,0.0076
q34,10,18,0,0,0.0,0,0.0333,0.0,0.0034,0.0125
q34,10,19,0,0,0.0,0,0.0272,0.0,0.0022,0.0138
q34,10,20,0,0,0.0,0,0.0266,0.0,0.0033,0.0205
q34,10,21,0,0,0.0909,1,0.064,0.0217,0.0152,0.0418
q34,10,22,0,0,0.5,4,0.6043,0.1711,0.04,0.0847
q34,10,23,0,0,0.1,1,0.341,0.1446,0.0297,0.0583
q34,11,12,0,1,0.0,0,0.0015,0.0,0.0,0.0075
q34,11,13,0,1,0.0,0,0.0681,0.0,0.0015,0.0151
q34,11,14,0,1,0.0,0,0.0766,0.0,0.0,0.0134
q34,11,15,0,1,0.0,0,0.0219,0.0,0.003,0.0166
q34,11,16,0,1,0.0,0,0.1182,0.0,0.0,0.0042
q34,11,17,0,1,0.0,0,0.0653,0.0,0.0,0.0043
q34,11,18,0,0,0.0,0,0.0386,0.0,0.0026,0.0113
q34,11,19,0,0,0.0,0,0.0721,0.0,0.0,0.0028
q34,11,20,0,0,0.0,0,0.0594,0.0,0.0,0.0028
q34,11,21,0,0,0.2,2,0.7217,0.4539,0.1247,0.1718
q34,11,22,0,0,0.0,0,0.1745,0.0,0.0022,0.0187
q34,11,23,0,0,0.2222,2,0.7914,0.4255,0.1112,0.1664
q34,12,13,1,1,0.0,0,0.0159,0.0,0.0029,0.0191
q34,12,14,0,1,0.0,0,0.0029,0.0,0.0034,0.0237
q34,12,15,1,1,0.0,0,0.0134,0.0583,0.0296,0.0593
q34,12,16,0,1,0.2222,2,0.0407,0.0,0.0012,0.0234
q34,12,17,0,1,0.1111,1,0.0082,0.0,0.0013,0.0208
q34,12,18,0,0,0.0,0,0.0159,0.11,0.0415,0.067
q34,12,19,0,0,0.25,2,0.026,0.11,0.0439,0.0794
q34,12,20,0,0,0.2222,2,0.0282,0.1197,0.0511,0.087
q34,12,21,0,0,0.0,0,0.0078,0.0,0.0,0.0082
q34,12,22,0,0,0.0,0,0.0163,0.0,0.0,0.0035
q34,12,23,0,0,0.0,0,0.0047,0.0,0.0019,0.0121
q34,13,14,0,1,0.0,0,0.0321,0.0316,0.0121,0.0359
q34,13,15,1,1,0.5714,4,0.6402,0.458,0.2597,0.3042
q34,13,16,0,1,0.0,0,0.1105,0.0,0.0068,0.0213
q34,13,17,0,1,0.0,0,0.0233,0.0,0.0011,0.0075
q34,13,18,0,0,0.5714,4,0.6421,0.3486,0.1414,0.202
q34,13,19,0,0,0.1111,1,0.0345,0.0,0.0033,0.025
q34,13,20,0,0,0.0,0,0.0198,0.0,0.0032,0.024
q34,13,21,0,0,0.0,0,0.0603,0.0,0.002,0.0141
q34,13,22,0,0,0.0,0,0.0598,0.0,0.0,0.0054
q34,13,23,0,0,0.0,0,0.0638,0.0,0.0045,0.0184
q34,14,15,0,1,0.0,0,0.0275,0.0,0.0045,0.0224
q34,14,16,1,1,0.0,0,0.057,0.0351,0.0129,0.038
q34,14,17,1,1,0.0,0,0.0447,0.0421,0.0105,0.0267
q34,14,18,0,0,0.0,0,0.0616,0.0,0.009,0.0248
q34,14,19,0,0,0.0,0,0.2351,0.0,0.0025,0.0164
q34,14,20,0,0,0.0,0,0.1967,0.0,0.0037,0.0167
q34,14,21,0,0,0.0,0,0.0501,0.0,0.0,0.0118
q34,14,22,0,0,0.0,0,0.0412,0.0,0.0,0.0072
q34,14,23,0,0,0.0,0,0.055,0.0,0.0,0.0133
q34,15,16,0,1,0.0,0,0.0402,0.0,0.0,0.0086
q34,15,17,0,1,0.0,0,0.0126,0.0,0.0011,0.0099
q34,15,18,0,0,0.5,4,0.6414,0.4718,0.204,0.2891
q34,15,19,0,0,0.1,1,0.0293,0.0423,0.0198,0.051
q34,15,20,0,0,0.0,0,0.0144,0.0798,0.0263,0.0571
q34,15,21,0,0,0.0,0,0.0234,0.0,0.002,0.0118
q34,15,22,0,0,0.0,0,0.0372,0.0,0.0029,0.0176
q34,15,23,0,0,0.0,0,0.0326,0.0,0.0081,0.0246
q34,16,17,1,1,0.1,1,0.0542,0.0198,0.0257,0.0741
q34,16,18,0,0,0.0,0,0.0531,0.0252,0.009,0.0232
q34,16,19,0,0,0.1,1,0.067,0.0672,0.0298,0.0681
q34,16,20,0,0,0.0,0,0.0507,0.0614,0.0235,0.0591
q34,16,21,0,0,0.0,0,0.0663,0.0,0.0053,0.0166
q34,16,22,0,0,0.0,0,0.1077,0.0614,0.0166,0.0322
q34,16,23,0,0,0.0,0,0.0979,0.0614,0.0181,0.0407
q34,17,18,0,0,0.0,0,0.0112,0.0,0.0,0.011
q34,17,19,0,0,0.0,0,0.0583,0.0,0.0119,0.0349
q34,17,20,0,0,0.0,0,0.0486,0.0,0.0098,0.0272
q34,17,21,0,0,0.0,0,0.033,0.0,0.0,0.0117
q34,17,22,0,0,0.0,0,0.0426,0.0,0.0079,0.022
q34,17,23,0,0,0.0,0,0.038,0.0,0.0066,0.0234
q34,18,19,1,1,0.1,1,0.0756,0.0913,0.0402,0.0677
q34,18,20,1,1,0.0,0,0.0613,0.0893,0.0398,0.0661
q34,18,21,0,1,0.0,0,0.0559,0.0,0.0009,0.0067
q34,18,22,0,1,0.0,0,0.0396,0.0,0.0009,0.0128
q34,18,23,0,1,0.0,0,0.0457,0.0,0.0065,0.0222
q34,19,20,1,1,0.1,1,0.4219,0.3827,0.1659,0.2253
q34,19,21,0,1,0.0,0,0.0416,0.0,0.0035,0.0126
q34,19,22,0,1,0.0,0,0.0369,0.102,0.0197,0.0351
q34,19,23,0,1,0.0,0,0.0461,0.102,0.0177,0.0366
q34,20,21,0,1,0.0,0,0.0284,0.0,0.0052,0.0227
q34,20,22,0,1,0.0,0,0.0444,0.1755,0.0362,0.0624
q34,20,23,0,1,0.0,0,0.0351,0.153,0.0241,0.0479
q34,21,22,1,1,0.0909,1,0.18,0.0,0.0166,0.0532
q34,21,23,1,1,0.2222,2,0.7215,0.2795,0.1078,0.1822
q34,22,23,1,1,0.0,0,0.076,0.1803,0.053,0.0865
q35,0,1,0,1,0.0,0,0.0124,0.0986,0.0252,0.0397
q35,0,2,1,1,0.0,0,0.0029,0.132,0.0346,0.059
q35,0,3,0,1,0.0,0,0.007,0.0704,0.0169,0.0308
q35,0,4,0,1,0.0,0,0.001,0.1338,0.0302,0.0434
q35,0,5,0,1,0.0,0,0.0056,0.0845,0.0237,0.0387
q35,0,6,1,1,0.0,0,0.0393,0.132,0.0334,0.058
q35,0,7,0,1,0.0,0,0.032,0.0704,0.0147,0.0356
q35,0,8,0,1,0.0,0,0.0051,0.0845,0.0182,0.0335
q35,0,9,0,0,0.0,0,0.0,0.0,0.001,0.0151
q35,0,10,0,0,0.0,0,0.0015,0.0882,0.0269,0.0425
q35,0,11,0,0,0.0,0,0.0201,0.0,0.0084,0.0294
q35,0,12,0,0,0.0,0,0.0158,0.0863,0.0203,0.0278
q35,0,13,0,0,0.0,0,0.0,0.0986,0.0212,0.027
q35,0,14,0,0,0.0,0,0.0099,0.0863,0.0214,0.0355
q35,0,15,0,0,0.0,0,0.0,0.0986,0.0175,0.0237
q35,0,16,0,0,0.0,0,0.0074,0.1285,0.0258,0.0379
q35,0,17,0,0,0.0,0,0.0344,0.0915,0.0225,0.0374
q35,0,18,0,0,0.0,0,0.0074,0.1285,0.029,0.049
q35,0,19,0,0,0.0,0,0.0,0.1144,0.0231,0.0296
q35,0,20,0,0,0.0,0,0.0098,0.0845,0.0181,0.0291
q35,0,21,0,0,0.0,0,0.0,0.0986,0.0215,0.0315
q35,0,22,0,0,0.0,0,0.0099,0.1285,0.0258,0.0374
q35,0,23,0,0,0.0,0,0.0,0.0986,0.0197,0.0303
q35,1,2,0,1,0.0,0,0.0027,0.0685,0.0177,0.0418
q35,1,3,0,1,0.0,0,0.0127,0.1618,0.0294,0.0591
q35,1,4,1,1,0.2857,2,0.5201,0.4091,0.1444,0.2091
q35,1,5,0,1,0.0,0,0.0014,0.1836,0.0349,0.0563
q35,1,6,0,1,0.0,0,0.0015,0.1757,0.0364,0.0627
q35,1,7,1,1,0.0,0,0.0133,0.2207,0.0599,0.0909
q35,1,8,0,1,0.0,0,0.0014,0.1532,0.0258,0.0392
q35,1,9,0,0,0.0,0,0.0,0.0,0.0,0.0123
q35,1,10,0,0,0.0,0,0.0027,0.0847,0.017,0.0326
q35,1,11,0,0,0.0,0,0.0173,0.0,0.0055,0.0223
q35,1,12,0,0,0.0,0,0.0016,0.0863,0.0257,0.0406
q35,1,13,0,0,0.0,0,0.0182,0.1871,0.0479,0.0886
q35,1,14,0,0,0.0,0,0.0244,0.1976,0.0397,0.0669
q35,1,15,0,0,0.0,0,0.0,0.0649,0.0187,0.0336
q35,1,16,0,0,0.0,0,0.0318,0.0739,0.0333,0.0727
q35,1,17,0,0,0.0,0,0.022,0.1261,0.0212,0.0353
q35,1,18,0,0,0.0,0,0.0318,0.1347,0.0393,0.0788
q35,1,19,0,0,0.0,0,0.0,0.1665,0.0258,0.0449
q35,1,20,0,0,0.0,0,0.0238,0.0936,0.0229,0.0488
q35,1,21,0,0,0.0,0,0.0182,0.2025,0.0536,0.0943
q35,1,22,0,0,0.0,0,0.0244,0.1829,0.0388,0.0566
q35,1,23,0,0,0.0,0,0.0084,0.1578,0.0308,0.0483
q35,2,3,0,1,0.0,0,0.0021,0.0489,0.0156,0.0394
q35,2,4,0,1,0.0,0,0.0011,0.0892,0.0253,0.045
q35,2,5,0,1,0.0,0,0.0012,0.0587,0.0189,0.0366
q35,2,6,1,1,0.0,0,0.0098,0.0892,0.0323,0.0535
q35,2,7,0,1,0.0,0,0.0016,0.0489,0.0132,0.0354
q35,2,8,0,1,0.0,0,0.0012,0.0587,0.0163,0.0362
q35,2,9,0,0,0.0,0,0.0,0.0,0.0023,0.0232
q35,2,10,0,0,0.0,0,0.0011,0.0847,0.0211,0.0411
q35,2,11,0,0,0.0,0,0.0028,0.0,0.0069,0.0302
q35,2,12,0,0,0.0,0,0.0,0.0587,0.0159,0.0265
q35,2,13,0,0,0.0,0,0.0,0.0685,0.018,0.0296
q35,2,14,0,0,0.0,0,0.0016,0.0587,0.0174,0.0353
q35,2,15,0,0,0.0,0,0.0,0.0697,0.0169,0.0232
q35,2,16,0,0,0.0,0,0.0011,0.0892,0.0224,0.0388
q35,2,17,0,0,0.0,0,0.0027,0.0636,0.018,0.0338
q35,2,18,0,0,0.0,0,0.0011,0.0917,0.0267,0.0478
q35,2,19,0,0,0.0,0,0.0,0.0782,0.0192,0.0241
q35,2,20,0,0,0.0,0,0.0016,0.0587,0.0144,0.0278
q35,2,21,0,0,0.0,0,0.0,0.0685,0.0195,0.0378
q35,2,22,0,0,0.0,0,0.0016,0.0892,0.0211,0.037
q35,2,23,0,0,0.0,0,0.0,0.0685,0.0175,0.0274
q35,3,4,0,1,0.0,0,0.0091,0.1568,0.029,0.0585
q35,3,5,1,1,0.0,0,0.0173,0.1809,0.0504,0.0735
q35,3,6,0,1,0.0,0,0.0032,0.199,0.0306,0.0533
q35,3,7,0,1,0.0,0,0.0236,0.1477,0.0276,0.0588
q35,3,8,1,1,0.0,0,0.0062,0.2131,0.0495,0.0704
q35,3,9,0,0,0.0,0,0.0,0.021,0.0072,0.0271
q35,3,10,0,0,0.0,0,0.0049,0.0794,0.0218,0.0427
q35,3,11,0,0,0.0,0,0.0157,0.0158,0.0144,0.0433
q35,3,12,0,0,0.0,0,0.006,0.0724,0.0241,0.0396
q35,3,13,0,0,0.0,0,0.0011,0.1052,0.0266,0.0595
q35,3,14,0,0,0.0,0,0.0307,0.1183,0.0244,0.0526
q35,3,15,0,0,0.0,0,0.001,0.0804,0.0171,0.0385
q35,3,16,0,0,0.0,0,0.0373,0.0804,0.0312,0.0659
q35,3,17,0,0,0.0,0,0.031,0.1698,0.0269,0.0531
q35,3,18,0,0,0.0,0,0.0373,0.0482,0.0189,0.05
q35,3,19,0,0,0.0,0,0.0117,0.1889,0.0289,0.0448
q35,3,20,0,0,0.0,0,0.0241,0.1377,0.0236,0.0461
q35,3,21,0,0,0.0,0,0.0011,0.1045,0.0303,0.0686
q35,3,22,0,0,0.0,0,0.0307,0.1548,0.0249,0.0536
q35,3,23,0,0,0.0,0,0.0,0.1739,0.0279,0.0436
q35,4,5,0,1,0.0,0,0.004,0.1575,0.0287,0.0527
q35,4,6,0,1,0.0,0,0.0009,0.2069,0.0422,0.0668
q35,4,7,1,1,0.0,0,0.0314,0.2356,0.0579,0.0876
q35,4,8,0,1,0.0,0,0.0165,0.1549,0.0238,0.0407
q35,4,9,0,0,0.0,0,0.0,0.0,0.0,0.0159
q35,4,10,0,0,0.0,0,0.0241,0.0847,0.0196,0.0328
q35,4,11,0,0,0.0,0,0.0166,0.023,0.0075,0.0251
q35,4,12,0,0,0.0,0,0.0232,0.0682,0.0198,0.0346
q35,4,13,0,0,0.0,0,0.0196,0.2133,0.0479,0.0856
q35,4,14,0,0,0.0,0,0.0236,0.1911,0.0446,0.074
q35,4,15,0,0,0.0,0,0.0032,0.0686,0.0236,0.0415
q35,4,16,0,0,0.0,0,0.0257,0.1039,0.0418,0.0827
q35,4,17,0,0,0.0,0,0.0337,0.1382,0.0231,0.042
q35,4,18,0,0,0.0,0,0.0257,0.1603,0.0524,0.0893
q35,4,19,0,0,0.0,0,0.0032,0.176,0.0353,0.0486
q35,4,20,0,0,0.0,0,0.0221,0.0761,0.0213,0.0447
q35,4,21,0,0,0.0,0,0.0196,0.1861,0.0458,0.0855
q35,4,22,0,0,0.0,0,0.0236,0.1967,0.0501,0.0753
q35,4,23,0,0,0.0,0,0.0032,0.1386,0.0243,0.0408
q35,5,6,0,1,0.0,0,0.0011,0.1344,0.0242,0.0438
q35,5,7,0,1,0.0,0,0.0033,0.1505,0.0284,0.0488
q35,5,8,1,1,0.0,0,0.0,0.2106,0.0472,0.0786
q35,5,9,0,0,0.0,0,0.0013,0.021,0.0051,0.0218
q35,5,10,0,0,0.0,0,0.0029,0.0847,0.0199,0.0353
q35,5,11,0,0,0.0,0,0.0168,0.0158,0.0112,0.0372
q35,5,12,0,0,0.0,0,0.0036,0.0905,0.03,0.0435
q35,5,13,0,0,0.0,0,0.005,0.1163,0.025,0.0454
q35,5,14,0,0,0.0,0,0.0018,0.1205,0.0265,0.0478
q35,5,15,0,0,0.0,0,0.0033,0.0562,0.0167,0.0247
q35,5,16,0,0,0.0,0,0.0039,0.0772,0.022,0.0415
q35,5,17,0,0,0.0,0,0.2531,0.1525,0.025,0.0448
q35,5,18,0,0,0.0,0,0.0039,0.0562,0.0185,0.047
q35,5,19,0,0,0.0,0,0.0033,0.1434,0.0274,0.0377
q35,5,20,0,0,0.0,0,0.0036,0.1003,0.025,0.0391
q35,5,21,0,0,0.0,0,0.005,0.0832,0.0251,0.0424
q35,5,22,0,0,0.0,0,0.0018,0.1334,0.0235,0.0453
q35,5,23,0,0,0.0,0,0.0023,0.1304,0.0276,0.0376
q35,6,7,0,1,0.0,0,0.007,0.159,0.0243,0.0506
q35,6,8,0,1,0.0,0,0.0053,0.1411,0.0244,0.0397
q35,6,9,0,0,0.0,0,0.0,0.0,0.002,0.0181
q35,6,10,0,0,0.0,0,0.0,0.0847,0.016,0.0311
q35,6,11,0,0,0.0,0,0.0082,0.0373,0.0127,0.0353
q35,6,12,0,0,0.0,0,0.0092,0.0767,0.0189,0.0304
q35,6,13,0,0,0.0,0,0.0011,0.1547,0.0292,0.0463
q35,6,14,0,0,0.0,0,0.0009,0.1379,0.0284,0.0499
q35,6,15,0,0,0.0,0,0.001,0.0807,0.0194,0.0347
q35,6,16,0,0,0.0,0,0.0,0.0681,0.0229,0.0426
q35,6,17,0,0,0.125,1,0.1233,0.1707,0.0335,0.0532
q35,6,18,0,0,0.0,0,0.0,0.0875,0.0288,0.0522
q35,6,19,0,0,0.0,0,0.0019,0.1968,0.0339,0.0479
q35,6,20,0,0,0.0,0,0.0009,0.1242,0.0236,0.0466
q35,6,21,0,0,0.0,0,0.0011,0.1408,0.0298,0.0521
q35,6,22,0,0,0.0,0,0.0009,0.1775,0.033,0.053
q35,6,23,0,0,0.0,0,0.0,0.1482,0.0254,0.0365
q35,7,8,0,1,0.0,0,0.003,0.1315,0.0202,0.0384
q35,7,9,0,0,0.0,0,0.0013,0.0,0.0013,0.0185
q35,7,10,0,0,0.0,0,0.0201,0.0705,0.0146,0.0312
q35,7,11,0,0,0.2,1,0.2252,0.056,0.0204,0.0575
q35,7,12,0,0,0.0,0,0.0048,0.1044,0.0278,0.0491
q35,7,13,0,0,0.0,0,0.0,0.1112,0.0244,0.0553
q35,7,14,0,0,0.2,1,0.2633,0.164,0.044,0.0806
q35,7,15,0,0,0.0,0,0.0,0.0475,0.0173,0.0359
q35,7,16,0,0,0.0,0,0.0158,0.0559,0.0222,0.0505
q35,7,17,0,0,0.0,0,0.0092,0.1601,0.0197,0.0448
q35,7,18,0,0,0.0,0,0.0158,0.058,0.0227,0.0569
q35,7,19,0,0,0.0,0,0.0,0.1816,0.0309,0.0476
q35,7,20,0,0,0.0,0,0.0112,0.1233,0.0307,0.0575
q35,7,21,0,0,0.0,0,0.0,0.0974,0.0235,0.0485
q35,7,22,0,0,0.2,1,0.2633,0.1693,0.0368,0.0689
q35,7,23,0,0,0.0,0,0.0,0.154,0.0284,0.0471
q35,8,9,0,0,0.0,0,0.0012,0.0171,0.0032,0.0243
q35,8,10,0,0,0.0,0,0.0151,0.0988,0.0187,0.0264
q35,8,11,0,0,0.0,0,0.0031,0.0129,0.0105,0.0388
q35,8,12,0,0,0.0,0,0.0055,0.0788,0.0212,0.0345
q35,8,13,0,0,0.0,0,0.0,0.1213,0.0207,0.0369
q35,8,14,0,0,0.0,0,0.0012,0.1357,0.0242,0.0447
q35,8,15,0,0,0.0,0,0.0,0.0488,0.0152,0.0251
q35,8,16,0,0,0.0,0,0.0039,0.0592,0.0167,0.0368
q35,8,17,0,0,0.0,0,0.0119,0.1446,0.0218,0.043
q35,8,18,0,0,0.0,0,0.0039,0.0551,0.0146,0.0357
q35,8,19,0,0,0.0,0,0.0,0.1542,0.0216,0.0313
q35,8,20,0,0,0.0,0,0.0,0.0677,0.0184,0.0355
q35,8,21,0,0,0.0,0,0.0,0.108,0.0209,0.0395
q35,8,22,0,0,0.0,0,0.0012,0.1394,0.0232,0.0399
q35,8,23,0,0,0.0,0,0.0,0.1511,0.0238,0.0348
q35,9,10,0,1,0.0,0,0.0,0.0,0.0,0.0116
q35,9,11,1,1,0.0,0,0.0012,0.0648,0.0167,0.0409
q35,9,12,0,1,0.0,0,0.0,0.0,0.0023,0.0157
q35,9,13,0,1,0.0,0,0.0,0.0,0.0007,0.0169
q35,9,14,0,1,0.0,0,0.0,0.0,0.0016,0.0232
q35,9,15,0,1,0.0,0,0.0,0.0,0.0012,0.0105
q35,9,16,0,1,0.0,0,0.0,0.0,0.0006,0.0142
q35,9,17,1,1,0.0,0,0.0,0.0533,0.0124,0.0379
q35,9,18,0,0,0.0,0,0.0,0.0,0.0014,0.0198
q35,9,19,0,0,0.0,0,0.0,0.0,0.0,0.0109
q35,9,20,0,0,0.0,0,0.0,0.0,0.0014,0.0192
q35,9,21,0,0,0.0,0,0.0,0.0,0.0022,0.02
q35,9,22,0,0,0.0,0,0.0,0.0,0.0013,0.0221
q35,9,23,0,0,0.0,0,0.0,0.0,0.0007,0.0127
q35,10,11,0,1,0.0,0,0.0032,0.0,0.0066,0.0165
q35,10,12,1,1,0.0,0,0.0561,0.0882,0.0263,0.0405
q35,10,13,0,1,0.0,0,0.002,0.0847,0.0204,0.0341
q35,10,14,0,1,0.0,0,0.031,0.0864,0.0205,0.0338
q35,10,15,1,1,0.0,0,0.0044,0.0847,0.0187,0.0354
q35,10,16,0,1,0.0,0,0.0221,0.0847,0.0182,0.038
q35,10,17,0,1,0.0,0,0.0228,0.0847,0.0156,0.0268
q35,10,18,0,0,0.0,0,0.0221,0.0847,0.019,0.0367
q35,10,19,0,0,0.0,0,0.0044,0.1023,0.0257,0.0419
q35,10,20,0,0,0.0,0,0.0298,0.0847,0.0186,0.0395
q35,10,21,0,0,0.0,0,0.002,0.0847,0.0192,0.03
q35,10,22,0,0,0.0,0,0.031,0.0864,0.0191,0.0321
q35,10,23,0,0,0.0,0,0.0044,0.0864,0.0217,0.0419
q35,11,12,0,1,0.0,0,0.0208,0.0,0.0055,0.017
q35,11,13,0,1,0.0,0,0.0,0.0,0.0067,0.029
q35,11,14,0,1,0.1429,1,0.1579,0.0287,0.0155,0.0426
q35,11,15,0,1,0.0,0,0.0051,0.0,0.0045,0.014
q35,11,16,0,1,0.0,0,0.0062,0.0,0.0045,0.018
q35,11,17,1,1,0.0,0,0.0444,0.0732,0.0282,0.0645
q35,11,18,0,0,0.0,0,0.0062,0.0,0.0063,0.0236
q35,11,19,0,0,0.0,0,0.0052,0.0,0.005,0.0204
q35,11,20,0,0,0.0,0,0.0385,0.0,0.0062,0.0272
q35,11,21,0,0,0.0,0,0.0,0.0,0.0066,0.0269
q35,11,22,0,0,0.1429,1,0.1579,0.0287,0.0125,0.0341
q35,11,23,0,0,0.0,0,0.0208,0.0,0.005,0.0164
q35,12,13,0,1,0.0,0,0.0,0.2034,0.028,0.0411
q35,12,14,0,1,0.0,0,0.0014,0.152,0.0291,0.0419
q35,12,15,1,1,0.1667,1,0.6162,0.5229,0.1667,0.234
q35,12,16,0,1,0.0,0,0.0046,0.0724,0.0196,0.0326
q35,12,17,0,1,0.0,0,0.0115,0.0596,0.0168,0.0247
q35,12,18,0,0,0.0,0,0.0046,0.0596,0.0175,0.0303
q35,12,19,0,0,0.1429,1,0.5206,0.3376,0.1108,0.1784
q35,12,20,0,0,0.1429,1,0.2068,0.2535,0.041,0.0926
q35,12,21,0,0,0.0,0,0.0,0.2034,0.0275,0.0403
q35,12,22,0,0,0.0,0,0.0014,0.0682,0.0193,0.0326
q35,12,23,0,0,0.1429,1,0.5715,0.459,0.2119,0.2862
q35,13,14,1,1,0.0,0,0.003,0.3225,0.0881,0.1279
q35,13,15,0,1,0.0,0,0.0,0.2154,0.0217,0.0378
q35,13,16,1,1,0.1111,1,0.121,0.2275,0.0845,0.1382
q35,13,17,0,1,0.0,0,0.001,0.0647,0.0196,0.039
q35,13,18,0,0,0.1111,1,0.121,0.1891,0.0879,0.134
q35,13,19,0,0,0.0,0,0.0,0.1405,0.0291,0.0498
q35,13,20,0,0,0.0,0,0.001,0.2326,0.0377,0.0567
q35,13,21,0,0,1.0,4,1.0,0.5966,0.2601,0.3601
q35,13,22,0,0,0.0,0,0.003,0.1689,0.0578,0.0909
q35,13,23,0,0,0.0,0,0.0,0.1132,0.0251,0.0395
q35,14,15,0,1,0.0,0,0.0,0.1488,0.0251,0.0365
q35,14,16,1,1,0.1111,1,0.1541,0.2432,0.0726,0.1132
q35,14,17,0,1,0.0,0,0.0259,0.1097,0.0224,0.0447
q35,14,18,0,0,0.1111,1,0.1541,0.1976,0.0694,0.1264
q35,14,19,0,0,0.0,0,0.0,0.1444,0.035,0.053
q35,14,20,0,0,0.0,0,0.0383,0.203,0.0354,0.0543
q35,14,21,0,0,0.0,0,0.003,0.3008,0.0792,0.1226
q35,14,22,0,0,1.0,4,1.0,0.6493,0.3039,0.3922
q35,14,23,0,0,0.0,0,0.0,0.0793,0.023,0.038
q35,15,16,0,1,0.0,0,0.0,0.052,0.0162,0.0337
q35,15,17,0,1,0.0,0,0.0024,0.0444,0.0143,0.0259
q35,15,18,0,0,0.0,0,0.0,0.0629,0.0182,0.0313
q35,15,19,0,0,0.4,2,0.7177,0.3349,0.1339,0.2081
q35,15,20,0,0,0.1667,1,0.3337,0.1974,0.0525,0.0959
q35,15,21,0,0,0.0,0,0.0,0.1967,0.0224,0.0391
q35,15,22,0,0,0.0,0,0.0,0.0626,0.0235,0.0378
q35,15,23,0,0,0.1667,1,0.6092,0.3609,0.1604,0.2376
q35,16,17,0,1,0.0,0,0.0088,0.0472,0.0153,0.0353
q35,16,18,0,0,1.0,6,1.0,0.4916,0.2214,0.3103
q35,16,19,0,0,0.0,0,0.0,0.087,0.0247,0.0419
q35,16,20,0,0,0.0,0,0.0063,0.076,0.0275,0.0455
q35,16,21,0,0,0.1111,1,0.121,0.2006,0.0872,0.1455
q35,16,22,0,0,0.1111,1,0.1541,0.1735,0.0645,0.101
q35,16,23,0,0,0.0,0,0.0,0.0703,0.0207,0.0371
q35,17,18,0,0,0.0,0,0.0088,0.0551,0.0172,0.0406
q35,17,19,0,0,0.0,0,0.0047,0.1589,0.0225,0.0332
q35,17,20,0,0,0.0,0,0.0249,0.0945,0.0209,0.0351
q35,17,21,0,0,0.0,0,0.001,0.0617,0.0183,0.0365
q35,17,22,0,0,0.0,0,0.0259,0.1635,0.0221,0.0452
q35,17,23,0,0,0.0,0,0.0023,0.1309,0.0191,0.0296
q35,18,19,0,1,0.0,0,0.0,0.0787,0.0232,0.0399
q35,18,20,0,1,0.0,0,0.0063,0.0757,0.028,0.0464
q35,18,21,1,1,0.1111,1,0.121,0.2163,0.0947,0.1602
q35,18,22,1,1,0.1111,1,0.1541,0.1868,0.0594,0.1035
q35,18,23,0,1,0.0,0,0.0,0.0708,0.0211,0.036
q35,19,20,1,1,0.1429,1,0.5069,0.2904,0.1004,0.1599
q35,19,21,0,1,0.0,0,0.0,0.1186,0.028,0.0462
q35,19,22,0,1,0.0,0,0.0,0.1693,0.0341,0.0526
q35,19,23,1,1,0.1429,1,0.5207,0.436,0.1792,0.2416
q35,20,21,0,1,0.0,0,0.001,0.2112,0.0365,0.057
q35,20,22,0,1,0.0,0,0.0383,0.0862,0.0234,0.0393
q35,20,23,1,1,0.1429,1,0.2182,0.1453,0.0526,0.1047
q35,21,22,1,1,0.0,0,0.003,0.161,0.055,0.0893
q35,21,23,0,1,0.0,0,0.0,0.1003,0.0241,0.0401
q35,22,23,0,1,0.0,0,0.0,0.1434,0.0252,0.0386
q36,0,1,1,1,0.0,0,0.0203,0.1636,0.069,0.1033
q36,0,2,1,1,0.25,1,0.6092,0.5316,0.3003,0.3764
q36,0,3,0,1,0.0,0,0.0124,0.1037,0.0374,0.0603
q36,0,4,0,1,0.0,0,0.0067,0.1348,0.0427,0.0598
q36,0,5,0,1,0.0,0,0.0097,0.1313,0.0392,0.07
q36,0,6,0,1,0.3333,2,0.4447,0.0,0.0153,0.0453
q36,0,7,0,1,0.0,0,0.0214,0.0421,0.0128,0.0319
q36,0,8,0,1,0.0,0,0.0534,0.0648,0.0182,0.0371
q36,0,9,0,0,0.0,0,0.0061,0.0,0.0,0.0204
q36,0,10,0,0,0.0,0,0.0175,0.0,0.0033,0.0251
q36,0,11,0,0,0.0,0,0.0063,0.0897,0.0197,0.03
q36,0,12,0,0,0.0,0,0.008,0.0,0.0019,0.0112
q36,0,13,0,0,0.0,0,0.0131,0.0259,0.0081,0.0207
q36,0,14,0,0,0.0,0,0.0048,0.0519,0.016,0.0349
q36,0,15,0,0,0.0,0,0.0106,0.0778,0.024,0.0387
q36,0,16,0,0,0.0,0,0.0065,0.0908,0.0197,0.0312
q36,0,17,0,0,0.0,0,0.0076,0.0,0.0054,0.0275
q36,1,2,1,1,0.0,0,0.0203,0.2445,0.0808,0.1197
q36,1,3,0,1,0.0,0,0.1013,0.1298,0.0516,0.082
q36,1,4,0,1,0.0,0,0.0404,0.1366,0.0484,0.0796
q36,1,5,0,1,0.1,1,0.5431,0.1838,0.0716,0.1263
q36,1,6,0,1,0.0,0,0.0034,0.0,0.0113,0.0269
q36,1,7,0,1,0.1,1,0.5419,0.1265,0.0356,0.0691
q36,1,8,0,1,0.0909,1,0.5414,0.1535,0.0404,0.0781
q36,1,9,0,0,0.1111,1,0.3433,0.125,0.0252,0.0593
q36,1,10,0,0,0.0,0,0.0596,0.0762,0.0288,0.057
q36,1,11,0,0,0.0,0,0.046,0.1076,0.0248,0.0382
q36,1,12,0,0,0.0,0,0.0419,0.0146,0.0102,0.0304
q36,1,13,0,0,0.0,0,0.0057,0.027,0.0099,0.0302
q36,1,14,0,0,0.0,0,0.0312,0.1046,0.0287,0.0605
q36,1,15,0,0,0.125,1,0.5425,0.1703,0.0392,0.0818
q36,1,16,0,0,0.0,0,0.0332,0.0944,0.0224,0.039
q36,1,17,0,0,0.0,0,0.0293,0.0438,0.0136,0.0373
q36,2,3,0,1,0.0,0,0.0236,0.1167,0.0437,0.0704
q36,2,4,0,1,0.0,0,0.0258,0.1381,0.0472,0.0747
q36,2,5,0,1,0.0,0,0.019,0.1677,0.0604,0.0986
q36,2,6,0,1,0.4,2,0.4019,0.0,0.0143,0.0447
q36,2,7,0,1,0.0,0,0.0287,0.0554,0.017,0.0324
q36,2,8,0,1,0.0,0,0.059,0.08,0.0199,0.04
q36,2,9,0,0,0.0,0,0.0304,0.0,0.0,0.0113
q36,2,10,0,0,0.0,0,0.0433,0.0,0.0032,0.0171
q36,2,11,0,0,0.0,0,0.0209,0.1076,0.025,0.0398
q36,2,12,0,0,0.0,0,0.0181,0.0,0.0038,0.0155
q36,2,13,0,0,0.0,0,0.0,0.0246,0.0072,0.0205
q36,2,14,0,0,0.0,0,0.0202,0.0492,0.0157,0.043
q36,2,15,0,0,0.0,0,0.0202,0.1031,0.03,0.0549
q36,2,16,0,0,0.0,0,0.0219,0.0862,0.0207,0.0362
q36,2,17,0,0,0.0,0,0.0394,0.0123,0.0059,0.0236
q36,3,4,1,1,0.1429,1,0.476,0.2962,0.1204,0.1762
q36,3,5,1,1,0.125,1,0.3741,0.2318,0.0914,0.1479
q36,3,6,0,1,0.0,0,0.0216,0.0,0.0112,0.0286
q36,3,7,0,1,0.0,0,0.1399,0.0535,0.0171,0.0382
q36,3,8,0,1,0.0,0,0.248,0.1459,0.0249,0.0465
q36,3,9,0,0,0.0,0,0.0196,0.0,0.0055,0.0141
q36,3,10,0,0,0.0,0,0.0468,0.0,0.007,0.0268
q36,3,11,0,0,0.0,0,0.0444,0.0919,0.0226,0.038
q36,3,12,0,0,0.1429,1,0.1622,0.0146,0.0051,0.0216
q36,3,13,0,0,0.0,0,0.0065,0.0259,0.0107,0.0329
q36,3,14,0,0,0.0,0,0.0351,0.0665,0.0189,0.0539
q36,3,15,0,0,0.0,0,0.0996,0.1021,0.03,0.0601
q36,3,16,0,0,0.0,0,0.0205,0.0908,0.0258,0.0461
q36,3,17,0,0,0.0,0,0.02,0.0,0.0049,0.027
q36,4,5,1,1,0.0,0,0.1388,0.2479,0.0967,0.1408
q36,4,6,0,1,0.0,0,0.021,0.0,0.0106,0.0209
q36,4,7,0,1,0.0,0,0.0671,0.0399,0.0166,0.0306
q36,4,8,0,1,0.1111,1,0.1486,0.1181,0.0301,0.0538
q36,4,9,0,0,0.0,0,0.0485,0.0,0.0014,0.0098
q36,4,10,0,0,0.0,0,0.0287,0.0,0.0012,0.011
q36,4,11,0,0,0.0,0,0.0654,0.0897,0.023,0.038
q36,4,12,0,0,0.0,0,0.1019,0.0,0.001,0.016
q36,4,13,0,0,0.0,0,0.0079,0.0266,0.0077,0.0242
q36,4,14,0,0,0.0,0,0.0454,0.0666,0.02,0.047
q36,4,15,0,0,0.0,0,0.0508,0.0799,0.022,0.0396
q36,4,16,0,0,0.0,0,0.0407,0.0932,0.0219,0.0372
q36,4,17,0,0,0.0,0,0.028,0.0,0.0043,0.0252
q36,5,6,0,1,0.0,0,0.0282,0.0112,0.0125,0.0276
q36,5,7,0,1,0.1111,1,0.4498,0.0461,0.016,0.0359
q36,5,8,0,1,0.1,1,0.6538,0.0684,0.0258,0.0493
q36,5,9,0,0,0.0,0,0.0626,0.0,0.0036,0.0168
q36,5,10,0,0,0.0,0,0.04,0.0298,0.0063,0.0242
q36,5,11,0,0,0.0,0,0.1113,0.1256,0.0242,0.0426
q36,5,12,0,0,0.125,1,0.4079,0.0146,0.0074,0.0253
q36,5,13,0,0,0.0,0,0.0075,0.0223,0.007,0.0228
q36,5,14,0,0,0.0,0,0.0703,0.0447,0.0175,0.0529
q36,5,15,0,0,0.1429,1,0.4309,0.0824,0.0264,0.065
q36,5,16,0,0,0.0,0,0.0203,0.0782,0.0196,0.0313
q36,5,17,0,0,0.0,0,0.0094,0.014,0.0104,0.0314
q36,6,7,1,1,0.0,0,0.0298,0.1412,0.0114,0.0262
q36,6,8,1,1,0.0,0,0.0013,0.1402,0.0151,0.0374
q36,6,9,0,0,0.0,0,0.0194,0.0,0.001,0.0085
q36,6,10,0,0,0.0,0,0.0082,0.0,0.0009,0.0085
q36,6,11,0,0,0.0,0,0.016,0.0,0.0124,0.0313
q36,6,12,0,0,0.0,0,0.0097,0.0,0.0016,0.0117
q36,6,13,0,0,0.0,0,0.0646,0.0,0.0065,0.0226
q36,6,14,0,0,0.0,0,0.0528,0.0,0.0093,0.022
q36,6,15,0,0,0.0,0,0.001,0.0,0.0118,0.0295
q36,6,16,0,0,0.0,0,0.0025,0.0,0.0105,0.0291
q36,6,17,0,0,0.0,0,0.0008,0.0,0.0038,0.0171
q36,7,8,1,1,0.1,1,0.6768,0.5403,0.1683,0.2217
q36,7,9,0,0,0.0,0,0.0766,0.0511,0.0079,0.0228
q36,7,10,0,0,0.0,0,0.0903,0.0563,0.0135,0.0386
q36,7,11,0,0,0.0,0,0.081,0.0538,0.0136,0.0324
q36,7,12,0,0,0.0,0,0.0731,0.0,0.0086,0.042
q36,7,13,0,0,0.0,0,0.0105,0.1577,0.0104,0.0339
q36,7,14,0,0,0.0,0,0.0625,0.2716,0.0276,0.0522
q36,7,15,0,0,0.1429,1,0.4232,0.1034,0.0439,0.0991
q36,7,16,0,0,0.0,0,0.0201,0.0232,0.0136,0.0384
q36,7,17,0,0,0.0,0,0.0504,0.0067,0.0108,0.0359
q36,8,9,0,0,0.0,0,0.087,0.0511,0.0053,0.0162
q36,8,10,0,0,0.0,0,0.1138,0.0298,0.008,0.0262
q36,8,11,0,0,0.0,0,0.1453,0.0717,0.0168,0.0448
q36,8,12,0,0,0.0,0,0.1387,0.0,0.0058,0.0362
q36,8,13,0,0,0.0,0,0.0127,0.1566,0.0111,0.0349
q36,8,14,0,0,0.0,0,0.0844,0.2553,0.0261,0.0507
q36,8,15,0,0,0.125,1,0.643,0.0907,0.0488,0.1124
q36,8,16,0,0,0.0,0,0.0867,0.0386,0.023,0.0482
q36,8,17,0,0,0.0,0,0.1033,0.0,0.0069,0.0317
q36,9,10,1,1,0.125,1,0.3947,0.25,0.0932,0.1528
q36,9,11,0,1,0.0,0,0.0153,0.0,0.0,0.0073
q36,9,12,0,1,0.0,0,0.016,0.0,0.0034,0.0095
q36,9,13,0,1,0.0,0,0.0042,0.0,0.0011,0.0138
q36,9,14,1,1,0.0,0,0.0208,0.2443,0.0332,0.0724
q36,9,15,0,1,0.0,0,0.0441,0.0,0.002,0.0141
q36,9,16,0,1,0.0,0,0.0309,0.0,0.0009,0.0099
q36,9,17,0,1,0.0,0,0.0277,0.0,0.0016,0.0136
q36,10,11,0,1,0.0,0,0.0373,0.0,0.0,0.0121
q36,10,12,0,1,0.0,0,0.0194,0.0,0.0028,0.0125
q36,10,13,0,1,0.0,0,0.0109,0.0,0.0,0.0165
q36,10,14,1,1,0.0,0,0.035,0.1391,0.026,0.0726
q36,10,15,0,1,0.0,0,0.036,0.0,0.0062,0.0327
q36,10,16,0,1,0.0,0,0.0168,0.0,0.0008,0.0125
q36,10,17,0,1,0.0,0,0.0443,0.0,0.0029,0.0166
q36,11,12,1,1,0.0,0,0.1294,0.0448,0.0214,0.0483
q36,11,13,0,1,0.0,0,0.0103,0.0359,0.0076,0.0207
q36,11,14,0,1,0.0,0,0.0596,0.0717,0.0148,0.0294
q36,11,15,0,1,0.0,0,0.0632,0.0717,0.0167,0.0352
q36,11,16,0,1,0.0,0,0.0187,0.0897,0.0147,0.0256
q36,11,17,1,1,0.0,0,0.0221,0.0448,0.0127,0.0324
q36,12,13,0,1,0.0,0,0.0147,0.0,0.0025,0.0171
q36,12,14,0,1,0.0,0,0.0531,0.0,0.0009,0.0224
q36,12,15,0,1,0.0,0,0.0586,0.0311,0.0135,0.0359
q36,12,16,0,1,0.0,0,0.0163,0.0,0.0015,0.0158
q36,12,17,1,1,0.0,0,0.0164,0.075,0.0162,0.039
q36,13,14,0,1,0.0,0,0.0404,0.1846,0.0156,0.0317
q36,13,15,1,1,0.0,0,0.0255,0.0738,0.0203,0.0492
q36,13,16,1,1,0.0,0,0.0216,0.0805,0.0221,0.0556
q36,13,17,0,1,0.0,0,0.0025,0.0089,0.0104,0.031
q36,14,15,0,1,0.0,0,0.0701,0.0814,0.0214,0.0505
q36,14,16,0,1,0.0,0,0.0405,0.0712,0.0201,0.0351
q36,14,17,0,1,0.0,0,0.0126,0.0,0.0072,0.025
q36,15,16,1,1,0.0,0,0.021,0.1639,0.0316,0.0579
q36,15,17,0,1,0.0,0,0.0107,0.0078,0.0131,0.0408
q36,16,17,0,1,0.0,0,0.006,0.0,0.0069,0.0272
q37,0,1,0,1,0.0,0,0.0303,0.0541,0.0229,0.0682
q37,0,2,0,1,0.1111,1,0.0238,0.0,0.0208,0.0725
q37,0,3,0,1,0.0,0,0.0117,0.0432,0.012,0.0541
q37,0,4,1,1,0.0,0,0.0194,0.1946,0.0333,0.0665
q37,0,5,0,1,0.0,0,0.0134,0.0,0.0012,0.011
q37,0,6,1,1,0.0,0,0.0213,0.2703,0.0405,0.0694
q37,0,7,0,1,0.1,1,0.173,0.0,0.0039,0.0153
q37,0,8,0,1,0.0,0,0.0096,0.0,0.0055,0.0296
q37,0,9,0,0,0.0,0,0.0579,0.0,0.0026,0.0164
q37,0,10,0,0,0.0,0,0.0182,0.0,0.0,0.018
q37,0,11,0,0,0.0,0,0.0207,0.0,0.0025,0.0151
q37,0,12,0,0,0.0,0,0.021,0.0432,0.0087,0.026
q37,0,13,0,0,0.0,0,0.0262,0.0,0.0011,0.0123
q37,0,14,0,0,0.0,0,0.0054,0.0,0.0011,0.0172
q37,0,15,0,0,0.0,0,0.012,0.0,0.0031,0.0148
q37,0,16,0,0,0.0,0,0.0108,0.0,0.0052,0.027
q37,0,17,0,0,0.1,1,0.0227,0.0,0.0026,0.0196
q37,0,18,0,0,0.0,0,0.0191,0.0,0.0,0.0042
q37,0,19,0,0,0.0909,1,0.029,0.0,0.0012,0.0163
q37,0,20,0,0,0.0,0,0.0112,0.0,0.0,0.0165
q37,0,21,0,0,0.0,0,0.0112,0.0,0.0011,0.0209
q37,0,22,0,0,0.0,0,0.0112,0.0,0.0023,0.0153
q37,0,23,0,0,0.0,0,0.0112,0.0,0.0045,0.0209
q37,0,24,0,0,0.0,0,0.0263,0.0,0.0016,0.0167
q37,0,25,0,0,0.0,0,0.0112,0.0,0.0009,0.0155
q37,0,26,0,0,0.0,0,0.0108,0.0,0.0051,0.0325
q37,1,2,1,1,0.0,0,0.0225,0.0,0.0074,0.0462
q37,1,3,1,1,0.0,0,0.0145,0.0675,0.0214,0.0575
q37,1,4,0,1,0.0,0,0.036,0.0,0.0045,0.0372
q37,1,5,0,1,0.0,0,0.0351,0.0,0.0011,0.0115
q37,1,6,0,1,0.1111,1,0.6724,0.2532,0.0385,0.0899
q37,1,7,0,1,0.0,0,0.039,0.0,0.0009,0.011
q37,1,8,0,1,0.0,0,0.0246,0.0,0.0017,0.0174
q37,1,9,0,0,0.0,0,0.0148,0.0,0.0,0.0082
q37,1,10,0,0,0.0,0,0.0236,0.0,0.0,0.0124
q37,1,11,0,0,0.0,0,0.0348,0.0,0.0,0.0226
q37,1,12,0,0,0.2,1,0.1625,0.0338,0.0082,0.0356
q37,1,13,0,0,0.0,0,0.0434,0.0,0.0031,0.0139
q37,1,14,0,0,0.0,0,0.0138,0.0,0.0,0.0086
q37,1,15,0,0,0.0,0,0.0579,0.0,0.0,0.0092
q37,1,16,0,0,0.0,0,0.0263,0.0,0.001,0.0167
q37,1,17,0,0,0.0,0,0.0151,0.0,0.0033,0.0244
q37,1,18,0,0,0.0,0,0.0101,0.0,0.0,0.0154
q37,1,19,0,0,0.0,0,0.0493,0.0,0.0,0.0152
q37,1,20,0,0,0.0,0,0.0119,0.0,0.0,0.0121
q37,1,21,0,0,0.0,0,0.0242,0.0,0.001,0.0138
q37,1,22,0,0,0.0,0,0.0397,0.0,0.0011,0.0083
q37,1,23,0,0,0.0,0,0.0138,0.0,0.0011,0.0181
q37,1,24,0,0,0.0,0,0.0401,0.0,0.0,0.0111
q37,1,25,0,0,0.0,0,0.048,0.0,0.0,0.0107
q37,1,26,0,0,0.0,0,0.0094,0.0,0.0024,0.0147
q37,2,3,1,1,0.0,0,0.009,0.0,0.0135,0.0666
q37,2,4,0,1,0.0,0,0.0223,0.0,0.0103,0.0644
q37,2,5,0,1,0.0,0,0.0137,0.0,0.001,0.0263
q37,2,6,0,1,0.0,0,0.0408,0.0,0.0083,0.0453
q37,2,7,0,1,0.125,1,0.1429,0.0,0.0017,0.0239
q37,2,8,0,1,0.0,0,0.0124,0.0,0.0032,0.0361
q37,2,9,0,0,0.0,0,0.0202,0.0,0.0022,0.0321
q37,2,10,0,0,0.0,0,0.1555,0.0,0.0066,0.0484
q37,2,11,0,0,0.0,0,0.0346,0.0302,0.0087,0.042
q37,2,12,0,0,0.0,0,0.0124,0.0483,0.0113,0.0435
q37,2,13,0,0,0.0,0,0.013,0.0,0.0009,0.0217
q37,2,14,0,0,0.0,0,0.0029,0.0,0.0019,0.0277
q37,2,15,0,0,0.0,0,0.0288,0.0272,0.0045,0.0294
q37,2,16,0,0,0.0,0,0.0823,0.0,0.0027,0.0418
q37,2,17,0,0,0.125,1,0.165,0.0302,0.0076,0.0394
q37,2,18,0,0,0.0,0,0.0036,0.0,0.0188,0.042
q37,2,19,0,0,0.1111,1,0.0479,0.0,0.0,0.0286
q37,2,20,0,0,0.0,0,0.0122,0.0,0.0,0.0264
q37,2,21,0,0,0.0,0,0.0134,0.0272,0.0065,0.0337
q37,2,22,0,0,0.0,0,0.0153,0.0,0.0,0.02
q37,2,23,0,0,0.0,0,0.0232,0.0302,0.0108,0.044
q37,2,24,0,0,0.0,0,0.0193,0.0,0.0,0.0167
q37,2,25,0,0,0.0,0,0.0304,0.0,0.0,0.0203
q37,2,26,0,0,0.0,0,0.1124,0.0,0.006,0.0444
q37,3,4,0,1,0.0,0,0.0112,0.0928,0.0392,0.0809
q37,3,5,0,1,0.0,0,0.0115,0.066,0.02,0.0396
q37,3,6,0,1,0.0,0,0.0152,0.1195,0.0406,0.0783
q37,3,7,0,1,0.0,0,0.0077,0.0377,0.0126,0.0282
q37,3,8,0,1,0.0,0,0.0117,0.0708,0.023,0.044
q37,3,9,0,0,0.1111,1,0.0267,0.0875,0.0397,0.0689
q37,3,10,0,0,0.0,0,0.0128,0.0755,0.0269,0.0591
q37,3,11,0,0,0.0,0,0.0156,0.0881,0.0355,0.0743
q37,3,12,0,0,0.0,0,0.0112,0.0912,0.0332,0.063
q37,3,13,0,0,0.0,0,0.0222,0.0912,0.0288,0.0525
q37,3,14,0,0,0.0,0,0.0055,0.0755,0.0253,0.0491
q37,3,15,0,0,0.125,1,0.2247,0.1148,0.0393,0.0787
q37,3,16,0,0,0.0,0,0.0229,0.0755,0.0247,0.0565
q37,3,17,0,0,0.0,0,0.012,0.0755,0.0226,0.0479
q37,3,18,0,0,0.0,0,0.0107,0.0235,0.0055,0.0463
q37,3,19,0,0,0.0,0,0.0336,0.0,0.0095,0.0481
q37,3,20,0,0,0.0,0,0.0131,0.075,0.0262,0.0493
q37,3,21,0,0,0.5,3,0.7016,0.1179,0.0433,0.0843
q37,3,22,0,0,0.0,0,0.0263,0.0928,0.0285,0.0518
q37,3,23,0,0,0.0,0,0.013,0.0645,0.0269,0.0582
q37,3,24,0,0,0.0,0,0.0319,0.0802,0.0239,0.0503
q37,3,25,0,0,0.0,0,0.0615,0.066,0.0183,0.0416
q37,3,26,0,0,0.0,0,0.0102,0.0629,0.0185,0.0474
q37,4,5,0,1,0.0,0,0.0276,0.054,0.0204,0.0447
q37,4,6,1,1,0.0,0,0.0314,0.1943,0.0688,0.1082
q37,4,7,0,1,0.0,0,0.0187,0.0715,0.0201,0.0427
q37,4,8,0,1,0.0,0,0.0262,0.0648,0.0238,0.0571
q37,4,9,0,0,0.0,0,0.0311,0.0908,0.0337,0.0499
q37,4,10,0,0,0.0,0,0.0254,0.0875,0.037,0.0703
q37,4,11,0,0,0.0,0,0.0292,0.0444,0.0225,0.0485
q37,4,12,0,0,0.0,0,0.0155,0.1457,0.0481,0.094
q37,4,13,0,0,0.0,0,0.0195,0.0756,0.0256,0.0512
q37,4,14,0,0,0.0,0,0.0,0.0756,0.0253,0.0453
q37,4,15,0,0,0.0,0,0.0027,0.0567,0.0225,0.0415
q37,4,16,0,0,0.0,0,0.0303,0.1053,0.0336,0.0741
q37,4,17,0,0,0.0,0,0.0245,0.0756,0.0233,0.0508
q37,4,18,0,0,0.0,0,0.0052,0.0,0.003,0.0343
q37,4,19,0,0,0.0,0,0.0366,0.0,0.012,0.041
q37,4,20,0,0,0.0,0,0.0094,0.0938,0.0235,0.049
q37,4,21,0,0,0.0,0,0.0169,0.0648,0.0244,0.0552
q37,4,22,0,0,0.0,0,0.0229,0.0769,0.0291,0.0504
q37,4,23,0,0,0.0,0,0.0156,0.081,0.0337,0.0728
q37,4,24,0,0,0.0,0,0.034,0.0783,0.0227,0.0426
q37,4,25,0,0,0.0,0,0.0311,0.054,0.0168,0.0434
q37,4,26,0,0,0.0,0,0.0337,0.0553,0.0213,0.0631
q37,5,6,0,1,0.0,0,0.0248,0.0522,0.0172,0.0431
q37,5,7,1,1,0.1111,1,0.2455,0.3987,0.1489,0.2222
q37,5,8,1,1,0.125,1,0.2179,0.1975,0.0644,0.1191
q37,5,9,0,0,0.0,0,0.0301,0.0729,0.0223,0.0388
q37,5,10,0,0,0.0,0,0.0261,0.0625,0.019,0.056
q37,5,11,0,0,0.0,0,0.1322,0.0958,0.0196,0.0413
q37,5,12,0,0,0.0,0,0.0157,0.0511,0.0169,0.0397
q37,5,13,0,0,0.0,0,0.017,0.0515,0.0164,0.0317
q37,5,14,0,0,0.0,0,0.0012,0.1223,0.0219,0.0314
q37,5,15,0,0,0.0,0,0.0059,0.1083,0.0193,0.0343
q37,5,16,0,0,0.1,1,0.271,0.1325,0.0344,0.0772
q37,5,17,0,0,0.0,0,0.0283,0.1248,0.0211,0.0469
q37,5,18,0,0,0.0,0,0.0044,0.0,0.0,0.0137
q37,5,19,0,0,0.0,0,0.0586,0.0,0.0059,0.0259
q37,5,20,0,0,0.0,0,0.0128,0.06,0.0143,0.0259
q37,5,21,0,0,0.0,0,0.0139,0.2076,0.0225,0.0393
q37,5,22,0,0,0.0,0,0.0115,0.0533,0.0145,0.0237
q37,5,23,0,0,0.0,0,0.0191,0.2089,0.0278,0.0621
q37,5,24,0,0,0.0,0,0.031,0.1197,0.0212,0.0416
q37,5,25,0,0,0.0,0,0.046,0.2102,0.0246,0.0535
q37,5,26,0,0,0.125,1,0.2207,0.2229,0.024,0.0551
q37,6,7,0,1,0.0,0,0.0224,0.039,0.0161,0.0437
q37,6,8,0,1,0.0,0,0.0177,0.0554,0.0246,0.0613
q37,6,9,0,0,0.0,0,0.0337,0.1102,0.0295,0.0534
q37,6,10,0,0,0.0,0,0.0508,0.075,0.0238,0.0579
q37,6,11,0,0,0.0,0,0.0258,0.0569,0.0229,0.0471
q37,6,12,0,0,0.1429,1,0.3613,0.1367,0.0513,0.0873
q37,6,13,0,0,0.0,0,0.0173,0.0824,0.0237,0.0443
q37,6,14,0,0,0.0,0,0.0,0.0697,0.0215,0.0366
q37,6,15,0,0,0.0,0,0.003,0.0427,0.0156,0.0374
q37,6,16,0,0,0.0,0,0.0327,0.0763,0.0362,0.0816
q37,6,17,0,0,0.0,0,0.0442,0.0656,0.0231,0.0474
q37,6,18,0,0,0.0,0,0.0198,0.0,0.0,0.0244
q37,6,19,0,0,0.0,0,0.0149,0.0,0.0076,0.0258
q37,6,20,0,0,0.0,0,0.0149,0.0901,0.0194,0.0378
q37,6,21,0,0,0.0,0,0.0149,0.0562,0.0245,0.0523
q37,6,22,0,0,0.0,0,0.0167,0.0786,0.0247,0.0481
q37,6,23,0,0,0.0,0,0.0201,0.0466,0.0221,0.0547
q37,6,24,0,0,0.0,0,0.0243,0.0687,0.0225,0.0441
q37,6,25,0,0,0.0,0,0.0303,0.041,0.0151,0.0402
q37,6,26,0,0,0.0,0,0.0457,0.0513,0.0202,0.0616
q37,7,8,1,1,0.0,0,0.0198,0.0957,0.0455,0.0988
q37,7,9,0,0,0.0,0,0.0062,0.0389,0.0125,0.0234
q37,7,10,0,0,0.0,0,0.0505,0.0375,0.0132,0.0454
q37,7,11,0,0,0.0,0,0.0286,0.0875,0.0173,0.044
q37,7,12,0,0,0.0,0,0.0117,0.0485,0.0157,0.0431
q37,7,13,0,0,0.0,0,0.0034,0.0309,0.0088,0.021
q37,7,14,0,0,0.0,0,0.0011,0.1198,0.0161,0.0259
q37,7,15,0,0,0.0,0,0.0044,0.0736,0.0129,0.0263
q37,7,16,0,0,0.0,0,0.0537,0.0988,0.0217,0.051
q37,7,17,0,0,0.0,0,0.0532,0.1408,0.0141,0.0499
q37,7,18,0,0,0.0,0,0.0036,0.0,0.0,0.012
q37,7,19,0,0,0.0,0,0.0381,0.0,0.0039,0.0242
q37,7,20,0,0,0.0,0,0.0084,0.045,0.0103,0.0185
q37,7,21,0,0,0.0,0,0.0102,0.1273,0.0181,0.0332
q37,7,22,0,0,0.0,0,0.0075,0.032,0.0096,0.0183
q37,7,23,0,0,0.0,0,0.0118,0.1013,0.0233,0.0574
q37,7,24,0,0,0.0,0,0.0086,0.2007,0.0133,0.032
q37,7,25,0,0,0.0,0,0.0312,0.1426,0.0194,0.0452
q37,7,26,0,0,0.0,0,0.048,0.1399,0.0207,0.0518
q37,8,9,0,0,0.0,0,0.0118,0.0908,0.0276,0.0459
q37,8,10,0,0,0.0,0,0.0212,0.0625,0.0234,0.0579
q37,8,11,0,0,0.0,0,0.0324,0.0778,0.0266,0.0531
q37,8,12,0,0,0.0,0,0.0127,0.0613,0.0212,0.0453
q37,8,13,0,0,0.0,0,0.0073,0.0644,0.0189,0.0338
q37,8,14,0,0,0.0,0,0.0021,0.0819,0.0237,0.0405
q37,8,15,0,0,0.0,0,0.0094,0.063,0.0195,0.0345
q37,8,16,0,0,0.1111,1,0.174,0.0816,0.0325,0.0743
q37,8,17,0,0,0.0,0,0.019,0.0994,0.0287,0.0609
q37,8,18,0,0,0.0,0,0.0035,0.0,0.0008,0.0283
q37,8,19,0,0,0.0,0,0.0433,0.0,0.0094,0.0347
q37,8,20,0,0,0.0,0,0.0121,0.075,0.0155,0.0275
q37,8,21,0,0,0.0,0,0.0172,0.0803,0.0248,0.0486
q37,8,22,0,0,0.0,0,0.016,0.0652,0.0179,0.0269
q37,8,23,0,0,0.0,0,0.0138,0.0524,0.0236,0.0523
q37,8,24,0,0,0.0,0,0.0233,0.0791,0.0228,0.0515
q37,8,25,0,0,0.0,0,0.0528,0.0552,0.0215,0.0539
q37,8,26,0,0,0.1429,1,0.1158,0.0607,0.0221,0.0526
q37,9,10,0,1,0.0,0,0.0676,0.0778,0.024,0.0441
q37,9,11,0,1,0.0,0,0.0783,0.0567,0.0298,0.0672
q37,9,12,0,1,0.0,0,0.0124,0.1037,0.0305,0.0464
q37,9,13,1,1,0.0,0,0.0736,0.1718,0.0757,0.1257
q37,9,14,1,1,0.0,0,0.0072,0.1491,0.0608,0.0971
q37,9,15,0,1,0.0,0,0.0136,0.0972,0.0251,0.0533
q37,9,16,0,1,0.0,0,0.0229,0.0843,0.0268,0.0535
q37,9,17,0,1,0.0,0,0.0852,0.1037,0.0237,0.0348
q37,9,18,0,0,0.0,0,0.0153,0.0,0.0054,0.0451
q37,9,19,0,0,0.0,0,0.039,0.0,0.0102,0.0408
q37,9,20,0,0,0.0,0,0.0118,0.0769,0.0202,0.0273
q37,9,21,0,0,0.0,0,0.0205,0.0827,0.0279,0.0615
q37,9,22,0,0,0.0,0,0.0262,0.1297,0.048,0.0843
q37,9,23,0,0,0.0,0,0.0122,0.0648,0.0258,0.052
q37,9,24,0,0,0.0,0,0.1,0.1556,0.0512,0.0947
q37,9,25,0,0,0.0,0,0.0651,0.1037,0.046,0.0916
q37,9,26,0,0,0.0,0,0.0356,0.0665,0.0177,0.0443
q37,10,11,0,1,0.0,0,0.0677,0.05,0.0168,0.0404
q37,10,12,1,1,0.0,0,0.0147,0.1922,0.0645,0.1167
q37,10,13,0,1,0.0,0,0.0283,0.075,0.0237,0.0461
q37,10,14,0,1,0.0,0,0.0054,0.075,0.0202,0.0339
q37,10,15,0,1,0.0,0,0.0396,0.0625,0.0146,0.0225
q37,10,16,1,1,0.0,0,0.1006,0.2313,0.0771,0.1309
q37,10,17,0,1,0.0,0,0.4718,0.075,0.0171,0.0379
q37,10,18,0,0,0.0,0,0.0067,0.0,0.0,0.0297
q37,10,19,0,0,0.0,0,0.0316,0.0,0.0102,0.0326
q37,10,20,0,0,0.0,0,0.0111,0.075,0.0239,0.0473
q37,10,21,0,0,0.0,0,0.0138,0.0781,0.0209,0.0412
q37,10,22,0,0,0.0,0,0.02,0.075,0.0218,0.0443
q37,10,23,0,0,0.0,0,0.0248,0.1437,0.0536,0.1191
q37,10,24,0,0,0.0,0,0.0562,0.0766,0.0192,0.0364
q37,10,25,0,0,0.0,0,0.0579,0.0625,0.0155,0.0331
q37,10,26,0,0,0.0,0,0.2513,0.0922,0.0386,0.0893
q37,11,12,0,1,0.0,0,0.0149,0.0444,0.0164,0.0383
q37,11,13,0,1,0.0,0,0.0487,0.0444,0.0181,0.0428
q37,11,14,0,1,0.0,0,0.0148,0.1542,0.0335,0.0567
q37,11,15,1,1,0.0,0,0.0649,0.2625,0.0653,0.0963
q37,11,16,0,1,0.0,0,0.0242,0.1028,0.0272,0.058
q37,11,17,1,1,0.0,0,0.07,0.2958,0.0597,0.0887
q37,11,18,0,0,0.0,0,0.0145,0.0,0.0032,0.0485
q37,11,19,0,0,0.0,0,0.0622,0.0,0.0093,0.0403
q37,11,20,0,0,0.0,0,0.0137,0.045,0.0117,0.0266
q37,11,21,0,0,0.0,0,0.019,0.2181,0.0479,0.0927
q37,11,22,0,0,0.0,0,0.0382,0.0458,0.0145,0.0352
q37,11,23,0,0,0.0,0,0.0232,0.1069,0.0247,0.0577
q37,11,24,0,0,0.0,0,0.0929,0.1556,0.0285,0.0516
q37,11,25,0,0,0.0,0,0.0612,0.1208,0.0206,0.043
q37,11,26,0,0,0.0,0,0.0261,0.1181,0.0156,0.0414
q37,12,13,0,1,0.0,0,0.0127,0.0824,0.0282,0.0531
q37,12,14,0,1,0.0,0,0.0,0.0715,0.0216,0.0386
q37,12,15,0,1,0.0,0,0.0038,0.0511,0.0131,0.0246
q37,12,16,1,1,0.0,0,0.0296,0.1392,0.0563,0.1113
q37,12,17,0,1,0.0,0,0.0129,0.0817,0.0233,0.0437
q37,12,18,0,0,0.0,0,0.0102,0.0,0.0,0.0273
q37,12,19,0,0,0.0,0,0.0524,0.0,0.0084,0.0381
q37,12,20,0,0,0.0,0,0.011,0.075,0.0234,0.0534
q37,12,21,0,0,0.0,0,0.0134,0.0639,0.0188,0.0367
q37,12,22,0,0,0.0,0,0.0119,0.0759,0.0251,0.0446
q37,12,23,0,0,0.3333,1,0.8194,0.2324,0.0969,0.1617
q37,12,24,0,0,0.0,0,0.0177,0.083,0.0262,0.0444
q37,12,25,0,0,0.0,0,0.0417,0.0511,0.0165,0.0342
q37,12,26,0,0,0.0,0,0.0146,0.0728,0.0327,0.0852
q37,13,14,1,1,0.0,0,0.0577,0.1686,0.0661,0.1065
q37,13,15,0,1,0.0,0,0.0457,0.0515,0.0159,0.0401
q37,13,16,0,1,0.0,0,0.0155,0.0618,0.0208,0.0476
q37,13,17,0,1,0.0,0,0.0144,0.0824,0.0229,0.035
q37,13,18,0,0,0.0,0,0.0111,0.0,0.0037,0.0351
q37,13,19,0,0,0.0,0,0.0118,0.0,0.0092,0.0355
q37,13,20,0,0,0.0,0,0.0079,0.075,0.0179,0.0333
q37,13,21,0,0,0.0,0,0.0166,0.0746,0.0259,0.0481
q37,13,22,0,0,0.0,0,0.0445,0.1571,0.0582,0.0983
q37,13,23,0,0,0.0,0,0.0092,0.0618,0.0225,0.0557
q37,13,24,0,0,0.1429,1,0.5675,0.2523,0.097,0.1778
q37,13,25,0,0,0.0,0,0.0204,0.1068,0.0445,0.0872
q37,13,26,0,0,0.0,0,0.0098,0.0515,0.0162,0.0407
q37,14,15,0,1,0.0,0,0.0326,0.1601,0.0252,0.0513
q37,14,16,0,1,0.0,0,0.0,0.1357,0.0246,0.0444
q37,14,17,0,1,0.0,0,0.0,0.1968,0.0251,0.0377
q37,14,18,0,0,0.0,0,0.0,0.0,0.0019,0.0268
q37,14,19,0,0,0.0,0,0.002,0.0,0.0094,0.0328
q37,14,20,0,0,0.0,0,0.0054,0.075,0.0174,0.03
q37,14,21,0,0,0.0,0,0.0046,0.1491,0.0264,0.0493
q37,14,22,0,0,0.0,0,0.0129,0.1651,0.0601,0.1278
q37,14,23,0,0,0.0,0,0.0,0.1553,0.0258,0.0565
q37,14,24,0,0,0.0,0,0.0242,0.2641,0.0545,0.0976
q37,14,25,0,0,0.0,0,0.0024,0.2518,0.0603,0.1024
q37,14,26,0,0,0.0,0,0.0,0.1455,0.0177,0.034
q37,15,16,0,1,0.0,0,0.0099,0.1106,0.0201,0.0309
q37,15,17,1,1,0.0,0,0.0295,0.2241,0.0418,0.0534
q37,15,18,0,0,0.0,0,0.0018,0.0,0.0072,0.0541
q37,15,19,0,0,0.0,0,0.0072,0.0,0.0116,0.0395
q37,15,20,0,0,0.0,0,0.0028,0.06,0.0132,0.0257
q37,15,21,0,0,0.1111,1,0.2397,0.2821,0.0671,0.1091
q37,15,22,0,0,0.0,0,0.0527,0.0533,0.0189,0.0434
q37,15,23,0,0,0.0,0,0.0095,0.1222,0.0258,0.0493
q37,15,24,0,0,0.0,0,0.055,0.1067,0.0234,0.0455
q37,15,25,0,0,0.0,0,0.0214,0.1057,0.0226,0.0479
q37,15,26,0,0,0.0,0,0.0122,0.1174,0.0203,0.037
q37,16,17,0,1,0.0,0,0.096,0.1192,0.0229,0.0491
q37,16,18,0,0,0.0,0,0.0119,0.0,0.0009,0.0215
q37,16,19,0,0,0.0,0,0.0366,0.0,0.0096,0.0361
q37,16,20,0,0,0.0,0,0.0222,0.075,0.0204,0.0379
q37,16,21,0,0,0.0,0,0.0242,0.1261,0.0251,0.0498
q37,16,22,0,0,0.0,0,0.0204,0.0639,0.0204,0.04
q37,16,23,0,0,0.0,0,0.034,0.1828,0.0541,0.1142
q37,16,24,0,0,0.0,0,0.0303,0.1203,0.0263,0.0499
q37,16,25,0,0,0.0,0,0.0242,0.101,0.0233,0.054
q37,16,26,0,0,0.25,2,0.6959,0.2256,0.0766,0.1316
q37,17,18,0,0,0.0,0,0.0067,0.0,0.0023,0.0303
q37,17,19,0,0,0.2222,2,0.2496,0.0692,0.0324,0.0768
q37,17,20,0,0,0.0,0,0.016,0.075,0.0161,0.0325
q37,17,21,0,0,0.0,0,0.0144,0.2328,0.0387,0.0575
q37,17,22,0,0,0.0,0,0.014,0.0746,0.0196,0.0335
q37,17,23,0,0,0.0,0,0.0238,0.1083,0.0178,0.0335
q37,17,24,0,0,0.0,0,0.0313,0.1498,0.027,0.0434
q37,17,25,0,0,0.0,0,0.0372,0.1166,0.017,0.0366
q37,17,26,0,0,0.0,0,0.1843,0.1336,0.0223,0.0539
q37,18,19,1,1,0.0,0,0.0097,0.0,0.0039,0.0444
q37,18,20,0,1,0.0,0,0.0111,0.0,0.0,0.0213
q37,18,21,1,1,0.0,0,0.0134,0.0,0.0064,0.047
q37,18,22,0,1,0.0,0,0.007,0.0,0.0029,0.0293
q37,18,23,0,1,0.0,0,0.0077,0.0,0.0,0.0196
q37,18,24,0,1,0.0,0,0.0184,0.0,0.0036,0.0348
q37,18,25,0,1,0.0,0,0.022,0.0,0.0038,0.0253
q37,18,26,0,1,0.0,0,0.0035,0.0,0.0022,0.0271
q37,19,20,0,1,0.0,0,0.0372,0.0,0.0084,0.0288
q37,19,21,1,1,0.0,0,0.0336,0.0,0.0097,0.0476
q37,19,22,0,1,0.0,0,0.0359,0.0,0.0094,0.0288
q37,19,23,0,1,0.0,0,0.0529,0.0,0.0072,0.0312
q37,19,24,0,1,0.0,0,0.04,0.0,0.007,0.0282
q37,19,25,0,1,0.0,0,0.0127,0.0,0.0085,0.0279
q37,19,26,0,1,0.0,0,0.0352,0.0,0.0047,0.03
q37,20,21,0,1,0.0,0,0.0159,0.075,0.0175,0.0302
q37,20,22,0,1,0.0,0,0.0131,0.075,0.0182,0.0341
q37,20,23,1,1,0.0,0,0.0192,0.06,0.019,0.0363
q37,20,24,0,1,0.0,0,0.0175,0.075,0.0136,0.0222
q37,20,25,0,1,0.0,0,0.0316,0.06,0.0122,0.0199
q37,20,26,1,1,0.0,0,0.0103,0.06,0.0146,0.0323
q37,21,22,0,1,0.0,0,0.0221,0.0945,0.0335,0.0524
q37,21,23,0,1,0.0,0,0.0155,0.1781,0.027,0.05
q37,21,24,0,1,0.0,0,0.0243,0.1456,0.0318,0.0604
q37,21,25,0,1,0.0,0,0.0261,0.1479,0.0302,0.0536
q37,21,26,0,1,0.0,0,0.0141,0.1617,0.02,0.0478
q37,22,23,0,1,0.0,0,0.0241,0.0533,0.0229,0.0523
q37,22,24,1,1,0.0,0,0.0612,0.2011,0.062,0.0924
q37,22,25,1,1,0.0,0,0.0642,0.1758,0.0683,0.1061
q37,22,26,0,1,0.0,0,0.0124,0.0533,0.017,0.0384
q37,23,24,0,1,0.0,0,0.0294,0.1001,0.0191,0.041
q37,23,25,0,1,0.0,0,0.0591,0.1816,0.0248,0.0449
q37,23,26,1,1,0.0,0,0.0164,0.2945,0.0606,0.126
q37,24,25,1,1,0.0,0,0.0875,0.2099,0.0693,0.1147
q37,24,26,0,1,0.0,0,0.0164,0.133,0.0193,0.0449
q37,25,26,0,1,0.0,0,0.0245,0.179,0.0216,0.0517
q38,0,1,0,1,0.0,0,0.0893,0.0,0.0121,0.0399
q38,0,2,1,1,0.0,0,0.0919,0.1672,0.0501,0.0729
q38,0,3,0,1,0.0,0,0.0114,0.0,0.0035,0.0317
q38,0,4,0,1,0.0,0,0.0019,0.0636,0.0176,0.0521
q38,0,5,0,1,0.0,0,0.0017,0.0,0.0113,0.0444
q38,0,6,1,1,0.0,0,0.0201,0.0266,0.0122,0.0477
q38,0,7,0,1,0.0,0,0.0929,0.0,0.0083,0.0376
q38,0,8,0,1,0.0,0,0.04,0.0,0.0043,0.0378
q38,1,2,0,1,0.0,0,0.0958,0.0,0.0118,0.0423
q38,1,3,0,1,0.0,0,0.075,0.0108,0.0099,0.0397
q38,1,4,1,1,0.0,0,0.0285,0.2089,0.0688,0.1199
q38,1,5,1,1,0.0,0,0.0054,0.2776,0.091,0.119
q38,1,6,0,1,0.0,0,0.0212,0.0256,0.0231,0.0743
q38,1,7,0,1,0.0,0,0.1173,0.0633,0.0203,0.0451
q38,1,8,0,1,0.0,0,0.0411,0.0148,0.0108,0.0394
q38,2,3,0,1,0.0,0,0.0384,0.0,0.0039,0.0329
q38,2,4,0,1,0.0,0,0.0186,0.0873,0.0201,0.0516
q38,2,5,0,1,0.0,0,0.0018,0.0,0.0111,0.0317
q38,2,6,1,1,0.0,0,0.0169,0.0111,0.0138,0.0521
q38,2,7,0,1,0.4,2,0.772,0.0431,0.0277,0.0915
q38,2,8,0,1,0.2,1,0.2483,0.0098,0.0081,0.0515
q38,3,4,0,1,0.0,0,0.0468,0.0482,0.0125,0.0459
q38,3,5,0,1,0.125,1,0.3409,0.0576,0.0348,0.09
q38,3,6,0,1,0.0,0,0.0317,0.1212,0.0309,0.0752
q38,3,7,1,1,0.0,0,0.0315,0.0341,0.0202,0.0666
q38,3,8,1,1,0.0,0,0.0199,0.1165,0.0266,0.0532
q38,4,5,1,1,0.0,0,0.0689,0.1283,0.0568,0.0944
q38,4,6,0,1,0.0,0,0.0168,0.0417,0.0259,0.0754
q38,4,7,0,1,0.0,0,0.0228,0.0374,0.0259,0.0518
q38,4,8,0,1,0.0,0,0.0045,0.0267,0.0167,0.0481
q38,5,6,0,1,0.0,0,0.0309,0.0096,0.0114,0.0573
q38,5,7,0,1,0.0,0,0.003,0.0389,0.0217,0.0504
q38,5,8,0,1,0.0,0,0.0021,0.0113,0.0094,0.0392
q38,6,7,0,1,0.0,0,0.0729,0.0437,0.0253,0.0689
q38,6,8,0,1,0.0,0,0.0213,0.0896,0.0271,0.0625
q38,7,8,1,1,0.25,1,0.3341,0.1067,0.0507,0.1128
q39,0,1,0,1,0.0,0,0.0,0.0,0.0021,0.0306
q39,0,2,1,1,0.0,0,0.0,0.4119,0.1646,0.2164
q39,0,3,0,1,0.0,0,0.1414,0.0,0.0,0.0235
q39,0,4,0,1,0.0,0,0.0494,0.0554,0.0266,0.0597
q39,0,5,0,1,0.0,0,0.0373,0.0,0.0016,0.0265
q39,0,6,0,1,0.0,0,0.0474,0.09,0.0278,0.0537
q39,0,7,0,1,0.0,0,0.0,0.0657,0.0257,0.0434
q39,0,8,1,1,0.0,0,0.0108,0.0963,0.0596,0.1407
q39,0,9,0,0,0.0,0,0.047,0.0709,0.033,0.0603
q39,0,10,0,0,0.0,0,0.0518,0.154,0.0312,0.0728
q39,0,11,0,0,0.0,0,0.0,0.1296,0.0357,0.077
q39,0,12,0,0,0.0,0,0.0373,0.1471,0.0339,0.0656
q39,0,13,0,0,0.0,0,0.1574,0.0588,0.0227,0.0354
q39,0,14,0,0,0.0,0,0.0546,0.1471,0.0235,0.0403
q39,0,15,0,0,0.0,0,0.0,0.1851,0.0425,0.0844
q39,0,16,0,0,0.0,0,0.0731,0.1782,0.0436,0.0876
q39,0,17,0,0,0.0,0,0.0474,0.1626,0.0214,0.0354
q39,0,18,0,0,0.0,0,0.0337,0.0,0.0034,0.0239
q39,0,19,0,0,0.0,0,0.0241,0.1644,0.0371,0.0787
q39,0,20,0,0,0.0,0,0.0289,0.154,0.0304,0.057
q39,0,21,0,0,0.0,0,0.0518,0.1609,0.0359,0.0675
q39,0,22,0,0,0.0,0,0.0446,0.1349,0.02,0.0364
q39,0,23,0,0,0.0,0,0.0193,0.0727,0.0206,0.0396
q39,0,24,0,0,0.0,0,0.0313,0.1471,0.0229,0.0369
q39,0,25,0,0,0.0,0,0.0096,0.1782,0.0367,0.0723
q39,0,26,0,0,0.0,0,0.0353,0.1471,0.0226,0.0431
q39,1,2,0,1,0.0,0,0.0026,0.0,0.0022,0.0211
q39,1,3,1,1,0.0,0,0.002,0.1117,0.0556,0.0885
q39,1,4,0,1,0.0,0,0.0,0.0335,0.0088,0.0267
q39,1,5,1,1,0.1429,1,0.2752,0.5661,0.1983,0.2784
q39,1,6,0,1,0.0,0,0.0011,0.0,0.0017,0.0296
q39,1,7,0,1,0.0,0,0.0292,0.0,0.0079,0.0434
q39,1,8,0,1,0.0,0,0.0116,0.0,0.0022,0.0358
q39,1,9,0,0,0.0,0,0.0009,0.0,0.004,0.0219
q39,1,10,0,0,0.1429,1,0.4841,0.0726,0.0368,0.0873
q39,1,11,0,0,0.0,0,0.0037,0.0,0.0032,0.0229
q39,1,12,0,0,0.0,0,0.0043,0.0,0.0019,0.0171
q39,1,13,0,0,0.0,0,0.003,0.0,0.0,0.0084
q39,1,14,0,0,0.0,0,0.0021,0.0,0.0,0.0076
q39,1,15,0,0,0.125,1,0.1098,0.0,0.0032,0.0349
q39,1,16,0,0,0.125,1,0.1108,0.0,0.0017,0.0187
q39,1,17,0,0,0.0,0,0.0024,0.0,0.0,0.0167
q39,1,18,0,0,0.0,0,0.0144,0.0,0.0,0.0181
q39,1,19,0,0,0.125,1,0.1118,0.0149,0.0064,0.0315
q39,1,20,0,0,0.0,0,0.0019,0.0,0.0,0.0252
q39,1,21,0,0,0.125,1,0.1146,0.0,0.0024,0.0259
q39,1,22,0,0,0.0,0,0.0011,0.0,0.0,0.0268
q39,1,23,0,0,0.0,0,0.0041,0.0,0.0016,0.0205
q39,1,24,0,0,0.0,0,0.0,0.0,0.0023,0.0127
q39,1,25,0,0,0.0,0,0.0364,0.0,0.0047,0.0459
q39,1,26,0,0,0.0,0,0.0136,0.0,0.007,0.0344
q39,2,3,0,1,0.0,0,0.0,0.0,0.0012,0.0277
q39,2,4,0,1,0.0,0,0.0,0.0495,0.019,0.0518
q39,2,5,0,1,0.0,0,0.0325,0.0,0.0017,0.0212
q39,2,6,0,1,0.0,0,0.0,0.0317,0.0139,0.0334
q39,2,7,0,1,0.0,0,0.0,0.0317,0.012,0.0331
q39,2,8,1,1,0.0,0,0.0698,0.1426,0.0541,0.1271
q39,2,9,0,0,0.0,0,0.0019,0.0713,0.0314,0.0754
q39,2,10,0,0,0.0,0,0.0,0.105,0.0239,0.0654
q39,2,11,0,0,0.0,0,0.0876,0.105,0.0291,0.073
q39,2,12,0,0,0.0,0,0.0,0.101,0.0239,0.0519
q39,2,13,0,0,0.0,0,0.0,0.0317,0.0138,0.0295
q39,2,14,0,0,0.0,0,0.0,0.101,0.0165,0.034
q39,2,15,0,0,0.0,0,0.0623,0.1465,0.0298,0.0707
q39,2,16,0,0,0.0,0,0.0418,0.1168,0.0277,0.0604
q39,2,17,0,0,0.0,0,0.0,0.101,0.0126,0.0254
q39,2,18,0,0,0.0,0,0.0195,0.0,0.0,0.0148
q39,2,19,0,0,0.0,0,0.0623,0.101,0.027,0.0663
q39,2,20,0,0,0.0,0,0.0316,0.103,0.0188,0.0396
q39,2,21,0,0,0.0,0,0.0418,0.105,0.0211,0.0546
q39,2,22,0,0,0.0,0,0.0167,0.0851,0.016,0.0367
q39,2,23,0,0,0.0,0,0.0028,0.0475,0.0124,0.0267
q39,2,24,0,0,0.0,0,0.0,0.101,0.0161,0.0289
q39,2,25,0,0,0.0,0,0.0009,0.1168,0.0303,0.0646
q39,2,26,0,0,0.0,0,0.0,0.101,0.0188,0.0483
q39,3,4,0,1,0.0,0,0.0921,0.0,0.0049,0.037
q39,3,5,1,1,0.0,0,0.0156,0.13,0.0533,0.0813
q39,3,6,0,1,0.0,0,0.027,0.0,0.0079,0.0432
q39,3,7,0,1,0.0,0,0.0063,0.0183,0.0098,0.0295
q39,3,8,0,1,0.0,0,0.0009,0.0,0.0034,0.0364
q39,3,9,0,0,0.0,0,0.0182,0.0147,0.0125,0.0462
q39,3,10,0,0,0.0,0,0.0172,0.0165,0.02,0.0578
q39,3,11,0,0,0.0,0,0.0018,0.0444,0.0101,0.0486
q39,3,12,0,0,0.0,0,0.0089,0.0,0.0039,0.0148
q39,3,13,0,0,0.0,0,0.0443,0.0,0.0009,0.0196
q39,3,14,0,0,0.0,0,0.0273,0.0,0.0,0.0072
q39,3,15,0,0,0.1,1,0.0135,0.0678,0.0225,0.051
q39,3,16,0,0,0.0,0,0.0246,0.0,0.008,0.0472
q39,3,17,0,0,0.0,0,0.0174,0.0,0.0013,0.0128
q39,3,18,0,0,0.0,0,0.0443,0.0,0.0067,0.0271
q39,3,19,0,0,0.1,1,0.2501,0.0311,0.0148,0.0527
q39,3,20,0,0,0.0,0,0.0128,0.0,0.0065,0.0474
q39,3,21,0,0,0.0,0,0.0222,0.0,0.0025,0.03
q39,3,22,0,0,0.0,0,0.0163,0.0,0.0047,0.041
q39,3,23,0,0,0.0,0,0.0068,0.0,0.0085,0.0328
q39,3,24,0,0,0.0,0,0.0163,0.0,0.0024,0.0155
q39,3,25,0,0,0.0,0,0.0009,0.0183,0.0089,0.0372
q39,3,26,0,0,0.0,0,0.0219,0.0,0.0093,0.0383
q39,4,5,0,1,0.0,0,0.0319,0.0215,0.0085,0.0314
q39,4,6,1,1,0.0,0,0.1404,0.1165,0.0449,0.0855
q39,4,7,1,1,0.0,0,0.0,0.1184,0.0388,0.0593
q39,4,8,0,1,0.0,0,0.0021,0.0,0.0109,0.0541
q39,4,9,0,0,0.0,0,0.0271,0.1043,0.0296,0.0526
q39,4,10,0,0,0.0,0,0.0157,0.0604,0.0242,0.0627
q39,4,11,0,0,0.0,0,0.0,0.0741,0.0287,0.0677
q39,4,12,0,0,0.0,0,0.0345,0.2456,0.032,0.0629
q39,4,13,0,0,0.0,0,0.0234,0.0779,0.0212,0.0434
q39,4,14,0,0,0.0,0,0.0409,0.0733,0.0267,0.0519
q39,4,15,0,0,0.0,0,0.0131,0.1665,0.0362,0.0724
q39,4,16,0,0,0.0,0,0.0357,0.1264,0.0471,0.0948
q39,4,17,0,0,0.0,0,0.0076,0.1632,0.0293,0.0548
q39,4,18,0,0,0.0,0,0.0389,0.0,0.0,0.0064
q39,4,19,0,0,0.0,0,0.0259,0.0644,0.0258,0.0592
q39,4,20,0,0,0.0,0,0.0477,0.0603,0.0256,0.0584
q39,4,21,0,0,0.0,0,0.0482,0.1476,0.0331,0.0611
q39,4,22,0,0,0.0,0,0.029,0.0591,0.0139,0.0461
q39,4,23,0,0,0.0,0,0.0009,0.0748,0.0224,0.0334
q39,4,24,0,0,0.0,0,0.03,0.1354,0.0275,0.0503
q39,4,25,0,0,0.0,0,0.0011,0.0832,0.0263,0.0478
q39,4,26,0,0,0.0,0,0.1298,0.0533,0.025,0.0574
q39,5,6,0,1,0.1111,1,0.2024,0.0,0.0028,0.0263
q39,5,7,0,1,0.0,0,0.0242,0.0,0.0065,0.0345
q39,5,8,0,1,0.0,0,0.0099,0.0,0.0025,0.0295
q39,5,9,0,0,0.0,0,0.018,0.0,0.0031,0.0161
q39,5,10,0,0,0.1429,1,0.2497,0.0227,0.0142,0.0524
q39,5,11,0,0,0.0,0,0.0219,0.0,0.0017,0.0206
q39,5,12,0,0,0.0,0,0.0138,0.0,0.0007,0.0107
q39,5,13,0,0,0.0,0,0.0181,0.0,0.0007,0.0093
q39,5,14,0,0,0.0,0,0.0401,0.0,0.0,0.0094
q39,5,15,0,0,0.0,0,0.0143,0.0,0.0033,0.0266
q39,5,16,0,0,0.0,0,0.027,0.0,0.0014,0.0176
q39,5,17,0,0,0.0,0,0.0075,0.0,0.0,0.0201
q39,5,18,0,0,0.0,0,0.0405,0.0,0.0,0.0152
q39,5,19,0,0,0.125,1,0.1677,0.0,0.0046,0.0247
q39,5,20,0,0,0.1429,1,0.4954,0.0,0.0014,0.0306
q39,5,21,0,0,0.0,0,0.0455,0.0,0.002,0.0243
q39,5,22,0,0,0.125,1,0.1655,0.0,0.0015,0.0346
q39,5,23,0,0,0.0,0,0.0064,0.0,0.0013,0.0199
q39,5,24,0,0,0.0,0,0.037,0.0,0.0019,0.0135
q39,5,25,0,0,0.0,0,0.0217,0.0,0.0039,0.0372
q39,5,26,0,0,0.0,0,0.0633,0.0,0.0059,0.0337
q39,6,7,1,1,0.0,0,0.0,0.2078,0.0692,0.09
q39,6,8,0,1,0.0,0,0.0056,0.0,0.0018,0.0277
q39,6,9,0,0,0.0,0,0.0813,0.1326,0.0317,0.0486
q39,6,10,0,0,0.0,0,0.0127,0.0763,0.0265,0.0576
q39,6,11,0,0,0.0,0,0.0,0.1056,0.0272,0.0436
q39,6,12,0,0,0.0,0,0.0322,0.057,0.0292,0.0554
q39,6,13,0,0,0.0,0,0.0201,0.1352,0.0258,0.0355
q39,6,14,0,0,0.0,0,0.1055,0.0343,0.0182,0.0396
q39,6,15,0,0,0.0,0,0.0018,0.2165,0.0318,0.0662
q39,6,16,0,0,0.0,0,0.0257,0.106,0.0295,0.0609
q39,6,17,0,0,0.0,0,0.0046,0.0622,0.0174,0.0319
q39,6,18,0,0,0.0,0,0.0863,0.0,0.0024,0.017
q39,6,19,0,0,0.0,0,0.0668,0.0622,0.0238,0.0498
q39,6,20,0,0,0.0,0,0.0443,0.0814,0.0257,0.0483
q39,6,21,0,0,0.0,0,0.1149,0.0482,0.0248,0.0506
q39,6,22,0,0,0.0,0,0.0834,0.0548,0.0188,0.0461
q39,6,23,0,0,0.0,0,0.0022,0.049,0.0201,0.0363
q39,6,24,0,0,0.0,0,0.1082,0.0393,0.0178,0.0359
q39,6,25,0,0,0.0,0,0.0009,0.0603,0.0243,0.056
q39,6,26,0,0,0.0,0,0.127,0.0782,0.0168,0.0374
q39,7,8,0,1,0.0,0,0.0011,0.0,0.0,0.0207
q39,7,9,0,0,0.0,0,0.0011,0.1699,0.0295,0.0442
q39,7,10,0,0,0.0,0,0.0304,0.131,0.0479,0.1046
q39,7,11,0,0,0.0,0,0.0,0.0593,0.0226,0.0405
q39,7,12,0,0,0.0,0,0.0,0.1024,0.0203,0.0478
q39,7,13,0,0,0.0,0,0.0012,0.1516,0.0249,0.0378
q39,7,14,0,0,0.0,0,0.0087,0.0626,0.0219,0.0381
q39,7,15,0,0,0.0,0,0.0063,0.1073,0.0355,0.074
q39,7,16,0,0,0.0,0,0.0011,0.1277,0.038,0.0683
q39,7,17,0,0,0.0,0,0.0012,0.0849,0.021,0.0372
q39,7,18,0,0,0.0,0,0.007,0.0,0.0,0.0064
q39,7,19,0,0,0.0,0,0.0074,0.0916,0.0299,0.0706
q39,7,20,0,0,0.0,0,0.0011,0.0664,0.0226,0.0426
q39,7,21,0,0,0.0,0,0.0011,0.0849,0.0296,0.0609
q39,7,22,0,0,0.0,0,0.0012,0.0836,0.0131,0.0314
q39,7,23,0,0,0.0,0,0.0034,0.0671,0.0196,0.035
q39,7,24,0,0,0.0,0,0.0,0.0626,0.0195,0.0347
q39,7,25,0,0,0.2,1,0.2666,0.2291,0.0891,0.1611
q39,7,26,0,0,0.0,0,0.0038,0.0916,0.0213,0.0399
q39,8,9,0,0,0.0,0,0.0,0.0167,0.0075,0.0476
q39,8,10,0,0,0.0,0,0.0008,0.0167,0.0092,0.0538
q39,8,11,0,0,0.0,0,0.0287,0.0,0.0057,0.0558
q39,8,12,0,0,0.0,0,0.0014,0.0815,0.009,0.0367
q39,8,13,0,0,0.0,0,0.0,0.0,0.0,0.0248
q39,8,14,0,0,0.0,0,0.0,0.0,0.0,0.0213
q39,8,15,0,0,0.0,0,0.0264,0.1,0.0118,0.0498
q39,8,16,0,0,0.0,0,0.0061,0.0,0.0036,0.0436
q39,8,17,0,0,0.0,0,0.0,0.0,0.0013,0.019
q39,8,18,0,0,0.0,0,0.0136,0.0,0.0,0.0118
q39,8,19,0,0,0.0,0,0.0273,0.0593,0.0109,0.0481
q39,8,20,0,0,0.0,0,0.006,0.0,0.0,0.0277
q39,8,21,0,0,0.0,0,0.0159,0.0,0.0059,0.0347
q39,8,22,0,0,0.0,0,0.0116,0.0,0.0,0.0293
q39,8,23,0,0,0.0,0,0.0096,0.0,0.0,0.0152
q39,8,24,0,0,0.0,0,0.0051,0.0,0.0008,0.0162
q39,8,25,0,0,0.0,0,0.0091,0.0,0.0041,0.0395
q39,8,26,0,0,0.0,0,0.0,0.0,0.0044,0.0312
q39,9,10,1,1,0.0,0,0.0149,0.2697,0.0508,0.089
q39,9,11,1,1,0.0,0,0.0009,0.3056,0.0682,0.1086
q39,9,12,0,1,0.0,0,0.0065,0.0477,0.0215,0.0391
q39,9,13,0,1,0.0,0,0.0203,0.1773,0.0309,0.0411
q39,9,14,0,1,0.0,0,0.0324,0.0596,0.0184,0.0277
q39,9,15,0,1,0.0,0,0.0047,0.0626,0.0314,0.0714
q39,9,16,0,1,0.0,0,0.0235,0.1103,0.035,0.0761
q39,9,17,0,1,0.0,0,0.003,0.0477,0.0149,0.0225
q39,9,18,0,0,0.0,0,0.0488,0.0,0.0,0.013
q39,9,19,0,0,0.0,0,0.0064,0.0849,0.0239,0.0531
q39,9,20,0,0,0.0,0,0.0234,0.0513,0.0224,0.0424
q39,9,21,0,0,0.0,0,0.0334,0.0626,0.0242,0.0509
q39,9,22,0,0,0.0,0,0.0209,0.0611,0.0172,0.0386
q39,9,23,0,0,0.0,0,0.0018,0.0507,0.0171,0.0301
q39,9,24,0,0,0.0,0,0.0315,0.0477,0.0171,0.0262
q39,9,25,0,0,0.0,0,0.0008,0.0879,0.0236,0.0456
q39,9,26,0,0,0.0,0,0.0315,0.1073,0.0246,0.0428
q39,10,11,1,1,0.0,0,0.0011,0.3685,0.0992,0.1462
q39,10,12,0,1,0.0,0,0.0097,0.1292,0.0384,0.0778
q39,10,13,0,1,0.0,0,0.0206,0.0697,0.0214,0.0356
q39,10,14,0,1,0.0,0,0.0251,0.0968,0.0186,0.038
q39,10,15,0,1,0.125,1,0.0927,0.1264,0.0369,0.1037
q39,10,16,0,1,0.0,0,0.0168,0.175,0.0389,0.0852
q39,10,17,0,1,0.0,0,0.0125,0.1276,0.0235,0.0454
q39,10,18,0,0,0.0,0,0.0223,0.0556,0.0063,0.0251
q39,10,19,0,0,0.0,0,0.0099,0.1674,0.039,0.09
q39,10,20,0,0,0.0,0,0.0233,0.1237,0.0361,0.0703
q39,10,21,0,0,0.125,1,0.1016,0.1253,0.0373,0.0811
q39,10,22,0,0,0.0,0,0.0144,0.1239,0.024,0.0522
q39,10,23,0,0,0.0,0,0.0074,0.0671,0.0212,0.0441
q39,10,24,0,0,0.0,0,0.0116,0.1093,0.0217,0.0379
q39,10,25,0,0,0.0,0,0.0355,0.2335,0.0591,0.1369
q39,10,26,0,0,0.0,0,0.0165,0.1538,0.0287,0.0575
q39,11,12,0,1,0.0,0,0.0,0.1407,0.0292,0.054
q39,11,13,0,1,0.0,0,0.0,0.0593,0.0201,0.0368
q39,11,14,0,1,0.0,0,0.0,0.1259,0.0186,0.0309
q39,11,15,0,1,0.0,0,0.0278,0.1296,0.0254,0.0615
q39,11,16,0,1,0.0,0,0.02,0.1722,0.0344,0.0856
q39,11,17,0,1,0.0,0,0.0,0.1574,0.0196,0.0338
q39,11,18,0,0,0.0,0,0.0078,0.0,0.0,0.0221
q39,11,19,0,0,0.0,0,0.0278,0.1407,0.0235,0.0619
q39,11,20,0,0,0.0,0,0.0028,0.1593,0.0319,0.0684
q39,11,21,0,0,0.0,0,0.021,0.1296,0.0292,0.062
q39,11,22,0,0,0.0,0,0.0069,0.1148,0.0213,0.0426
q39,11,23,0,0,0.0,0,0.0009,0.0593,0.0164,0.0377
q39,11,24,0,0,0.0,0,0.0,0.1296,0.0206,0.0361
q39,11,25,0,0,0.0,0,0.0,0.1407,0.0242,0.0484
q39,11,26,0,0,0.0,0,0.0,0.1444,0.0183,0.0451
q39,12,13,0,1,0.0,0,0.0089,0.0669,0.0212,0.042
q39,12,14,0,1,0.0,0,0.0146,0.1013,0.0236,0.038
q39,12,15,1,1,0.0,0,0.0027,0.2841,0.0715,0.1329
q39,12,16,1,1,0.0,0,0.0087,0.2184,0.0612,0.1055
q39,12,17,0,1,0.0,0,0.0078,0.2282,0.0235,0.0457
q39,12,18,0,0,0.0,0,0.0065,0.0,0.0098,0.0274
q39,12,19,0,0,0.0,0,0.0141,0.2154,0.0448,0.0861
q39,12,20,0,0,0.0,0,0.0119,0.0739,0.0255,0.0433
q39,12,21,0,0,0.0,0,0.0141,0.2352,0.0422,0.0833
q39,12,22,0,0,0.0,0,0.0127,0.0749,0.0162,0.0279
q39,12,23,0,0,0.0,0,0.0043,0.0516,0.0202,0.0354
q39,12,24,0,0,0.0,0,0.0115,0.2258,0.0239,0.0332
q39,12,25,0,0,0.0,0,0.0022,0.1094,0.0317,0.0725
q39,12,26,0,0,0.0,0,0.0138,0.099,0.0207,0.0333
q39,13,14,1,1,0.0,0,0.0271,0.1038,0.0297,0.0529
q39,13,15,0,1,0.0,0,0.0,0.0792,0.0213,0.0393
q39,13,16,0,1,0.0,0,0.0191,0.0888,0.0238,0.0466
q39,13,17,1,1,0.0,0,0.0186,0.1052,0.0229,0.0436
q39,13,18,0,0,0.0,0,0.0316,0.0,0.0,0.003
q39,13,19,0,0,0.0,0,0.0098,0.0792,0.0205,0.0352
q39,13,20,0,0,0.0,0,0.0203,0.0543,0.0221,0.0347
q39,13,21,0,0,0.0,0,0.0224,0.0683,0.0192,0.0349
q39,13,22,0,0,0.0,0,0.0156,0.0706,0.0215,0.0383
q39,13,23,0,0,0.0,0,0.0051,0.0492,0.018,0.0214
q39,13,24,0,0,0.0,0,0.0181,0.0779,0.0202,0.0439
q39,13,25,0,0,0.0,0,0.0051,0.0806,0.0218,0.0317
q39,13,26,0,0,0.0,0,0.0219,0.0683,0.0235,0.0406
q39,14,15,0,1,0.0,0,0.0143,0.1408,0.0268,0.0475
q39,14,16,0,1,0.0,0,0.0205,0.1303,0.0236,0.0397
q39,14,17,1,1,0.1667,1,0.3978,0.2107,0.0526,0.1123
q39,14,18,0,0,0.0,0,0.0563,0.0,0.0033,0.0133
q39,14,19,0,0,0.0,0,0.069,0.1562,0.0267,0.0488
q39,14,20,0,0,0.0,0,0.0598,0.098,0.0274,0.0501
q39,14,21,0,0,0.0,0,0.0477,0.1398,0.0285,0.046
q39,14,22,0,0,0.0,0,0.0783,0.098,0.02,0.0461
q39,14,23,0,0,0.0,0,0.0039,0.0723,0.0198,0.0332
q39,14,24,0,0,0.0,0,0.0558,0.1583,0.0339,0.0735
q39,14,25,0,0,0.0,0,0.0042,0.1593,0.0286,0.0495
q39,14,26,0,0,0.0,0,0.0855,0.1449,0.0283,0.0591
q39,15,16,1,1,0.1111,1,0.2093,0.3461,0.1079,0.1577
q39,15,17,0,1,0.0,0,0.0018,0.1447,0.0244,0.0462
q39,15,18,0,0,0.0,0,0.0043,0.0,0.0055,0.0234
q39,15,19,0,0,0.25,2,0.7189,0.2942,0.1117,0.184
q39,15,20,0,0,0.0,0,0.009,0.098,0.028,0.0596
q39,15,21,0,0,0.25,2,0.506,0.2581,0.068,0.1193
q39,15,22,0,0,0.0,0,0.0383,0.062,0.0132,0.0373
q39,15,23,0,0,0.0,0,0.0108,0.0748,0.0239,0.0407
q39,15,24,0,0,0.0,0,0.002,0.2194,0.027,0.046
q39,15,25,0,0,0.0,0,0.008,0.1798,0.0478,0.1001
q39,15,26,0,0,0.0,0,0.0045,0.1369,0.0294,0.0536
q39,16,17,0,1,0.0,0,0.0119,0.1456,0.0223,0.0377
q39,16,18,0,0,0.0,0,0.0177,0.0,0.0062,0.0209
q39,16,19,0,0,0.25,2,0.2257,0.2848,0.0729,0.138
q39,16,20,0,0,0.0,0,0.0202,0.1011,0.0393,0.0786
q39,16,21,0,0,0.1111,1,0.23,0.2146,0.0525,0.1066
q39,16,22,0,0,0.0,0,0.013,0.1282,0.0215,0.0495
q39,16,23,0,0,0.0,0,0.0033,0.0619,0.0226,0.0419
q39,16,24,0,0,0.0,0,0.0198,0.1443,0.026,0.0377
q39,16,25,0,0,0.0,0,0.0086,0.189,0.0636,0.1024
q39,16,26,0,0,0.0,0,0.0144,0.1852,0.0319,0.061
q39,17,18,0,0,0.0,0,0.005,0.0,0.0,0.0107
q39,17,19,0,0,0.0,0,0.0055,0.1388,0.0232,0.0451
q39,17,20,0,0,0.0,0,0.0294,0.1388,0.0319,0.0636
q39,17,21,0,0,0.0,0,0.0069,0.1922,0.0302,0.053
q39,17,22,0,0,0.0,0,0.007,0.1571,0.0279,0.0527
q39,17,23,0,0,0.0,0,0.0019,0.0723,0.0187,0.0325
q39,17,24,0,0,0.0,0,0.0032,0.2849,0.0563,0.094
q39,17,25,0,0,0.0,0,0.0009,0.1378,0.0214,0.0416
q39,17,26,0,0,0.0,0,0.0307,0.1747,0.034,0.0659
q39,18,19,0,1,0.0,0,0.0298,0.0,0.0066,0.0272
q39,18,20,1,1,0.0,0,0.0246,0.125,0.0268,0.0724
q39,18,21,0,1,0.0,0,0.0432,0.0,0.0067,0.0265
q39,18,22,0,1,0.0,0,0.0352,0.0,0.0067,0.0375
q39,18,23,1,1,0.3333,2,0.3482,0.1319,0.0199,0.0489
q39,18,24,0,1,0.0,0,0.0531,0.0,0.0,0.0074
q39,18,25,0,1,0.0,0,0.024,0.0556,0.0087,0.0346
q39,18,26,0,1,0.0,0,0.0487,0.0,0.0,0.0108
q39,19,20,0,1,0.125,1,0.2155,0.1192,0.0347,0.0697
q39,19,21,1,1,0.1111,1,0.2221,0.2201,0.0722,0.1212
q39,19,22,0,1,0.1111,1,0.0543,0.1095,0.0199,0.0483
q39,19,23,0,1,0.0,0,0.0117,0.0774,0.0252,0.0483
q39,19,24,0,1,0.0,0,0.0049,0.1223,0.0228,0.0431
q39,19,25,1,1,0.0,0,0.0079,0.2153,0.0569,0.102
q39,19,26,0,1,0.0,0,0.0663,0.2029,0.0312,0.054
q39,20,21,0,1,0.0,0,0.049,0.098,0.0275,0.059
q39,20,22,0,1,0.125,1,0.3188,0.1297,0.0527,0.1012
q39,20,23,1,1,0.0,0,0.0033,0.1312,0.0692,0.1065
q39,20,24,0,1,0.0,0,0.0447,0.086,0.0223,0.0475
q39,20,25,0,1,0.0,0,0.0009,0.1146,0.0375,0.0682
q39,20,26,0,1,0.0,0,0.0399,0.1192,0.0241,0.0497
q39,21,22,0,1,0.0,0,0.0386,0.0893,0.0179,0.0434
q39,21,23,0,1,0.0,0,0.0075,0.0774,0.0241,0.0419
q39,21,24,0,1,0.0,0,0.042,0.2194,0.0279,0.0446
q39,21,25,1,1,0.0,0,0.0044,0.1981,0.0577,0.0892
q39,21,26,0,1,0.0,0,0.0674,0.1146,0.0284,0.0547
q39,22,23,0,1,0.0,0,0.0058,0.0288,0.0151,0.0352
q39,22,24,1,1,0.0,0,0.0482,0.1037,0.0248,0.0592
q39,22,25,0,1,0.0,0,0.0036,0.1239,0.0212,0.0426
q39,22,26,1,1,0.0,0,0.063,0.1787,0.0345,0.0671
q39,23,24,0,1,0.0,0,0.006,0.0619,0.0167,0.0268
q39,23,25,0,1,0.0,0,0.0158,0.0852,0.0277,0.0535
q39,23,26,0,1,0.0,0,0.0018,0.0723,0.0182,0.0334
q39,24,25,0,1,0.0,0,0.0019,0.1354,0.0247,0.0423
q39,24,26,1,1,0.0,0,0.076,0.1845,0.0514,0.0788
q39,25,26,0,1,0.0,0,0.002,0.1798,0.0279,0.0484
q40,0,1,1,1,0.4,2,0.8121,0.4754,0.206,0.2751
q40,0,2,0,1,0.1667,1,0.5771,0.2391,0.0657,0.1225
q40,0,3,0,1,0.3333,2,0.5651,0.2982,0.0815,0.1392
q40,0,4,1,1,0.0,0,0.0105,0.2841,0.0788,0.1351
q40,0,5,0,1,0.0,0,0.0876,0.2138,0.033,0.0733
q40,0,6,0,1,0.1667,1,0.2797,0.1716,0.0352,0.0769
q40,0,7,0,1,0.1667,1,0.0185,0.1688,0.0336,0.0653
q40,0,8,0,1,0.1429,1,0.2209,0.2377,0.0602,0.1119
q40,0,9,0,0,0.2857,2,0.027,0.0,0.0012,0.0189
q40,0,10,0,0,0.4,2,0.1856,0.0913,0.0245,0.0708
q40,0,11,0,0,0.125,1,0.0203,0.0286,0.013,0.0436
q40,0,12,0,0,0.3333,2,0.1422,0.0844,0.0332,0.0794
q40,0,13,0,0,0.1667,1,0.024,0.0851,0.0231,0.052
q40,0,14,0,0,0.1429,1,0.0288,0.0748,0.027,0.0714
q40,0,15,0,0,0.1429,1,0.4286,0.2708,0.0912,0.152
q40,0,16,0,0,0.0,0,0.0876,0.0597,0.0179,0.0473
q40,0,17,0,0,0.4,2,0.7349,0.3024,0.0931,0.1701
q40,0,18,0,0,0.2,1,0.0458,0.0,0.0065,0.0328
q40,0,19,0,0,0.1667,1,0.1196,0.0855,0.0269,0.0682
q40,0,20,0,0,0.2,1,0.0709,0.0763,0.0318,0.0678
q40,0,21,0,0,0.0,0,0.0876,0.1074,0.0297,0.0709
q40,0,22,0,0,0.1429,1,0.0176,0.0577,0.0208,0.0537
q40,0,23,0,0,0.1429,1,0.4286,0.3165,0.1316,0.1886
q40,0,24,0,0,0.1429,1,0.0406,0.1364,0.036,0.0791
q40,0,25,0,0,0.4,2,0.7349,0.3558,0.1369,0.2153
q40,0,26,0,0,0.1429,1,0.1254,0.1603,0.0439,0.0868
q40,1,2,0,1,0.2,1,0.6481,0.1926,0.0514,0.0997
q40,1,3,0,1,0.1667,1,0.5438,0.2417,0.0767,0.1305
q40,1,4,1,1,0.0,0,0.0094,0.2948,0.0946,0.1561
q40,1,5,0,1,0.0,0,0.0703,0.1527,0.0311,0.0817
q40,1,6,0,1,0.2,1,0.3709,0.1155,0.0308,0.0697
q40,1,7,0,1,0.2,1,0.0084,0.0996,0.0247,0.058
q40,1,8,0,1,0.1667,1,0.3257,0.1833,0.0457,0.0885
q40,1,9,0,0,0.3333,2,0.1666,0.0,0.0,0.016
q40,1,10,0,0,0.5,2,0.2764,0.0391,0.013,0.047
q40,1,11,0,0,0.1429,1,0.1139,0.0,0.0019,0.0229
q40,1,12,0,0,0.4,2,0.2295,0.0675,0.0237,0.0572
q40,1,13,0,0,0.2,1,0.1143,0.0681,0.016,0.0349
q40,1,14,0,0,0.1667,1,0.1125,0.0748,0.0218,0.0551
q40,1,15,0,0,0.1667,1,0.4996,0.2561,0.0724,0.136
q40,1,16,0,0,0.0,0,0.0874,0.0478,0.0128,0.05
q40,1,17,0,0,0.5,2,0.8215,0.2125,0.0633,0.1232
q40,1,18,0,0,0.25,1,0.1374,0.0,0.0,0.0122
q40,1,19,0,0,0.2,1,0.198,0.0897,0.0214,0.052
q40,1,20,0,0,0.25,1,0.1569,0.0623,0.0183,0.0517
q40,1,21,0,0,0.0,0,0.0874,0.1347,0.0361,0.078
q40,1,22,0,0,0.1667,1,0.1167,0.0606,0.0196,0.0463
q40,1,23,0,0,0.1667,1,0.4996,0.2457,0.0717,0.1218
q40,1,24,0,0,0.1667,1,0.0318,0.1275,0.0305,0.0682
q40,1,25,0,0,0.5,2,0.8215,0.259,0.086,0.1511
q40,1,26,0,0,0.1667,1,0.2165,0.1169,0.0311,0.0726
q40,2,3,0,1,0.1667,1,0.5384,0.2017,0.0581,0.1179
q40,2,4,0,1,0.0,0,0.0128,0.1693,0.0364,0.0703
q40,2,5,0,1,0.0,0,0.0241,0.2089,0.044,0.0797
q40,2,6,1,1,0.2,1,0.3652,0.1993,0.072,0.1421
q40,2,7,1,1,0.2,1,0.0128,0.1933,0.0582,0.1026
q40,2,8,0,1,0.1667,1,0.3417,0.2833,0.0911,0.1558
q40,2,9,0,0,0.1429,1,0.1063,0.0,0.0021,0.0225
q40,2,10,0,0,0.2,1,0.2603,0.0,0.0161,0.0598
q40,2,11,0,0,0.1429,1,0.1174,0.1146,0.0303,0.0747
q40,2,12,0,0,0.1667,1,0.2425,0.1266,0.0355,0.0784
q40,2,13,0,0,0.2,1,0.2582,0.1043,0.0299,0.0616
q40,2,14,0,0,0.4,2,0.2713,0.1121,0.0279,0.0669
q40,2,15,0,0,0.1667,1,0.4907,0.1941,0.0553,0.1109
q40,2,16,0,0,0.0,0,0.0104,0.0806,0.0303,0.0531
q40,2,17,0,0,0.2,1,0.5183,0.3517,0.1083,0.1662
q40,2,18,0,0,0.25,1,0.1548,0.0,0.0068,0.0487
q40,2,19,0,0,0.5,2,0.4454,0.0855,0.0243,0.0602
q40,2,20,0,0,0.6667,2,0.3994,0.0623,0.0226,0.0549
q40,2,21,0,0,0.0,0,0.0104,0.116,0.0216,0.0461
q40,2,22,0,0,0.1667,1,0.1231,0.0808,0.0206,0.0433
q40,2,23,0,0,0.1667,1,0.4907,0.2588,0.0768,0.1288
q40,2,24,0,0,0.1667,1,0.0302,0.1552,0.0407,0.0966
q40,2,25,0,0,0.2,1,0.5183,0.2809,0.1009,0.1535
q40,2,26,0,0,0.1667,1,0.2144,0.1801,0.0536,0.114
q40,3,4,0,1,0.0,0,0.0095,0.1034,0.0264,0.05
q40,3,5,1,1,0.0,0,0.0388,0.1881,0.053,0.1003
q40,3,6,0,1,0.1667,1,0.3179,0.2122,0.0559,0.1129
q40,3,7,0,1,0.1667,1,0.0095,0.2392,0.0497,0.0914
q40,3,8,1,1,0.1429,1,0.3336,0.295,0.105,0.1715
q40,3,9,0,0,0.125,1,0.1985,0.098,0.0186,0.048
q40,3,10,0,0,0.1667,1,0.3337,0.1043,0.0279,0.0645
q40,3,11,0,0,0.125,1,0.2026,0.1265,0.0343,0.0782
q40,3,12,0,0,0.1429,1,0.125,0.1181,0.0324,0.0707
q40,3,13,0,0,0.1667,1,0.1312,0.0894,0.0248,0.047
q40,3,14,0,0,0.1429,1,0.126,0.0804,0.0255,0.056
q40,3,15,0,0,0.1429,1,0.6535,0.2675,0.074,0.1365
q40,3,16,0,0,0.0,0,0.075,0.103,0.0291,0.0729
q40,3,17,0,0,0.1667,1,0.5377,0.3061,0.09,0.1593
q40,3,18,0,0,0.2,1,0.2116,0.0631,0.0191,0.0462
q40,3,19,0,0,0.1667,1,0.2161,0.0855,0.0254,0.0548
q40,3,20,0,0,0.2,1,0.1486,0.0779,0.0252,0.0534
q40,3,21,0,0,0.0,0,0.075,0.1232,0.0284,0.0668
q40,3,22,0,0,0.1429,1,0.116,0.0577,0.0227,0.0474
q40,3,23,0,0,0.1429,1,0.6535,0.3392,0.1021,0.1567
q40,3,24,0,0,0.1429,1,0.1226,0.134,0.0426,0.104
q40,3,25,0,0,0.1667,1,0.5377,0.2724,0.0782,0.1367
q40,3,26,0,0,0.1429,1,0.4037,0.1616,0.0542,0.1147
q40,4,5,0,1,0.0,0,0.0,0.1411,0.0248,0.0552
q40,4,6,0,1,0.0,0,0.0081,0.0669,0.0181,0.0385
q40,4,7,0,1,0.0,0,0.0011,0.0617,0.0196,0.0448
q40,4,8,0,1,0.0,0,0.0073,0.1379,0.0283,0.0632
q40,4,9,0,0,0.0,0,0.0012,0.0,0.0,0.009
q40,4,10,0,0,0.0,0,0.0027,0.0,0.0033,0.0272
q40,4,11,0,0,0.0,0,0.0,0.0239,0.0084,0.0292
q40,4,12,0,0,0.0,0,0.0136,0.1076,0.0302,0.0594
q40,4,13,0,0,0.0,0,0.0097,0.0851,0.019,0.0375
q40,4,14,0,0,0.0,0,0.0039,0.0748,0.0227,0.0469
q40,4,15,0,0,0.0,0,0.0071,0.0962,0.0244,0.0628
q40,4,16,0,0,0.0,0,0.0,0.0597,0.0154,0.0353
q40,4,17,0,0,0.0,0,0.0083,0.1385,0.033,0.0612
q40,4,18,0,0,0.0,0,0.0022,0.0,0.0,0.0071
q40,4,19,0,0,0.0,0,0.0046,0.0855,0.0224,0.0544
q40,4,20,0,0,0.0,0,0.0102,0.0623,0.0209,0.0443
q40,4,21,0,0,0.0,0,0.0,0.0989,0.0232,0.0465
q40,4,22,0,0,0.0,0,0.0012,0.0577,0.0182,0.0415
q40,4,23,0,0,0.0,0,0.0071,0.1294,0.0294,0.0604
q40,4,24,0,0,0.0,0,0.0,0.0968,0.0217,0.0426
q40,4,25,0,0,0.0,0,0.0083,0.1719,0.0377,0.0714
q40,4,26,0,0,0.0,0,0.0059,0.0742,0.0201,0.0503
q40,5,6,0,1,0.0,0,0.0344,0.1097,0.0253,0.0629
q40,5,7,0,1,0.0,0,0.0108,0.1117,0.0284,0.0635
q40,5,8,1,1,0.0,0,0.0,0.2012,0.0495,0.0929
q40,5,9,0,0,0.0,0,0.0654,0.0,0.0009,0.0189
q40,5,10,0,0,0.0,0,0.0173,0.0,0.0072,0.0279
q40,5,11,0,0,0.0,0,0.0072,0.0191,0.0078,0.0304
q40,5,12,0,0,0.0,0,0.004,0.0865,0.0205,0.0505
q40,5,13,0,0,0.0,0,0.003,0.0851,0.022,0.0425
q40,5,14,0,0,0.0,0,0.0156,0.0766,0.0176,0.0381
q40,5,15,0,0,0.0,0,0.0688,0.1778,0.0339,0.0774
q40,5,16,0,0,0.2222,2,0.4019,0.2284,0.0639,0.1257
q40,5,17,0,0,0.0,0,0.026,0.1978,0.05,0.101
q40,5,18,0,0,0.0,0,0.022,0.0,0.0066,0.0264
q40,5,19,0,0,0.0,0,0.0055,0.0855,0.0178,0.032
q40,5,20,0,0,0.0,0,0.0074,0.0623,0.0192,0.0416
q40,5,21,0,0,0.2222,2,0.4019,0.3223,0.0801,0.1573
q40,5,22,0,0,0.0,0,0.0028,0.0577,0.0156,0.0309
q40,5,23,0,0,0.0,0,0.0688,0.2249,0.0431,0.0815
q40,5,24,0,0,0.0,0,0.0144,0.1446,0.0293,0.0686
q40,5,25,0,0,0.0,0,0.026,0.2349,0.0534,0.1029
q40,5,26,0,0,0.0,0,0.0213,0.1386,0.0369,0.0722
q40,6,7,1,1,0.2,1,0.0069,0.2262,0.0418,0.0898
q40,6,8,0,1,0.4,2,0.238,0.1057,0.0599,0.1257
q40,6,9,0,0,0.1429,1,0.1965,0.1176,0.0261,0.0573
q40,6,10,0,0,0.2,1,0.2284,0.0348,0.0182,0.061
q40,6,11,0,0,0.3333,2,0.207,0.0692,0.0299,0.0672
q40,6,12,0,0,0.4,2,0.1175,0.0675,0.0225,0.0621
q40,6,13,0,0,0.2,1,0.119,0.0894,0.021,0.0378
q40,6,14,0,0,0.1667,1,0.1241,0.0785,0.0204,0.0406
q40,6,15,0,0,0.1667,1,0.2189,0.0881,0.03,0.0905
q40,6,16,0,0,0.0,0,0.057,0.0478,0.0135,0.0413
q40,6,17,0,0,0.2,1,0.2254,0.1609,0.056,0.1061
q40,6,18,0,0,0.6667,2,0.6155,0.2252,0.0463,0.0903
q40,6,19,0,0,0.2,1,0.1221,0.0876,0.0237,0.043
q40,6,20,0,0,0.25,1,0.1542,0.0498,0.0178,0.0406
q40,6,21,0,0,0.0,0,0.057,0.0817,0.0151,0.0392
q40,6,22,0,0,0.4,2,0.1271,0.0577,0.0219,0.0469
q40,6,23,0,0,0.1667,1,0.2189,0.1432,0.0342,0.0738
q40,6,24,0,0,0.1667,1,0.119,0.1671,0.0522,0.1178
q40,6,25,0,0,0.2,1,0.2254,0.1622,0.0516,0.0962
q40,6,26,0,0,0.4,2,0.5554,0.191,0.0765,0.1376
q40,7,8,0,1,0.1667,1,0.0009,0.1452,0.035,0.0722
q40,7,9,0,0,0.1429,1,0.1017,0.0,0.0024,0.0312
q40,7,10,0,0,0.2,1,0.1064,0.0696,0.0159,0.0522
q40,7,11,0,0,0.3333,2,0.508,0.0501,0.0161,0.0588
q40,7,12,0,0,0.1667,1,0.0134,0.1371,0.0324,0.0667
q40,7,13,0,0,0.2,1,0.0141,0.0851,0.0227,0.0548
q40,7,14,0,0,0.1667,1,0.0079,0.0785,0.0249,0.0575
q40,7,15,0,0,0.1667,1,0.0102,0.1387,0.0283,0.0806
q40,7,16,0,0,0.0,0,0.0063,0.0896,0.0194,0.0508
q40,7,17,0,0,0.2,1,0.0057,0.1631,0.0373,0.0764
q40,7,18,0,0,0.25,1,0.0109,0.0,0.0054,0.0332
q40,7,19,0,0,0.2,1,0.0204,0.1197,0.0307,0.067
q40,7,20,0,0,0.25,1,0.0075,0.0935,0.034,0.0668
q40,7,21,0,0,0.0,0,0.0063,0.1261,0.0192,0.0448
q40,7,22,0,0,0.1667,1,0.005,0.0577,0.0191,0.0471
q40,7,23,0,0,0.1667,1,0.0102,0.1784,0.034,0.0717
q40,7,24,0,0,0.4,2,0.3979,0.1406,0.0391,0.0897
q40,7,25,0,0,0.2,1,0.0057,0.1792,0.0349,0.0705
q40,7,26,0,0,0.1667,1,0.1024,0.0972,0.0289,0.0735
q40,8,9,0,0,0.125,1,0.1157,0.0706,0.0147,0.04
q40,8,10,0,0,0.1667,1,0.1152,0.0,0.01,0.0443
q40,8,11,0,0,0.2857,2,0.2192,0.1002,0.0318,0.0658
q40,8,12,0,0,0.3333,2,0.2304,0.1435,0.0345,0.0766
q40,8,13,0,0,0.1667,1,0.1264,0.0851,0.0241,0.0489
q40,8,14,0,0,0.1429,1,0.1395,0.1271,0.0284,0.0624
q40,8,15,0,0,0.1429,1,0.3257,0.2431,0.0458,0.0918
q40,8,16,0,0,0.0,0,0.0,0.1104,0.0239,0.0528
q40,8,17,0,0,0.1667,1,0.3268,0.2804,0.0753,0.1432
q40,8,18,0,0,0.5,2,0.2301,0.0751,0.0202,0.055
q40,8,19,0,0,0.1667,1,0.2335,0.1026,0.0262,0.0539
q40,8,20,0,0,0.2,1,0.1538,0.0888,0.0239,0.0552
q40,8,21,0,0,0.0,0,0.0,0.1332,0.0231,0.051
q40,8,22,0,0,0.3333,2,0.1386,0.0823,0.0278,0.0553
q40,8,23,0,0,0.1429,1,0.3257,0.299,0.0592,0.103
q40,8,24,0,0,0.1429,1,0.0137,0.1711,0.0488,0.105
q40,8,25,0,0,0.1667,1,0.3268,0.3329,0.0842,0.1388
q40,8,26,0,0,0.3333,2,0.2223,0.1714,0.05,0.1092
q40,9,10,1,1,0.3333,2,0.4961,0.1043,0.0462,0.1135
q40,9,11,1,1,0.1111,1,0.1954,0.2784,0.1029,0.1564
q40,9,12,0,1,0.2857,2,0.1058,0.0,0.0029,0.021
q40,9,13,0,1,0.1429,1,0.1068,0.0,0.0043,0.0206
q40,9,14,0,1,0.125,1,0.0989,0.0,0.0027,0.0184
q40,9,15,0,1,0.125,1,0.1217,0.0,0.0013,0.0169
q40,9,16,0,1,0.0,0,0.0547,0.0,0.0,0.0174
q40,9,17,0,1,0.3333,2,0.1184,0.0,0.001,0.0138
q40,9,18,0,0,0.1667,1,0.1922,0.1059,0.0398,0.082
q40,9,19,0,0,0.1429,1,0.1052,0.0,0.0075,0.0205
q40,9,20,0,0,0.1667,1,0.0999,0.0,0.0012,0.015
q40,9,21,0,0,0.0,0,0.0547,0.0,0.0,0.0106
q40,9,22,0,0,0.125,1,0.1047,0.0,0.0022,0.0146
q40,9,23,0,0,0.125,1,0.1217,0.0,0.0011,0.0166
q40,9,24,0,0,0.125,1,0.1076,0.0745,0.0229,0.0662
q40,9,25,0,0,0.3333,2,0.1184,0.0,0.0011,0.0182
q40,9,26,0,0,0.2857,2,0.466,0.2706,0.0566,0.1076
q40,10,11,1,1,0.1429,1,0.1974,0.1565,0.0519,0.0983
q40,10,12,0,1,0.4,2,0.1057,0.0,0.009,0.0415
q40,10,13,0,1,0.2,1,0.1069,0.0,0.0075,0.0284
q40,10,14,0,1,0.1667,1,0.1,0.0,0.0042,0.0308
q40,10,15,0,1,0.1667,1,0.2577,0.0565,0.0214,0.0713
q40,10,16,0,1,0.0,0,0.015,0.0,0.0,0.0233
q40,10,17,0,1,0.5,2,0.2679,0.0,0.0133,0.053
q40,10,18,0,0,0.25,1,0.2089,0.0609,0.0281,0.0758
q40,10,19,0,0,0.2,1,0.0991,0.0,0.0031,0.0235
q40,10,20,0,0,0.25,1,0.1059,0.0,0.0025,0.0273
q40,10,21,0,0,0.0,0,0.015,0.0,0.0,0.0138
q40,10,22,0,0,0.1667,1,0.1049,0.0,0.0056,0.0203
q40,10,23,0,0,0.1667,1,0.2577,0.1174,0.0281,0.061
q40,10,24,0,0,0.1667,1,0.1123,0.1261,0.0544,0.1119
q40,10,25,0,0,0.5,2,0.2679,0.0739,0.0212,0.0633
q40,10,26,0,0,0.1667,1,0.3847,0.2565,0.0538,0.0979
q40,11,12,0,1,0.2857,2,0.2004,0.0,0.0143,0.0568
q40,11,13,0,1,0.1429,1,0.1203,0.0,0.0095,0.0515
q40,11,14,0,1,0.125,1,0.1165,0.0191,0.0101,0.0419
q40,11,15,0,1,0.125,1,0.1129,0.0239,0.0129,0.0442
q40,11,16,0,1,0.0,0,0.0027,0.0,0.0029,0.0315
q40,11,17,0,1,0.1429,1,0.1139,0.0286,0.0121,0.0496
q40,11,18,0,0,0.4,2,0.2091,0.2072,0.0629,0.1066
q40,11,19,0,0,0.1429,1,0.1202,0.0191,0.0135,0.0491
q40,11,20,0,0,0.1667,1,0.1123,0.0191,0.0071,0.0319
q40,11,21,0,0,0.0,0,0.0027,0.0,0.001,0.0136
q40,11,22,0,0,0.2857,2,0.1244,0.0263,0.0104,0.0376
q40,11,23,0,0,0.125,1,0.1129,0.0453,0.0193,0.0523
q40,11,24,0,0,0.2857,2,0.4871,0.1432,0.0604,0.1231
q40,11,25,0,0,0.1429,1,0.1139,0.0525,0.0185,0.0493
q40,11,26,0,0,0.2857,2,0.2019,0.1241,0.0463,0.1022
q40,12,13,1,1,0.4,2,0.6751,0.2128,0.0977,0.1591
q40,12,14,1,1,0.1429,1,0.2415,0.3418,0.1446,0.2283
q40,12,15,0,1,0.1429,1,0.1178,0.0506,0.0313,0.0708
q40,12,16,0,1,0.0,0,0.0096,0.1013,0.0226,0.0434
q40,12,17,0,1,0.4,2,0.2285,0.0865,0.0315,0.0732
q40,12,18,0,0,0.5,2,0.1267,0.0,0.0,0.0342
q40,12,19,0,0,0.1667,1,0.244,0.265,0.1157,0.1942
q40,12,20,0,0,0.2,1,0.2536,0.3418,0.1231,0.1992
q40,12,21,0,0,0.0,0,0.0096,0.0506,0.0115,0.0331
q40,12,22,0,0,0.3333,2,0.1245,0.1709,0.0578,0.1053
q40,12,23,0,0,0.1429,1,0.1178,0.0844,0.0328,0.0673
q40,12,24,0,0,0.1429,1,0.0211,0.0844,0.0244,0.0562
q40,12,25,0,0,0.4,2,0.2285,0.0865,0.0312,0.0643
q40,12,26,0,0,0.3333,2,0.1119,0.0675,0.0197,0.061
q40,13,14,1,1,0.1667,1,0.2474,0.2596,0.0912,0.1615
q40,13,15,0,1,0.1667,1,0.1207,0.0511,0.0227,0.0529
q40,13,16,0,1,0.0,0,0.0101,0.0894,0.0206,0.0373
q40,13,17,0,1,0.2,1,0.1111,0.0851,0.0219,0.0506
q40,13,18,0,0,0.25,1,0.1267,0.03,0.0091,0.0335
q40,13,19,0,0,0.2,1,0.2613,0.2201,0.0942,0.1554
q40,13,20,0,0,0.25,1,0.2782,0.283,0.1025,0.1693
q40,13,21,0,0,0.0,0,0.0101,0.0511,0.0115,0.0257
q40,13,22,0,0,0.1667,1,0.1226,0.2298,0.0728,0.1137
q40,13,23,0,0,0.1667,1,0.1207,0.0851,0.0241,0.0509
q40,13,24,0,0,0.1667,1,0.0203,0.0681,0.0179,0.037
q40,13,25,0,0,0.2,1,0.1111,0.0851,0.0224,0.0444
q40,13,26,0,0,0.1667,1,0.1149,0.0872,0.0197,0.048
q40,14,15,0,1,0.1429,1,0.1292,0.0449,0.0147,0.048
q40,14,16,0,1,0.0,0,0.0224,0.0897,0.0217,0.0322
q40,14,17,0,1,0.1667,1,0.1114,0.0748,0.0219,0.059
q40,14,18,0,0,0.2,1,0.128,0.0,0.0012,0.0268
q40,14,19,0,0,0.4,2,0.3551,0.391,0.1555,0.2356
q40,14,20,0,0,0.5,2,0.4548,0.4542,0.2216,0.2821
q40,14,21,0,0,0.0,0,0.0224,0.0449,0.0111,0.0274
q40,14,22,0,0,0.3333,2,0.5017,0.2897,0.0992,0.1505
q40,14,23,0,0,0.1429,1,0.1292,0.0748,0.0241,0.0544
q40,14,24,0,0,0.1429,1,0.0322,0.0897,0.027,0.0565
q40,14,25,0,0,0.1667,1,0.1114,0.0748,0.0234,0.0608
q40,14,26,0,0,0.1429,1,0.1236,0.0766,0.019,0.051
q40,15,16,1,1,0.0,0,0.0995,0.1566,0.049,0.103
q40,15,17,1,1,0.1667,1,0.522,0.4551,0.134,0.2255
q40,15,18,0,0,0.2,1,0.1363,0.0,0.0012,0.0235
q40,15,19,0,0,0.1667,1,0.2034,0.0513,0.017,0.0536
q40,15,20,0,0,0.2,1,0.1394,0.0538,0.0189,0.0496
q40,15,21,0,0,0.0,0,0.0995,0.292,0.0693,0.1234
q40,15,22,0,0,0.1429,1,0.1139,0.0392,0.0109,0.035
q40,15,23,0,0,1.0,4,1.0,0.5171,0.2376,0.2995
q40,15,24,0,0,0.1429,1,0.0316,0.1648,0.039,0.0862
q40,15,25,0,0,0.1667,1,0.522,0.398,0.1256,0.2229
q40,15,26,0,0,0.1429,1,0.3237,0.155,0.0333,0.0726
q40,16,17,1,1,0.0,0,0.0459,0.1746,0.051,0.0958
q40,16,18,0,0,0.0,0,0.0365,0.0,0.001,0.0126
q40,16,19,0,0,0.0,0,0.0091,0.1026,0.0232,0.0382
q40,16,20,0,0,0.0,0,0.0105,0.0748,0.0199,0.0328
q40,16,21,0,0,1.0,6,1.0,0.2597,0.1241,0.2163
q40,16,22,0,0,0.0,0,0.0,0.0716,0.0187,0.0301
q40,16,23,0,0,0.0,0,0.0995,0.1821,0.0625,0.1219
q40,16,24,0,0,0.0,0,0.0284,0.0567,0.0232,0.0525
q40,16,25,0,0,0.0,0,0.0459,0.1746,0.0543,0.0965
q40,16,26,0,0,0.0,0,0.0334,0.0567,0.0192,0.0403
q40,17,18,0,0,0.25,1,0.1204,0.0,0.0046,0.0316
q40,17,19,0,0,0.2,1,0.1958,0.0855,0.0225,0.051
q40,17,20,0,0,0.25,1,0.1331,0.0623,0.0211,0.0508
q40,17,21,0,0,0.0,0,0.0459,0.2765,0.0564,0.1083
q40,17,22,0,0,0.1667,1,0.1167,0.0577,0.0178,0.0442
q40,17,23,0,0,0.1667,1,0.522,0.4246,0.1183,0.1892
q40,17,24,0,0,0.1667,1,0.027,0.187,0.0477,0.0986
q40,17,25,0,0,1.0,3,1.0,0.5872,0.2628,0.3398
q40,17,26,0,0,0.1667,1,0.202,0.1486,0.038,0.0812
q40,18,19,0,1,0.25,1,0.1227,0.0,0.0013,0.0248
q40,18,20,0,1,0.3333,1,0.1265,0.0,0.0,0.0215
q40,18,21,0,1,0.0,0,0.0365,0.0,0.0011,0.0085
q40,18,22,0,1,0.5,2,0.1247,0.03,0.0081,0.0298
q40,18,23,0,1,0.2,1,0.1363,0.0,0.0072,0.0239
q40,18,24,1,1,0.2,1,0.1209,0.2402,0.0598,0.0981
q40,18,25,0,1,0.25,1,0.1204,0.0,0.0073,0.0341
q40,18,26,1,1,0.5,2,0.4697,0.2943,0.0833,0.126
q40,19,20,1,1,0.6667,2,0.3652,0.4209,0.1487,0.2198
q40,19,21,0,1,0.0,0,0.0091,0.0513,0.0119,0.0297
q40,19,22,1,1,0.4,2,0.3445,0.3205,0.1045,0.1576
q40,19,23,0,1,0.1667,1,0.2034,0.0855,0.0248,0.0539
q40,19,24,0,1,0.1667,1,0.0264,0.1026,0.0222,0.0469
q40,19,25,0,1,0.2,1,0.1958,0.0855,0.027,0.0595
q40,19,26,0,1,0.1667,1,0.1136,0.0855,0.0219,0.0525
q40,20,21,0,1,0.0,0,0.0105,0.0374,0.011,0.0253
q40,20,22,1,1,0.2,1,0.127,0.2399,0.0956,0.1454
q40,20,23,0,1,0.2,1,0.1394,0.0623,0.0196,0.0377
q40,20,24,0,1,0.2,1,0.0245,0.0623,0.0183,0.0365
q40,20,25,0,1,0.25,1,0.1331,0.0623,0.0198,0.0464
q40,20,26,0,1,0.2,1,0.1295,0.0498,0.0169,0.0439
q40,21,22,0,1,0.0,0,0.0,0.0346,0.0095,0.0231
q40,21,23,1,1,0.0,0,0.0995,0.2751,0.0599,0.099
q40,21,24,0,1,0.0,0,0.0284,0.1117,0.0222,0.0474
q40,21,25,1,1,0.0,0,0.0459,0.2951,0.0704,0.1233
q40,21,26,0,1,0.0,0,0.0334,0.1017,0.0167,0.0325
q40,22,23,0,1,0.1429,1,0.1139,0.0577,0.0185,0.0374
q40,22,24,0,1,0.1429,1,0.0143,0.0606,0.0188,0.0445
q40,22,25,0,1,0.1667,1,0.1167,0.0577,0.021,0.0502
q40,22,26,0,1,0.3333,2,0.1231,0.0808,0.0174,0.044
q40,23,24,0,1,0.1429,1,0.0316,0.1565,0.042,0.0894
q40,23,25,1,1,0.1667,1,0.522,0.5025,0.193,0.2812
q40,23,26,0,1,0.1429,1,0.3237,0.1884,0.0432,0.0801
q40,24,25,0,1,0.1667,1,0.027,0.1631,0.044,0.0912
q40,24,26,1,1,0.1429,1,0.1136,0.3249,0.1128,0.1626
q40,25,26,0,1,0.1667,1,0.202,0.2022,0.0574,0.0932
q41,0,1,0,1,0.0,0,0.0298,0.0,0.0033,0.0255
q41,0,2,0,1,0.5,3,0.8559,0.0,0.0129,0.0534
q41,0,3,0,1,0.125,1,0.6301,0.073,0.0123,0.0391
q41,0,4,0,1,0.1111,1,0.1994,0.0315,0.0071,0.0328
q41,0,5,0,1,0.2857,2,0.6103,0.0,0.013,0.0515
q41,0,6,0,1,0.0,0,0.1567,0.0,0.0062,0.0349
q41,0,7,1,1,0.2857,2,0.788,0.0962,0.0308,0.0773
q41,0,8,1,1,0.25,2,0.5,0.2305,0.0524,0.1053
q41,1,2,0,1,0.0,0,0.0238,0.0,0.0205,0.0379
q41,1,3,1,1,0.0,0,0.0272,0.1904,0.0499,0.097
q41,1,4,1,1,0.0,0,0.0216,0.0901,0.0278,0.0661
q41,1,5,0,1,0.0,0,0.0205,0.1447,0.033,0.0579
q41,1,6,0,1,0.0,0,0.0662,0.052,0.0518,0.1104
q41,1,7,0,1,0.0,0,0.0106,0.0825,0.0224,0.0471
q41,1,8,0,1,0.0,0,0.0178,0.0,0.0079,0.0396
q41,2,3,0,1,0.3333,2,0.6043,0.0085,0.0184,0.0473
q41,2,4,0,1,0.0,0,0.1579,0.0138,0.0206,0.0488
q41,2,5,1,1,0.1429,1,0.597,0.5101,0.1399,0.2036
q41,2,6,1,1,0.0,0,0.1465,0.5027,0.0882,0.1421
q41,2,7,0,1,0.6,3,0.7645,0.6302,0.2264,0.3003
q41,2,8,0,1,0.125,1,0.3892,0.0,0.0051,0.0347
q41,3,4,1,1,0.0,0,0.3972,0.1601,0.0491,0.074
q41,3,5,0,1,0.0,0,0.4912,0.1092,0.0358,0.0923
q41,3,6,0,1,0.0,0,0.0521,0.0191,0.0294,0.0702
q41,3,7,0,1,0.3333,2,0.8,0.0737,0.0269,0.0694
q41,3,8,0,1,0.125,1,0.6022,0.0437,0.0181,0.0559
q41,4,5,0,1,0.125,1,0.5244,0.0399,0.0266,0.063
q41,4,6,0,1,0.0,0,0.0333,0.0222,0.025,0.0595
q41,4,7,0,1,0.0,0,0.1859,0.0,0.0151,0.0447
q41,4,8,0,1,0.1111,1,0.2254,0.0479,0.0149,0.0478
q41,5,6,1,1,0.0,0,0.0377,0.0253,0.046,0.0959
q41,5,7,0,1,0.1429,1,0.6707,0.618,0.178,0.2178
q41,5,8,0,1,0.125,1,0.3515,0.0187,0.0152,0.0581
q41,6,7,0,1,0.0,0,0.0917,0.007,0.0362,0.098
q41,6,8,0,1,0.0,0,0.0526,0.0332,0.013,0.05
q41,7,8,1,1,0.125,1,0.5343,0.0488,0.0203,0.0637
q42,0,1,1,1,0.2857,2,0.6131,0.2263,0.0596,0.1154
q42,0,2,1,1,0.0,0,0.255,0.2263,0.0454,0.0881
q42,0,3,0,1,0.0,0,0.0323,0.0,0.0047,0.0175
q42,0,4,0,1,0.0,0,0.05,0.0,0.0069,0.0208
q42,0,5,0,1,0.1667,1,0.409,0.0584,0.0141,0.0433
q42,0,6,0,1,0.1667,1,0.0397,0.0,0.0034,0.0226
q42,0,7,0,1,0.2222,2,0.4199,0.0584,0.0141,0.0404
q42,0,8,0,1,0.25,2,0.0452,0.0584,0.0088,0.0243
q42,0,9,0,0,0.0,0,0.0195,0.0,0.0,0.0033
q42,0,10,0,0,0.0,0,0.0718,0.0,0.0,0.013
q42,0,11,0,0,0.1667,1,0.1768,0.0584,0.0132,0.0349
q42,0,12,0,0,0.0,0,0.0026,0.0657,0.006,0.0145
q42,0,13,0,0,0.0,0,0.0,0.0,0.0026,0.0088
q42,0,14,0,0,0.0,0,0.0305,0.0,0.0,0.0056
q42,0,15,0,0,0.0,0,0.0136,0.0,0.0,0.005
q42,0,16,0,0,0.0,0,0.0309,0.0,0.002,0.0093
q42,0,17,0,0,0.0,0,0.0008,0.0,0.004,0.0119
q42,0,18,0,0,0.0,0,0.0,0.0,0.0,0.0035
q42,0,19,0,0,0.0,0,0.0335,0.0,0.0032,0.0123
q42,0,20,0,0,0.0,0,0.0055,0.0,0.0,0.0024
q42,0,21,0,0,0.0,0,0.0294,0.0,0.0,0.0032
q42,0,22,0,0,0.0,0,0.0009,0.0,0.0041,0.0108
q42,0,23,0,0,0.0,0,0.0,0.0,0.0,0.0047
q42,0,24,0,0,0.0,0,0.0458,0.0,0.0036,0.014
q42,0,25,0,0,0.2222,2,0.3169,0.0584,0.0121,0.0288
q42,0,26,0,0,0.0,0,0.0063,0.0,0.001,0.0106
q42,1,2,1,1,0.1111,1,0.2495,0.0744,0.0325,0.0797
q42,1,3,0,1,0.0,0,0.036,0.0465,0.0131,0.0315
q42,1,4,0,1,0.1429,1,0.2333,0.093,0.0182,0.0339
q42,1,5,0,1,0.2,1,0.2865,0.0651,0.0189,0.0441
q42,1,6,0,1,0.2,1,0.0544,0.0837,0.0127,0.0377
q42,1,7,0,1,0.0,0,0.1934,0.1163,0.0238,0.0495
q42,1,8,0,1,0.125,1,0.0413,0.1349,0.0226,0.0379
q42,1,9,0,0,0.0,0,0.0167,0.0,0.0,0.0015
q42,1,10,0,0,0.0,0,0.1695,0.0,0.0026,0.0149
q42,1,11,0,0,0.2,1,0.2188,0.1721,0.0279,0.0502
q42,1,12,0,0,0.0,0,0.0112,0.0,0.0022,0.0134
q42,1,13,0,0,0.0,0,0.0,0.0372,0.0048,0.0108
q42,1,14,0,0,0.0,0,0.0399,0.0,0.0,0.0042
q42,1,15,0,0,0.0,0,0.0316,0.0,0.0,0.0058
q42,1,16,0,0,0.0,0,0.0069,0.0372,0.0037,0.0098
q42,1,17,0,0,0.0,0,0.0208,0.0372,0.0037,0.0123
q42,1,18,0,0,0.0,0,0.0012,0.0,0.0,0.0043
q42,1,19,0,0,0.0,0,0.0468,0.0,0.001,0.008
q42,1,20,0,0,0.0,0,0.0332,0.0,0.0,0.0044
q42,1,21,0,0,0.0,0,0.0111,0.0,0.0,0.0061
q42,1,22,0,0,0.0,0,0.0111,0.0,0.001,0.0078
q42,1,23,0,0,0.0,0,0.0,0.0,0.0,0.0033
q42,1,24,0,0,0.0,0,0.0549,0.0,0.0009,0.0132
q42,1,25,0,0,0.1111,1,0.108,0.0,0.0052,0.02
q42,1,26,0,0,0.0,0,0.004,0.0,0.0009,0.0077
q42,2,3,0,1,0.0,0,0.041,0.1465,0.0315,0.0533
q42,2,4,0,1,0.1111,1,0.1526,0.0861,0.0284,0.0565
q42,2,5,0,1,0.0,0,0.1668,0.1752,0.0415,0.0677
q42,2,6,0,1,0.0,0,0.0226,0.1616,0.0355,0.0638
q42,2,7,0,1,0.0909,1,0.2309,0.0967,0.0251,0.0551
q42,2,8,0,1,0.0,0,0.0296,0.1329,0.026,0.0468
q42,2,9,0,0,0.0,0,0.0359,0.0587,0.0168,0.0206
q42,2,10,0,0,0.0,0,0.0729,0.1346,0.0274,0.046
q42,2,11,0,0,0.0,0,0.1179,0.1601,0.0369,0.068
q42,2,12,0,0,0.0,0,0.0128,0.0483,0.0177,0.0289
q42,2,13,0,0,0.0,0,0.0,0.145,0.0275,0.0386
q42,2,14,0,0,0.0,0,0.0234,0.0483,0.0134,0.0215
q42,2,15,0,0,0.0,0,0.0228,0.0483,0.0128,0.0252
q42,2,16,0,0,0.0,0,0.0406,0.0604,0.0178,0.0265
q42,2,17,0,0,0.0,0,0.0198,0.1465,0.0264,0.0387
q42,2,18,0,0,0.0,0,0.0,0.0604,0.016,0.0222
q42,2,19,0,0,0.0,0,0.0318,0.1314,0.0233,0.0359
q42,2,20,0,0,0.0,0,0.0204,0.1148,0.0189,0.026
q42,2,21,0,0,0.0,0,0.0216,0.1269,0.0182,0.0294
q42,2,22,0,0,0.0,0,0.0094,0.0861,0.0234,0.0352
q42,2,23,0,0,0.0,0,0.0,0.0498,0.0151,0.024
q42,2,24,0,0,0.0,0,0.0286,0.1329,0.0214,0.0376
q42,2,25,0,0,0.0,0,0.0983,0.0755,0.0237,0.052
q42,2,26,0,0,0.0,0,0.0032,0.0498,0.0162,0.0294
q42,3,4,1,1,0.125,1,0.1972,0.2348,0.0762,0.1405
q42,3,5,0,1,0.0,0,0.0335,0.0584,0.0264,0.0577
q42,3,6,1,1,0.0,0,0.019,0.2384,0.0719,0.1098
q42,3,7,0,1,0.0,0,0.012,0.009,0.0198,0.0455
q42,3,8,0,1,0.0,0,0.0039,0.0809,0.0241,0.0411
q42,3,9,0,0,0.0,0,0.0122,0.0734,0.0195,0.0357
q42,3,10,0,0,0.0,0,0.0877,0.133,0.0238,0.0433
q42,3,11,0,0,0.0,0,0.0198,0.0629,0.0279,0.052
q42,3,12,0,0,0.0,0,0.0011,0.0513,0.0214,0.048
q42,3,13,0,0,0.0,0,0.0051,0.1678,0.028,0.0446
q42,3,14,0,0,0.0,0,0.0063,0.0573,0.0223,0.0461
q42,3,15,0,0,0.0,0,0.0166,0.018,0.0094,0.0265
q42,3,16,0,0,0.0,0,0.0025,0.0629,0.0179,0.0301
q42,3,17,0,0,0.0,0,0.0232,0.2056,0.0309,0.0656
q42,3,18,0,0,0.0,0,0.0084,0.0544,0.0156,0.0244
q42,3,19,0,0,0.125,1,0.3132,0.2011,0.0389,0.0789
q42,3,20,0,0,0.0,0,0.0333,0.1157,0.0209,0.0304
q42,3,21,0,0,0.0,0,0.0108,0.1146,0.0196,0.0279
q42,3,22,0,0,0.0,0,0.0077,0.073,0.0249,0.0527
q42,3,23,0,0,0.0,0,0.0012,0.0,0.0155,0.0335
q42,3,24,0,0,0.0,0,0.0063,0.1798,0.033,0.0643
q42,3,25,0,0,0.0,0,0.0491,0.0831,0.0269,0.048
q42,3,26,0,0,0.0,0,0.006,0.0,0.0158,0.0427
q42,4,5,0,1,0.0,0,0.0044,0.2414,0.0286,0.0551
q42,4,6,1,1,0.0,0,0.0066,0.1839,0.0675,0.1129
q42,4,7,0,1,0.0,0,0.0209,0.0083,0.0215,0.045
q42,4,8,0,1,0.0,0,0.0011,0.2591,0.0309,0.0585
q42,4,9,0,0,0.0,0,0.013,0.0881,0.0216,0.0334
q42,4,10,0,0,0.0,0,0.1241,0.0501,0.0194,0.0398
q42,4,11,0,0,0.0,0,0.0864,0.2275,0.035,0.0644
q42,4,12,0,0,0.0,0,0.0102,0.0822,0.0297,0.0473
q42,4,13,0,0,0.0,0,0.0043,0.079,0.0267,0.0515
q42,4,14,0,0,0.0,0,0.0117,0.0649,0.0258,0.0455
q42,4,15,0,0,0.0,0,0.0381,0.125,0.0125,0.0281
q42,4,16,0,0,0.0,0,0.0092,0.0697,0.0234,0.0371
q42,4,17,0,0,0.0,0,0.0562,0.1155,0.0337,0.0679
q42,4,18,0,0,0.0,0,0.0069,0.0634,0.0199,0.0229
q42,4,19,0,0,0.0,0,0.0541,0.1386,0.0375,0.0692
q42,4,20,0,0,0.0,0,0.0707,0.0427,0.0173,0.0239
q42,4,21,0,0,0.0,0,0.0086,0.0593,0.0186,0.0264
q42,4,22,0,0,0.0,0,0.0167,0.2695,0.0352,0.0655
q42,4,23,0,0,0.0,0,0.001,0.2071,0.0223,0.0373
q42,4,24,0,0,0.0,0,0.0098,0.1217,0.0394,0.068
q42,4,25,0,0,0.0,0,0.0466,0.0739,0.0271,0.0474
q42,4,26,0,0,0.0,0,0.0053,0.205,0.0207,0.0488
q42,5,6,0,1,0.3333,1,0.121,0.0726,0.0291,0.0635
q42,5,7,1,1,0.0,0,0.2078,0.1545,0.088,0.1553
q42,5,8,1,1,0.1667,1,0.1779,0.2593,0.0654,0.123
q42,5,9,0,0,0.0,0,0.0059,0.0881,0.0189,0.0305
q42,5,10,0,0,0.0,0,0.0625,0.0782,0.0213,0.0558
q42,5,11,0,0,0.3333,1,0.454,0.3023,0.0681,0.1169
q42,5,12,0,0,0.0,0,0.0009,0.0616,0.02,0.0349
q42,5,13,0,0,0.0,0,0.0,0.0564,0.0237,0.0385
q42,5,14,0,0,0.0,0,0.0052,0.0519,0.0209,0.0523
q42,5,15,0,0,0.0,0,0.0049,0.1371,0.014,0.0367
q42,5,16,0,0,0.0,0,0.0288,0.0632,0.0211,0.0351
q42,5,17,0,0,0.0,0,0.0,0.1491,0.021,0.0408
q42,5,18,0,0,0.0,0,0.0,0.0544,0.0154,0.0222
q42,5,19,0,0,0.0,0,0.0009,0.0528,0.0207,0.0393
q42,5,20,0,0,0.0,0,0.0048,0.0427,0.0148,0.0275
q42,5,21,0,0,0.0,0,0.0046,0.0523,0.0167,0.0275
q42,5,22,0,0,0.0,0,0.0,0.1444,0.0245,0.047
q42,5,23,0,0,0.0,0,0.001,0.196,0.0201,0.039
q42,5,24,0,0,0.0,0,0.0184,0.0556,0.0239,0.0489
q42,5,25,0,0,0.0,0,0.1031,0.1433,0.0452,0.0806
q42,5,26,0,0,0.0,0,0.0126,0.1491,0.0233,0.0593
q42,6,7,0,1,0.0,0,0.0353,0.0,0.0201,0.0518
q42,6,8,0,1,0.1667,1,0.1151,0.1203,0.0296,0.0601
q42,6,9,0,0,0.0,0,0.0012,0.0734,0.019,0.0304
q42,6,10,0,0,0.0,0,0.0255,0.133,0.0272,0.0452
q42,6,11,0,0,0.3333,1,0.1065,0.0965,0.0383,0.074
q42,6,12,0,0,0.0,0,0.0,0.0719,0.0209,0.0396
q42,6,13,0,0,0.0,0,0.0,0.1834,0.0311,0.0518
q42,6,14,0,0,0.0,0,0.0021,0.0533,0.0231,0.0421
q42,6,15,0,0,0.0,0,0.0018,0.0091,0.0091,0.0258
q42,6,16,0,0,0.0,0,0.0014,0.0726,0.0182,0.0331
q42,6,17,0,0,0.0,0,0.0,0.1703,0.0355,0.0619
q42,6,18,0,0,0.0,0,0.0,0.0545,0.0152,0.0215
q42,6,19,0,0,0.0,0,0.0349,0.1589,0.0311,0.0513
q42,6,20,0,0,0.0,0,0.001,0.126,0.0211,0.0319
q42,6,21,0,0,0.0,0,0.0009,0.1078,0.0191,0.0265
q42,6,22,0,0,0.0,0,0.0,0.1033,0.029,0.0497
q42,6,23,0,0,0.0,0,0.0,0.0499,0.0171,0.0348
q42,6,24,0,0,0.0,0,0.0037,0.1839,0.0373,0.0648
q42,6,25,0,0,0.0,0,0.0134,0.1635,0.0338,0.0583
q42,6,26,0,0,0.0,0,0.0009,0.0499,0.0174,0.0419
q42,7,8,1,1,0.1,1,0.0293,0.0518,0.0373,0.0819
q42,7,9,0,0,0.0,0,0.04,0.0,0.0123,0.0294
q42,7,10,0,0,0.0,0,0.0626,0.0407,0.0191,0.0527
q42,7,11,0,0,0.0,0,0.1629,0.0856,0.0539,0.1005
q42,7,12,0,0,0.0,0,0.0066,0.0,0.0154,0.0355
q42,7,13,0,0,0.0,0,0.0,0.0,0.0141,0.0333
q42,7,14,0,0,0.0,0,0.026,0.0,0.0145,0.0383
q42,7,15,0,0,0.0,0,0.028,0.0417,0.0153,0.0365
q42,7,16,0,0,0.0,0,0.0509,0.0,0.0116,0.0306
q42,7,17,0,0,0.0,0,0.0046,0.0,0.0121,0.0281
q42,7,18,0,0,0.0,0,0.0,0.0,0.0094,0.0172
q42,7,19,0,0,0.0,0,0.0111,0.0,0.0158,0.0331
q42,7,20,0,0,0.0,0,0.0047,0.0,0.0112,0.0252
q42,7,21,0,0,0.0,0,0.03,0.0,0.0091,0.0212
q42,7,22,0,0,0.0,0,0.0046,0.0,0.0148,0.037
q42,7,23,0,0,0.0,0,0.001,0.0658,0.0255,0.0431
q42,7,24,0,0,0.0,0,0.031,0.0,0.0171,0.0458
q42,7,25,0,0,0.2,2,0.4412,0.0638,0.0434,0.0944
q42,7,26,0,0,0.0,0,0.003,0.0499,0.0287,0.0582
q42,8,9,0,0,0.0,0,0.0012,0.0881,0.0184,0.0366
q42,8,10,0,0,0.0,0,0.0053,0.1628,0.0346,0.0751
q42,8,11,0,0,0.1667,1,0.1242,0.3099,0.0567,0.1096
q42,8,12,0,0,0.0,0,0.0,0.0719,0.0237,0.0477
q42,8,13,0,0,0.0,0,0.0,0.0917,0.026,0.0503
q42,8,14,0,0,0.0,0,0.0012,0.0617,0.0209,0.0535
q42,8,15,0,0,0.0,0,0.0,0.125,0.0169,0.0464
q42,8,16,0,0,0.0,0,0.0,0.0784,0.0266,0.0473
q42,8,17,0,0,0.0,0,0.0,0.0707,0.0226,0.0438
q42,8,18,0,0,0.0,0,0.0,0.0725,0.0186,0.0326
q42,8,19,0,0,0.0,0,0.0,0.1122,0.03,0.0515
q42,8,20,0,0,0.0,0,0.0,0.0513,0.0186,0.043
q42,8,21,0,0,0.0,0,0.0,0.0677,0.0175,0.0339
q42,8,22,0,0,0.0,0,0.0,0.2091,0.0391,0.0677
q42,8,23,0,0,0.0,0,0.0022,0.1881,0.0207,0.0481
q42,8,24,0,0,0.0,0,0.0026,0.1295,0.0387,0.0772
q42,8,25,0,0,0.1,1,0.132,0.1857,0.059,0.1123
q42,8,26,0,0,0.0,0,0.0012,0.1732,0.0242,0.0579
q42,9,10,1,1,0.0,0,0.0227,0.1119,0.0329,0.053
q42,9,11,1,1,0.0,0,0.0012,0.1174,0.028,0.0484
q42,9,12,0,1,0.0,0,0.0,0.0881,0.0239,0.0448
q42,9,13,0,1,0.0,0,0.0,0.0734,0.0227,0.0359
q42,9,14,0,1,0.0,0,0.0174,0.0881,0.0202,0.0389
q42,9,15,0,1,0.0,0,0.0015,0.0,0.0092,0.0248
q42,9,16,0,1,0.0,0,0.0529,0.0881,0.0196,0.0279
q42,9,17,0,1,0.0,0,0.0,0.0881,0.0225,0.0372
q42,9,18,0,0,0.0,0,0.0,0.0881,0.0185,0.0244
q42,9,19,0,0,0.0,0,0.0103,0.0881,0.0215,0.039
q42,9,20,0,0,0.0,0,0.0,0.0734,0.017,0.0326
q42,9,21,0,0,0.0,0,0.0152,0.0734,0.0149,0.0192
q42,9,22,0,0,0.0,0,0.0,0.0881,0.0193,0.0392
q42,9,23,0,0,0.0,0,0.0048,0.0183,0.0244,0.0494
q42,9,24,0,0,0.0,0,0.0194,0.0881,0.0169,0.0378
q42,9,25,0,0,0.0,0,0.0317,0.1174,0.0241,0.0404
q42,9,26,0,0,0.0,0,0.0025,0.0367,0.0261,0.0541
q42,10,11,1,1,0.0,0,0.0827,0.2535,0.0795,0.1129
q42,10,12,0,1,0.0,0,0.0101,0.0501,0.0151,0.03
q42,10,13,0,1,0.0,0,0.0015,0.133,0.0273,0.0405
q42,10,14,0,1,0.0,0,0.0465,0.0579,0.0218,0.0453
q42,10,15,0,1,0.0,0,0.0412,0.0,0.0119,0.0263
q42,10,16,0,1,0.0,0,0.053,0.0626,0.0155,0.0267
q42,10,17,0,1,0.0,0,0.0264,0.133,0.019,0.0289
q42,10,18,0,0,0.0,0,0.0012,0.0626,0.0158,0.0275
q42,10,19,0,0,0.0,0,0.0367,0.1909,0.0293,0.0477
q42,10,20,0,0,0.0,0,0.0492,0.133,0.0202,0.034
q42,10,21,0,0,0.0,0,0.0226,0.1362,0.0202,0.0312
q42,10,22,0,0,0.0,0,0.0101,0.108,0.0269,0.0514
q42,10,23,0,0,0.0,0,0.0,0.0861,0.0267,0.0533
q42,10,24,0,0,0.0,0,0.0573,0.2175,0.0357,0.0568
q42,10,25,0,0,0.0,0,0.0716,0.1534,0.0318,0.0624
q42,10,26,0,0,0.0,0,0.0228,0.0704,0.0461,0.0929
q42,11,12,0,1,0.0,0,0.002,0.0616,0.0232,0.0377
q42,11,13,0,1,0.0,0,0.0,0.0818,0.0244,0.046
q42,11,14,0,1,0.0,0,0.0,0.0683,0.0226,0.0472
q42,11,15,0,1,0.0,0,0.0304,0.125,0.0135,0.0354
q42,11,16,0,1,0.0,0,0.0012,0.0741,0.0259,0.0469
q42,11,17,0,1,0.0,0,0.0266,0.0704,0.0239,0.0476
q42,11,18,0,0,0.0,0,0.0041,0.0634,0.0174,0.0278
q42,11,19,0,0,0.0,0,0.0413,0.1353,0.0365,0.0599
q42,11,20,0,0,0.0,0,0.0743,0.052,0.0187,0.0334
q42,11,21,0,0,0.0,0,0.0,0.0693,0.0187,0.0309
q42,11,22,0,0,0.0,0,0.0022,0.2438,0.0342,0.0647
q42,11,23,0,0,0.0,0,0.001,0.195,0.0353,0.063
q42,11,24,0,0,0.0,0,0.0009,0.1311,0.0372,0.0741
q42,11,25,0,0,0.0,0,0.0433,0.1538,0.0537,0.0948
q42,11,26,0,0,0.0,0,0.0203,0.2297,0.0423,0.0956
q42,12,13,0,1,0.0,0,0.0,0.0564,0.0166,0.0376
q42,12,14,1,1,0.0,0,0.0022,0.113,0.0398,0.0726
q42,12,15,0,1,0.0,0,0.008,0.0,0.0094,0.0366
q42,12,16,0,1,0.0,0,0.006,0.0937,0.0266,0.0439
q42,12,17,1,1,0.0,0,0.0222,0.0834,0.0434,0.1046
q42,12,18,0,0,0.0,0,0.0,0.0719,0.021,0.0357
q42,12,19,0,0,0.1429,1,0.1289,0.0822,0.0392,0.0983
q42,12,20,0,0,0.0,0,0.0095,0.0513,0.0177,0.0344
q42,12,21,0,0,0.0,0,0.0117,0.0513,0.0165,0.0286
q42,12,22,0,0,0.1429,1,0.1195,0.1297,0.0593,0.1215
q42,12,23,0,0,0.0,0,0.0,0.0116,0.0169,0.0375
q42,12,24,0,0,0.0,0,0.0077,0.0924,0.0301,0.0682
q42,12,25,0,0,0.0,0,0.0123,0.0822,0.0246,0.0447
q42,12,26,0,0,0.0,0,0.0,0.0,0.0159,0.0409
q42,13,14,0,1,0.0,0,0.0036,0.0592,0.0181,0.0365
q42,13,15,1,1,0.0,0,0.0036,0.0465,0.0259,0.0786
q42,13,16,1,1,0.0909,1,0.0166,0.1932,0.0771,0.1249
q42,13,17,0,1,0.0,0,0.0,0.1622,0.0236,0.0493
q42,13,18,0,0,0.0,0,0.003,0.0931,0.0314,0.0649
q42,13,19,0,0,0.0,0,0.0,0.1721,0.0264,0.0485
q42,13,20,0,0,0.0,0,0.0056,0.2468,0.0452,0.0929
q42,13,21,0,0,0.0,0,0.0,0.2355,0.0401,0.0761
q42,13,22,0,0,0.0,0,0.0,0.0959,0.0235,0.0417
q42,13,23,0,0,0.0,0,0.0,0.0127,0.0164,0.0403
q42,13,24,0,0,0.0,0,0.0,0.1707,0.0256,0.0507
q42,13,25,0,0,0.0,0,0.0,0.0874,0.0264,0.0489
q42,13,26,0,0,0.0,0,0.0021,0.0367,0.0215,0.0446
q42,14,15,0,1,0.0,0,0.0113,0.0,0.0103,0.035
q42,14,16,0,1,0.0,0,0.0366,0.0795,0.0227,0.0371
q42,14,17,1,1,0.0,0,0.0022,0.0541,0.0226,0.0544
q42,14,18,0,0,0.0,0,0.0,0.0634,0.0189,0.0279
q42,14,19,0,0,0.0,0,0.0072,0.0528,0.0218,0.0584
q42,14,20,0,0,0.0,0,0.0062,0.0433,0.0147,0.0296
q42,14,21,0,0,0.0,0,0.0123,0.0433,0.0131,0.0248
q42,14,22,0,0,0.0,0,0.0022,0.0628,0.0243,0.0606
q42,14,23,0,0,0.0,0,0.0,0.0,0.014,0.0337
q42,14,24,0,0,0.6667,4,0.7266,0.3084,0.137,0.2149
q42,14,25,0,0,0.0,0,0.023,0.0693,0.0228,0.0476
q42,14,26,0,0,0.0,0,0.0,0.0,0.019,0.0518
q42,15,16,1,1,0.0,0,0.0058,0.0099,0.019,0.0657
q42,15,17,0,1,0.0,0,0.0237,0.0888,0.0121,0.0319
q42,15,18,0,0,0.0,0,0.0,0.0396,0.02,0.0483
q42,15,19,0,0,0.0,0,0.0265,0.0,0.0082,0.0387
q42,15,20,0,0,0.0,0,0.0492,0.0164,0.0168,0.0457
q42,15,21,0,0,0.0,0,0.0091,0.0208,0.0163,0.044
q42,15,22,0,0,0.0,0,0.0095,0.1162,0.0118,0.0381
q42,15,23,0,0,0.0,0,0.0,0.1809,0.0211,0.0353
q42,15,24,0,0,0.0,0,0.0077,0.0088,0.0103,0.0407
q42,15,25,0,0,0.0,0,0.0209,0.0088,0.0098,0.0301
q42,15,26,0,0,0.0,0,0.0064,0.1864,0.0276,0.0541
q42,16,17,0,1,0.0,0,0.0086,0.061,0.0175,0.0319
q42,16,18,0,0,0.0,0,0.0017,0.0917,0.0382,0.0704
q42,16,19,0,0,0.0,0,0.0235,0.0616,0.017,0.0332
q42,16,20,0,0,0.0,0,0.0132,0.0708,0.03,0.072
q42,16,21,0,0,0.1,1,0.2185,0.0763,0.0303,0.069
q42,16,22,0,0,0.0,0,0.0046,0.0697,0.019,0.0313
q42,16,23,0,0,0.0,0,0.0,0.0,0.0117,0.0266
q42,16,24,0,0,0.0,0,0.0577,0.0697,0.0217,0.0404
q42,16,25,0,0,0.0,0,0.0601,0.0697,0.0235,0.0397
q42,16,26,0,0,0.0,0,0.0,0.0,0.0127,0.0346
q42,17,18,0,0,0.0,0,0.0024,0.0634,0.0171,0.0268
q42,17,19,0,0,0.0,0,0.0473,0.2519,0.05,0.0938
q42,17,20,0,0,0.0,0,0.054,0.1186,0.022,0.0352
q42,17,21,0,0,0.0,0,0.0124,0.1056,0.0184,0.0243
q42,17,22,0,0,0.75,3,0.6204,0.1242,0.05,0.1076
q42,17,23,0,0,0.0,0,0.0,0.0458,0.0176,0.0365
q42,17,24,0,0,0.0,0,0.0021,0.1578,0.0394,0.0746
q42,17,25,0,0,0.0,0,0.0375,0.062,0.0195,0.0333
q42,17,26,0,0,0.0,0,0.0032,0.0803,0.0156,0.0395
q42,18,19,0,1,0.0,0,0.0036,0.0634,0.0205,0.0377
q42,18,20,1,1,0.0,0,0.0102,0.1121,0.0491,0.0912
q42,18,21,1,1,0.0,0,0.0012,0.0872,0.0315,0.0609
q42,18,22,0,1,0.0,0,0.0012,0.0725,0.0212,0.0298
q42,18,23,0,1,0.0,0,0.0014,0.0102,0.0168,0.0323
q42,18,24,0,1,0.0,0,0.0,0.0725,0.0197,0.0307
q42,18,25,0,1,0.0,0,0.0,0.0634,0.0175,0.0255
q42,18,26,0,1,0.0,0,0.0036,0.0,0.0105,0.0216
q42,19,20,0,1,0.0,0,0.0426,0.1331,0.0236,0.0451
q42,19,21,0,1,0.0,0,0.0246,0.1298,0.0217,0.0333
q42,19,22,1,1,0.0,0,0.0258,0.1782,0.0572,0.1123
q42,19,23,0,1,0.0,0,0.0012,0.0088,0.0147,0.0334
q42,19,24,1,1,0.0,0,0.0107,0.2739,0.0612,0.106
q42,19,25,0,1,0.0,0,0.0152,0.1111,0.0257,0.0502
q42,19,26,0,1,0.0,0,0.0048,0.0176,0.0157,0.0441
q42,20,21,1,1,0.0,0,0.0148,0.2169,0.0444,0.0758
q42,20,22,0,1,0.0,0,0.0106,0.0769,0.0193,0.0309
q42,20,23,0,1,0.0,0,0.0,0.0,0.0125,0.0298
q42,20,24,0,1,0.0,0,0.004,0.1303,0.0226,0.0422
q42,20,25,0,1,0.0,0,0.0277,0.0427,0.0152,0.0319
q42,20,26,0,1,0.0,0,0.0151,0.0,0.0105,0.0269
q42,21,22,0,1,0.0,0,0.0084,0.0595,0.017,0.0258
q42,21,23,0,1,0.0,0,0.0,0.0082,0.0122,0.0241
q42,21,24,0,1,0.0,0,0.0183,0.1415,0.0208,0.0355
q42,21,25,0,1,0.0,0,0.0469,0.0933,0.0193,0.0323
q42,21,26,0,1,0.0,0,0.0,0.0164,0.0119,0.0283
q42,22,23,0,1,0.0,0,0.0,0.0889,0.0198,0.0381
q42,22,24,1,1,0.0,0,0.0075,0.2586,0.0603,0.1021
q42,22,25,0,1,0.0,0,0.01,0.101,0.0268,0.0539
q42,22,26,0,1,0.0,0,0.0021,0.1182,0.0237,0.0587
q42,23,24,0,1,0.0,0,0.0,0.0159,0.0156,0.037
q42,23,25,1,1,0.0,0,0.0,0.0627,0.0249,0.0469
q42,23,26,1,1,0.0,0,0.0059,0.2975,0.0495,0.0743
q42,24,25,0,1,0.0,0,0.036,0.1538,0.0339,0.0655
q42,24,26,0,1,0.0,0,0.0,0.0074,0.017,0.0484
q42,25,26,1,1,0.0,0,0.0161,0.0732,0.0372,0.0728
q43,0,1,0,1,0.0,0,0.0153,0.0,0.0105,0.0452
q43,0,2,1,1,0.0,0,0.0388,0.0431,0.0318,0.0752
q43,0,3,1,1,0.0,0,0.0264,0.1467,0.0588,0.0969
q43,0,4,0,1,0.0,0,0.0167,0.0,0.0115,0.0393
q43,0,5,0,1,0.0,0,0.0143,0.0,0.0111,0.0368
q43,0,6,0,1,0.0,0,0.0044,0.0,0.0085,0.0241
q43,0,7,0,1,0.0,0,0.0179,0.0,0.0099,0.0333
q43,0,8,0,1,0.0,0,0.0181,0.0,0.018,0.0401
q43,1,2,0,1,0.0,0,0.042,0.069,0.0163,0.0409
q43,1,3,0,1,0.0,0,0.0443,0.0864,0.0316,0.0648
q43,1,4,1,1,0.3333,2,0.5623,0.2541,0.0902,0.1551
q43,1,5,1,1,0.0,0,0.0319,0.1474,0.0608,0.1018
q43,1,6,0,1,0.0,0,0.0034,0.0385,0.0142,0.03
q43,1,7,0,1,0.0,0,0.0783,0.1956,0.0211,0.0456
q43,1,8,0,1,0.0,0,0.1295,0.0703,0.0205,0.0396
q43,2,3,1,1,0.0,0,0.0736,0.1534,0.0556,0.0873
q43,2,4,0,1,0.0,0,0.0411,0.0414,0.0118,0.0297
q43,2,5,0,1,0.0,0,0.0221,0.1259,0.0262,0.0386
q43,2,6,0,1,0.0,0,0.0014,0.1259,0.0291,0.0425
q43,2,7,0,1,0.0,0,0.0517,0.1259,0.0233,0.0346
q43,2,8,0,1,0.0,0,0.0818,0.1276,0.0414,0.0622
q43,3,4,0,1,0.0,0,0.0415,0.0588,0.0235,0.0473
q43,3,5,0,1,0.0,0,0.0184,0.1227,0.0347,0.0601
q43,3,6,0,1,0.0,0,0.0042,0.0914,0.0265,0.0398
q43,3,7,0,1,0.0,0,0.0429,0.1051,0.0274,0.0434
q43,3,8,0,1,0.0,0,0.0627,0.1186,0.0374,0.0481
q43,4,5,1,1,0.0,0,0.0211,0.1133,0.0513,0.0859
q43,4,6,0,1,0.0,0,0.0023,0.0245,0.0095,0.03
q43,4,7,0,1,0.0,0,0.0817,0.0776,0.0137,0.0413
q43,4,8,0,1,0.0,0,0.1556,0.0469,0.0165,0.0393
q43,5,6,0,1,0.0,0,0.0014,0.0694,0.0197,0.0311
q43,5,7,0,1,0.0,0,0.0183,0.0789,0.0216,0.036
q43,5,8,0,1,0.0,0,0.0173,0.1186,0.0261,0.0377
q43,6,7,1,1,0.0,0,0.0087,0.0781,0.0337,0.0661
q43,6,8,1,1,0.0,0,0.0014,0.1903,0.0592,0.0969
q43,7,8,1,1,0.1,1,0.223,0.2196,0.0616,0.098
q44,0,1,1,1,0.1667,1,0.0107,0.9062,0.4857,0.57
q44,0,2,1,1,0.1429,1,0.4791,0.5859,0.3546,0.4179
q44,0,3,0,1,0.0,0,0.0152,0.0,0.0022,0.0175
q44,0,4,0,1,0.0,0,0.004,0.0,0.0,0.0044
q44,0,5,0,1,0.1429,1,0.2791,0.14,0.039,0.0938
q44,0,6,0,1,0.0,0,0.0109,0.0,0.0,0.0083
q44,0,7,0,1,0.1667,1,0.8328,0.0,0.0,0.0031
q44,0,8,0,1,0.0,0,0.055,0.0,0.0106,0.0287
q44,0,9,0,0,0.0,0,0.075,0.0,0.0,0.0198
q44,0,10,0,0,0.0,0,0.0331,0.0,0.0,0.0137
q44,0,11,0,0,0.0,0,0.0097,0.0,0.0,0.0121
q44,0,12,0,0,0.0,0,0.0085,0.0,0.0082,0.0248
q44,0,13,0,0,0.0,0,0.0093,0.0,0.0074,0.0236
q44,0,14,0,0,0.0,0,0.0267,0.0,0.0,0.0015
q44,0,15,0,0,0.0,0,0.0094,0.0,0.0,0.0024
q44,0,16,0,0,0.0,0,0.0118,0.0,0.0,0.0052
q44,0,17,0,0,0.0,0,0.0068,0.0,0.0031,0.0106
q44,0,18,0,0,0.0,0,0.0097,0.0,0.0063,0.0175
q44,0,19,0,0,0.0,0,0.0009,0.0,0.0046,0.0181
q44,0,20,0,0,0.0,0,0.0118,0.0,0.0,0.0109
q44,0,21,0,0,0.0,0,0.0354,0.0,0.0,0.0048
q44,0,22,0,0,0.0,0,0.0392,0.0,0.0,0.0083
q44,0,23,0,0,0.0,0,0.0022,0.0,0.0022,0.0111
q44,0,24,0,0,0.0,0,0.0,0.0,0.0,0.0117
q44,0,25,0,0,0.0,0,0.0013,0.0,0.0016,0.0189
q44,0,26,0,0,0.0,0,0.0009,0.0,0.0029,0.0196
q44,1,2,1,1,0.1667,1,0.017,0.9062,0.4762,0.5545
q44,1,3,0,1,0.0,0,0.0135,0.0,0.0024,0.0163
q44,1,4,0,1,0.0,0,0.0424,0.0,0.0,0.0046
q44,1,5,0,1,0.1667,1,0.0166,0.0,0.006,0.0462
q44,1,6,0,1,0.0,0,0.0195,0.0,0.0,0.0061
q44,1,7,0,1,0.0,0,0.0128,0.0,0.0,0.0032
q44,1,8,0,1,0.0,0,0.0095,0.0,0.0037,0.0212
q44,1,9,0,0,0.0,0,0.0174,0.0,0.0,0.0237
q44,1,10,0,0,0.0,0,0.105,0.0,0.0,0.0151
q44,1,11,0,0,0.0,0,0.0957,0.0,0.0,0.0152
q44,1,12,0,0,0.0,0,0.0079,0.0,0.0,0.008
q44,1,13,0,0,0.0,0,0.0123,0.0,0.0,0.0068
q44,1,14,0,0,0.0,0,0.0179,0.0,0.0,0.0016
q44,1,15,0,0,0.0,0,0.0193,0.0,0.0,0.0025
q44,1,16,0,0,0.0,0,0.0315,0.0,0.0,0.0054
q44,1,17,0,0,0.0,0,0.0202,0.0,0.0,0.0019
q44,1,18,0,0,0.0,0,0.0046,0.0,0.0,0.0039
q44,1,19,0,0,0.0,0,0.0139,0.0,0.0,0.0084
q44,1,20,0,0,0.0,0,0.0218,0.0,0.0,0.0101
q44,1,21,0,0,0.0,0,0.0196,0.0,0.0,0.005
q44,1,22,0,0,0.0,0,0.0146,0.0,0.0,0.0075
q44,1,23,0,0,0.0,0,0.0199,0.0,0.0,0.0064
q44,1,24,0,0,0.0,0,0.0993,0.0,0.0,0.0135
q44,1,25,0,0,0.0,0,0.0216,0.0,0.0017,0.0181
q44,1,26,0,0,0.0,0,0.0298,0.0,0.0031,0.0208
q44,2,3,0,1,0.0,0,0.0155,0.0,0.0022,0.015
q44,2,4,0,1,0.0,0,0.037,0.0,0.0,0.0059
q44,2,5,0,1,0.1429,1,0.3505,0.0,0.0027,0.0386
q44,2,6,0,1,0.0,0,0.0155,0.0,0.0,0.0059
q44,2,7,0,1,0.0,0,0.5514,0.0,0.0,0.0031
q44,2,8,0,1,0.0,0,0.1636,0.0,0.0035,0.0197
q44,2,9,0,0,0.0,0,0.1144,0.0,0.0,0.0198
q44,2,10,0,0,0.0,0,0.024,0.0,0.0,0.0193
q44,2,11,0,0,0.0,0,0.0277,0.0,0.0,0.0121
q44,2,12,0,0,0.0,0,0.0078,0.0,0.0,0.0075
q44,2,13,0,0,0.0,0,0.0174,0.0,0.0,0.0063
q44,2,14,0,0,0.0,0,0.0161,0.0,0.0,0.003
q44,2,15,0,0,0.0,0,0.0156,0.0,0.0,0.0024
q44,2,16,0,0,0.0,0,0.0245,0.0,0.0,0.0073
q44,2,17,0,0,0.0,0,0.0153,0.0,0.0,0.0017
q44,2,18,0,0,0.0,0,0.0148,0.0,0.0,0.0069
q44,2,19,0,0,0.0,0,0.0128,0.0,0.0,0.0077
q44,2,20,0,0,0.0,0,0.0168,0.0,0.0,0.0097
q44,2,21,0,0,0.0,0,0.0273,0.0,0.0,0.0048
q44,2,22,0,0,0.0,0,0.0206,0.0,0.0,0.0093
q44,2,23,0,0,0.0,0,0.0114,0.0,0.0,0.0049
q44,2,24,0,0,0.0,0,0.0058,0.0,0.0,0.0117
q44,2,25,0,0,0.0,0,0.0086,0.0,0.0031,0.0228
q44,2,26,0,0,0.0,0,0.0103,0.0,0.003,0.0233
q44,3,4,0,1,0.0,0,0.0372,0.0367,0.0144,0.0226
q44,3,5,1,1,0.0,0,0.0255,0.1007,0.0541,0.0862
q44,3,6,0,1,0.1429,1,0.2455,0.0238,0.0107,0.019
q44,3,7,0,1,0.0,0,0.0746,0.0367,0.0139,0.0217
q44,3,8,1,1,0.0,0,0.0194,0.1188,0.0699,0.1052
q44,3,9,0,0,0.0,0,0.0253,0.0,0.0,0.0048
q44,3,10,0,0,0.0,0,0.1242,0.0,0.0045,0.0209
q44,3,11,0,0,0.0,0,0.0364,0.0,0.0023,0.0105
q44,3,12,0,0,0.0,0,0.0424,0.0,0.008,0.0371
q44,3,13,0,0,0.0,0,0.022,0.0,0.0012,0.0146
q44,3,14,0,0,0.1111,1,0.2196,0.0,0.013,0.0219
q44,3,15,0,0,0.2857,2,0.3156,0.0173,0.0204,0.0315
q44,3,16,0,0,0.125,1,0.072,0.0173,0.0103,0.0242
q44,3,17,0,0,0.0,0,0.0581,0.0,0.0109,0.0207
q44,3,18,0,0,0.0,0,0.0672,0.0,0.0,0.0079
q44,3,19,0,0,0.0,0,0.0264,0.0,0.0043,0.0321
q44,3,20,0,0,0.2857,2,0.2775,0.0,0.0067,0.0165
q44,3,21,0,0,0.5,3,0.7694,0.1793,0.04,0.0589
q44,3,22,0,0,0.1111,1,0.1728,0.0,0.0104,0.0145
q44,3,23,0,0,0.0,0,0.0265,0.0,0.0126,0.0257
q44,3,24,0,0,0.0,0,0.0007,0.0,0.0,0.0
q44,3,25,0,0,0.0,0,0.0109,0.0,0.0122,0.023
q44,3,26,0,0,0.0,0,0.0336,0.0,0.015,0.0341
q44,4,5,0,1,0.0,0,0.0173,0.059,0.0136,0.0229
q44,4,6,1,1,0.0,0,0.0349,0.0919,0.0375,0.0791
q44,4,7,1,1,0.0,0,0.042,0.1625,0.0459,0.0612
q44,4,8,0,1,0.0,0,0.0335,0.0727,0.0219,0.0411
q44,4,9,0,0,0.0,0,0.0324,0.0,0.0012,0.0057
q44,4,10,0,0,0.0,0,0.0341,0.0,0.001,0.0164
q44,4,11,0,0,0.0,0,0.0297,0.0,0.0,0.003
q44,4,12,0,0,0.0,0,0.0015,0.0,0.0008,0.0058
q44,4,13,0,0,0.0,0,0.0229,0.0,0.0009,0.0104
q44,4,14,0,0,0.0,0,0.0166,0.0348,0.0152,0.0337
q44,4,15,0,0,0.0,0,0.0369,0.0554,0.0167,0.0335
q44,4,16,0,0,0.0,0,0.0641,0.1033,0.0254,0.057
q44,4,17,0,0,0.0,0,0.03,0.0915,0.0179,0.0298
q44,4,18,0,0,0.0,0,0.0292,0.0,0.0011,0.0064
q44,4,19,0,0,0.0,0,0.0255,0.0,0.0068,0.0206
q44,4,20,0,0,0.0,0,0.0366,0.0,0.0119,0.0416
q44,4,21,0,0,0.0,0,0.0387,0.1071,0.0306,0.0668
q44,4,22,0,0,0.0,0,0.0402,0.0,0.0096,0.0309
q44,4,23,0,0,0.0,0,0.0391,0.0403,0.0133,0.0249
q44,4,24,0,0,0.0,0,0.0154,0.0,0.0,0.004
q44,4,25,0,0,0.0,0,0.0314,0.0505,0.019,0.0278
q44,4,26,0,0,0.0,0,0.0297,0.024,0.0135,0.0269
q44,5,6,0,1,0.0,0,0.0164,0.066,0.0143,0.0274
q44,5,7,0,1,0.0,0,0.2198,0.059,0.0116,0.0219
q44,5,8,1,1,0.1667,1,0.5019,0.1285,0.0591,0.1002
q44,5,9,0,0,0.0,0,0.1043,0.0,0.0,0.0083
q44,5,10,0,0,0.0,0,0.0181,0.0,0.0017,0.0212
q44,5,11,0,0,0.0,0,0.0144,0.0899,0.0116,0.0315
q44,5,12,0,0,0.0,0,0.0099,0.0417,0.0205,0.0465
q44,5,13,0,0,0.0,0,0.015,0.0,0.0056,0.0307
q44,5,14,0,0,0.0,0,0.0235,0.0,0.0054,0.0172
q44,5,15,0,0,0.0,0,0.0136,0.0278,0.0082,0.0227
q44,5,16,0,0,0.0,0,0.048,0.0278,0.0071,0.0217
q44,5,17,0,0,0.0,0,0.0183,0.0,0.0109,0.0266
q44,5,18,0,0,0.0,0,0.0204,0.0,0.004,0.0135
q44,5,19,0,0,0.0,0,0.0098,0.0,0.0033,0.026
q44,5,20,0,0,0.0,0,0.0177,0.0,0.0082,0.0238
q44,5,21,0,0,0.0,0,0.0182,0.0278,0.0098,0.0224
q44,5,22,0,0,0.0,0,0.0415,0.059,0.0087,0.0171
q44,5,23,0,0,0.0,0,0.0134,0.0,0.0082,0.0198
q44,5,24,0,0,0.0,0,0.0,0.0,0.0,0.0
q44,5,25,0,0,0.0,0,0.0084,0.0278,0.0161,0.034
q44,5,26,0,0,0.0,0,0.01,0.0556,0.0177,0.0354
q44,6,7,1,1,0.0,0,0.0508,0.0467,0.0157,0.0477
q44,6,8,0,1,0.0,0,0.0309,0.032,0.0121,0.032
q44,6,9,0,0,0.0,0,0.0206,0.0,0.001,0.0046
q44,6,10,0,0,0.0,0,0.1402,0.0,0.0,0.0127
q44,6,11,0,0,0.0,0,0.0186,0.0,0.0,0.0024
q44,6,12,0,0,0.0,0,0.0331,0.0,0.0007,0.0084
q44,6,13,0,0,0.0,0,0.0184,0.0,0.0008,0.0097
q44,6,14,0,0,0.0,0,0.0358,0.0116,0.0107,0.0294
q44,6,15,0,0,0.1667,1,0.5292,0.0453,0.0292,0.0786
q44,6,16,0,0,0.0,0,0.0567,0.0174,0.0114,0.0481
q44,6,17,0,0,0.0,0,0.0402,0.0,0.0043,0.0173
q44,6,18,0,0,0.0,0,0.0523,0.0,0.0028,0.0106
q44,6,19,0,0,0.0,0,0.0154,0.0,0.0,0.0154
q44,6,20,0,0,0.4,2,0.6011,0.1626,0.0846,0.1652
q44,6,21,0,0,0.0,0,0.1511,0.0337,0.0375,0.1023
q44,6,22,0,0,0.0,0,0.1496,0.0803,0.038,0.0812
q44,6,23,0,0,0.0,0,0.029,0.0,0.0047,0.0206
q44,6,24,0,0,0.0,0,0.0016,0.0,0.0,0.0022
q44,6,25,0,0,0.0,0,0.0243,0.0,0.0057,0.0152
q44,6,26,0,0,0.0,0,0.02,0.0,0.0056,0.0232
q44,7,8,0,1,0.0,0,0.0457,0.0843,0.0222,0.0343
q44,7,9,0,0,0.0,0,0.0226,0.0,0.0,0.0062
q44,7,10,0,0,0.0,0,0.0478,0.0,0.0016,0.0197
q44,7,11,0,0,0.0,0,0.0041,0.0,0.0,0.0021
q44,7,12,0,0,0.0,0,0.0357,0.0,0.002,0.0085
q44,7,13,0,0,0.0,0,0.0214,0.0,0.0014,0.013
q44,7,14,0,0,0.0,0,0.0657,0.0464,0.014,0.0235
q44,7,15,0,0,0.0,0,0.0407,0.0651,0.02,0.0389
q44,7,16,0,0,0.0,0,0.074,0.1313,0.0225,0.0457
q44,7,17,0,0,0.0,0,0.042,0.1037,0.0148,0.0236
q44,7,18,0,0,0.0,0,0.0115,0.0,0.0009,0.0143
q44,7,19,0,0,0.0,0,0.0277,0.0,0.0063,0.0202
q44,7,20,0,0,0.0,0,0.0713,0.0,0.0096,0.0362
q44,7,21,0,0,0.0,0,0.0521,0.1122,0.0232,0.0494
q44,7,22,0,0,0.0,0,0.0643,0.0076,0.0088,0.0357
q44,7,23,0,0,0.0,0,0.0378,0.0995,0.0177,0.0311
q44,7,24,0,0,0.0,0,0.0007,0.0,0.0,0.0049
q44,7,25,0,0,0.0,0,0.0048,0.1501,0.0212,0.0307
q44,7,26,0,0,0.0,0,0.0367,0.0616,0.0146,0.026
q44,8,9,0,0,0.0,0,0.026,0.0,0.0034,0.0126
q44,8,10,0,0,0.0,0,0.04,0.0,0.009,0.0436
q44,8,11,0,0,0.0,0,0.0302,0.1573,0.0186,0.0302
q44,8,12,0,0,0.0,0,0.0018,0.0,0.0081,0.0304
q44,8,13,0,0,0.0,0,0.0088,0.0,0.0044,0.0203
q44,8,14,0,0,0.0,0,0.0262,0.077,0.0302,0.0512
q44,8,15,0,0,0.0,0,0.0307,0.1003,0.0291,0.0424
q44,8,16,0,0,0.0,0,0.042,0.0581,0.0179,0.0392
q44,8,17,0,0,0.0,0,0.0076,0.0366,0.0167,0.0354
q44,8,18,0,0,0.0,0,0.0063,0.0,0.0,0.0035
q44,8,19,0,0,0.0,0,0.034,0.0,0.0125,0.0388
q44,8,20,0,0,0.0,0,0.0101,0.0,0.0108,0.0317
q44,8,21,0,0,0.0,0,0.0104,0.0465,0.0199,0.0399
q44,8,22,0,0,0.0,0,0.0185,0.0,0.0103,0.0238
q44,8,23,0,0,0.0,0,0.0127,0.0581,0.0202,0.032
q44,8,24,0,0,0.0,0,0.0,0.0,0.0031,0.0152
q44,8,25,0,0,0.0,0,0.0299,0.0594,0.0251,0.0449
q44,8,26,0,0,0.0,0,0.0367,0.024,0.0173,0.0534
q44,9,10,1,1,0.0,0,0.026,0.0,0.0024,0.0185
q44,9,11,1,1,0.0,0,0.0247,0.0,0.011,0.0339
q44,9,12,0,1,0.0,0,0.0063,0.0,0.0,0.0091
q44,9,13,0,1,0.0,0,0.0211,0.0,0.0,0.0041
q44,9,14,0,1,0.0,0,0.0265,0.0,0.0,0.0
q44,9,15,0,1,0.0,0,0.0214,0.0,0.0,0.0012
q44,9,16,0,1,0.0,0,0.0364,0.0,0.0,0.002
q44,9,17,0,1,0.0,0,0.1033,0.0,0.0,0.0034
q44,9,18,0,0,0.0,0,0.0257,0.0,0.0,0.0066
q44,9,19,0,0,0.0,0,0.185,0.0,0.0,0.0025
q44,9,20,0,0,0.0,0,0.0215,0.0,0.0011,0.0059
q44,9,21,0,0,0.0,0,0.0214,0.0,0.0,0.0035
q44,9,22,0,0,0.0,0,0.027,0.0,0.0009,0.0041
q44,9,23,0,0,0.0,0,0.0228,0.0,0.0,0.0024
q44,9,24,0,0,0.0,0,0.001,0.0,0.0,0.0036
q44,9,25,0,0,0.0,0,0.0256,0.0,0.0,0.0036
q44,9,26,0,0,0.0,0,0.0178,0.0,0.0,0.0103
q44,10,11,1,1,0.0,0,0.0894,0.0,0.0026,0.0266
q44,10,12,0,1,0.0,0,0.0477,0.0,0.0073,0.0331
q44,10,13,0,1,0.0,0,0.0325,0.0,0.0027,0.0154
q44,10,14,0,1,0.0,0,0.0479,0.0,0.0,0.0012
q44,10,15,0,1,0.0,0,0.12,0.0,0.0,0.013
q44,10,16,0,1,0.0,0,0.0615,0.0,0.0015,0.015
q44,10,17,0,1,0.0,0,0.052,0.0,0.0012,0.0176
q44,10,18,0,0,0.0,0,0.0649,0.0,0.0,0.0173
q44,10,19,0,0,0.0,0,0.0387,0.0,0.0031,0.0269
q44,10,20,0,0,0.0,0,0.1317,0.0,0.0026,0.0161
q44,10,21,0,0,0.0,0,0.1782,0.0,0.0026,0.022
q44,10,22,0,0,0.0,0,0.1148,0.0,0.0023,0.0087
q44,10,23,0,0,0.0,0,0.0452,0.0,0.0026,0.0132
q44,10,24,0,0,0.0,0,0.1532,0.0,0.0021,0.0092
q44,10,25,0,0,0.0,0,0.0121,0.0,0.0071,0.0286
q44,10,26,0,0,0.0,0,0.0469,0.0,0.0113,0.0416
q44,11,12,0,1,0.0,0,0.0192,0.0,0.0,0.0039
q44,11,13,0,1,0.0,0,0.0042,0.0,0.0019,0.0111
q44,11,14,0,1,0.0,0,0.0163,0.0,0.0,0.0016
q44,11,15,0,1,0.0,0,0.0181,0.0,0.0,0.0037
q44,11,16,0,1,0.0,0,0.02,0.0,0.0,0.0042
q44,11,17,0,1,0.0,0,0.0057,0.0,0.0,0.0018
q44,11,18,0,0,0.0,0,0.0244,0.0,0.0,0.0037
q44,11,19,0,0,0.0,0,0.0213,0.0,0.0,0.0054
q44,11,20,0,0,0.0,0,0.002,0.0,0.0,0.0025
q44,11,21,0,0,0.0,0,0.0268,0.0,0.0,0.0024
q44,11,22,0,0,0.0,0,0.0257,0.0,0.0,0.0011
q44,11,23,0,0,0.0,0,0.0266,0.0,0.0,0.0025
q44,11,24,0,0,0.0,0,0.1561,0.0,0.0,0.0
q44,11,25,0,0,0.0,0,0.0392,0.0,0.0,0.0058
q44,11,26,0,0,0.0,0,0.0461,0.0,0.0,0.0018
q44,12,13,1,1,0.0,0,0.2355,0.1775,0.0277,0.0577
q44,12,14,0,1,0.0,0,0.0203,0.0,0.0,0.003
q44,12,15,0,1,0.0,0,0.0348,0.0,0.0,0.0043
q44,12,16,0,1,0.0,0,0.0109,0.0,0.0,0.0053
q44,12,17,1,1,0.0,0,0.0364,0.0507,0.0209,0.0395
q44,12,18,0,0,0.0,0,0.0944,0.0,0.0068,0.0208
q44,12,19,0,0,0.0,0,0.004,0.0298,0.0142,0.035
q44,12,20,0,0,0.0,0,0.0428,0.0,0.0007,0.0094
q44,12,21,0,0,0.0,0,0.0359,0.0,0.0029,0.0136
q44,12,22,0,0,0.0,0,0.0336,0.0,0.0,0.0053
q44,12,23,0,0,0.0,0,0.0173,0.0365,0.0104,0.0273
q44,12,24,0,0,0.0,0,0.001,0.0,0.0,0.0033
q44,12,25,0,0,0.0,0,0.0,0.0,0.0038,0.0149
q44,12,26,0,0,0.0,0,0.0072,0.0,0.0027,0.0177
q44,13,14,0,1,0.0,0,0.0281,0.0,0.0009,0.0074
q44,13,15,0,1,0.0,0,0.0173,0.0,0.0008,0.0118
q44,13,16,0,1,0.0,0,0.032,0.0,0.0014,0.0162
q44,13,17,1,1,0.0,0,0.0295,0.128,0.0245,0.0551
q44,13,18,0,0,0.0,0,0.054,0.0,0.006,0.023
q44,13,19,0,0,0.0,0,0.1562,0.1003,0.044,0.0674
q44,13,20,0,0,0.0,0,0.0162,0.0137,0.0047,0.0145
q44,13,21,0,0,0.0,0,0.0246,0.0,0.0008,0.0125
q44,13,22,0,0,0.0,0,0.0411,0.0,0.0007,0.0137
q44,13,23,0,0,0.0,0,0.0625,0.1024,0.0167,0.0384
q44,13,24,0,0,0.0,0,0.0,0.0,0.0,0.0
q44,13,25,0,0,0.0,0,0.0069,0.0,0.003,0.021
q44,13,26,0,0,0.0,0,0.0295,0.0222,0.0138,0.0324
q44,14,15,1,1,0.125,1,0.1919,0.2293,0.0819,0.115
q44,14,16,1,1,0.125,1,0.1996,0.2003,0.0707,0.1157
q44,14,17,0,1,0.0,0,0.0426,0.0366,0.0109,0.0224
q44,14,18,0,0,0.0,0,0.0293,0.0,0.0,0.0013
q44,14,19,0,0,0.0,0,0.0184,0.0,0.0072,0.0223
q44,14,20,0,0,0.125,1,0.0713,0.0,0.0109,0.0323
q44,14,21,0,0,0.125,1,0.1943,0.0406,0.0155,0.0385
q44,14,22,0,0,0.1111,1,0.2122,0.0987,0.049,0.0853
q44,14,23,0,0,0.0,0,0.0327,0.0581,0.0144,0.0204
q44,14,24,0,0,0.0,0,0.003,0.0,0.0,0.0027
q44,14,25,0,0,0.0,0,0.01,0.0505,0.0162,0.018
q44,14,26,0,0,0.0,0,0.025,0.024,0.0107,0.0234
q44,15,16,1,1,0.1429,1,0.1486,0.1884,0.0763,0.1275
q44,15,17,0,1,0.0,0,0.0393,0.0366,0.0116,0.0227
q44,15,18,0,0,0.0,0,0.0514,0.0,0.0019,0.0087
q44,15,19,0,0,0.0,0,0.0151,0.0217,0.0086,0.0258
q44,15,20,0,0,0.3333,2,0.4185,0.0186,0.0208,0.0705
q44,15,21,0,0,0.3333,2,0.3777,0.0826,0.0517,0.1115
q44,15,22,0,0,0.125,1,0.2254,0.1186,0.0559,0.0876
q44,15,23,0,0,0.0,0,0.027,0.0465,0.0152,0.0289
q44,15,24,0,0,0.0,0,0.0023,0.0,0.0,0.0056
q44,15,25,0,0,0.0,0,0.0221,0.0505,0.017,0.0199
q44,15,26,0,0,0.0,0,0.019,0.024,0.0085,0.0159
q44,16,17,0,1,0.0,0,0.0391,0.1875,0.0163,0.0313
q44,16,18,0,0,0.0,0,0.0225,0.0,0.0,0.0028
q44,16,19,0,0,0.0,0,0.0216,0.0,0.0045,0.0236
q44,16,20,0,0,0.1429,1,0.063,0.0,0.0149,0.0544
q44,16,21,0,0,0.1429,1,0.1461,0.1908,0.0351,0.077
q44,16,22,0,0,0.125,1,0.16,0.0772,0.0389,0.0801
q44,16,23,0,0,0.0,0,0.0401,0.0687,0.0149,0.0296
q44,16,24,0,0,0.0,0,0.0019,0.0,0.0,0.0039
q44,16,25,0,0,0.0,0,0.0297,0.1486,0.0184,0.0273
q44,16,26,0,0,0.0,0,0.0373,0.1051,0.0154,0.0305
q44,17,18,0,0,0.0,0,0.0621,0.0,0.0013,0.012
q44,17,19,0,0,0.0,0,0.0681,0.0298,0.0182,0.0374
q44,17,20,0,0,0.0,0,0.0751,0.0,0.0072,0.0227
q44,17,21,0,0,0.0,0,0.0476,0.1875,0.0173,0.0294
q44,17,22,0,0,0.0,0,0.0662,0.0,0.0065,0.0203
q44,17,23,0,0,0.0,0,0.0716,0.1235,0.038,0.0722
q44,17,24,0,0,0.0,0,0.0009,0.0,0.0014,0.0047
q44,17,25,0,0,0.0,0,0.0079,0.0518,0.0204,0.0336
q44,17,26,0,0,0.0,0,0.036,0.1707,0.0178,0.0302
q44,18,19,1,1,0.0,0,0.0254,0.0,0.0054,0.0207
q44,18,20,0,1,0.0,0,0.0749,0.0,0.0009,0.0098
q44,18,21,0,1,0.0,0,0.0633,0.0,0.0019,0.0129
q44,18,22,0,1,0.0,0,0.0462,0.0,0.0008,0.0047
q44,18,23,1,1,0.0,0,0.0301,0.0,0.0019,0.0177
q44,18,24,0,1,0.0,0,0.006,0.0,0.0,0.0056
q44,18,25,0,1,0.0,0,0.0048,0.0,0.0013,0.0191
q44,18,26,0,1,0.0,0,0.0227,0.0,0.0025,0.0228
q44,19,20,0,1,0.0,0,0.0221,0.0,0.0017,0.0248
q44,19,21,0,1,0.0,0,0.0262,0.0,0.0102,0.0285
q44,19,22,0,1,0.0,0,0.0281,0.0,0.0007,0.0138
q44,19,23,1,1,0.0,0,0.0464,0.0515,0.0165,0.0386
q44,19,24,0,1,0.0,0,0.0,0.0,0.002,0.0065
q44,19,25,0,1,0.0,0,0.0076,0.0217,0.0126,0.0407
q44,19,26,0,1,0.0,0,0.0373,0.0217,0.0099,0.0292
q44,20,21,1,1,0.1429,1,0.1673,0.1054,0.0703,0.1397
q44,20,22,1,1,0.125,1,0.2788,0.1267,0.0645,0.1116
q44,20,23,0,1,0.0,0,0.0228,0.0,0.006,0.0267
q44,20,24,0,1,0.0,0,0.0015,0.0,0.0,0.0022
q44,20,25,0,1,0.0,0,0.0065,0.0,0.0073,0.0243
q44,20,26,0,1,0.0,0,0.0323,0.0,0.0071,0.0306
q44,21,22,1,1,0.125,1,0.2416,0.0294,0.0271,0.0634
q44,21,23,0,1,0.0,0,0.0257,0.0252,0.0114,0.0272
q44,21,24,0,1,0.0,0,0.0014,0.0,0.0,0.0033
q44,21,25,0,1,0.0,0,0.0085,0.052,0.0174,0.0267
q44,21,26,0,1,0.0,0,0.0327,0.1021,0.0162,0.0337
q44,22,23,0,1,0.0,0,0.0411,0.0,0.0077,0.021
q44,22,24,0,1,0.0,0,0.0022,0.0,0.0009,0.0048
q44,22,25,0,1,0.0,0,0.0072,0.0,0.0085,0.0264
q44,22,26,0,1,0.0,0,0.0374,0.0,0.007,0.025
q44,23,24,0,1,0.0,0,0.0028,0.0,0.001,0.0034
q44,23,25,0,1,0.0,0,0.0091,0.2288,0.0276,0.0373
q44,23,26,0,1,0.0,0,0.0506,0.1306,0.0268,0.038
q44,24,25,1,1,0.0,0,0.0153,0.0,0.0014,0.01
q44,24,26,1,1,0.0,0,0.0007,0.0,0.0013,0.0142
q44,25,26,1,1,0.125,1,0.3678,0.2222,0.093,0.1629
q45,0,1,1,1,0.5,1,0.9915,0.2228,0.0736,0.1263
q45,0,2,0,1,0.0,0,0.0,0.0,0.0024,0.0201
q45,0,3,1,1,0.0,0,0.0012,0.0,0.0058,0.0274
q45,0,4,0,1,0.0,0,0.0,0.0,0.0034,0.0169
q45,0,5,0,1,0.0,0,0.0046,0.0,0.0013,0.0205
q45,0,6,0,1,0.0,0,0.0078,0.0,0.0,0.0193
q45,0,7,0,1,0.0,0,0.0,0.0,0.0059,0.0254
q45,0,8,0,1,0.0,0,0.0,0.0,0.0038,0.0246
q45,0,9,0,0,0.0,0,0.0,0.0,0.0,0.0298
q45,0,10,0,0,0.0,0,0.0011,0.0435,0.0106,0.0289
q45,0,11,0,0,0.0,0,0.0,0.0,0.0,0.0232
q45,0,12,0,0,0.0,0,0.0,0.0,0.0037,0.0383
q45,0,13,0,0,0.0,0,0.0,0.0,0.0,0.0103
q45,0,14,0,0,0.0,0,0.0057,0.0,0.0056,0.0359
q45,0,15,0,0,0.0,0,0.0047,0.0435,0.0075,0.0271
q45,0,16,0,0,0.0,0,0.0,0.0,0.0049,0.0268
q45,0,17,0,0,0.0,0,0.0,0.0435,0.0083,0.0301
q45,0,18,0,0,0.0,0,0.0,0.0,0.0,0.0142
q45,0,19,0,0,0.3333,1,0.6028,0.0,0.0,0.0136
q45,0,20,0,0,0.0,0,0.0011,0.0,0.0,0.0165
q45,0,21,0,0,0.0,0,0.0011,0.0435,0.0089,0.0307
q45,0,22,0,0,0.0,0,0.0,0.0,0.0023,0.0393
q45,0,23,0,0,0.0,0,0.0,0.0,0.0,0.0184
q45,0,24,0,0,0.0,0,0.0029,0.0,0.0,0.009
q45,0,25,0,0,0.0,0,0.0078,0.0,0.0,0.023
q45,0,26,0,0,0.0,0,0.0011,0.0,0.0033,0.037
q45,1,2,0,1,0.0,0,0.0,0.0,0.0,0.0266
q45,1,3,1,1,0.0,0,0.0013,0.0,0.0042,0.0375
q45,1,4,0,1,0.0,0,0.0,0.0,0.0019,0.024
q45,1,5,0,1,0.0,0,0.0051,0.0,0.0,0.0262
q45,1,6,0,1,0.0,0,0.0086,0.0,0.0,0.0385
q45,1,7,0,1,0.0,0,0.0,0.0,0.0048,0.0249
q45,1,8,0,1,0.0,0,0.0,0.0,0.002,0.0196
q45,1,9,0,0,0.0,0,0.0,0.0,0.0,0.0128
q45,1,10,0,0,0.0,0,0.0012,0.0334,0.0105,0.0455
q45,1,11,0,0,0.0,0,0.0,0.0,0.0,0.0232
q45,1,12,0,0,0.0,0,0.0,0.0,0.007,0.0551
q45,1,13,0,0,0.0,0,0.0,0.0,0.0,0.0148
q45,1,14,0,0,0.0,0,0.0063,0.0,0.0055,0.0552
q45,1,15,0,0,0.0,0,0.0053,0.0334,0.0111,0.0363
q45,1,16,0,0,0.0,0,0.0,0.0,0.0,0.0273
q45,1,17,0,0,0.0,0,0.0,0.0,0.0096,0.0568
q45,1,18,0,0,0.0,0,0.0,0.0,0.0,0.01
q45,1,19,0,0,0.25,1,0.5515,0.0566,0.0222,0.0663
q45,1,20,0,0,0.0,0,0.0012,0.0,0.0,0.0111
q45,1,21,0,0,0.0,0,0.0012,0.0334,0.0119,0.0446
q45,1,22,0,0,0.0,0,0.0,0.0,0.0063,0.0345
q45,1,23,0,0,0.0,0,0.0,0.0,0.0,0.0182
q45,1,24,0,0,0.0,0,0.0032,0.0,0.0,0.0217
q45,1,25,0,0,0.0,0,0.0037,0.0,0.0058,0.0449
q45,1,26,0,0,0.0,0,0.0012,0.0,0.0082,0.0572
q45,2,3,0,1,0.0,0,0.0,0.0,0.005,0.0341
q45,2,4,0,1,0.0,0,0.0,0.103,0.0307,0.0661
q45,2,5,1,1,0.0,0,0.0014,0.2576,0.1175,0.1653
q45,2,6,1,1,0.0,0,0.0011,0.3383,0.102,0.154
q45,2,7,0,1,0.0,0,0.0,0.1671,0.0385,0.0804
q45,2,8,0,1,0.0,0,0.0,0.0709,0.0312,0.0798
q45,2,9,0,0,0.0,0,0.0,0.0,0.0033,0.0235
q45,2,10,0,0,0.0,0,0.0,0.0781,0.0184,0.0364
q45,2,11,0,0,0.0,0,0.0,0.064,0.0305,0.0702
q45,2,12,0,0,0.0,0,0.001,0.104,0.0302,0.0639
q45,2,13,0,0,0.0,0,0.0,0.1061,0.0248,0.0542
q45,2,14,0,0,0.1667,1,0.0031,0.1481,0.0489,0.0785
q45,2,15,0,0,0.0,0,0.0,0.2303,0.0323,0.0672
q45,2,16,0,0,0.0,0,0.0044,0.1893,0.0584,0.0959
q45,2,17,0,0,0.0,0,0.0938,0.1736,0.0363,0.0619
q45,2,18,0,0,0.0,0,0.0,0.0325,0.0075,0.0259
q45,2,19,0,0,0.0,0,0.001,0.0,0.0036,0.0148
q45,2,20,0,0,0.0,0,0.0,0.0,0.0,0.0083
q45,2,21,0,0,0.0,0,0.001,0.1156,0.0219,0.0419
q45,2,22,0,0,0.0,0,0.0,0.0956,0.024,0.0509
q45,2,23,0,0,0.0,0,0.0,0.0612,0.0258,0.051
q45,2,24,0,0,0.0,0,0.0,0.0579,0.0151,0.0299
q45,2,25,0,0,0.0,0,0.0,0.1051,0.0301,0.0558
q45,2,26,0,0,0.0,0,0.0,0.1972,0.0338,0.0552
q45,3,4,0,1,0.0,0,0.0,0.0,0.0029,0.0251
q45,3,5,0,1,0.0,0,0.1054,0.0,0.0032,0.0343
q45,3,6,0,1,0.0,0,0.0746,0.0,0.0043,0.0364
q45,3,7,0,1,0.0,0,0.0696,0.0,0.0049,0.0249
q45,3,8,0,1,0.0,0,0.0,0.0,0.0021,0.0242
q45,3,9,0,0,0.0,0,0.0063,0.0,0.0018,0.0217
q45,3,10,0,0,0.125,1,0.2911,0.0247,0.0134,0.0449
q45,3,11,0,0,0.0,0,0.0,0.0,0.0033,0.0204
q45,3,12,0,0,0.0,0,0.2427,0.0438,0.0126,0.0472
q45,3,13,0,0,0.0,0,0.1081,0.0,0.0028,0.0176
q45,3,14,0,0,0.0,0,0.076,0.0247,0.0095,0.0504
q45,3,15,0,0,0.0,0,0.0037,0.0,0.0032,0.0214
q45,3,16,0,0,0.0,0,0.0,0.0,0.0031,0.0337
q45,3,17,0,0,0.0,0,0.0,0.0,0.011,0.0494
q45,3,18,0,0,0.0,0,0.0,0.0,0.0016,0.0125
q45,3,19,0,0,0.1667,1,0.1998,0.0,0.0025,0.0124
q45,3,20,0,0,0.0,0,0.0011,0.0,0.0,0.0079
q45,3,21,0,0,0.1111,1,0.206,0.0,0.0066,0.035
q45,3,22,0,0,0.0,0,0.0043,0.0,0.0017,0.0256
q45,3,23,0,0,0.0,0,0.0014,0.0,0.0028,0.0179
q45,3,24,0,0,0.0,0,0.104,0.0274,0.0092,0.0305
q45,3,25,0,0,0.0,0,0.0116,0.0,0.003,0.0229
q45,3,26,0,0,0.0,0,0.0774,0.0,0.0028,0.0256
q45,4,5,0,1,0.0,0,0.0,0.1162,0.0365,0.0831
q45,4,6,0,1,0.0,0,0.0031,0.0355,0.0204,0.0569
q45,4,7,1,1,0.3333,2,0.3612,0.0676,0.0391,0.1002
q45,4,8,1,1,0.0,0,0.0021,0.2024,0.0713,0.1468
q45,4,9,0,0,0.1667,1,0.2205,0.0,0.0086,0.0519
q45,4,10,0,0,0.0,0,0.0052,0.0781,0.0231,0.0461
q45,4,11,0,0,0.0,0,0.0031,0.0823,0.043,0.0991
q45,4,12,0,0,0.2,1,0.0998,0.0936,0.0318,0.0739
q45,4,13,0,0,0.1667,1,0.2191,0.0934,0.0294,0.0764
q45,4,14,0,0,0.0,0,0.0036,0.0479,0.0185,0.0493
q45,4,15,0,0,0.0,0,0.0171,0.0515,0.0204,0.0475
q45,4,16,0,0,0.0,0,0.0,0.0661,0.034,0.0761
q45,4,17,0,0,0.0,0,0.0,0.0627,0.0215,0.0427
q45,4,18,0,0,0.0,0,0.0021,0.0361,0.0166,0.0652
q45,4,19,0,0,0.0,0,0.0074,0.0,0.0035,0.0105
q45,4,20,0,0,0.0,0,0.0052,0.0,0.01,0.0379
q45,4,21,0,0,0.0,0,0.0027,0.059,0.0272,0.0585
q45,4,22,0,0,0.0,0,0.0185,0.0,0.0041,0.0299
q45,4,23,0,0,0.2,1,0.12,0.079,0.0579,0.1239
q45,4,24,0,0,0.0,0,0.0031,0.0579,0.0139,0.0276
q45,4,25,0,0,0.0,0,0.0104,0.062,0.0232,0.0475
q45,4,26,0,0,0.0,0,0.0021,0.0575,0.0191,0.0481
q45,5,6,1,1,0.0,0,0.0318,0.2836,0.0843,0.1244
q45,5,7,0,1,0.0,0,0.0252,0.1849,0.044,0.0928
q45,5,8,0,1,0.0,0,0.0,0.0473,0.0209,0.0646
q45,5,9,0,0,0.0,0,0.0,0.0,0.0073,0.0304
q45,5,10,0,0,0.0,0,0.0852,0.0625,0.0168,0.0427
q45,5,11,0,0,0.0,0,0.0031,0.0671,0.0359,0.074
q45,5,12,0,0,0.1667,1,0.1298,0.0921,0.0284,0.0603
q45,5,13,0,0,0.0,0,0.0379,0.1109,0.0341,0.0618
q45,5,14,0,0,0.0,0,0.1065,0.14,0.0507,0.0814
q45,5,15,0,0,0.0,0,0.0,0.1221,0.0303,0.0663
q45,5,16,0,0,0.0,0,0.01,0.1614,0.0555,0.0967
q45,5,17,0,0,0.0,0,0.0,0.1397,0.0341,0.0638
q45,5,18,0,0,0.0,0,0.0,0.0325,0.0092,0.0254
q45,5,19,0,0,0.0,0,0.0721,0.0,0.0038,0.0148
q45,5,20,0,0,0.0,0,0.002,0.0,0.005,0.0121
q45,5,21,0,0,0.1111,1,0.3442,0.1279,0.0294,0.0514
q45,5,22,0,0,0.0,0,0.0,0.0551,0.014,0.0405
q45,5,23,0,0,0.0,0,0.0,0.0518,0.0264,0.0542
q45,5,24,0,0,0.0,0,0.0288,0.0434,0.0161,0.0353
q45,5,25,0,0,0.2,1,0.1678,0.0943,0.0293,0.0626
q45,5,26,0,0,0.0,0,0.0798,0.2078,0.0396,0.0629
q45,6,7,0,1,0.0,0,0.0646,0.1743,0.0376,0.0768
q45,6,8,0,1,0.0,0,0.0013,0.0369,0.0194,0.0652
q45,6,9,0,0,0.0,0,0.001,0.0,0.0049,0.0257
q45,6,10,0,0,0.0,0,0.0855,0.0742,0.0246,0.0571
q45,6,11,0,0,0.0,0,0.0025,0.0366,0.0209,0.0505
q45,6,12,0,0,0.0,0,0.0863,0.0788,0.0261,0.0654
q45,6,13,0,0,0.0,0,0.0784,0.0871,0.0184,0.0466
q45,6,14,0,0,0.0,0,0.3023,0.1669,0.0354,0.0898
q45,6,15,0,0,0.0,0,0.0022,0.1566,0.0234,0.0594
q45,6,16,0,0,0.0,0,0.0,0.1093,0.0337,0.0787
q45,6,17,0,0,0.0,0,0.0025,0.1581,0.0369,0.0823
q45,6,18,0,0,0.0,0,0.0012,0.0325,0.0093,0.0336
q45,6,19,0,0,0.0,0,0.0699,0.0,0.0038,0.0197
q45,6,20,0,0,0.0,0,0.0022,0.0,0.0038,0.0158
q45,6,21,0,0,0.0,0,0.0742,0.1078,0.0264,0.0622
q45,6,22,0,0,0.0,0,0.0009,0.0699,0.0154,0.0382
q45,6,23,0,0,0.0,0,0.0023,0.0384,0.0147,0.0422
q45,6,24,0,0,0.0,0,0.0754,0.0289,0.0135,0.038
q45,6,25,0,0,0.0,0,0.0144,0.0591,0.0203,0.054
q45,6,26,0,0,0.0,0,0.0795,0.1728,0.0318,0.0675
q45,7,8,1,1,0.0,0,0.001,0.099,0.036,0.0926
q45,7,9,0,0,0.0,0,0.0208,0.0,0.0055,0.0327
q45,7,10,0,0,0.0,0,0.097,0.0625,0.0183,0.0424
q45,7,11,0,0,0.0,0,0.0119,0.1143,0.0466,0.0971
q45,7,12,0,0,0.1429,1,0.2272,0.0594,0.0211,0.0515
q45,7,13,0,0,0.0,0,0.1492,0.1288,0.0299,0.063
q45,7,14,0,0,0.0,0,0.0971,0.0867,0.0279,0.0615
q45,7,15,0,0,0.0,0,0.0389,0.1084,0.0208,0.0455
q45,7,16,0,0,0.0,0,0.0038,0.0689,0.0282,0.0669
q45,7,17,0,0,0.0,0,0.0,0.1136,0.0204,0.0472
q45,7,18,0,0,0.0,0,0.0009,0.0397,0.0171,0.0521
q45,7,19,0,0,0.0,0,0.0617,0.0,0.0035,0.0114
q45,7,20,0,0,0.0,0,0.0046,0.0,0.0069,0.0289
q45,7,21,0,0,0.0,0,0.0488,0.1199,0.0376,0.0637
q45,7,22,0,0,0.0,0,0.0431,0.0,0.0064,0.0296
q45,7,23,0,0,0.0,0,0.0048,0.0408,0.0242,0.0757
q45,7,24,0,0,0.0,0,0.1484,0.0434,0.0117,0.0355
q45,7,25,0,0,0.0,0,0.0242,0.0553,0.0229,0.05
q45,7,26,0,0,0.0,0,0.0925,0.1569,0.0313,0.0582
q45,8,9,0,0,0.0,0,0.0,0.0,0.0083,0.0409
q45,8,10,0,0,0.0,0,0.0,0.0781,0.0259,0.0456
q45,8,11,0,0,0.1667,1,0.5332,0.0884,0.0426,0.1004
q45,8,12,0,0,0.0,0,0.0,0.0594,0.0188,0.0442
q45,8,13,0,0,0.0,0,0.0,0.0591,0.0212,0.0573
q45,8,14,0,0,0.0,0,0.0,0.0591,0.0198,0.0403
q45,8,15,0,0,0.0,0,0.0,0.0591,0.0202,0.0567
q45,8,16,0,0,0.0,0,0.0,0.0606,0.0195,0.0543
q45,8,17,0,0,0.0,0,0.0,0.0591,0.019,0.0402
q45,8,18,0,0,0.5,2,0.7307,0.0,0.0148,0.0721
q45,8,19,0,0,0.0,0,0.0,0.0,0.0037,0.0117
q45,8,20,0,0,0.1667,1,0.4315,0.1005,0.0186,0.049
q45,8,21,0,0,0.0,0,0.0,0.0591,0.0244,0.0524
q45,8,22,0,0,0.0,0,0.0,0.0294,0.0057,0.029
q45,8,23,0,0,0.4,2,0.6362,0.1226,0.0577,0.1471
q45,8,24,0,0,0.0,0,0.0,0.0579,0.0158,0.0321
q45,8,25,0,0,0.0,0,0.0,0.0591,0.0207,0.051
q45,8,26,0,0,0.0,0,0.0,0.0591,0.0203,0.0496
q45,9,10,0,1,0.0,0,0.001,0.0323,0.0056,0.0225
q45,9,11,1,1,0.0,0,0.0,0.2621,0.0548,0.1074
q45,9,12,0,1,0.0,0,0.0079,0.0,0.0094,0.0338
q45,9,13,1,1,0.1429,1,0.2007,0.0524,0.0245,0.0625
q45,9,14,0,1,0.0,0,0.001,0.0968,0.0106,0.0345
q45,9,15,0,1,0.0,0,0.0128,0.0,0.0054,0.0195
q45,9,16,0,1,0.0,0,0.0,0.0,0.007,0.0271
q45,9,17,0,1,0.0,0,0.0,0.0,0.0011,0.0169
q45,9,18,0,0,0.0,0,0.0,0.0,0.0183,0.0648
q45,9,19,0,0,0.0,0,0.0095,0.0,0.0,0.0048
q45,9,20,0,0,0.0,0,0.0,0.0,0.0141,0.0417
q45,9,21,0,0,0.0,0,0.0,0.0,0.0074,0.027
q45,9,22,0,0,0.0,0,0.0183,0.0,0.0081,0.0438
q45,9,23,0,0,0.1667,1,0.1044,0.0726,0.0193,0.0594
q45,9,24,0,0,0.0,0,0.0104,0.0,0.0,0.0101
q45,9,25,0,0,0.0,0,0.0011,0.0,0.0056,0.0329
q45,9,26,0,0,0.0,0,0.0,0.0,0.0063,0.0264
q45,10,11,0,1,0.0,0,0.0074,0.0938,0.0309,0.054
q45,10,12,0,1,0.0,0,0.3166,0.1484,0.0649,0.1136
q45,10,13,0,1,0.0,0,0.1769,0.1133,0.0235,0.0389
q45,10,14,0,1,0.0,0,0.1273,0.082,0.0297,0.0714
q45,10,15,1,1,0.0,0,0.0057,0.1699,0.043,0.0756
q45,10,16,0,1,0.0,0,0.0457,0.0781,0.0209,0.0582
q45,10,17,1,1,0.0,0,0.0012,0.2109,0.073,0.126
q45,10,18,0,0,0.0,0,0.0,0.0,0.0026,0.0193
q45,10,19,0,0,0.1429,1,0.2161,0.0,0.0043,0.0191
q45,10,20,0,0,0.0,0,0.0019,0.0,0.0,0.0129
q45,10,21,0,0,0.375,3,0.4903,0.2871,0.1034,0.1707
q45,10,22,0,0,0.0,0,0.0019,0.0404,0.0094,0.0319
q45,10,23,0,0,0.0,0,0.0184,0.0625,0.0228,0.0394
q45,10,24,0,0,0.0,0,0.1276,0.0879,0.0364,0.0606
q45,10,25,0,0,0.0,0,0.0584,0.0781,0.0249,0.0488
q45,10,26,0,0,0.0,0,0.1018,0.0781,0.0191,0.0558
q45,11,12,0,1,0.0,0,0.0009,0.061,0.0229,0.0518
q45,11,13,1,1,0.0,0,0.1009,0.2165,0.0728,0.1439
q45,11,14,0,1,0.0,0,0.0,0.0732,0.0317,0.0613
q45,11,15,0,1,0.0,0,0.0,0.1662,0.0272,0.0562
q45,11,16,0,1,0.0,0,0.0061,0.061,0.0262,0.0649
q45,11,17,0,1,0.0,0,0.0,0.061,0.0179,0.039
q45,11,18,0,0,0.25,1,0.2286,0.0,0.0143,0.0571
q45,11,19,0,0,0.0,0,0.0,0.0,0.0039,0.01
q45,11,20,0,0,0.2,1,0.1237,0.0,0.0064,0.0303
q45,11,21,0,0,0.0,0,0.0053,0.0945,0.0373,0.0709
q45,11,22,0,0,0.0,0,0.0,0.0331,0.0095,0.0382
q45,11,23,0,0,0.2,1,0.3611,0.1159,0.0526,0.1198
q45,11,24,0,0,0.0,0,0.0143,0.0579,0.0164,0.038
q45,11,25,0,0,0.0,0,0.0031,0.1021,0.0367,0.0768
q45,11,26,0,0,0.0,0,0.0,0.0793,0.0297,0.063
q45,12,13,0,1,0.0,0,0.1905,0.0713,0.0226,0.0449
q45,12,14,1,1,0.0,0,0.1309,0.2036,0.0731,0.1284
q45,12,15,0,1,0.0,0,0.019,0.0594,0.0235,0.0586
q45,12,16,1,1,0.0,0,0.0026,0.1248,0.0526,0.0897
q45,12,17,0,1,0.0,0,0.0024,0.1218,0.0544,0.0937
q45,12,18,0,0,0.0,0,0.0,0.0,0.0033,0.0248
q45,12,19,0,0,0.2,1,0.4746,0.0,0.0084,0.0371
q45,12,20,0,0,0.0,0,0.0,0.0,0.0,0.0097
q45,12,21,0,0,0.125,1,0.2209,0.1218,0.0553,0.1025
q45,12,22,0,0,0.25,1,0.1963,0.2279,0.0618,0.1114
q45,12,23,0,0,0.0,0,0.0012,0.0773,0.0259,0.0483
q45,12,24,0,0,0.0,0,0.2007,0.1121,0.0283,0.048
q45,12,25,0,0,0.0,0,0.0132,0.1412,0.0539,0.0861
q45,12,26,0,0,0.0,0,0.1175,0.1947,0.064,0.1047
q45,13,14,0,1,0.0,0,0.1193,0.0463,0.0211,0.0474
q45,13,15,0,1,0.0,0,0.0069,0.1039,0.0226,0.0516
q45,13,16,0,1,0.0,0,0.0258,0.0839,0.0317,0.0724
q45,13,17,0,1,0.0,0,0.0,0.124,0.0211,0.0384
q45,13,18,0,0,0.0,0,0.0,0.0289,0.008,0.0396
q45,13,19,0,0,0.0,0,0.0518,0.0,0.0034,0.0088
q45,13,20,0,0,0.0,0,0.009,0.0,0.0043,0.0215
q45,13,21,0,0,0.0,0,0.0978,0.1353,0.0333,0.0579
q45,13,22,0,0,0.0,0,0.0134,0.0,0.001,0.0178
q45,13,23,0,0,0.1667,1,0.0956,0.0766,0.0431,0.0902
q45,13,24,0,0,0.0,0,0.1644,0.0579,0.0168,0.0384
q45,13,25,0,0,0.0,0,0.0164,0.066,0.0257,0.0447
q45,13,26,0,0,0.0,0,0.1201,0.1476,0.0323,0.0664
q45,14,15,0,1,0.0,0,0.0011,0.11,0.0286,0.0669
q45,14,16,1,1,0.0,0,0.0011,0.2846,0.0677,0.1112
q45,14,17,0,1,0.0,0,0.0013,0.1554,0.0434,0.0903
q45,14,18,0,0,0.0,0,0.0,0.0,0.004,0.0202
q45,14,19,0,0,0.0,0,0.1063,0.0,0.0043,0.025
q45,14,20,0,0,0.0,0,0.0,0.0,0.0011,0.0088
q45,14,21,0,0,0.0,0,0.1091,0.1046,0.0313,0.0674
q45,14,22,0,0,0.0,0,0.0023,0.1397,0.0389,0.0785
q45,14,23,0,0,0.0,0,0.0014,0.0495,0.0227,0.0525
q45,14,24,0,0,0.1429,1,0.2154,0.0741,0.032,0.0679
q45,14,25,0,0,0.0,0,0.0136,0.1456,0.0468,0.0852
q45,14,26,0,0,0.0,0,0.0842,0.2231,0.0712,0.1199
q45,15,16,0,1,0.0,0,0.0,0.1233,0.0331,0.0629
q45,15,17,1,1,0.0,0,0.0015,0.3003,0.0581,0.0905
q45,15,18,0,0,0.0,0,0.0,0.0,0.0069,0.0312
q45,15,19,0,0,0.0,0,0.0199,0.0,0.0045,0.0212
q45,15,20,0,0,0.0,0,0.0,0.0,0.0,0.012
q45,15,21,0,0,0.0,0,0.0028,0.1882,0.0417,0.0798
q45,15,22,0,0,0.3333,1,0.5715,0.1397,0.0283,0.0767
q45,15,23,0,0,0.0,0,0.0046,0.0754,0.0247,0.0496
q45,15,24,0,0,0.0,0,0.016,0.0723,0.0171,0.0414
q45,15,25,0,0,0.0,0,0.0064,0.0674,0.0277,0.0735
q45,15,26,0,0,0.25,1,0.1094,0.2338,0.0488,0.1043
q45,16,17,0,1,0.0,0,0.0021,0.0522,0.0227,0.0519
q45,16,18,0,0,0.0,0,0.0,0.0,0.0022,0.0212
q45,16,19,0,0,0.0,0,0.0009,0.0,0.0037,0.0097
q45,16,20,0,0,0.0,0,0.0009,0.0,0.0,0.0085
q45,16,21,0,0,0.0,0,0.047,0.0648,0.0248,0.063
q45,16,22,0,0,0.0,0,0.0016,0.0882,0.0251,0.0568
q45,16,23,0,0,0.0,0,0.0195,0.1296,0.0312,0.0681
q45,16,24,0,0,0.0,0,0.0055,0.0579,0.0183,0.0358
q45,16,25,0,0,0.0,0,0.0031,0.1294,0.0384,0.0641
q45,16,26,0,0,0.0,0,0.0,0.1614,0.0458,0.0807
q45,17,18,0,0,0.0,0,0.0,0.0,0.0011,0.0146
q45,17,19,0,0,0.0,0,0.0024,0.0,0.0045,0.0256
q45,17,20,0,0,0.0,0,0.0,0.0,0.0,0.0104
q45,17,21,0,0,0.0,0,0.0,0.2846,0.0769,0.1182
q45,17,22,0,0,0.0,0,0.0213,0.0368,0.013,0.0429
q45,17,23,0,0,0.0,0,0.0,0.0483,0.0198,0.037
q45,17,24,0,0,0.0,0,0.0,0.1121,0.029,0.0498
q45,17,25,0,0,0.0,0,0.0012,0.0647,0.0238,0.0479
q45,17,26,0,0,0.0,0,0.0021,0.1945,0.0399,0.0799
q45,18,19,0,1,0.0,0,0.0,0.0,0.0,0.003
q45,18,20,1,1,0.25,1,0.4953,0.105,0.0393,0.0843
q45,18,21,0,1,0.0,0,0.0,0.0,0.007,0.0314
q45,18,22,0,1,0.0,0,0.0,0.0,0.0056,0.0265
q45,18,23,1,1,0.6667,2,0.6139,0.0289,0.0248,0.0811
q45,18,24,0,1,0.0,0,0.0,0.0,0.0,0.0053
q45,18,25,0,1,0.0,0,0.0009,0.0,0.0021,0.0195
q45,18,26,0,1,0.0,0,0.0,0.0,0.001,0.0213
q45,19,20,0,1,0.0,0,0.0009,0.0,0.0,0.0016
q45,19,21,1,1,0.2857,2,0.2186,0.0,0.0034,0.0194
q45,19,22,0,1,0.25,1,0.1125,0.0,0.0014,0.0167
q45,19,23,0,1,0.0,0,0.0022,0.0,0.0034,0.0099
q45,19,24,1,1,0.0,0,0.0664,0.0,0.0041,0.0132
q45,19,25,0,1,0.0,0,0.0118,0.017,0.0054,0.0214
q45,19,26,0,1,0.0,0,0.0697,0.0,0.0034,0.0238
q45,20,21,0,1,0.0,0,0.0,0.0,0.0022,0.0147
q45,20,22,0,1,0.0,0,0.0,0.0,0.0,0.0091
q45,20,23,1,1,0.2,1,0.2051,0.0,0.011,0.042
q45,20,24,0,1,0.0,0,0.006,0.0,0.0,0.0058
q45,20,25,0,1,0.0,0,0.0038,0.0,0.0,0.0104
q45,20,26,0,1,0.0,0,0.0,0.0,0.0,0.01
q45,21,22,0,1,0.1429,1,0.0044,0.0404,0.0102,0.0377
q45,21,23,0,1,0.0,0,0.0097,0.0394,0.0248,0.0567
q45,21,24,1,1,0.0,0,0.0491,0.0741,0.0235,0.0454
q45,21,25,0,1,0.1429,1,0.1983,0.066,0.0266,0.0567
q45,21,26,0,1,0.0,0,0.0847,0.1796,0.039,0.0828
q45,22,23,0,1,0.0,0,0.0056,0.0368,0.0082,0.0305
q45,22,24,0,1,0.0,0,0.0182,0.0,0.0038,0.0262
q45,22,25,1,1,0.0,0,0.0037,0.2206,0.0654,0.1114
q45,22,26,1,1,0.0,0,0.0061,0.1434,0.0448,0.0916
q45,23,24,0,1,0.0,0,0.0012,0.0579,0.0154,0.0369
q45,23,25,0,1,0.0,0,0.0009,0.0809,0.0298,0.0556
q45,23,26,0,1,0.0,0,0.0,0.0614,0.021,0.0541
q45,24,25,0,1,0.0,0,0.0054,0.0579,0.0161,0.0296
q45,24,26,0,1,0.0,0,0.0948,0.0579,0.0168,0.0404
q45,25,26,1,1,0.0,0,0.0227,0.1846,0.059,0.1039
q46,0,1,0,1,0.0,0,0.0359,0.0712,0.0243,0.0389
q46,0,2,1,1,0.0,0,0.0352,0.1154,0.0387,0.0701
q46,0,3,1,1,0.0,0,0.0039,0.1284,0.0403,0.0646
q46,0,4,0,1,0.0,0,0.0077,0.0,0.0089,0.0213
q46,0,5,0,1,0.0,0,0.0045,0.0634,0.0209,0.0509
q46,0,6,0,1,0.0,0,0.0786,0.1284,0.0388,0.0716
q46,0,7,0,1,0.0,0,0.0052,0.1284,0.0309,0.0547
q46,0,8,0,1,0.0,0,0.0201,0.1284,0.0303,0.0442
q46,1,2,0,1,0.0,0,0.0304,0.0569,0.0227,0.0407
q46,1,3,0,1,0.0,0,0.001,0.0712,0.0209,0.0322
q46,1,4,1,1,0.0,0,0.0411,0.1174,0.0456,0.0795
q46,1,5,1,1,0.0,0,0.0351,0.2633,0.0658,0.1001
q46,1,6,0,1,0.0,0,0.0368,0.2616,0.0356,0.0607
q46,1,7,0,1,0.0,0,0.0455,0.226,0.0275,0.0408
q46,1,8,0,1,0.0,0,0.0089,0.2135,0.0337,0.053
q46,2,3,1,1,0.0,0,0.0259,0.1399,0.0507,0.0873
q46,2,4,0,1,0.0,0,0.0153,0.0,0.0071,0.0182
q46,2,5,0,1,0.0,0,0.0272,0.0787,0.0248,0.0483
q46,2,6,0,1,0.0,0,0.0318,0.0979,0.0289,0.0586
q46,2,7,0,1,0.0,0,0.0467,0.1206,0.0289,0.0484
q46,2,8,0,1,0.0,0,0.0085,0.0979,0.0222,0.0378
q46,3,4,0,1,0.0,0,0.0018,0.0,0.0082,0.0243
q46,3,5,0,1,0.0,0,0.0018,0.0639,0.0225,0.0503
q46,3,6,0,1,0.0,0,0.004,0.1395,0.0371,0.0697
q46,3,7,0,1,0.0,0,0.0118,0.1213,0.0398,0.0728
q46,3,8,0,1,0.0,0,0.0009,0.1056,0.0304,0.0449
q46,4,5,1,1,0.1429,1,0.1077,0.0937,0.05,0.094
q46,4,6,0,1,0.0,0,0.012,0.0168,0.0153,0.0366
q46,4,7,0,1,0.0,0,0.0125,0.0,0.0063,0.0223
q46,4,8,0,1,0.0,0,0.0,0.0105,0.013,0.0351
q46,5,6,0,1,0.0,0,0.0052,0.1717,0.0313,0.077
q46,5,7,0,1,0.0,0,0.0064,0.1567,0.0255,0.0516
q46,5,8,0,1,0.0,0,0.0067,0.0958,0.0253,0.047
q46,6,7,1,1,0.1667,1,0.1108,0.2528,0.0543,0.0953
q46,6,8,1,1,0.0,0,0.001,0.2649,0.0532,0.0842
q46,7,8,1,1,0.0,0,0.0047,0.2243,0.0428,0.0603
q47,0,1,0,1,0.0,0,0.0102,0.113,0.0267,0.0399
q47,0,2,0,1,0.0,0,0.0395,0.2173,0.0376,0.0614
q47,0,3,0,1,0.125,1,0.2496,0.2219,0.0378,0.0627
q47,0,4,1,1,0.4,2,0.3102,0.4206,0.1234,0.1634
q47,0,5,0,1,0.0,0,0.0241,0.2173,0.0389,0.0591
q47,0,6,1,1,0.125,1,0.1647,0.1895,0.0725,0.1063
q47,0,7,0,1,0.0,0,0.0358,0.2003,0.0384,0.0662
q47,0,8,0,1,0.0,0,0.0167,0.1464,0.0282,0.0504
q47,0,9,0,0,0.0,0,0.0253,0.0,0.0087,0.0248
q47,0,10,0,0,0.1429,1,0.1137,0.1618,0.0377,0.0722
q47,0,11,0,0,0.0,0,0.0009,0.1341,0.0155,0.0323
q47,0,12,0,0,0.2857,2,0.5067,0.1864,0.0447,0.0835
q47,0,13,0,0,0.0,0,0.0328,0.1664,0.026,0.0455
q47,0,14,0,0,0.0,0,0.0267,0.1171,0.0294,0.0475
q47,0,15,0,0,0.0,0,0.0214,0.074,0.0201,0.033
q47,0,16,0,0,0.0,0,0.0104,0.2003,0.0293,0.0419
q47,0,17,0,0,0.0,0,0.0269,0.1156,0.0238,0.0381
q47,0,18,0,0,0.0,0,0.0121,0.0815,0.0259,0.0429
q47,0,19,0,0,0.0,0,0.0399,0.0819,0.0267,0.0457
q47,0,20,0,0,0.0,0,0.0224,0.1664,0.0267,0.0464
q47,0,21,0,0,0.0,0,0.0084,0.1556,0.0289,0.0465
q47,0,22,0,0,0.0,0,0.0219,0.1495,0.0224,0.0395
q47,0,23,0,0,0.0,0,0.0127,0.1726,0.026,0.0404
q47,1,2,1,1,0.0,0,0.0222,0.1545,0.0307,0.0648
q47,1,3,0,1,0.0,0,0.0151,0.0847,0.0201,0.0367
q47,1,4,0,1,0.0,0,0.0,0.0997,0.0209,0.0275
q47,1,5,0,1,0.0,0,0.0182,0.093,0.0237,0.0404
q47,1,6,0,1,0.0,0,0.0361,0.0598,0.0168,0.0307
q47,1,7,0,1,0.0,0,0.0244,0.0797,0.0187,0.0452
q47,1,8,1,1,0.0,0,0.0533,0.1412,0.0226,0.0562
q47,1,9,0,0,0.0,0,0.0188,0.0,0.0127,0.0437
q47,1,10,0,0,0.0,0,0.0062,0.0532,0.0174,0.0338
q47,1,11,0,0,0.0,0,0.0,0.0,0.0047,0.0159
q47,1,12,0,0,0.0,0,0.0113,0.0532,0.0195,0.0328
q47,1,13,0,0,0.0,0,0.0336,0.0664,0.0177,0.0305
q47,1,14,0,0,0.0,0,0.0169,0.0664,0.0196,0.0309
q47,1,15,0,0,0.0,0,0.0353,0.0797,0.0218,0.0418
q47,1,16,0,0,0.0,0,0.0125,0.0797,0.0196,0.0303
q47,1,17,0,0,0.0,0,0.0351,0.0797,0.0179,0.0318
q47,1,18,0,0,0.0,0,0.058,0.0815,0.0281,0.0461
q47,1,19,0,0,0.0,0,0.0161,0.0887,0.0308,0.051
q47,1,20,0,0,0.0,0,0.0172,0.0731,0.0245,0.0366
q47,1,21,0,0,0.0,0,0.0058,0.0731,0.0234,0.0397
q47,1,22,0,0,0.0,0,0.0102,0.0664,0.0169,0.0336
q47,1,23,0,0,0.0,0,0.0807,0.0797,0.0255,0.0443
q47,2,3,0,1,0.125,1,0.199,0.1524,0.0288,0.0603
q47,2,4,0,1,0.0,0,0.0082,0.1777,0.027,0.038
q47,2,5,0,1,0.0,0,0.0076,0.1915,0.031,0.0507
q47,2,6,0,1,0.0,0,0.074,0.0903,0.0267,0.0451
q47,2,7,0,1,0.1429,1,0.378,0.1803,0.0447,0.0844
q47,2,8,1,1,0.0,0,0.0062,0.1753,0.0443,0.0804
q47,2,9,0,0,0.0,0,0.0203,0.016,0.0096,0.0246
q47,2,10,0,0,0.0,0,0.0094,0.0866,0.0224,0.0431
q47,2,11,0,0,0.0,0,0.0056,0.0,0.0051,0.0151
q47,2,12,0,0,0.125,1,0.0486,0.113,0.0219,0.0405
q47,2,13,0,0,0.0,0,0.0342,0.1862,0.0374,0.0608
q47,2,14,0,0,0.0,0,0.0379,0.1025,0.023,0.0434
q47,2,15,0,0,0.0,0,0.0391,0.0932,0.0362,0.0556
q47,2,16,0,0,0.0,0,0.0194,0.1624,0.0351,0.0522
q47,2,17,0,0,0.0,0,0.0065,0.1026,0.0241,0.0414
q47,2,18,0,0,0.0,0,0.0428,0.1138,0.0315,0.0518
q47,2,19,0,0,0.0,0,0.0225,0.1297,0.0344,0.0565
q47,2,20,0,0,0.0,0,0.0267,0.1679,0.0251,0.0471
q47,2,21,0,0,0.0,0,0.0175,0.1193,0.0204,0.0387
q47,2,22,0,0,0.0,0,0.0221,0.1232,0.0277,0.0477
q47,2,23,0,0,0.0,0,0.0149,0.1746,0.0303,0.0469
q47,3,4,0,1,0.0,0,0.012,0.1225,0.0233,0.0356
q47,3,5,1,1,0.0,0,0.0348,0.2903,0.0704,0.0975
q47,3,6,0,1,0.0,0,0.0345,0.0524,0.0207,0.0403
q47,3,7,1,1,0.0,0,0.1634,0.255,0.0845,0.1296
q47,3,8,0,1,0.0,0,0.0167,0.0642,0.02,0.0508
q47,3,9,0,0,0.0,0,0.0296,0.0,0.0078,0.0255
q47,3,10,0,0,0.125,1,0.1193,0.1207,0.0319,0.0672
q47,3,11,0,0,0.0,0,0.012,0.0,0.0069,0.0235
q47,3,12,0,0,0.1111,1,0.1244,0.1299,0.0346,0.0559
q47,3,13,0,0,0.0,0,0.0225,0.1226,0.0215,0.0412
q47,3,14,0,0,0.0,0,0.0415,0.0805,0.0224,0.04
q47,3,15,0,0,0.0,0,0.0204,0.0539,0.0188,0.0372
q47,3,16,0,0,0.0,0,0.0136,0.1327,0.0222,0.0342
q47,3,17,0,0,0.0,0,0.0228,0.0671,0.0213,0.041
q47,3,18,0,0,0.0,0,0.0159,0.0815,0.0202,0.0413
q47,3,19,0,0,0.0,0,0.0188,0.0819,0.0215,0.0466
q47,3,20,0,0,0.0,0,0.0417,0.1308,0.0206,0.0374
q47,3,21,0,0,0.0,0,0.0116,0.1394,0.0223,0.039
q47,3,22,0,0,0.0,0,0.0161,0.0866,0.0178,0.0356
q47,3,23,0,0,0.0,0,0.0191,0.1304,0.0215,0.0374
q47,4,5,0,1,0.0,0,0.002,0.1673,0.0259,0.0371
q47,4,6,1,1,0.0,0,0.0349,0.1437,0.0458,0.0764
q47,4,7,0,1,0.0,0,0.0075,0.1526,0.0288,0.0423
q47,4,8,0,1,0.0,0,0.0019,0.1586,0.0236,0.0335
q47,4,9,0,0,0.0,0,0.0027,0.0,0.0061,0.0163
q47,4,10,0,0,0.4,2,0.6714,0.1236,0.0456,0.0878
q47,4,11,0,0,0.0,0,0.0,0.1098,0.0099,0.018
q47,4,12,0,0,0.3333,2,0.4948,0.2182,0.055,0.1039
q47,4,13,0,0,0.0,0,0.0083,0.107,0.0204,0.0294
q47,4,14,0,0,0.0,0,0.0019,0.0827,0.0246,0.0375
q47,4,15,0,0,0.0,0,0.0019,0.0449,0.0163,0.0249
q47,4,16,0,0,0.0,0,0.0049,0.1064,0.0224,0.03
q47,4,17,0,0,0.0,0,0.0019,0.0964,0.0197,0.032
q47,4,18,0,0,0.0,0,0.0071,0.0679,0.0188,0.0266
q47,4,19,0,0,0.0,0,0.0127,0.0683,0.0195,0.0247
q47,4,20,0,0,0.0,0,0.0019,0.1218,0.02,0.0312
q47,4,21,0,0,0.0,0,0.0038,0.1118,0.0212,0.0299
q47,4,22,0,0,0.0,0,0.0057,0.0866,0.0166,0.025
q47,4,23,0,0,0.0,0,0.0019,0.1213,0.021,0.0274
q47,5,6,0,1,0.0,0,0.0648,0.0472,0.0225,0.0493
q47,5,7,1,1,0.0,0,0.2103,0.2964,0.0754,0.1061
q47,5,8,0,1,0.0,0,0.0192,0.119,0.0224,0.0457
q47,5,9,0,0,0.0,0,0.0274,0.0,0.0092,0.0264
q47,5,10,0,0,0.0,0,0.0056,0.0767,0.0246,0.0522
q47,5,11,0,0,0.0,0,0.0037,0.0,0.0054,0.0179
q47,5,12,0,0,0.0,0,0.0394,0.1,0.022,0.0388
q47,5,13,0,0,0.0,0,0.0306,0.1739,0.0326,0.053
q47,5,14,0,0,0.0,0,0.0651,0.1356,0.0302,0.0604
q47,5,15,0,0,0.0,0,0.0215,0.0539,0.0168,0.0315
q47,5,16,0,0,0.0,0,0.015,0.1825,0.0356,0.0632
q47,5,17,0,0,0.0,0,0.023,0.0827,0.0236,0.0435
q47,5,18,0,0,0.0,0,0.0162,0.0815,0.0194,0.0333
q47,5,19,0,0,0.0,0,0.0211,0.0904,0.0237,0.0382
q47,5,20,0,0,0.0,0,0.0627,0.1795,0.0314,0.0491
q47,5,21,0,0,0.0,0,0.008,0.1822,0.0353,0.0582
q47,5,22,0,0,0.0,0,0.0102,0.1181,0.0267,0.0541
q47,5,23,0,0,0.0,0,0.0534,0.1576,0.0234,0.036
q47,6,7,0,1,0.0,0,0.1297,0.0811,0.0235,0.0478
q47,6,8,0,1,0.0,0,0.0321,0.1704,0.0183,0.0334
q47,6,9,0,0,0.0,0,0.0734,0.0,0.0078,0.0204
q47,6,10,0,0,0.0,0,0.0058,0.0227,0.0165,0.0345
q47,6,11,0,0,0.0,0,0.0,0.0,0.0056,0.0146
q47,6,12,0,0,0.0,0,0.0847,0.0104,0.0161,0.0363
q47,6,13,0,0,0.0,0,0.1515,0.0357,0.0174,0.0355
q47,6,14,0,0,0.0,0,0.0712,0.0838,0.0191,0.0366
q47,6,15,0,0,0.0,0,0.0588,0.018,0.0128,0.0239
q47,6,16,0,0,0.0,0,0.0166,0.0267,0.0148,0.0298
q47,6,17,0,0,0.0,0,0.0645,0.1643,0.0194,0.0332
q47,6,18,0,0,0.0,0,0.0161,0.0272,0.0146,0.0262
q47,6,19,0,0,0.0,0,0.0534,0.0273,0.0161,0.0304
q47,6,20,0,0,0.0,0,0.1718,0.0308,0.0183,0.0352
q47,6,21,0,0,0.0,0,0.0147,0.0201,0.0188,0.0354
q47,6,22,0,0,0.0,0,0.0266,0.0164,0.0144,0.0312
q47,6,23,0,0,0.0,0,0.0406,0.0363,0.0154,0.0272
q47,7,8,0,1,0.0,0,0.0118,0.1299,0.0246,0.0564
q47,7,9,0,0,0.0,0,0.0616,0.0,0.0068,0.0232
q47,7,10,0,0,0.0,0,0.0052,0.1307,0.0301,0.0591
q47,7,11,0,0,0.0,0,0.0,0.122,0.0093,0.0238
q47,7,12,0,0,0.125,1,0.0612,0.1247,0.0301,0.0515
q47,7,13,0,0,0.0,0,0.0421,0.1795,0.0333,0.0652
q47,7,14,0,0,0.0,0,0.137,0.1455,0.034,0.0658
q47,7,15,0,0,0.0,0,0.0166,0.0629,0.0193,0.0338
q47,7,16,0,0,0.0,0,0.0093,0.1976,0.0416,0.0667
q47,7,17,0,0,0.0,0,0.0386,0.1421,0.0271,0.0452
q47,7,18,0,0,0.0,0,0.0106,0.0815,0.0207,0.0427
q47,7,19,0,0,0.0,0,0.023,0.1143,0.0273,0.0503
q47,7,20,0,0,0.0,0,0.1486,0.1897,0.0329,0.0635
q47,7,21,0,0,0.0,0,0.007,0.157,0.0295,0.0543
q47,7,22,0,0,0.0,0,0.0078,0.1273,0.0289,0.0618
q47,7,23,0,0,0.0,0,0.0628,0.1678,0.0309,0.0467
q47,8,9,0,0,0.0,0,0.0493,0.074,0.0253,0.063
q47,8,10,0,0,0.0,0,0.0025,0.0568,0.0172,0.0371
q47,8,11,0,0,0.0,0,0.0,0.0,0.0031,0.0101
q47,8,12,0,0,0.0,0,0.0281,0.0532,0.018,0.0323
q47,8,13,0,0,0.0,0,0.0096,0.0747,0.0184,0.0333
q47,8,14,0,0,0.0,0,0.0107,0.1466,0.0248,0.0444
q47,8,15,0,0,0.0,0,0.0321,0.0718,0.0267,0.0691
q47,8,16,0,0,0.0,0,0.0086,0.0551,0.0162,0.0277
q47,8,17,0,0,0.1111,1,0.2643,0.2861,0.0587,0.0919
q47,8,18,0,0,0.125,1,0.207,0.1732,0.0452,0.0948
q47,8,19,0,0,0.0,0,0.0377,0.1348,0.0326,0.0679
q47,8,20,0,0,0.0,0,0.0137,0.0756,0.0158,0.0316
q47,8,21,0,0,0.0,0,0.0073,0.0515,0.0141,0.0261
q47,8,22,0,0,0.0,0,0.0061,0.0428,0.0139,0.0288
q47,8,23,0,0,0.0,0,0.1076,0.1259,0.0272,0.0635
q47,9,10,0,1,0.0,0,0.0018,0.0,0.0085,0.025
q47,9,11,0,1,0.0,0,0.0,0.0,0.0019,0.0108
q47,9,12,0,1,0.0,0,0.0362,0.0,0.0083,0.0231
q47,9,13,0,1,0.0,0,0.0468,0.0,0.0066,0.0176
q47,9,14,0,1,0.0,0,0.091,0.0,0.0065,0.0202
q47,9,15,1,1,0.0,0,0.0273,0.128,0.0374,0.0816
q47,9,16,0,1,0.0,0,0.0155,0.0,0.0059,0.0172
q47,9,17,1,1,0.0,0,0.051,0.09,0.0296,0.0681
q47,9,18,0,0,0.0,0,0.0141,0.106,0.0352,0.0703
q47,9,19,0,0,0.0,0,0.0273,0.128,0.0434,0.0885
q47,9,20,0,0,0.0,0,0.0801,0.0,0.007,0.0174
q47,9,21,0,0,0.0,0,0.0134,0.0,0.0069,0.016
q47,9,22,0,0,0.0,0,0.0209,0.0,0.006,0.0167
q47,9,23,0,0,0.0,0,0.045,0.094,0.0312,0.0825
q47,10,11,1,1,0.0,0,0.0,0.6951,0.0652,0.0921
q47,10,12,1,1,0.125,1,0.1027,0.2784,0.1243,0.2141
q47,10,13,0,1,0.0,0,0.0092,0.0824,0.0195,0.0353
q47,10,14,0,1,0.0,0,0.0058,0.0341,0.0162,0.032
q47,10,15,0,1,0.0,0,0.0042,0.0455,0.0141,0.0253
q47,10,16,0,1,0.0,0,0.0069,0.0625,0.0199,0.0321
q47,10,17,0,1,0.0,0,0.0019,0.0455,0.0136,0.0257
q47,10,18,0,0,0.0,0,0.0042,0.0543,0.0148,0.0263
q47,10,19,0,0,0.0,0,0.0044,0.0546,0.0148,0.0312
q47,10,20,0,0,0.0,0,0.001,0.0582,0.0182,0.0358
q47,10,21,0,0,0.0,0,0.0058,0.0696,0.0213,0.0399
q47,10,22,0,0,0.0,0,0.0079,0.0582,0.018,0.0329
q47,10,23,0,0,0.0,0,0.0011,0.0611,0.0188,0.0321
q47,11,12,1,1,0.0,0,0.0066,0.561,0.0493,0.0718
q47,11,13,0,1,0.0,0,0.0035,0.0,0.0012,0.0057
q47,11,14,0,1,0.0,0,0.0009,0.0,0.0012,0.0069
q47,11,15,0,1,0.0,0,0.0,0.0,0.0011,0.0051
q47,11,16,0,1,0.0,0,0.0,0.0,0.001,0.0107
q47,11,17,0,1,0.0,0,0.0,0.0,0.001,0.0044
q47,11,18,0,0,0.0,0,0.0,0.0,0.0016,0.0069
q47,11,19,0,0,0.0,0,0.0,0.0,0.0016,0.0086
q47,11,20,0,0,0.0,0,0.0009,0.0,0.0013,0.0091
q47,11,21,0,0,0.0,0,0.0,0.0,0.0026,0.0103
q47,11,22,0,0,0.0,0,0.0011,0.0,0.0011,0.0086
q47,11,23,0,0,0.0,0,0.0009,0.0,0.0012,0.0088
q47,12,13,0,1,0.0,0,0.0269,0.1,0.0191,0.0308
q47,12,14,0,1,0.0,0,0.0383,0.0766,0.0239,0.0384
q47,12,15,0,1,0.0,0,0.0291,0.0416,0.0159,0.0247
q47,12,16,0,1,0.0,0,0.0109,0.1117,0.0208,0.033
q47,12,17,0,1,0.0,0,0.0381,0.0416,0.0146,0.0274
q47,12,18,0,0,0.0,0,0.0099,0.0543,0.0196,0.0296
q47,12,19,0,0,0.0,0,0.0207,0.0546,0.0196,0.0324
q47,12,20,0,0,0.0,0,0.0337,0.1351,0.0241,0.0387
q47,12,21,0,0,0.0,0,0.0089,0.1,0.0215,0.0333
q47,12,22,0,0,0.0,0,0.0136,0.1,0.0183,0.0297
q47,12,23,0,0,0.0,0,0.0302,0.1,0.0191,0.0341
q47,13,14,1,1,0.0,0,0.0403,0.3211,0.0923,0.1431
q47,13,15,0,1,0.0,0,0.0422,0.0752,0.0304,0.0423
q47,13,16,1,1,0.0,0,0.0166,0.311,0.0922,0.1263
q47,13,17,0,1,0.0,0,0.04,0.0569,0.0184,0.0324
q47,13,18,0,0,0.0,0,0.0202,0.0866,0.0272,0.0424
q47,13,19,0,0,0.0,0,0.053,0.0887,0.0271,0.0421
q47,13,20,0,0,0.3333,2,0.5373,0.3538,0.1118,0.157
q47,13,21,0,0,0.0,0,0.0147,0.2889,0.0835,0.123
q47,13,22,0,0,0.1111,1,0.345,0.2609,0.0674,0.1222
q47,13,23,0,0,0.0,0,0.0219,0.1259,0.0216,0.0326
q47,14,15,0,1,0.0,0,0.0298,0.0449,0.0163,0.0269
q47,14,16,1,1,0.1,1,0.1538,0.2734,0.0766,0.1254
q47,14,17,0,1,0.0,0,0.0212,0.1257,0.0241,0.037
q47,14,18,0,0,0.0,0,0.0231,0.0679,0.0205,0.0326
q47,14,19,0,0,0.0,0,0.0209,0.0683,0.0189,0.0305
q47,14,20,0,0,0.2857,2,0.4092,0.3962,0.1407,0.2065
q47,14,21,0,0,0.1111,1,0.1536,0.2651,0.078,0.125
q47,14,22,0,0,0.2222,2,0.1743,0.2723,0.0873,0.1715
q47,14,23,0,0,0.0,0,0.0215,0.0635,0.0199,0.0305
q47,15,16,0,1,0.0,0,0.02,0.0932,0.0323,0.0431
q47,15,17,1,1,0.0,0,0.0352,0.138,0.0544,0.0896
q47,15,18,0,0,0.2857,2,0.499,0.2784,0.0817,0.1298
q47,15,19,0,0,0.125,1,0.2077,0.1928,0.0548,0.0909
q47,15,20,0,0,0.0,0,0.0197,0.0513,0.0147,0.0218
q47,15,21,0,0,0.0,0,0.0192,0.0503,0.0145,0.0262
q47,15,22,0,0,0.0,0,0.0304,0.064,0.0209,0.0338
q47,15,23,0,0,0.0,0,0.0232,0.127,0.0384,0.0653
q47,16,17,0,1,0.0,0,0.02,0.0551,0.0187,0.0321
q47,16,18,0,0,0.0,0,0.0157,0.1002,0.0275,0.0417
q47,16,19,0,0,0.0,0,0.0104,0.1195,0.0318,0.0448
q47,16,20,0,0,0.0,0,0.013,0.3115,0.0766,0.1066
q47,16,21,0,0,0.8333,5,0.7817,0.299,0.0952,0.1416
q47,16,22,0,0,0.0909,1,0.2691,0.3096,0.1025,0.1563
q47,16,23,0,0,0.0,0,0.0142,0.1395,0.0236,0.0315
q47,17,18,0,0,0.125,1,0.1923,0.2122,0.056,0.0892
q47,17,19,0,0,0.0,0,0.0718,0.1911,0.0493,0.0775
q47,17,20,0,0,0.0,0,0.0192,0.0667,0.0185,0.0262
q47,17,21,0,0,0.0,0,0.0123,0.0503,0.0153,0.0294
q47,17,22,0,0,0.0,0,0.0392,0.0407,0.0144,0.0281
q47,17,23,0,0,0.0,0,0.0339,0.1224,0.0311,0.0549
q47,18,19,1,1,0.0,0,0.0235,0.2082,0.077,0.107
q47,18,20,0,1,0.0,0,0.0086,0.0679,0.0196,0.0316
q47,18,21,0,1,0.0,0,0.0148,0.0679,0.0202,0.0386
q47,18,22,0,1,0.0,0,0.0231,0.0832,0.0242,0.0402
q47,18,23,1,1,0.0,0,0.0393,0.1392,0.0392,0.0656
q47,19,20,0,1,0.0,0,0.0253,0.0683,0.0179,0.0295
q47,19,21,0,1,0.0,0,0.0095,0.0768,0.0218,0.0307
q47,19,22,0,1,0.0,0,0.0163,0.0836,0.0249,0.0408
q47,19,23,1,1,0.0,0,0.0165,0.1655,0.0416,0.0822
q47,20,21,1,1,0.0,0,0.0109,0.3192,0.1065,0.1421
q47,20,22,1,1,0.25,2,0.4871,0.2846,0.0663,0.1157
q47,20,23,0,1,0.0,0,0.0156,0.1295,0.0219,0.0313
q47,21,22,1,1,0.1,1,0.1856,0.2764,0.076,0.1283
q47,21,23,0,1,0.0,0,0.0063,0.1068,0.0196,0.029
q47,22,23,0,1,0.0,0,0.0075,0.1168,0.0174,0.0261
q48,0,1,0,1,0.0,0,0.0465,0.0,0.0091,0.0162
q48,0,2,0,1,0.0,0,0.0129,0.0,0.0027,0.0273
q48,0,3,0,1,0.0,0,0.0389,0.1266,0.0181,0.0393
q48,0,4,0,1,0.0,0,0.0432,0.1285,0.0227,0.037
q48,0,5,0,1,0.0,0,0.0601,0.0,0.0009,0.0221
q48,0,6,1,1,0.0,0,0.0429,0.149,0.0297,0.0707
q48,0,7,0,1,0.0,0,0.0304,0.0317,0.0116,0.0408
q48,0,8,1,1,0.0,0,0.0244,0.0689,0.0207,0.0638
q48,1,2,0,1,0.0,0,0.0,0.0,0.0008,0.0094
q48,1,3,1,1,0.0,0,0.0314,0.0101,0.0207,0.0464
q48,1,4,1,1,0.1111,1,0.3194,0.1371,0.0786,0.1366
q48,1,5,0,1,0.0,0,0.037,0.0,0.0024,0.0124
q48,1,6,0,1,0.0,0,0.0101,0.0,0.0137,0.0267
q48,1,7,0,1,0.0,0,0.0191,0.0,0.0111,0.0288
q48,1,8,0,1,0.0,0,0.0288,0.0,0.0016,0.0137
q48,2,3,0,1,0.0,0,0.0097,0.0,0.0025,0.0242
q48,2,4,0,1,0.0,0,0.0092,0.0,0.0,0.0128
q48,2,5,1,1,0.0,0,0.1423,0.0457,0.0243,0.0873
q48,2,6,0,1,0.0,0,0.0158,0.0,0.0031,0.0275
q48,2,7,1,1,0.25,1,0.5322,0.0357,0.0315,0.0925
q48,2,8,0,1,0.0,0,0.0,0.0,0.0053,0.0312
q48,3,4,1,1,0.0,0,0.0485,0.2757,0.0343,0.0608
q48,3,5,0,1,0.0,0,0.0215,0.0,0.0064,0.0206
q48,3,6,0,1,0.0,0,0.0304,0.1524,0.0294,0.0491
q48,3,7,0,1,0.0,0,0.0228,0.0468,0.0232,0.0498
q48,3,8,0,1,0.0,0,0.0268,0.0,0.0064,0.0327
q48,4,5,0,1,0.0,0,0.0294,0.0,0.0017,0.017
q48,4,6,0,1,0.0,0,0.0064,0.1773,0.0237,0.0366
q48,4,7,0,1,0.0,0,0.0193,0.0,0.0078,0.0263
q48,4,8,0,1,0.0,0,0.0462,0.0,0.0033,0.0203
q48,5,6,0,1,0.0,0,0.0134,0.0,0.0069,0.0326
q48,5,7,1,1,0.0,0,0.1236,0.0408,0.019,0.0698
q48,5,8,0,1,0.0,0,0.0144,0.034,0.0108,0.0399
q48,6,7,0,1,0.0,0,0.0076,0.0,0.0125,0.0488
q48,6,8,1,1,0.0,0,0.0051,0.0516,0.0308,0.0805
q48,7,8,0,1,0.0,0,0.0182,0.0641,0.0171,0.0563
q49,0,1,0,1,0.0,0,0.0179,0.2039,0.0174,0.0301
q49,0,2,0,1,0.125,1,0.1156,0.2039,0.017,0.0342
q49,0,3,0,1,0.1667,1,0.3391,0.0,0.0,0.0087
q49,0,4,1,1,0.1429,1,0.1362,0.1359,0.0108,0.0354
q49,0,5,1,1,0.0,0,0.0038,0.3641,0.0498,0.0808
q49,0,6,0,1,0.0,0,0.0166,0.1165,0.0114,0.0217
q49,0,7,0,1,0.0,0,0.0233,0.0,0.0016,0.0143
q49,0,8,0,1,0.0,0,0.0744,0.0,0.0,0.0146
q49,0,9,0,0,0.1429,1,0.2593,0.0874,0.0076,0.0198
q49,0,10,0,0,0.0,0,0.0019,0.0874,0.0068,0.0184
q49,0,11,0,0,0.0,0,0.0126,0.0874,0.006,0.014
q49,0,12,0,0,0.0,0,0.0122,0.0,0.0011,0.0101
q49,0,13,0,0,0.0,0,0.0158,0.0,0.0016,0.0078
q49,0,14,0,0,0.0,0,0.0173,0.0,0.0005,0.0048
q49,0,15,0,0,0.0,0,0.0131,0.0,0.0004,0.0038
q49,0,16,0,0,0.125,1,0.036,0.0,0.0,0.0073
q49,0,17,0,0,0.1667,1,0.0253,0.0,0.0,0.0071
q49,0,18,0,0,0.0,0,0.0146,0.0,0.0,0.0074
q49,0,19,0,0,0.2857,2,0.3557,0.2136,0.0156,0.0368
q49,0,20,0,0,0.1667,1,0.1583,0.0,0.0,0.0086
q49,0,21,0,0,0.0,0,0.002,0.1942,0.0106,0.0234
q49,0,22,0,0,0.0,0,0.0037,0.0,0.0,0.0074
q49,0,23,0,0,0.1111,1,0.2652,0.0,0.0,0.011
q49,0,24,0,0,0.0,0,0.0769,0.0,0.0,0.0072
q49,0,25,0,0,0.125,1,0.3071,0.2233,0.0114,0.024
q49,0,26,0,0,0.0,0,0.0316,0.0,0.0,0.0061
q49,1,2,1,1,0.0,0,0.0105,0.1911,0.1137,0.1436
q49,1,3,0,1,0.0,0,0.0207,0.0,0.0111,0.0263
q49,1,4,0,1,0.0,0,0.0141,0.0209,0.0046,0.0221
q49,1,5,0,1,0.0,0,0.0125,0.0654,0.0214,0.0356
q49,1,6,1,1,0.0,0,0.013,0.144,0.0487,0.081
q49,1,7,0,1,0.0,0,0.3556,0.0,0.0047,0.035
q49,1,8,0,1,0.0,0,0.0138,0.0,0.0108,0.0252
q49,1,9,0,0,0.125,1,0.2621,0.0497,0.028,0.045
q49,1,10,0,0,0.125,1,0.1248,0.0497,0.0247,0.0409
q49,1,11,0,0,0.1429,1,0.4307,0.0628,0.0303,0.0451
q49,1,12,0,0,0.0,0,0.0011,0.0,0.0104,0.0172
q49,1,13,0,0,0.0,0,0.0134,0.0,0.0056,0.0118
q49,1,14,0,0,0.0,0,0.0134,0.0,0.0051,0.011
q49,1,15,0,0,0.0,0,0.0178,0.0,0.0049,0.0107
q49,1,16,0,0,0.0,0,0.0171,0.0,0.0104,0.0252
q49,1,17,0,0,0.0,0,0.0,0.0,0.0101,0.0232
q49,1,18,0,0,0.0,0,0.0032,0.0262,0.0188,0.0352
q49,1,19,0,0,0.0,0,0.0119,0.0209,0.0204,0.049
q49,1,20,0,0,0.0,0,0.0171,0.0209,0.011,0.024
q49,1,21,0,0,0.0,0,0.0,0.0419,0.0209,0.0414
q49,1,22,0,0,0.0,0,0.0229,0.0,0.0076,0.0213
q49,1,23,0,0,0.0,0,0.0171,0.0,0.0105,0.02
q49,1,24,0,0,0.0,0,0.0131,0.0209,0.0135,0.0197
q49,1,25,0,0,0.0,0,0.0212,0.0419,0.0162,0.0374
q49,1,26,0,0,0.0,0,0.0198,0.0209,0.0076,0.0194
q49,2,3,0,1,0.0,0,0.0033,0.02,0.014,0.0261
q49,2,4,0,1,0.125,1,0.1194,0.04,0.0045,0.0246
q49,2,5,0,1,0.0,0,0.0024,0.0825,0.0265,0.0482
q49,2,6,1,1,0.0,0,0.0022,0.2075,0.0666,0.1148
q49,2,7,0,1,0.0,0,0.0019,0.0,0.0034,0.0265
q49,2,8,0,1,0.0,0,0.0097,0.0,0.0126,0.0262
q49,2,9,0,0,0.0,0,0.0019,0.0475,0.0264,0.0404
q49,2,10,0,0,0.0,0,0.0,0.0475,0.0255,0.0469
q49,2,11,0,0,0.0,0,0.0,0.06,0.0329,0.0555
q49,2,12,0,0,0.0,0,0.0014,0.0,0.0094,0.0202
q49,2,13,0,0,0.0,0,0.1184,0.0,0.0056,0.0118
q49,2,14,0,0,0.0,0,0.1133,0.0,0.0051,0.011
q49,2,15,0,0,0.0,0,0.1091,0.0,0.0049,0.0107
q49,2,16,0,0,0.0,0,0.001,0.0,0.0096,0.0195
q49,2,17,0,0,0.1429,1,0.0226,0.0,0.0093,0.017
q49,2,18,0,0,0.0,0,0.0,0.025,0.0207,0.0302
q49,2,19,0,0,0.1111,1,0.1435,0.04,0.0264,0.0562
q49,2,20,0,0,0.0,0,0.0019,0.02,0.0101,0.0219
q49,2,21,0,0,0.0,0,0.0,0.06,0.0206,0.0373
q49,2,22,0,0,0.0,0,0.0021,0.0,0.0068,0.0158
q49,2,23,0,0,0.0,0,0.0019,0.0,0.012,0.0218
q49,2,24,0,0,0.0,0,0.0259,0.04,0.0159,0.0246
q49,2,25,0,0,0.0,0,0.0248,0.0825,0.0203,0.0464
q49,2,26,0,0,0.0,0,0.0011,0.02,0.0069,0.0163
q49,3,4,0,1,0.0,0,0.0313,0.0,0.0018,0.0162
q49,3,5,0,1,0.0,0,0.0029,0.0,0.0083,0.0222
q49,3,6,0,1,0.0,0,0.0186,0.0,0.0087,0.0283
q49,3,7,1,1,0.0,0,0.0227,0.1711,0.0584,0.0942
q49,3,8,1,1,0.0,0,0.0676,0.1706,0.0661,0.0986
q49,3,9,0,0,0.1667,1,0.3303,0.0142,0.0142,0.0379
q49,3,10,0,0,0.0,0,0.0,0.0,0.0075,0.0246
q49,3,11,0,0,0.0,0,0.0107,0.0,0.0084,0.0251
q49,3,12,0,0,0.0,0,0.0051,0.0,0.0085,0.0303
q49,3,13,0,0,0.0,0,0.0256,0.0,0.0025,0.0051
q49,3,14,0,0,0.0,0,0.0281,0.0,0.0023,0.0048
q49,3,15,0,0,0.0,0,0.0198,0.0,0.0022,0.0064
q49,3,16,0,0,0.1429,1,0.1201,0.0134,0.0128,0.0556
q49,3,17,0,0,0.0,0,0.0,0.0134,0.0079,0.027
q49,3,18,0,0,0.0,0,0.0063,0.0,0.0098,0.0242
q49,3,19,0,0,0.0,0,0.0082,0.0,0.0129,0.034
q49,3,20,0,0,0.2,1,0.2445,0.0119,0.0161,0.0499
q49,3,21,0,0,0.0,0,0.002,0.0,0.0073,0.0278
q49,3,22,0,0,0.0,0,0.0043,0.0134,0.0128,0.0395
q49,3,23,0,0,0.125,1,0.2628,0.0415,0.023,0.0478
q49,3,24,0,0,0.0,0,0.05,0.0,0.0069,0.0203
q49,3,25,0,0,0.0,0,0.201,0.0,0.0083,0.0341
q49,3,26,0,0,0.0,0,0.0401,0.0,0.0066,0.0286
q49,4,5,1,1,0.0,0,0.0019,0.0182,0.0121,0.0475
q49,4,6,0,1,0.0,0,0.0076,0.0145,0.0106,0.0253
q49,4,7,0,1,0.0,0,0.0031,0.0,0.0,0.0222
q49,4,8,0,1,0.0,0,0.0311,0.0,0.0,0.0245
q49,4,9,0,0,0.0,0,0.0198,0.0,0.006,0.0259
q49,4,10,0,0,0.0,0,0.0,0.0,0.0056,0.0199
q49,4,11,0,0,0.0,0,0.0009,0.0,0.0051,0.0258
q49,4,12,0,0,0.0,0,0.0026,0.0,0.0062,0.0183
q49,4,13,0,0,0.0,0,0.0648,0.0,0.0018,0.0096
q49,4,14,0,0,0.0,0,0.1097,0.0,0.0016,0.0109
q49,4,15,0,0,0.0,0,0.0579,0.0,0.0015,0.0088
q49,4,16,0,0,0.0,0,0.008,0.0,0.0036,0.0079
q49,4,17,0,0,0.1667,1,0.0226,0.0,0.002,0.0086
q49,4,18,0,0,0.0,0,0.0035,0.0,0.0055,0.0196
q49,4,19,0,0,0.125,1,0.1446,0.0945,0.0338,0.0837
q49,4,20,0,0,0.0,0,0.0179,0.0,0.0045,0.0162
q49,4,21,0,0,0.0,0,0.0114,0.0145,0.01,0.0289
q49,4,22,0,0,0.0,0,0.0012,0.0,0.0021,0.0129
q49,4,23,0,0,0.0,0,0.0072,0.0,0.0044,0.0124
q49,4,24,0,0,0.0,0,0.0589,0.0,0.006,0.0224
q49,4,25,0,0,0.0,0,0.034,0.0164,0.0122,0.0432
q49,4,26,0,0,0.0,0,0.0187,0.0,0.0041,0.0124
q49,5,6,0,1,0.125,1,0.254,0.0921,0.0242,0.0459
q49,5,7,0,1,0.0,0,0.0022,0.0,0.0019,0.0276
q49,5,8,0,1,0.0,0,0.0065,0.0153,0.0189,0.0506
q49,5,9,0,0,0.0,0,0.0011,0.0743,0.0205,0.031
q49,5,10,0,0,0.0,0,0.0321,0.0688,0.0192,0.0311
q49,5,11,0,0,0.0,0,0.0,0.0626,0.0193,0.0312
q49,5,12,0,0,0.1429,1,0.1534,0.1667,0.02,0.0382
q49,5,13,0,0,0.0,0,0.0385,0.0,0.0068,0.0146
q49,5,14,0,0,0.0,0,0.0067,0.0,0.0062,0.0156
q49,5,15,0,0,0.0,0,0.0024,0.0,0.006,0.0133
q49,5,16,0,0,0.0,0,0.0021,0.0333,0.0097,0.0181
q49,5,17,0,0,0.0,0,0.0,0.1556,0.0171,0.0289
q49,5,18,0,0,0.0,0,0.0609,0.0519,0.0137,0.0215
q49,5,19,0,0,0.125,1,0.2285,0.2403,0.0448,0.0776
q49,5,20,0,0,0.0,0,0.0011,0.0444,0.0137,0.0268
q49,5,21,0,0,0.1667,1,0.2176,0.2587,0.0294,0.0505
q49,5,22,0,0,0.0,0,0.0012,0.1486,0.0139,0.0298
q49,5,23,0,0,0.0,0,0.0593,0.1708,0.0203,0.0322
q49,5,24,0,0,0.0,0,0.0673,0.0583,0.0165,0.0309
q49,5,25,0,0,0.0,0,0.0385,0.1819,0.0361,0.0895
q49,5,26,0,0,0.0,0,0.0176,0.0444,0.0107,0.0241
q49,6,7,0,1,0.0,0,0.0081,0.0,0.0,0.0236
q49,6,8,0,1,0.0,0,0.0147,0.0,0.007,0.0312
q49,6,9,0,0,0.0,0,0.008,0.0991,0.0285,0.0375
q49,6,10,0,0,0.0,0,0.0232,0.094,0.0268,0.037
q49,6,11,0,0,0.0,0,0.0019,0.1065,0.0279,0.0424
q49,6,12,0,0,0.2857,2,0.383,0.046,0.0134,0.0258
q49,6,13,0,0,0.0,0,0.0094,0.0,0.0067,0.0127
q49,6,14,0,0,0.0,0,0.0078,0.0,0.0061,0.012
q49,6,15,0,0,0.0,0,0.008,0.0,0.0059,0.0117
q49,6,16,0,0,0.0,0,0.0101,0.0691,0.0161,0.0241
q49,6,17,0,0,0.0,0,0.0,0.0,0.0109,0.0209
q49,6,18,0,0,0.0,0,0.0158,0.0909,0.023,0.0306
q49,6,19,0,0,0.1111,1,0.333,0.0935,0.0225,0.0493
q49,6,20,0,0,0.0,0,0.0156,0.0576,0.0145,0.0246
q49,6,21,0,0,0.1429,1,0.2176,0.105,0.0238,0.0393
q49,6,22,0,0,0.0,0,0.0021,0.0,0.0089,0.0222
q49,6,23,0,0,0.0,0,0.0239,0.0576,0.0154,0.0259
q49,6,24,0,0,0.0,0,0.0451,0.0806,0.0193,0.021
q49,6,25,0,0,0.0,0,0.0143,0.1036,0.0259,0.0508
q49,6,26,0,0,0.0,0,0.0393,0.046,0.0093,0.0205
q49,7,8,1,1,0.0,0,0.0206,0.1337,0.0512,0.086
q49,7,9,0,0,0.1667,1,0.35,0.0,0.005,0.0401
q49,7,10,0,0,0.0,0,0.1311,0.0,0.0019,0.0313
q49,7,11,0,0,0.2,1,0.6905,0.0143,0.0077,0.0463
q49,7,12,0,0,0.0,0,0.0031,0.0267,0.0118,0.0449
q49,7,13,0,0,0.0,0,0.0143,0.0,0.0004,0.0069
q49,7,14,0,0,0.0,0,0.0145,0.0,0.0004,0.0058
q49,7,15,0,0,0.0,0,0.0144,0.0,0.0,0.0076
q49,7,16,0,0,0.1429,1,0.1217,0.016,0.009,0.0389
q49,7,17,0,0,0.0,0,0.0065,0.016,0.0033,0.024
q49,7,18,0,0,0.0,0,0.0072,0.0,0.0018,0.021
q49,7,19,0,0,0.0,0,0.0078,0.0,0.0081,0.0522
q49,7,20,0,0,0.0,0,0.0095,0.0,0.01,0.0481
q49,7,21,0,0,0.0,0,0.0044,0.0,0.0027,0.0317
q49,7,22,0,0,0.0,0,0.0254,0.016,0.0063,0.0351
q49,7,23,0,0,0.0,0,0.0168,0.0,0.0088,0.0404
q49,7,24,0,0,0.0,0,0.044,0.0,0.0008,0.0172
q49,7,25,0,0,0.0,0,0.0024,0.0321,0.0131,0.0525
q49,7,26,0,0,0.0,0,0.0317,0.0,0.0053,0.0283
q49,8,9,0,0,0.0,0,0.0148,0.0142,0.013,0.0326
q49,8,10,0,0,0.0,0,0.0083,0.0,0.0106,0.0315
q49,8,11,0,0,0.0,0,0.0126,0.0,0.0075,0.0242
q49,8,12,0,0,0.0,0,0.0126,0.0,0.0097,0.0374
q49,8,13,0,0,0.0,0,0.0294,0.0,0.0025,0.0057
q49,8,14,0,0,0.0,0,0.0337,0.0,0.0023,0.0072
q49,8,15,0,0,0.0,0,0.0302,0.0,0.0022,0.0064
q49,8,16,0,0,0.0,0,0.0116,0.0124,0.0115,0.0334
q49,8,17,0,0,0.0,0,0.0137,0.0124,0.0114,0.0308
q49,8,18,0,0,0.0,0,0.005,0.0,0.0104,0.0262
q49,8,19,0,0,0.0,0,0.0304,0.011,0.0174,0.0479
q49,8,20,0,0,0.0,0,0.0239,0.0,0.0123,0.036
q49,8,21,0,0,0.0,0,0.0032,0.0,0.012,0.0347
q49,8,22,0,0,0.0,0,0.0058,0.0124,0.0107,0.0325
q49,8,23,0,0,0.0,0,0.0185,0.0234,0.0186,0.0405
q49,8,24,0,0,0.0,0,0.0399,0.0138,0.0102,0.0245
q49,8,25,0,0,0.0,0,0.1403,0.0179,0.0165,0.0575
q49,8,26,0,0,0.0,0,0.0188,0.0,0.0065,0.0273
q49,9,10,1,1,0.1429,1,0.1221,0.3451,0.1552,0.1987
q49,9,11,1,1,0.1667,1,0.4295,0.4,0.174,0.2519
q49,9,12,0,1,0.0,0,0.0047,0.0566,0.0163,0.0254
q49,9,13,0,1,0.0,0,0.0101,0.0,0.0066,0.0125
q49,9,14,0,1,0.0,0,0.0154,0.0,0.006,0.0124
q49,9,15,0,1,0.0,0,0.0067,0.0,0.0058,0.0108
q49,9,16,0,1,0.2857,2,0.2272,0.085,0.0186,0.0289
q49,9,17,0,1,0.0,0,0.0065,0.0,0.0145,0.0257
q49,9,18,0,0,0.0,0,0.0028,0.1027,0.0277,0.0408
q49,9,19,0,0,0.0,0,0.0033,0.0566,0.0206,0.0354
q49,9,20,0,0,0.1667,1,0.2419,0.085,0.0214,0.0374
q49,9,21,0,0,0.0,0,0.0032,0.0708,0.021,0.0317
q49,9,22,0,0,0.0,0,0.0287,0.0,0.0139,0.03
q49,9,23,0,0,0.25,2,0.3615,0.1027,0.0259,0.0414
q49,9,24,0,0,0.0,0,0.0362,0.1009,0.0228,0.0302
q49,9,25,0,0,0.0,0,0.162,0.0566,0.016,0.027
q49,9,26,0,0,0.0,0,0.0232,0.0566,0.0106,0.024
q49,10,11,1,1,0.1667,1,0.235,0.198,0.0867,0.1392
q49,10,12,0,1,0.0,0,0.0192,0.0537,0.0155,0.0258
q49,10,13,0,1,0.0,0,0.0111,0.0,0.0064,0.0117
q49,10,14,0,1,0.0,0,0.0,0.0,0.0058,0.011
q49,10,15,0,1,0.0,0,0.0,0.0,0.0056,0.0101
q49,10,16,0,1,0.0,0,0.0,0.0805,0.0161,0.0241
q49,10,17,0,1,0.0,0,0.0,0.0,0.0126,0.0208
q49,10,18,0,0,0.0,0,0.0508,0.0973,0.0269,0.042
q49,10,19,0,0,0.0,0,0.0099,0.0537,0.0185,0.034
q49,10,20,0,0,0.0,0,0.0,0.0671,0.0166,0.0333
q49,10,21,0,0,0.0,0,0.0089,0.0671,0.0206,0.0327
q49,10,22,0,0,0.0,0,0.0011,0.0,0.0106,0.0237
q49,10,23,0,0,0.0,0,0.0403,0.0906,0.0238,0.044
q49,10,24,0,0,0.0,0,0.0,0.0973,0.0216,0.0356
q49,10,25,0,0,0.0,0,0.0139,0.0537,0.0144,0.0265
q49,10,26,0,0,0.0,0,0.0032,0.0537,0.0096,0.0279
q49,11,12,0,1,0.0,0,0.0011,0.0455,0.0137,0.0262
q49,11,13,0,1,0.0,0,0.0075,0.0,0.0061,0.0119
q49,11,14,0,1,0.0,0,0.0038,0.0,0.0056,0.0118
q49,11,15,0,1,0.0,0,0.0085,0.0,0.0054,0.0098
q49,11,16,0,1,0.0,0,0.0,0.0683,0.0157,0.0258
q49,11,17,0,1,0.0,0,0.0,0.0,0.013,0.0235
q49,11,18,0,0,0.0,0,0.0132,0.0942,0.0239,0.0348
q49,11,19,0,0,0.0,0,0.0,0.0455,0.0171,0.0321
q49,11,20,0,0,0.0,0,0.0,0.0569,0.0148,0.0283
q49,11,21,0,0,0.0,0,0.0,0.0569,0.0197,0.0289
q49,11,22,0,0,0.0,0,0.0012,0.0,0.0099,0.0212
q49,11,23,0,0,0.0,0,0.0,0.0797,0.0216,0.0356
q49,11,24,0,0,0.0,0,0.0216,0.0811,0.0202,0.0313
q49,11,25,0,0,0.0,0,0.0009,0.0469,0.0141,0.0252
q49,11,26,0,0,0.0,0,0.0136,0.0455,0.0085,0.017
q49,12,13,0,1,0.0,0,0.0011,0.0,0.007,0.0174
q49,12,14,0,1,0.0,0,0.0022,0.0,0.0068,0.017
q49,12,15,0,1,0.0,0,0.0,0.0,0.0059,0.0166
q49,12,16,1,1,0.0,0,0.0051,0.1299,0.0387,0.0833
q49,12,17,1,1,0.0,0,0.0,0.0895,0.0294,0.0722
q49,12,18,0,0,0.0,0,0.0011,0.0519,0.0145,0.0246
q49,12,19,0,0,0.125,1,0.1549,0.1343,0.0267,0.0571
q49,12,20,0,0,0.0,0,0.0051,0.0535,0.0273,0.0639
q49,12,21,0,0,0.1667,1,0.1513,0.2003,0.0181,0.0351
q49,12,22,0,0,0.0,0,0.0054,0.0786,0.0241,0.0588
q49,12,23,0,0,0.0,0,0.0097,0.1146,0.0226,0.0381
q49,12,24,0,0,0.0,0,0.0,0.0786,0.0181,0.0303
q49,12,25,0,0,0.0,0,0.0073,0.0349,0.0125,0.0337
q49,12,26,0,0,0.0,0,0.1165,0.0415,0.0235,0.0636
q49,13,14,1,1,0.125,1,0.7151,0.6481,0.2619,0.4831
q49,13,15,1,1,0.0,0,0.5381,0.5128,0.2012,0.4235
q49,13,16,0,1,0.0,0,0.0121,0.0,0.0058,0.0117
q49,13,17,0,1,0.0,0,0.0091,0.0,0.009,0.0212
q49,13,18,0,0,0.0,0,0.0235,0.0,0.0063,0.011
q49,13,19,0,0,0.0,0,0.0164,0.0,0.008,0.0162
q49,13,20,0,0,0.0,0,0.0247,0.0,0.0093,0.0258
q49,13,21,0,0,0.0,0,0.0048,0.0,0.0076,0.0158
q49,13,22,0,0,0.0,0,0.0058,0.0,0.0081,0.0222
q49,13,23,0,0,0.0,0,0.014,0.0,0.0064,0.0118
q49,13,24,0,0,0.0,0,0.0466,0.0,0.0066,0.0123
q49,13,25,0,0,0.0,0,0.0747,0.0,0.0058,0.0122
q49,13,26,0,0,0.0,0,0.0466,0.0,0.0054,0.0143
q49,14,15,1,1,0.0,0,0.6175,0.5532,0.2294,0.4458
q49,14,16,0,1,0.0,0,0.0164,0.0,0.0054,0.0111
q49,14,17,0,1,0.0,0,0.0139,0.0108,0.0097,0.0217
q49,14,18,0,0,0.0,0,0.0108,0.0,0.0058,0.0103
q49,14,19,0,0,0.0,0,0.014,0.0,0.0073,0.0165
q49,14,20,0,0,0.0,0,0.0242,0.0168,0.01,0.0267
q49,14,21,0,0,0.0,0,0.0013,0.0,0.007,0.0148
q49,14,22,0,0,0.0,0,0.0273,0.0141,0.0089,0.0233
q49,14,23,0,0,0.0,0,0.0123,0.0,0.006,0.0111
q49,14,24,0,0,0.0,0,0.0758,0.0,0.006,0.0122
q49,14,25,0,0,0.0,0,0.0743,0.0,0.0053,0.0138
q49,14,26,0,0,0.0,0,0.0482,0.0,0.0044,0.0137
q49,15,16,0,1,0.0,0,0.0042,0.0373,0.0058,0.0119
q49,15,17,0,1,0.0,0,0.0108,0.0,0.0071,0.0187
q49,15,18,0,0,0.0,0,0.0019,0.0,0.0056,0.01
q49,15,19,0,0,0.0,0,0.0116,0.0543,0.0078,0.0161
q49,15,20,0,0,0.0,0,0.0092,0.0,0.0072,0.0215
q49,15,21,0,0,0.0,0,0.0,0.0,0.0067,0.0163
q49,15,22,0,0,0.0,0,0.0136,0.0,0.0063,0.0191
q49,15,23,0,0,0.0,0,0.0031,0.0,0.0057,0.0114
q49,15,24,0,0,0.0,0,0.0363,0.0,0.0058,0.0114
q49,15,25,0,0,0.0,0,0.0579,0.0,0.0052,0.0113
q49,15,26,0,0,0.0,0,0.022,0.0,0.0042,0.0129
q49,16,17,1,1,0.0,0,0.0092,0.1653,0.0468,0.1084
q49,16,18,0,0,0.0,0,0.0,0.0779,0.0153,0.0273
q49,16,19,0,0,0.0,0,0.0096,0.1384,0.0174,0.0281
q49,16,20,0,0,0.3333,2,0.4749,0.143,0.0458,0.0953
q49,16,21,0,0,0.0,0,0.0042,0.0445,0.013,0.0264
q49,16,22,0,0,0.0,0,0.0409,0.0976,0.0349,0.0772
q49,16,23,0,0,0.1,1,0.0448,0.0594,0.0167,0.0369
q49,16,24,0,0,0.0,0,0.0329,0.0714,0.0171,0.026
q49,16,25,0,0,0.0,0,0.0233,0.0257,0.0106,0.0238
q49,16,26,0,0,0.0,0,0.0172,0.1213,0.0187,0.0458
q49,17,18,0,0,0.0,0,0.0,0.0,0.0112,0.0228
q49,17,19,0,0,0.1429,1,0.0253,0.0461,0.0147,0.0236
q49,17,20,0,0,0.0,0,0.0016,0.0759,0.0488,0.103
q49,17,21,0,0,0.0,0,0.0,0.2281,0.0206,0.0349
q49,17,22,0,0,0.0,0,0.0076,0.2953,0.0688,0.1201
q49,17,23,0,0,0.0,0,0.0057,0.172,0.0231,0.0409
q49,17,24,0,0,0.0,0,0.0,0.0347,0.0142,0.0211
q49,17,25,0,0,0.0,0,0.0027,0.0,0.0087,0.0169
q49,17,26,0,0,0.0,0,0.0,0.1765,0.0196,0.0481
q49,18,19,0,1,0.0,0,0.0089,0.0519,0.0182,0.0237
q49,18,20,0,1,0.0,0,0.0,0.0649,0.0157,0.0294
q49,18,21,0,1,0.0,0,0.0067,0.0649,0.0168,0.0212
q49,18,22,0,1,0.0,0,0.0031,0.0,0.0078,0.0181
q49,18,23,1,1,0.0,0,0.0932,0.0958,0.0321,0.0576
q49,18,24,1,1,0.0,0,0.0646,0.0909,0.0221,0.0368
q49,18,25,0,1,0.0,0,0.0439,0.0519,0.0114,0.0203
q49,18,26,0,1,0.0,0,0.0213,0.0519,0.0089,0.0189
q49,19,20,0,1,0.0,0,0.0022,0.0448,0.0168,0.0347
q49,19,21,1,1,0.1429,1,0.2272,0.1321,0.0519,0.0821
q49,19,22,0,1,0.0,0,0.0109,0.0461,0.0135,0.0306
q49,19,23,0,1,0.0,0,0.0227,0.1031,0.0238,0.0329
q49,19,24,0,1,0.0,0,0.0665,0.1058,0.0252,0.0369
q49,19,25,1,1,0.1111,1,0.0322,0.2646,0.0748,0.1259
q49,19,26,0,1,0.0,0,0.0293,0.0896,0.0155,0.0358
q49,20,21,0,1,0.0,0,0.0009,0.0556,0.0185,0.0363
q49,20,22,1,1,0.0,0,0.0057,0.1292,0.0785,0.1492
q49,20,23,0,1,0.125,1,0.1583,0.0493,0.0174,0.0391
q49,20,24,0,1,0.0,0,0.0329,0.11,0.0166,0.0253
q49,20,25,0,1,0.0,0,0.0533,0.0727,0.0148,0.034
q49,20,26,1,1,0.0,0,0.0151,0.1677,0.0463,0.0804
q49,21,22,0,1,0.0,0,0.0,0.1919,0.0143,0.0335
q49,21,23,0,1,0.0,0,0.0082,0.2184,0.0192,0.0269
q49,21,24,0,1,0.0,0,0.009,0.0556,0.0176,0.0245
q49,21,25,1,1,0.0,0,0.0115,0.1697,0.0711,0.1071
q49,21,26,0,1,0.0,0,0.0151,0.0445,0.0151,0.037
q49,22,23,0,1,0.0,0,0.004,0.171,0.0167,0.0351
q49,22,24,0,1,0.0,0,0.0633,0.0238,0.0096,0.0162
q49,22,25,0,1,0.0,0,0.0048,0.0,0.0091,0.0262
q49,22,26,1,1,0.0,0,0.0021,0.2233,0.045,0.0813
q49,23,24,1,1,0.0,0,0.0732,0.0714,0.0276,0.0558
q49,23,25,0,1,0.0,0,0.178,0.0492,0.0167,0.0311
q49,23,26,0,1,0.0,0,0.0216,0.0493,0.0151,0.0368
q49,24,25,0,1,0.0,0,0.0701,0.0952,0.0191,0.0314
q49,24,26,0,1,0.0,0,0.0826,0.1308,0.0164,0.0238
q49,25,26,0,1,0.0,0,0.0294,0.0813,0.0145,0.0358
q50,0,1,0,1,0.0,0,0.0351,0.0,0.0015,0.0372
q50,0,2,0,1,0.0,0,0.0394,0.0,0.0014,0.027
q50,0,3,0,1,0.0,0,0.0407,0.0,0.0,0.0163
q50,0,4,1,1,0.0,0,0.0044,0.0448,0.0124,0.0525
q50,0,5,0,1,0.0,0,0.0177,0.0,0.0011,0.0321
q50,0,6,0,1,0.0,0,0.0106,0.0398,0.0038,0.0265
q50,0,7,0,1,0.0,0,0.0122,0.0398,0.0076,0.0373
q50,0,8,1,1,0.0,0,0.0235,0.0,0.0065,0.0368
q50,1,2,1,1,0.0,0,0.0816,0.0667,0.0206,0.0448
q50,1,3,1,1,0.0,0,0.0933,0.1,0.0294,0.0397
q50,1,4,0,1,0.0,0,0.0067,0.1,0.028,0.0505
q50,1,5,0,1,0.0,0,0.0377,0.1,0.0227,0.0326
q50,1,6,0,1,0.0,0,0.0878,0.1,0.0224,0.0433
q50,1,7,0,1,0.0,0,0.0794,0.1,0.0273,0.0556
q50,1,8,0,1,0.0,0,0.0208,0.1167,0.0279,0.0579
q50,2,3,1,1,0.0,0,0.0487,0.0602,0.0167,0.0287
q50,2,4,0,1,0.0,0,0.0097,0.0597,0.0156,0.0356
q50,2,5,0,1,0.0,0,0.024,0.0597,0.0152,0.024
q50,2,6,0,1,0.0,0,0.0333,0.0597,0.0147,0.0282
q50,2,7,0,1,0.0,0,0.0481,0.0597,0.0146,0.0308
q50,2,8,0,1,0.0,0,0.0163,0.0746,0.016,0.0333
q50,3,4,0,1,0.0,0,0.012,0.1372,0.0336,0.0402
q50,3,5,0,1,0.0,0,0.0478,0.1372,0.0328,0.0421
q50,3,6,0,1,0.0,0,0.0364,0.0921,0.0194,0.0279
q50,3,7,0,1,0.0,0,0.0373,0.1053,0.0202,0.0281
q50,3,8,0,1,0.0,0,0.0109,0.1372,0.0247,0.0369
q50,4,5,0,1,0.0,0,0.0211,0.1035,0.0324,0.0599
q50,4,6,0,1,0.0,0,0.0127,0.0823,0.0269,0.0462
q50,4,7,0,1,0.0,0,0.0027,0.1172,0.0366,0.0757
q50,4,8,1,1,0.5,3,0.9805,0.2656,0.1043,0.1899
q50,5,6,1,1,0.0,0,0.0402,0.1553,0.0504,0.0857
q50,5,7,1,1,0.0,0,0.0178,0.2788,0.0581,0.0936
q50,5,8,0,1,0.0,0,0.0211,0.1118,0.0337,0.0639
q50,6,7,1,1,0.0,0,0.0332,0.2133,0.0491,0.0832
q50,6,8,0,1,0.0,0,0.0115,0.0785,0.0261,0.0474
q50,7,8,0,1,0.0,0,0.0025,0.0778,0.0325,0.066
q51,0,1,0,1,0.0,0,0.5235,0.5023,0.0814,0.2106
q51,0,2,1,1,0.4,2,0.6968,0.6579,0.2368,0.3556
q51,0,3,1,1,0.1667,1,0.6619,0.6988,0.2009,0.3249
q51,0,4,0,1,0.1667,1,0.6762,0.5823,0.0964,0.2197
q51,0,5,0,1,0.1429,1,0.6574,0.6533,0.0981,0.2101
q51,0,6,0,1,0.1667,1,0.5806,0.5914,0.0763,0.186
q51,0,7,0,1,0.0,0,0.541,0.525,0.069,0.1893
q51,0,8,0,1,0.0,0,0.4415,0.6406,0.0807,0.1708
q51,0,9,0,0,0.0,0,0.3064,0.2766,0.0339,0.1651
q51,0,10,0,0,0.0,0,0.3362,0.3348,0.0774,0.2162
q51,0,11,0,0,0.0,0,0.305,0.4122,0.0499,0.1735
q51,0,12,0,0,0.0,0,0.4589,0.5732,0.0729,0.1817
q51,0,13,0,0,0.0,0,0.499,0.566,0.0744,0.1834
q51,0,14,0,0,0.0,0,0.4082,0.5696,0.0569,0.1558
q51,0,15,0,0,0.0,0,0.3835,0.2493,0.0508,0.1543
q51,0,16,0,0,0.0,0,0.4645,0.5532,0.0659,0.1667
q51,0,17,0,0,0.0,0,0.4937,0.5769,0.0647,0.1684
q51,1,2,0,1,0.0,0,0.3711,0.4038,0.0542,0.1345
q51,1,3,0,1,0.0,0,0.5876,0.3323,0.0701,0.1724
q51,1,4,1,1,0.0,0,0.5383,0.414,0.1662,0.3779
q51,1,5,0,1,0.0,0,0.56,0.4257,0.1711,0.3689
q51,1,6,0,1,0.0,0,0.5311,0.3494,0.1151,0.3044
q51,1,7,0,1,0.0,0,0.5373,0.4269,0.1375,0.3367
q51,1,8,1,1,0.0,0,0.548,0.441,0.1456,0.3287
q51,1,9,0,0,0.0,0,0.4734,0.2026,0.0919,0.3041
q51,1,10,0,0,0.0,0,0.4102,0.2384,0.1139,0.3295
q51,1,11,0,0,0.0,0,0.4559,0.3124,0.1187,0.352
q51,1,12,0,0,0.0,0,0.5103,0.387,0.1382,0.3514
q51,1,13,0,0,0.0,0,0.5306,0.4075,0.1504,0.3382
q51,1,14,0,0,0.0,0,0.3905,0.3787,0.1167,0.32
q51,1,15,0,0,0.0,0,0.4806,0.2795,0.098,0.2799
q51,1,16,0,0,0.0,0,0.5479,0.3611,0.1117,0.2891
q51,1,17,0,0,0.0,0,0.4431,0.3324,0.098,0.262
q51,2,3,1,1,0.1429,1,0.5955,0.6583,0.2348,0.352
q51,2,4,0,1,0.3333,2,0.6515,0.3237,0.0848,0.169
q51,2,5,0,1,0.125,1,0.5612,0.4802,0.0665,0.1602
q51,2,6,0,1,0.0,0,0.3352,0.3642,0.06,0.1501
q51,2,7,0,1,0.0,0,0.3853,0.3642,0.0557,0.1366
q51,2,8,0,1,0.0,0,0.3167,0.455,0.0532,0.1438
q51,2,9,0,0,0.0,0,0.261,0.2527,0.0282,0.1142
q51,2,10,0,0,0.0,0,0.2935,0.2482,0.0745,0.1683
q51,2,11,0,0,0.0,0,0.295,0.1942,0.0384,0.1299
q51,2,12,0,0,0.0,0,0.3215,0.3984,0.0586,0.155
q51,2,13,0,0,0.0,0,0.341,0.4209,0.0646,0.1504
q51,2,14,0,0,0.0,0,0.2779,0.3165,0.0377,0.1189
q51,2,15,0,0,0.0,0,0.2618,0.1888,0.0506,0.1365
q51,2,16,0,0,0.0,0,0.3126,0.4011,0.0601,0.149
q51,2,17,0,0,0.0,0,0.3169,0.3705,0.0613,0.1532
q51,3,4,0,1,0.1429,1,0.5726,0.3338,0.0775,0.1918
q51,3,5,0,1,0.125,1,0.6098,0.3569,0.0825,0.1963
q51,3,6,0,1,0.0,0,0.4361,0.3815,0.0779,0.1988
q51,3,7,0,1,0.0,0,0.5943,0.3431,0.0638,0.1838
q51,3,8,0,1,0.0,0,0.4776,0.3831,0.0702,0.1792
q51,3,9,0,0,0.0,0,0.3509,0.1846,0.0315,0.1386
q51,3,10,0,0,0.0,0,0.3745,0.1946,0.0657,0.1827
q51,3,11,0,0,0.0,0,0.3342,0.2392,0.0544,0.168
q51,3,12,0,0,0.0,0,0.5079,0.3346,0.0608,0.1681
q51,3,13,0,0,0.0,0,0.564,0.4054,0.0802,0.1906
q51,3,14,0,0,0.0,0,0.2931,0.3138,0.0536,0.1631
q51,3,15,0,0,0.0,0,0.3984,0.24,0.061,0.1794
q51,3,16,0,0,0.0,0,0.4353,0.3,0.067,0.1747
q51,3,17,0,0,0.0,0,0.5107,0.3523,0.0715,0.1906
q51,4,5,0,1,0.125,1,0.6375,0.3572,0.1351,0.3403
q51,4,6,0,1,0.0,0,0.5492,0.4896,0.1603,0.3656
q51,4,7,0,1,0.1429,1,0.7165,0.594,0.2178,0.4267
q51,4,8,1,1,0.0,0,0.4535,0.3954,0.1358,0.3289
q51,4,9,0,0,0.0,0,0.3942,0.1748,0.0923,0.2915
q51,4,10,0,0,0.0,0,0.4246,0.327,0.14,0.3423
q51,4,11,0,0,0.0,0,0.3485,0.2421,0.0895,0.3139
q51,4,12,0,0,0.0,0,0.4571,0.3485,0.1182,0.3219
q51,4,13,0,0,0.0,0,0.5125,0.3557,0.1468,0.3489
q51,4,14,0,0,0.0,0,0.2995,0.3388,0.1128,0.3091
q51,4,15,0,0,0.0,0,0.461,0.3388,0.121,0.3003
q51,4,16,0,0,0.0,0,0.4744,0.2958,0.1099,0.288
q51,4,17,0,0,0.0,0,0.4977,0.3465,0.1183,0.297
q51,5,6,1,1,0.0,0,0.3933,0.3871,0.1403,0.3258
q51,5,7,1,1,0.0,0,0.5058,0.4527,0.157,0.3619
q51,5,8,0,1,0.0,0,0.4468,0.4771,0.1561,0.33
q51,5,9,0,0,0.0,0,0.4312,0.3051,0.1141,0.2999
q51,5,10,0,0,0.0,0,0.4105,0.3651,0.1352,0.331
q51,5,11,0,0,0.0,0,0.3708,0.2834,0.127,0.3347
q51,5,12,0,0,0.0,0,0.4713,0.4491,0.1598,0.3585
q51,5,13,0,0,0.0,0,0.4869,0.4061,0.1385,0.3124
q51,5,14,0,0,0.0,0,0.3931,0.4482,0.1384,0.3256
q51,5,15,0,0,0.0,0,0.4476,0.2603,0.1074,0.286
q51,5,16,0,0,0.0,0,0.4337,0.4083,0.1377,0.3023
q51,5,17,0,0,0.0,0,0.4285,0.3373,0.1009,0.2744
q51,6,7,1,1,0.0,0,0.5655,0.5509,0.2045,0.4051
q51,6,8,0,1,0.0,0,0.4614,0.3124,0.1123,0.2983
q51,6,9,0,0,0.0,0,0.2929,0.2537,0.1029,0.3235
q51,6,10,0,0,0.0,0,0.3231,0.3603,0.136,0.3442
q51,6,11,0,0,0.0,0,0.2577,0.1654,0.0819,0.2959
q51,6,12,0,0,0.0,0,0.4177,0.2392,0.1035,0.2902
q51,6,13,0,0,0.0,0,0.4641,0.3248,0.1298,0.3211
q51,6,14,0,0,0.0,0,0.2476,0.2685,0.1055,0.3047
q51,6,15,0,0,0.0,0,0.3807,0.283,0.1173,0.3024
q51,6,16,0,0,0.0,0,0.4053,0.2402,0.0963,0.2685
q51,6,17,0,0,0.0,0,0.4642,0.2992,0.1068,0.2955
q51,7,8,0,1,0.0,0,0.4714,0.3765,0.1303,0.3113
q51,7,9,0,0,0.0,0,0.4437,0.2733,0.0939,0.291
q51,7,10,0,0,0.0,0,0.439,0.2995,0.1186,0.3164
q51,7,11,0,0,0.0,0,0.3291,0.163,0.0711,0.2842
q51,7,12,0,0,0.0,0,0.449,0.2718,0.1066,0.2946
q51,7,13,0,0,0.0,0,0.5094,0.3953,0.1293,0.3069
q51,7,14,0,0,0.0,0,0.3289,0.2786,0.106,0.3002
q51,7,15,0,0,0.0,0,0.5041,0.3144,0.1252,0.3043
q51,7,16,0,0,0.0,0,0.4569,0.2809,0.1017,0.2702
q51,7,17,0,0,0.0,0,0.458,0.3091,0.0975,0.277
q51,8,9,0,0,0.0,0,0.4165,0.1706,0.079,0.2509
q51,8,10,0,0,0.0,0,0.3518,0.237,0.1039,0.2773
q51,8,11,0,0,0.0,0,0.3786,0.3256,0.1259,0.3347
q51,8,12,0,0,0.125,1,0.6752,0.5588,0.2293,0.4176
q51,8,13,0,0,0.0,0,0.599,0.4216,0.1583,0.3299
q51,8,14,0,0,0.0,0,0.4364,0.4531,0.1722,0.3655
q51,8,15,0,0,0.0,0,0.375,0.199,0.0934,0.2676
q51,8,16,0,0,0.0,0,0.596,0.5693,0.1769,0.3452
q51,8,17,0,0,0.0,0,0.3765,0.366,0.1233,0.3141
q51,9,10,1,1,0.0,0,0.3689,0.2934,0.1281,0.3285
q51,9,11,0,1,0.0,0,0.4089,0.116,0.0776,0.2821
q51,9,12,0,1,0.0,0,0.4499,0.2288,0.0891,0.2737
q51,9,13,0,1,0.0,0,0.4867,0.2526,0.0887,0.2698
q51,9,14,0,1,0.0,0,0.3639,0.2119,0.0835,0.2733
q51,9,15,1,1,0.0,0,0.3963,0.1637,0.0714,0.2443
q51,9,16,0,1,0.0,0,0.4171,0.1827,0.0735,0.2388
q51,9,17,0,1,0.0,0,0.3891,0.1557,0.0606,0.2294
q51,10,11,0,1,0.0,0,0.3079,0.1995,0.0821,0.3018
q51,10,12,0,1,0.0,0,0.3453,0.2074,0.0965,0.2897
q51,10,13,0,1,0.0,0,0.3928,0.2672,0.1212,0.3099
q51,10,14,0,1,0.0,0,0.3015,0.2079,0.0932,0.2773
q51,10,15,1,1,0.0,0,0.3878,0.4365,0.1285,0.3141
q51,10,16,0,1,0.0,0,0.3546,0.1762,0.0828,0.252
q51,10,17,0,1,0.0,0,0.3774,0.1968,0.0764,0.2417
q51,11,12,1,1,0.0,0,0.4392,0.3953,0.1521,0.3591
q51,11,13,0,1,0.0,0,0.4,0.2095,0.0946,0.2922
q51,11,14,1,1,0.0,0,0.3246,0.391,0.1454,0.3734
q51,11,15,0,1,0.0,0,0.3597,0.1379,0.0727,0.274
q51,11,16,0,1,0.0,0,0.3433,0.2427,0.0942,0.2829
q51,11,17,0,1,0.0,0,0.315,0.182,0.071,0.246
q51,12,13,0,1,0.0,0,0.5964,0.4606,0.1852,0.3589
q51,12,14,1,1,0.0,0,0.4461,0.5064,0.1875,0.3955
q51,12,15,0,1,0.0,0,0.3574,0.1513,0.0747,0.249
q51,12,16,0,1,0.0,0,0.6162,0.387,0.1589,0.3342
q51,12,17,0,1,0.0,0,0.5112,0.265,0.1077,0.289
q51,13,14,0,1,0.0,0,0.3917,0.3607,0.1221,0.3096
q51,13,15,0,1,0.0,0,0.4616,0.2456,0.0986,0.2638
q51,13,16,1,1,0.0,0,0.6371,0.5521,0.1951,0.3576
q51,13,17,1,1,0.0,0,0.5991,0.4311,0.1473,0.314
q51,14,15,0,1,0.0,0,0.3208,0.1556,0.076,0.2531
q51,14,16,0,1,0.0,0,0.5022,0.471,0.1438,0.3324
q51,14,17,0,1,0.0,0,0.2629,0.2687,0.0883,0.279
q51,15,16,0,1,0.0,0,0.3848,0.2251,0.0795,0.2289
q51,15,17,0,1,0.0,0,0.4274,0.2276,0.0844,0.234
q51,16,17,1,1,0.0,0,0.4622,0.4755,0.1532,0.323
q52,0,1,1,1,0.0,0,0.6332,0.666,0.3045,0.5023
q52,0,2,0,1,0.0,0,0.5357,0.4057,0.1641,0.384
q52,0,3,0,1,0.0,0,0.3526,0.4475,0.1588,0.3684
q52,0,4,0,1,0.0,0,0.6069,0.4962,0.185,0.4075
q52,0,5,0,1,0.0,0,0.4548,0.5366,0.1856,0.402
q52,0,6,0,1,0.0,0,0.6274,0.4591,0.1678,0.4055
q52,0,7,0,1,0.0,0,0.4305,0.5255,0.1848,0.4057
q52,0,8,1,1,0.125,1,0.7461,0.7363,0.2852,0.4983
q52,1,2,0,1,0.0,0,0.5525,0.4227,0.1736,0.3954
q52,1,3,0,1,0.0,0,0.3172,0.4664,0.1963,0.3941
q52,1,4,0,1,0.0,0,0.599,0.4611,0.18,0.3933
q52,1,5,0,1,0.0,0,0.4135,0.5617,0.2115,0.4157
q52,1,6,0,1,0.0,0,0.5777,0.4515,0.168,0.3886
q52,1,7,0,1,0.0,0,0.3906,0.5718,0.1982,0.4261
q52,1,8,1,1,0.0,0,0.6239,0.6618,0.2634,0.4854
q52,2,3,0,1,0.0,0,0.315,0.344,0.1449,0.3607
q52,2,4,1,1,0.0,0,0.5113,0.4793,0.1765,0.3918
q52,2,5,0,1,0.0,0,0.3907,0.4478,0.1652,0.382
q52,2,6,1,1,0.0909,1,0.5445,0.4353,0.1594,0.3727
q52,2,7,0,1,0.0,0,0.3839,0.4735,0.1694,0.4014
q52,2,8,0,1,0.0,0,0.5215,0.4227,0.1557,0.3866
q52,3,4,0,1,0.0,0,0.3348,0.3489,0.1377,0.3614
q52,3,5,1,1,0.125,1,0.637,0.5972,0.2465,0.452
q52,3,6,0,1,0.0,0,0.3324,0.3762,0.1461,0.367
q52,3,7,1,1,0.0,0,0.5077,0.5826,0.2176,0.4259
q52,3,8,0,1,0.0,0,0.3472,0.5442,0.2001,0.4181
q52,4,5,0,1,0.0,0,0.4125,0.3887,0.154,0.385
q52,4,6,1,1,0.2222,2,0.7307,0.4543,0.1969,0.4136
q52,4,7,0,1,0.0,0,0.3948,0.424,0.1577,0.3765
q52,4,8,0,1,0.0,0,0.5959,0.4839,0.1839,0.4153
q52,5,6,0,1,0.0,0,0.4026,0.3657,0.1636,0.3788
q52,5,7,1,1,0.375,3,0.7758,0.5739,0.2291,0.4628
q52,5,8,0,1,0.0,0,0.4486,0.5323,0.2208,0.4441
q52,6,7,0,1,0.0,0,0.3858,0.5063,0.1679,0.3865
q52,6,8,0,1,0.0,0,0.607,0.5521,0.2002,0.4382
q52,7,8,0,1,0.0,0,0.4371,0.4831,0.2076,0.4516
q53,0,1,1,1,0.0,0,0.485,0.4634,0.1806,0.4066
q53,0,2,0,1,0.0,0,0.5189,0.406,0.1568,0.3878
q53,0,3,0,1,0.0,0,0.529,0.4888,0.1794,0.4213
q53,0,4,0,1,0.1111,1,0.6818,0.5303,0.2202,0.4596
q53,0,5,0,1,0.0,0,0.5695,0.5224,0.1953,0.4345
q53,0,6,1,1,0.0,0,0.5371,0.5403,0.1985,0.4189
q53,0,7,0,1,0.0,0,0.4779,0.4419,0.1576,0.4065
q53,0,8,0,1,0.0,0,0.4871,0.4769,0.1603,0.3758
q53,0,9,0,0,0.0,0,0.4667,0.3894,0.1332,0.3575
q53,0,10,0,0,0.0,0,0.5036,0.4055,0.1298,0.3285
q53,0,11,0,0,0.0,0,0.6016,0.4358,0.163,0.3866
q53,0,12,0,0,0.0,0,0.5461,0.3964,0.1603,0.3903
q53,0,13,0,0,0.0,0,0.5633,0.5143,0.1889,0.4249
q53,0,14,0,0,0.0,0,0.5873,0.3919,0.1523,0.3709
q53,0,15,0,0,0.0,0,0.5586,0.5068,0.1675,0.3905
q53,0,16,0,0,0.0,0,0.5517,0.4755,0.1736,0.4042
q53,0,17,0,0,0.0,0,0.5409,0.3507,0.129,0.3217
q53,0,18,0,0,0.0,0,0.5507,0.4001,0.1406,0.3449
q53,0,19,0,0,0.0,0,0.5645,0.4321,0.1579,0.3565
q53,0,20,0,0,0.0,0,0.5335,0.4037,0.1191,0.3138
q53,0,21,0,0,0.0,0,0.5775,0.4122,0.1771,0.4141
q53,0,22,0,0,0.0,0,0.545,0.4222,0.163,0.3885
q53,0,23,0,0,0.0,0,0.5087,0.4667,0.1782,0.4093
q53,0,24,0,0,0.0,0,0.4839,0.3331,0.1304,0.3507
q53,0,25,0,0,0.0,0,0.5138,0.3005,0.1176,0.3306
q53,0,26,0,0,0.0,0,0.5355,0.398,0.137,0.3583
q53,1,2,0,1,0.0,0,0.4385,0.2908,0.1358,0.3833
q53,1,3,0,1,0.0,0,0.4355,0.4015,0.1599,0.4156
q53,1,4,0,1,0.0,0,0.474,0.33,0.1468,0.378
q53,1,5,0,1,0.0,0,0.4732,0.4236,0.1718,0.4323
q53,1,6,1,1,0.0,0,0.4748,0.5271,0.1898,0.4266
q53,1,7,0,1,0.0,0,0.4293,0.3618,0.1606,0.4113
q53,1,8,0,1,0.0,0,0.4069,0.368,0.1378,0.3648
q53,1,9,0,0,0.0,0,0.3925,0.3944,0.1375,0.3736
q53,1,10,0,0,0.0,0,0.4494,0.3095,0.1087,0.3322
q53,1,11,0,0,0.0,0,0.4629,0.452,0.1837,0.4203
q53,1,12,0,0,0.0,0,0.4608,0.3703,0.1589,0.3985
q53,1,13,0,0,0.0,0,0.4908,0.4841,0.1905,0.4334
q53,1,14,0,0,0.0,0,0.5321,0.3528,0.1421,0.3876
q53,1,15,0,0,0.0,0,0.4425,0.4223,0.1609,0.4016
q53,1,16,0,0,0.0,0,0.5173,0.4326,0.1701,0.4218
q53,1,17,0,0,0.0,0,0.4651,0.3417,0.1161,0.3333
q53,1,18,0,0,0.0,0,0.4545,0.4048,0.1483,0.3801
q53,1,19,0,0,0.0,0,0.4631,0.4283,0.152,0.3538
q53,1,20,0,0,0.0,0,0.4441,0.3151,0.1011,0.322
q53,1,21,0,0,0.0,0,0.4913,0.409,0.1652,0.4075
q53,1,22,0,0,0.0,0,0.4635,0.4012,0.1494,0.3739
q53,1,23,0,0,0.0,0,0.4611,0.4026,0.1513,0.3962
q53,1,24,0,0,0.0,0,0.4168,0.2809,0.1221,0.343
q53,1,25,0,0,0.0,0,0.4251,0.2502,0.1218,0.3455
q53,1,26,0,0,0.0,0,0.4213,0.3103,0.1364,0.369
q53,2,3,1,1,0.0,0,0.5376,0.4821,0.1845,0.4208
q53,2,4,0,1,0.0,0,0.5661,0.4005,0.1551,0.3816
q53,2,5,1,1,0.0,0,0.555,0.5578,0.2044,0.442
q53,2,6,0,1,0.0,0,0.5102,0.4175,0.1427,0.3723
q53,2,7,0,1,0.0,0,0.5374,0.4462,0.1714,0.4109
q53,2,8,0,1,0.0,0,0.5791,0.4342,0.1611,0.3956
q53,2,9,0,0,0.0,0,0.6066,0.4745,0.1685,0.4014
q53,2,10,0,0,0.0,0,0.5843,0.4375,0.1465,0.3476
q53,2,11,0,0,0.0,0,0.6164,0.3738,0.1546,0.3853
q53,2,12,0,0,0.0,0,0.5598,0.2893,0.1241,0.3703
q53,2,13,0,0,0.0,0,0.5941,0.4082,0.158,0.3969
q53,2,14,0,0,0.0,0,0.529,0.244,0.1143,0.3525
q53,2,15,0,0,0.0,0,0.5486,0.406,0.1437,0.3668
q53,2,16,0,0,0.0,0,0.5395,0.4027,0.1568,0.3872
q53,2,17,0,0,0.0,0,0.5722,0.3713,0.1422,0.3499
q53,2,18,0,0,0.0,0,0.556,0.422,0.1437,0.3729
q53,2,19,0,0,0.0,0,0.6304,0.3278,0.1174,0.32
q53,2,20,0,0,0.0,0,0.5593,0.3602,0.1201,0.3455
q53,2,21,0,0,0.0,0,0.5824,0.3409,0.1425,0.3681
q53,2,22,0,0,0.0,0,0.5654,0.3665,0.1575,0.3935
q53,2,23,0,0,0.0,0,0.579,0.4682,0.1837,0.4265
q53,2,24,0,0,0.0,0,0.5039,0.3416,0.1305,0.364
q53,2,25,0,0,0.0,0,0.5414,0.3599,0.1364,0.3635
q53,2,26,0,0,0.0,0,0.5597,0.3716,0.1361,0.3644
q53,3,4,0,1,0.0,0,0.6027,0.5074,0.2021,0.432
q53,3,5,1,1,0.0,0,0.6763,0.6011,0.2205,0.4877
q53,3,6,0,1,0.0,0,0.5641,0.483,0.1506,0.3886
q53,3,7,0,1,0.0,0,0.6764,0.4951,0.2023,0.4584
q53,3,8,0,1,0.0,0,0.6782,0.5215,0.1983,0.4279
q53,3,9,0,0,0.0,0,0.6264,0.4959,0.1736,0.4173
q53,3,10,0,0,0.0,0,0.6088,0.523,0.1715,0.3915
q53,3,11,0,0,0.0,0,0.6612,0.4623,0.188,0.4266
q53,3,12,0,0,0.0,0,0.5995,0.3747,0.1497,0.3914
q53,3,13,0,0,0.0,0,0.6383,0.5142,0.2079,0.4527
q53,3,14,0,0,0.0,0,0.5364,0.3377,0.1565,0.3971
q53,3,15,0,0,0.0,0,0.7383,0.5002,0.1973,0.4324
q53,3,16,0,0,0.0,0,0.6096,0.5156,0.1909,0.4369
q53,3,17,0,0,0.0,0,0.619,0.3396,0.1384,0.3417
q53,3,18,0,0,0.0,0,0.6349,0.4695,0.1597,0.3985
q53,3,19,0,0,0.0,0,0.6994,0.4057,0.1436,0.3548
q53,3,20,0,0,0.1667,1,0.6942,0.4545,0.1548,0.3814
q53,3,21,0,0,0.0,0,0.7334,0.4506,0.193,0.444
q53,3,22,0,0,0.0,0,0.7018,0.5185,0.2058,0.4478
q53,3,23,0,0,0.0,0,0.705,0.4982,0.1892,0.44
q53,3,24,0,0,0.0,0,0.5467,0.4006,0.1683,0.4114
q53,3,25,0,0,0.0,0,0.7235,0.3897,0.1504,0.3692
q53,3,26,0,0,0.1667,1,0.823,0.5193,0.1961,0.4395
q53,4,5,0,1,0.0,0,0.5711,0.4774,0.1705,0.4078
q53,4,6,0,1,0.0,0,0.571,0.4352,0.155,0.3913
q53,4,7,1,1,0.0,0,0.5568,0.5569,0.2104,0.4535
q53,4,8,1,1,0.1429,1,0.573,0.575,0.2133,0.4185
q53,4,9,0,0,0.0,0,0.6011,0.4627,0.1517,0.3668
q53,4,10,0,0,0.0,0,0.5606,0.5142,0.1534,0.3535
q53,4,11,0,0,0.0,0,0.6361,0.3299,0.155,0.383
q53,4,12,0,0,0.0,0,0.6,0.3384,0.1511,0.3915
q53,4,13,0,0,0.0,0,0.6363,0.4386,0.1871,0.4208
q53,4,14,0,0,0.0,0,0.5755,0.3237,0.1512,0.3851
q53,4,15,0,0,0.0,0,0.6086,0.4765,0.1829,0.4075
q53,4,16,0,0,0.0,0,0.6295,0.3889,0.1524,0.3804
q53,4,17,0,0,0.0,0,0.602,0.381,0.1366,0.3322
q53,4,18,0,0,0.0,0,0.5891,0.2916,0.1101,0.3193
q53,4,19,0,0,0.0,0,0.6828,0.3981,0.1578,0.3607
q53,4,20,0,0,0.0,0,0.5787,0.3354,0.1049,0.3109
q53,4,21,0,0,0.0,0,0.6235,0.4523,0.1988,0.4207
q53,4,22,0,0,0.0,0,0.6067,0.4971,0.1907,0.4172
q53,4,23,0,0,0.0,0,0.5912,0.3948,0.1598,0.382
q53,4,24,0,0,0.0,0,0.5374,0.2966,0.1238,0.356
q53,4,25,0,0,0.0,0,0.575,0.3133,0.1197,0.3369
q53,4,26,0,0,0.0,0,0.5938,0.3705,0.1411,0.3814
q53,5,6,0,1,0.0,0,0.5617,0.4989,0.159,0.406
q53,5,7,0,1,0.0,0,0.6119,0.4201,0.1837,0.44
q53,5,8,0,1,0.0,0,0.6199,0.4317,0.176,0.406
q53,5,9,0,0,0.0,0,0.5812,0.5328,0.1685,0.4075
q53,5,10,0,0,0.0,0,0.6114,0.4963,0.1452,0.3522
q53,5,11,0,0,0.0,0,0.6331,0.441,0.1768,0.4303
q53,5,12,0,0,0.0,0,0.5928,0.4033,0.1492,0.4134
q53,5,13,0,0,0.0,0,0.6262,0.4906,0.1846,0.4427
q53,5,14,0,0,0.0,0,0.5705,0.306,0.1302,0.3754
q53,5,15,0,0,0.0,0,0.6329,0.4581,0.1807,0.4172
q53,5,16,0,0,0.0,0,0.6307,0.5019,0.2097,0.4567
q53,5,17,0,0,0.0,0,0.5939,0.3827,0.1254,0.3339
q53,5,18,0,0,0.0,0,0.5905,0.5231,0.1662,0.3954
q53,5,19,0,0,0.0,0,0.6687,0.4311,0.1392,0.349
q53,5,20,0,0,0.0,0,0.6051,0.5471,0.158,0.3804
q53,5,21,0,0,0.0,0,0.6444,0.4733,0.1896,0.4388
q53,5,22,0,0,0.0,0,0.662,0.5463,0.1962,0.4484
q53,5,23,0,0,0.0,0,0.6098,0.5793,0.2013,0.4532
q53,5,24,0,0,0.0,0,0.5449,0.4262,0.1527,0.3866
q53,5,25,0,0,0.0,0,0.6115,0.3732,0.135,0.364
q53,5,26,0,0,0.0,0,0.6116,0.3658,0.1582,0.3945
q53,6,7,0,1,0.0,0,0.5515,0.4412,0.1634,0.3902
q53,6,8,0,1,0.0,0,0.5165,0.4661,0.1617,0.3765
q53,6,9,0,0,0.0,0,0.5292,0.4254,0.163,0.3828
q53,6,10,0,0,0.0,0,0.536,0.363,0.1362,0.3409
q53,6,11,0,0,0.0,0,0.6184,0.4759,0.1699,0.4016
q53,6,12,0,0,0.0,0,0.5611,0.3919,0.1385,0.3717
q53,6,13,0,0,0.0,0,0.618,0.5727,0.2167,0.4583
q53,6,14,0,0,0.0,0,0.5728,0.4224,0.1507,0.3755
q53,6,15,0,0,0.0,0,0.5851,0.5264,0.1705,0.3981
q53,6,16,0,0,0.0,0,0.599,0.52,0.1794,0.4171
q53,6,17,0,0,0.0,0,0.5719,0.3689,0.1078,0.3014
q53,6,18,0,0,0.0,0,0.5695,0.4215,0.1546,0.3605
q53,6,19,0,0,0.0,0,0.6519,0.4434,0.1514,0.3412
q53,6,20,0,0,0.0,0,0.5624,0.3902,0.1235,0.3285
q53,6,21,0,0,0.0,0,0.6116,0.4668,0.1699,0.3922
q53,6,22,0,0,0.0,0,0.5885,0.4228,0.153,0.3747
q53,6,23,0,0,0.0,0,0.5567,0.471,0.1684,0.3864
q53,6,24,0,0,0.0,0,0.4968,0.3007,0.121,0.3374
q53,6,25,0,0,0.0,0,0.5553,0.2818,0.1116,0.3333
q53,6,26,0,0,0.0,0,0.5529,0.3286,0.1178,0.3261
q53,7,8,1,1,0.0,0,0.6251,0.5174,0.2105,0.4457
q53,7,9,0,0,0.0,0,0.7261,0.5359,0.1865,0.4059
q53,7,10,0,0,0.0,0,0.6286,0.5498,0.1719,0.3728
q53,7,11,0,0,0.0,0,0.6186,0.3923,0.1631,0.407
q53,7,12,0,0,0.0,0,0.5599,0.3283,0.1387,0.3896
q53,7,13,0,0,0.0,0,0.6327,0.4638,0.1856,0.438
q53,7,14,0,0,0.0,0,0.5292,0.3331,0.158,0.3976
q53,7,15,0,0,0.0,0,0.675,0.5138,0.2027,0.4442
q53,7,16,0,0,0.0,0,0.5566,0.4031,0.1757,0.4247
q53,7,17,0,0,0.0,0,0.5924,0.3713,0.1435,0.3462
q53,7,18,0,0,0.0,0,0.5807,0.3833,0.1378,0.3665
q53,7,19,0,0,0.0,0,0.6648,0.4123,0.1455,0.3719
q53,7,20,0,0,0.0,0,0.5758,0.371,0.1169,0.3406
q53,7,21,0,0,0.0,0,0.6825,0.4303,0.1766,0.4249
q53,7,22,0,0,0.0,0,0.6685,0.5087,0.1921,0.4329
q53,7,23,0,0,0.0,0,0.6364,0.4407,0.1703,0.4174
q53,7,24,0,0,0.0,0,0.5001,0.3354,0.1426,0.3854
q53,7,25,0,0,0.0,0,0.6356,0.3121,0.1372,0.3682
q53,7,26,0,0,0.0,0,0.6405,0.3394,0.1492,0.3982
q53,8,9,0,0,0.0,0,0.611,0.5914,0.1908,0.387
q53,8,10,0,0,0.1429,1,0.7717,0.7256,0.2623,0.4369
q53,8,11,0,0,0.0,0,0.6117,0.447,0.1662,0.3741
q53,8,12,0,0,0.0,0,0.5608,0.3798,0.1469,0.3613
q53,8,13,0,0,0.0,0,0.5898,0.4679,0.1676,0.3841
q53,8,14,0,0,0.0,0,0.5045,0.3005,0.1317,0.3494
q53,8,15,0,0,0.0,0,0.6484,0.4407,0.1758,0.3793
q53,8,16,0,0,0.0,0,0.5671,0.4772,0.191,0.4164
q53,8,17,0,0,0.0,0,0.5891,0.4206,0.1493,0.3515
q53,8,18,0,0,0.0,0,0.5704,0.4471,0.1493,0.3541
q53,8,19,0,0,0.0,0,0.6316,0.3858,0.1266,0.3068
q53,8,20,0,0,0.0,0,0.5869,0.5223,0.1442,0.3538
q53,8,21,0,0,0.0,0,0.6706,0.4018,0.1649,0.3791
q53,8,22,0,0,0.0,0,0.6303,0.47,0.1762,0.3931
q53,8,23,0,0,0.0,0,0.6397,0.5191,0.181,0.4022
q53,8,24,0,0,0.0,0,0.5395,0.4252,0.159,0.384
q53,8,25,0,0,0.0,0,0.628,0.427,0.1591,0.3859
q53,8,26,0,0,0.0,0,0.6684,0.4599,0.1751,0.3913
q53,9,10,1,1,0.1429,1,0.7165,0.5682,0.2431,0.4435
q53,9,11,0,1,0.0,0,0.6018,0.4427,0.1555,0.3933
q53,9,12,0,1,0.0,0,0.6108,0.3667,0.1374,0.3605
q53,9,13,0,1,0.0,0,0.6096,0.5209,0.1758,0.4164
q53,9,14,0,1,0.0,0,0.5168,0.3412,0.1281,0.3521
q53,9,15,0,1,0.0,0,0.6474,0.4868,0.1682,0.3963
q53,9,16,0,1,0.0,0,0.5999,0.4791,0.1612,0.3834
q53,9,17,1,1,0.0,0,0.667,0.4759,0.1681,0.377
q53,9,18,0,0,0.0,0,0.5757,0.4099,0.1394,0.3661
q53,9,19,0,0,0.0,0,0.6272,0.3906,0.14,0.346
q53,9,20,0,0,0.0,0,0.6021,0.3727,0.1361,0.3548
q53,9,21,0,0,0.0,0,0.6435,0.5096,0.176,0.4122
q53,9,22,0,0,0.0,0,0.6291,0.4904,0.176,0.4043
q53,9,23,0,0,0.0,0,0.6232,0.4668,0.1664,0.3948
q53,9,24,0,0,0.0,0,0.5693,0.3517,0.1243,0.3471
q53,9,25,0,0,0.0,0,0.6274,0.3667,0.1229,0.3431
q53,9,26,0,0,0.0,0,0.6226,0.379,0.1181,0.3208
q53,10,11,0,1,0.0,0,0.6155,0.3534,0.1389,0.3475
q53,10,12,0,1,0.0,0,0.5726,0.3205,0.1284,0.3269
q53,10,13,0,1,0.0,0,0.6124,0.4779,0.1551,0.3669
q53,10,14,0,1,0.0,0,0.5238,0.3586,0.1264,0.3437
q53,10,15,0,1,0.0,0,0.6215,0.5033,0.1614,0.3614
q53,10,16,0,1,0.0,0,0.5955,0.569,0.1677,0.3866
q53,10,17,1,1,0.0,0,0.5955,0.4827,0.1723,0.3812
q53,10,18,0,0,0.0,0,0.5698,0.3139,0.1103,0.3152
q53,10,19,0,0,0.0,0,0.6465,0.3179,0.1313,0.3217
q53,10,20,0,0,0.0,0,0.6141,0.3947,0.1291,0.314
q53,10,21,0,0,0.0,0,0.6492,0.4783,0.162,0.3691
q53,10,22,0,0,0.0,0,0.6447,0.4809,0.1717,0.3907
q53,10,23,0,0,0.0,0,0.605,0.509,0.1676,0.3719
q53,10,24,0,0,0.0,0,0.5243,0.4143,0.1388,0.3509
q53,10,25,0,0,0.0,0,0.6027,0.4296,0.1287,0.3273
q53,10,26,0,0,0.0,0,0.6322,0.4555,0.1381,0.3325
q53,11,12,0,1,0.125,1,0.7242,0.634,0.2883,0.5182
q53,11,13,1,1,0.1,1,0.698,0.6047,0.2664,0.498
q53,11,14,0,1,0.1,1,0.6783,0.5627,0.2633,0.4706
q53,11,15,0,1,0.1429,1,0.7442,0.6981,0.3154,0.54
q53,11,16,1,1,0.125,1,0.7219,0.5907,0.2451,0.4752
q53,11,17,0,1,0.0,0,0.6626,0.3193,0.1206,0.3168
q53,11,18,0,0,0.1111,1,0.674,0.4108,0.1585,0.3812
q53,11,19,0,0,0.25,2,0.7969,0.7193,0.2966,0.4944
q53,11,20,0,0,0.1429,1,0.7082,0.4167,0.1376,0.338
q53,11,21,0,0,0.1111,1,0.745,0.6081,0.2822,0.5219
q53,11,22,0,0,0.0,0,0.6653,0.5058,0.195,0.4193
q53,11,23,0,0,0.1111,1,0.716,0.4216,0.1724,0.4125
q53,11,24,0,0,0.0,0,0.6067,0.3382,0.1498,0.3794
q53,11,25,0,0,0.0,0,0.6473,0.3456,0.1492,0.3665
q53,11,26,0,0,0.0,0,0.6526,0.3909,0.169,0.3978
q53,12,13,0,1,0.25,2,0.6424,0.5267,0.2044,0.4575
q53,12,14,1,1,0.1111,1,0.6227,0.5999,0.2747,0.4883
q53,12,15,1,1,0.1667,1,0.6962,0.7174,0.3312,0.5521
q53,12,16,0,1,0.1429,1,0.6888,0.5107,0.1827,0.4227
q53,12,17,0,1,0.0,0,0.6548,0.2709,0.0984,0.303
q53,12,18,0,0,0.125,1,0.7245,0.3521,0.1268,0.3479
q53,12,19,0,0,0.2857,2,0.6815,0.7193,0.34,0.5199
q53,12,20,0,0,0.0,0,0.6013,0.3698,0.1151,0.3121
q53,12,21,0,0,0.125,1,0.6997,0.6039,0.2765,0.5047
q53,12,22,0,0,0.0,0,0.6182,0.4701,0.1859,0.4283
q53,12,23,0,0,0.125,1,0.7099,0.3863,0.1528,0.3935
q53,12,24,0,0,0.0,0,0.5649,0.3196,0.1362,0.3652
q53,12,25,0,0,0.0,0,0.603,0.3076,0.1232,0.3419
q53,12,26,0,0,0.0,0,0.6019,0.3402,0.1372,0.3804
q53,13,14,0,1,0.0909,1,0.6146,0.4545,0.199,0.4235
q53,13,15,0,1,0.2857,2,0.8384,0.636,0.2436,0.4913
q53,13,16,1,1,0.1111,1,0.6828,0.6039,0.2447,0.4699
q53,13,17,0,1,0.0,0,0.6414,0.3348,0.1285,0.3326
q53,13,18,0,0,0.1,1,0.6057,0.4257,0.1487,0.3769
q53,13,19,0,0,0.375,3,0.8428,0.5882,0.2087,0.4246
q53,13,20,0,0,0.0,0,0.6219,0.4466,0.1383,0.3699
q53,13,21,0,0,0.375,3,0.8623,0.5978,0.2542,0.5027
q53,13,22,0,0,0.1111,1,0.8089,0.5774,0.2013,0.4338
q53,13,23,0,0,0.0,0,0.6123,0.4929,0.1738,0.409
q53,13,24,0,0,0.0,0,0.5727,0.3139,0.1361,0.374
q53,13,25,0,0,0.0,0,0.6102,0.3586,0.139,0.3585
q53,13,26,0,0,0.0,0,0.6219,0.4166,0.1592,0.3939
q53,14,15,1,1,0.125,1,0.6249,0.6897,0.3786,0.6006
q53,14,16,0,1,0.1111,1,0.646,0.4326,0.1776,0.4058
q53,14,17,0,1,0.0,0,0.5516,0.2745,0.1123,0.3216
q53,14,18,0,0,0.0,0,0.5338,0.3018,0.1092,0.3198
q53,14,19,0,0,0.1,1,0.6344,0.6976,0.3297,0.5094
q53,14,20,0,0,0.0,0,0.5264,0.2569,0.0888,0.276
q53,14,21,0,0,0.1,1,0.6577,0.5804,0.296,0.5115
q53,14,22,0,0,0.0,0,0.5801,0.424,0.1908,0.419
q53,14,23,0,0,0.0,0,0.5107,0.3081,0.1241,0.3534
q53,14,24,0,0,0.0,0,0.4912,0.2551,0.1207,0.3393
q53,14,25,0,0,0.0,0,0.5078,0.2639,0.1245,0.3382
q53,14,26,0,0,0.0,0,0.5307,0.2936,0.1376,0.3617
q53,15,16,0,1,0.1667,1,0.6993,0.4897,0.2101,0.448
q53,15,17,0,1,0.0,0,0.6332,0.3724,0.1407,0.3452
q53,15,18,0,0,0.1429,1,0.7064,0.4606,0.1439,0.3572
q53,15,19,0,0,0.3333,2,0.9279,0.8118,0.3481,0.5552
q53,15,20,0,0,0.0,0,0.6486,0.4404,0.1239,0.3142
q53,15,21,0,0,0.3333,2,0.9065,0.7464,0.3695,0.5775
q53,15,22,0,0,0.1667,1,0.8582,0.6494,0.2401,0.4705
q53,15,23,0,0,0.0,0,0.623,0.5297,0.1763,0.4042
q53,15,24,0,0,0.0,0,0.5564,0.3946,0.1462,0.3598
q53,15,25,0,0,0.0,0,0.662,0.3822,0.151,0.3654
q53,15,26,0,0,0.0,0,0.6663,0.3863,0.1571,0.3894
q53,16,17,0,1,0.0,0,0.6371,0.4206,0.1466,0.3521
q53,16,18,0,0,0.0,0,0.6071,0.4998,0.1646,0.3801
q53,16,19,0,0,0.125,1,0.7456,0.517,0.169,0.3873
q53,16,20,0,0,0.0,0,0.6016,0.6002,0.1702,0.3827
q53,16,21,0,0,0.2857,2,0.746,0.5498,0.2156,0.4513
q53,16,22,0,0,0.0,0,0.6374,0.4555,0.1656,0.4101
q53,16,23,0,0,0.0,0,0.6057,0.5467,0.1976,0.4296
q53,16,24,0,0,0.0,0,0.565,0.5232,0.1794,0.4089
q53,16,25,0,0,0.0,0,0.6258,0.5134,0.1849,0.4109
q53,16,26,0,0,0.0,0,0.6087,0.4348,0.1773,0.4194
q53,17,18,0,0,0.0,0,0.6251,0.3591,0.1081,0.3096
q53,17,19,0,0,0.0,0,0.6979,0.2962,0.1062,0.286
q53,17,20,0,0,0.0,0,0.6023,0.3456,0.0948,0.2895
q53,17,21,0,0,0.0,0,0.6379,0.3297,0.1291,0.3359
q53,17,22,0,0,0.0,0,0.6251,0.3289,0.1264,0.3367
q53,17,23,0,0,0.0,0,0.6031,0.3758,0.1331,0.3268
q53,17,24,0,0,0.0,0,0.5557,0.2711,0.1077,0.3104
q53,17,25,0,0,0.0,0,0.6475,0.2763,0.115,0.3145
q53,17,26,0,0,0.0,0,0.6249,0.3166,0.1158,0.3169
q53,18,19,0,1,0.1111,1,0.6236,0.3316,0.1345,0.3267
q53,18,20,1,1,0.1429,1,0.6684,0.4128,0.1529,0.3718
q53,18,21,0,1,0.1111,1,0.6347,0.3917,0.1441,0.368
q53,18,22,0,1,0.0,0,0.6113,0.3568,0.1449,0.3775
q53,18,23,1,1,0.1111,1,0.6986,0.5743,0.1969,0.4027
q53,18,24,0,1,0.0,0,0.5732,0.3274,0.1261,0.3653
q53,18,25,0,1,0.0,0,0.628,0.3405,0.1286,0.3337
q53,18,26,0,1,0.0,0,0.6207,0.3493,0.1216,0.3331
q53,19,20,0,1,0.1429,1,0.6798,0.2795,0.0894,0.2726
q53,19,21,1,1,0.25,2,0.9517,0.7335,0.3631,0.548
q53,19,22,1,1,0.125,1,0.8871,0.609,0.2496,0.4371
q53,19,23,0,1,0.1111,1,0.6559,0.3991,0.1328,0.334
q53,19,24,0,1,0.0,0,0.5507,0.2769,0.1115,0.3143
q53,19,25,0,1,0.0,0,0.6739,0.3005,0.1099,0.3053
q53,19,26,0,1,0.0,0,0.6761,0.3538,0.1264,0.3346
q53,20,21,0,1,0.0,0,0.6436,0.3919,0.1315,0.3376
q53,20,22,0,1,0.0,0,0.6798,0.4404,0.1409,0.3509
q53,20,23,1,1,0.1429,1,0.667,0.5184,0.1787,0.3916
q53,20,24,0,1,0.0,0,0.5522,0.4111,0.1383,0.349
q53,20,25,0,1,0.0,0,0.6173,0.3698,0.1236,0.3243
q53,20,26,0,1,0.2,1,0.6876,0.419,0.1334,0.344
q53,21,22,1,1,0.125,1,0.8951,0.6729,0.3025,0.5207
q53,21,23,0,1,0.0,0,0.6604,0.4189,0.1597,0.3867
q53,21,24,0,1,0.0,0,0.562,0.2756,0.124,0.3524
q53,21,25,0,1,0.0,0,0.6776,0.298,0.126,0.3484
q53,21,26,0,1,0.0,0,0.6836,0.3492,0.1416,0.3793
q53,22,23,0,1,0.0,0,0.6569,0.4754,0.1724,0.3962
q53,22,24,0,1,0.0,0,0.5574,0.2829,0.1354,0.3662
q53,22,25,0,1,0.0,0,0.6773,0.2999,0.1191,0.3362
q53,22,26,0,1,0.0,0,0.6875,0.3813,0.1378,0.3785
q53,23,24,0,1,0.0,0,0.5505,0.3646,0.145,0.376
q53,23,25,0,1,0.0,0,0.6215,0.3519,0.1337,0.3543
q53,23,26,0,1,0.0,0,0.6077,0.3875,0.1538,0.3728
q53,24,25,1,1,0.0,0,0.6068,0.5817,0.2253,0.4494
q53,24,26,1,1,0.0,0,0.5833,0.5526,0.2362,0.4682
q53,25,26,1,1,0.0,0,0.7029,0.5701,0.2118,0.4224
q54,0,1,0,1,0.0,0,0.6404,0.4483,0.1429,0.3528
q54,0,2,0,1,0.0,0,0.5327,0.3306,0.109,0.3174
q54,0,3,1,1,0.0,0,0.6371,0.6233,0.2645,0.4633
q54,0,4,0,1,0.0,0,0.6159,0.5222,0.1488,0.3664
q54,0,5,0,1,0.0,0,0.618,0.5678,0.1676,0.3758
q54,0,6,1,1,0.0,0,0.48,0.4922,0.1927,0.4044
q54,0,7,0,1,0.0,0,0.5464,0.4183,0.1265,0.3308
q54,0,8,0,1,0.0,0,0.4574,0.4939,0.1467,0.3512
q54,0,9,0,0,0.0,0,0.4783,0.2371,0.1003,0.2669
q54,0,10,0,0,0.0,0,0.5687,0.3694,0.1099,0.3093
q54,0,11,0,0,0.0,0,0.5885,0.3889,0.1166,0.3065
q54,0,12,0,0,0.0,0,0.646,0.445,0.1366,0.343
q54,0,13,0,0,0.0,0,0.5181,0.3878,0.1117,0.2882
q54,0,14,0,0,0.0,0,0.535,0.4678,0.1225,0.3237
q54,0,15,0,0,0.0,0,0.6162,0.3828,0.1166,0.3138
q54,0,16,0,0,0.0,0,0.5374,0.355,0.0931,0.2812
q54,0,17,0,0,0.0,0,0.5936,0.4772,0.1116,0.3041
q54,0,18,0,0,0.0,0,0.4693,0.2728,0.0908,0.2816
q54,0,19,0,0,0.0,0,0.5,0.2411,0.0819,0.2745
q54,0,20,0,0,0.0,0,0.5532,0.3344,0.1029,0.3062
q54,0,21,0,0,0.0,0,0.5248,0.3578,0.1035,0.2951
q54,0,22,0,0,0.0,0,0.5093,0.2689,0.0833,0.281
q54,0,23,0,0,0.0,0,0.557,0.3728,0.0982,0.3053
q54,0,24,0,0,0.0,0,0.5272,0.2878,0.083,0.2813
q54,0,25,0,0,0.0,0,0.5576,0.2494,0.0871,0.293
q54,0,26,0,0,0.0,0,0.5994,0.3656,0.1055,0.3085
q54,1,2,0,1,0.0,0,0.5323,0.3422,0.1029,0.2974
q54,1,3,0,1,0.0,0,0.6,0.3275,0.1554,0.3867
q54,1,4,1,1,0.0,0,0.6286,0.5946,0.2624,0.4783
q54,1,5,1,1,0.0,0,0.6693,0.5454,0.2233,0.4432
q54,1,6,0,1,0.0,0,0.4767,0.2316,0.1077,0.3327
q54,1,7,0,1,0.0,0,0.5367,0.2945,0.103,0.3098
q54,1,8,0,1,0.0,0,0.4388,0.4388,0.1344,0.3575
q54,1,9,0,0,0.0,0,0.4949,0.2354,0.0915,0.2599
q54,1,10,0,0,0.0,0,0.5473,0.2924,0.1212,0.3372
q54,1,11,0,0,0.0,0,0.5607,0.4354,0.169,0.3876
q54,1,12,0,0,0.0,0,0.6456,0.4653,0.1724,0.3978
q54,1,13,0,0,0.0,0,0.5521,0.3652,0.1301,0.3185
q54,1,14,0,0,0.125,1,0.7153,0.5171,0.1854,0.4307
q54,1,15,0,0,0.0,0,0.5976,0.3549,0.1405,0.3354
q54,1,16,0,0,0.0,0,0.5618,0.2791,0.1079,0.305
q54,1,17,0,0,0.0,0,0.6381,0.5527,0.1764,0.408
q54,1,18,0,0,0.0,0,0.502,0.2551,0.1165,0.3009
q54,1,19,0,0,0.0,0,0.5142,0.287,0.0989,0.2938
q54,1,20,0,0,0.0,0,0.5679,0.3114,0.1282,0.3395
q54,1,21,0,0,0.0,0,0.4923,0.2757,0.1222,0.3446
q54,1,22,0,0,0.0,0,0.5411,0.3301,0.1328,0.3482
q54,1,23,0,0,0.0,0,0.561,0.4161,0.1545,0.3887
q54,1,24,0,0,0.0,0,0.5303,0.2307,0.0901,0.3005
q54,1,25,0,0,0.0,0,0.5337,0.2359,0.102,0.3256
q54,1,26,0,0,0.0,0,0.5913,0.3874,0.142,0.3771
q54,2,3,0,1,0.0,0,0.5561,0.2992,0.1013,0.3122
q54,2,4,0,1,0.0,0,0.4761,0.3727,0.1129,0.3154
q54,2,5,0,1,0.0,0,0.5569,0.4245,0.1409,0.3493
q54,2,6,0,1,0.125,1,0.6122,0.5237,0.1706,0.3702
q54,2,7,1,1,0.0,0,0.6081,0.4281,0.1297,0.3262
q54,2,8,1,1,0.0,0,0.4362,0.4143,0.1301,0.3429
q54,2,9,0,0,0.0,0,0.6043,0.4286,0.1476,0.3298
q54,2,10,0,0,0.0,0,0.5396,0.3232,0.1086,0.3034
q54,2,11,0,0,0.0,0,0.5103,0.3873,0.124,0.3338
q54,2,12,0,0,0.0,0,0.5414,0.3993,0.1174,0.3236
q54,2,13,0,0,0.0,0,0.4597,0.3767,0.111,0.3087
q54,2,14,0,0,0.0,0,0.4364,0.3842,0.1023,0.3088
q54,2,15,0,0,0.0,0,0.5224,0.3922,0.1089,0.3024
q54,2,16,0,0,0.0,0,0.5721,0.4316,0.1322,0.3249
q54,2,17,0,0,0.0,0,0.4675,0.3201,0.081,0.2726
q54,2,18,0,0,0.0,0,0.6041,0.4524,0.1651,0.3559
q54,2,19,0,0,0.0,0,0.6374,0.4781,0.1802,0.3605
q54,2,20,0,0,0.0,0,0.539,0.3457,0.1373,0.3544
q54,2,21,0,0,0.0,0,0.5219,0.4856,0.1475,0.3581
q54,2,22,0,0,0.0,0,0.4419,0.2913,0.0814,0.2698
q54,2,23,0,0,0.0,0,0.4539,0.3599,0.098,0.3053
q54,2,24,0,0,0.0,0,0.55,0.4307,0.1047,0.2861
q54,2,25,0,0,0.0,0,0.4945,0.3143,0.0982,0.3089
q54,2,26,0,0,0.0,0,0.4587,0.2789,0.0834,0.2793
q54,3,4,0,1,0.0,0,0.5589,0.4247,0.1291,0.3399
q54,3,5,0,1,0.0,0,0.6278,0.4808,0.1416,0.3678
q54,3,6,1,1,0.0,0,0.5264,0.452,0.181,0.4111
q54,3,7,0,1,0.0,0,0.5308,0.3097,0.0933,0.2873
q54,3,8,0,1,0.0,0,0.4925,0.4627,0.128,0.3559
q54,3,9,0,0,0.0,0,0.496,0.1598,0.074,0.2495
q54,3,10,0,0,0.0,0,0.5534,0.2751,0.0887,0.306
q54,3,11,0,0,0.0,0,0.5865,0.3505,0.1083,0.3227
q54,3,12,0,0,0.0,0,0.6071,0.4165,0.1266,0.348
q54,3,13,0,0,0.0,0,0.5544,0.3984,0.1078,0.2909
q54,3,14,0,0,0.0,0,0.5453,0.4565,0.1235,0.3619
q54,3,15,0,0,0.0,0,0.5783,0.3122,0.101,0.3076
q54,3,16,0,0,0.0,0,0.5468,0.2887,0.0861,0.2825
q54,3,17,0,0,0.0,0,0.5882,0.4713,0.1135,0.3402
q54,3,18,0,0,0.0,0,0.4946,0.2884,0.0841,0.2787
q54,3,19,0,0,0.0,0,0.5083,0.1924,0.0679,0.2529
q54,3,20,0,0,0.0,0,0.5741,0.2172,0.0929,0.3055
q54,3,21,0,0,0.0,0,0.5615,0.3493,0.1139,0.3298
q54,3,22,0,0,0.0,0,0.5175,0.2528,0.0771,0.2855
q54,3,23,0,0,0.0,0,0.5026,0.3159,0.0923,0.3119
q54,3,24,0,0,0.0,0,0.549,0.2532,0.0843,0.2878
q54,3,25,0,0,0.0,0,0.5781,0.2124,0.0812,0.2947
q54,3,26,0,0,0.0,0,0.5369,0.4074,0.1165,0.3366
q54,4,5,1,1,0.0,0,0.5628,0.5002,0.2048,0.4259
q54,4,6,0,1,0.0,0,0.4039,0.2819,0.1242,0.342
q54,4,7,0,1,0.0,0,0.5141,0.3045,0.1125,0.3205
q54,4,8,0,1,0.0,0,0.4145,0.3815,0.1349,0.3578
q54,4,9,0,0,0.0,0,0.4579,0.3004,0.102,0.2812
q54,4,10,0,0,0.0,0,0.5142,0.2839,0.1235,0.358
q54,4,11,0,0,0.0,0,0.5418,0.3955,0.1646,0.3719
q54,4,12,0,0,0.0,0,0.7406,0.4913,0.2002,0.4288
q54,4,13,0,0,0.0,0,0.5239,0.3774,0.138,0.3271
q54,4,14,0,0,0.0,0,0.5055,0.4119,0.1584,0.3992
q54,4,15,0,0,0.125,1,0.7242,0.311,0.1246,0.3186
q54,4,16,0,0,0.0,0,0.544,0.3035,0.119,0.3229
q54,4,17,0,0,0.0,0,0.5871,0.4742,0.1553,0.3874
q54,4,18,0,0,0.0,0,0.4249,0.3064,0.1096,0.3
q54,4,19,0,0,0.0,0,0.4719,0.2676,0.0909,0.2831
q54,4,20,0,0,0.0,0,0.5203,0.3058,0.1084,0.3197
q54,4,21,0,0,0.0,0,0.4654,0.2166,0.118,0.3378
q54,4,22,0,0,0.0,0,0.4879,0.2801,0.1186,0.3331
q54,4,23,0,0,0.0,0,0.5254,0.3753,0.1541,0.3783
q54,4,24,0,0,0.0,0,0.5107,0.2545,0.1002,0.3094
q54,4,25,0,0,0.0,0,0.518,0.2032,0.0949,0.3333
q54,4,26,0,0,0.0,0,0.5986,0.3616,0.1347,0.3682
q54,5,6,0,1,0.0,0,0.5324,0.3519,0.1413,0.3589
q54,5,7,0,1,0.125,1,0.7272,0.3044,0.1205,0.3366
q54,5,8,0,1,0.0,0,0.4514,0.4532,0.1739,0.4166
q54,5,9,0,0,0.0,0,0.5295,0.2799,0.101,0.2866
q54,5,10,0,0,0.0,0,0.5815,0.3483,0.1362,0.3667
q54,5,11,0,0,0.0,0,0.5787,0.3696,0.1661,0.3859
q54,5,12,0,0,0.0,0,0.6281,0.4857,0.1873,0.4117
q54,5,13,0,0,0.0,0,0.5542,0.3068,0.1129,0.3154
q54,5,14,0,0,0.0,0,0.6136,0.4631,0.1716,0.41
q54,5,15,0,0,0.0,0,0.5907,0.328,0.1274,0.3442
q54,5,16,0,0,0.0,0,0.588,0.3444,0.1292,0.3389
q54,5,17,0,0,0.0,0,0.5546,0.4863,0.1541,0.3845
q54,5,18,0,0,0.0,0,0.5137,0.3453,0.1176,0.3222
q54,5,19,0,0,0.0,0,0.5486,0.3299,0.1242,0.3256
q54,5,20,0,0,0.2222,2,0.7941,0.4687,0.1848,0.4141
q54,5,21,0,0,0.0,0,0.5398,0.3631,0.1481,0.3772
q54,5,22,0,0,0.0,0,0.5881,0.3143,0.1159,0.3237
q54,5,23,0,0,0.0,0,0.5289,0.3543,0.1383,0.3666
q54,5,24,0,0,0.0,0,0.5652,0.3058,0.1166,0.3423
q54,5,25,0,0,0.0,0,0.5216,0.2621,0.1136,0.3359
q54,5,26,0,0,0.0,0,0.5099,0.3526,0.1405,0.3784
q54,6,7,0,1,0.0,0,0.5606,0.3663,0.1189,0.3233
q54,6,8,0,1,0.0,0,0.3872,0.3632,0.128,0.3476
q54,6,9,0,0,0.0,0,0.5299,0.3267,0.1095,0.2839
q54,6,10,0,0,0.0,0,0.4966,0.2419,0.1003,0.313
q54,6,11,0,0,0.0,0,0.5348,0.2392,0.1144,0.3346
q54,6,12,0,0,0.0,0,0.4819,0.3034,0.1143,0.3247
q54,6,13,0,0,0.0,0,0.4401,0.2749,0.0966,0.2819
q54,6,14,0,0,0.0,0,0.4456,0.3851,0.1227,0.352
q54,6,15,0,0,0.0,0,0.4399,0.2473,0.093,0.2866
q54,6,16,0,0,0.0,0,0.5141,0.254,0.106,0.3166
q54,6,17,0,0,0.0,0,0.4092,0.3169,0.0973,0.3141
q54,6,18,0,0,0.1111,1,0.6227,0.3389,0.115,0.3082
q54,6,19,0,0,0.0,0,0.5623,0.3105,0.0921,0.2842
q54,6,20,0,0,0.0,0,0.505,0.2984,0.1264,0.3399
q54,6,21,0,0,0.0,0,0.508,0.3874,0.116,0.323
q54,6,22,0,0,0.0,0,0.4219,0.1658,0.0801,0.2928
q54,6,23,0,0,0.0,0,0.4598,0.2765,0.1039,0.3248
q54,6,24,0,0,0.0,0,0.4594,0.369,0.11,0.3158
q54,6,25,0,0,0.0,0,0.3755,0.2608,0.0941,0.2981
q54,6,26,0,0,0.0,0,0.4039,0.3337,0.1127,0.3229
q54,7,8,1,1,0.0,0,0.4616,0.3063,0.1454,0.3598
q54,7,9,0,0,0.0,0,0.5867,0.3893,0.1285,0.298
q54,7,10,0,0,0.0,0,0.561,0.3067,0.1132,0.3066
q54,7,11,0,0,0.0,0,0.6073,0.296,0.1215,0.3298
q54,7,12,0,0,0.0,0,0.5989,0.3653,0.1587,0.3747
q54,7,13,0,0,0.0,0,0.548,0.333,0.1122,0.3077
q54,7,14,0,0,0.0,0,0.5308,0.3579,0.1219,0.3295
q54,7,15,0,0,0.0,0,0.624,0.33,0.1303,0.3189
q54,7,16,0,0,0.0,0,0.6346,0.3279,0.1266,0.33
q54,7,17,0,0,0.0,0,0.4888,0.333,0.0985,0.3092
q54,7,18,0,0,0.0,0,0.5478,0.3423,0.1215,0.3134
q54,7,19,0,0,0.0,0,0.6092,0.3958,0.1309,0.3206
q54,7,20,0,0,0.0,0,0.5868,0.3578,0.131,0.3318
q54,7,21,0,0,0.0,0,0.5507,0.3986,0.1226,0.3166
q54,7,22,0,0,0.0,0,0.5931,0.2642,0.101,0.2916
q54,7,23,0,0,0.0,0,0.5736,0.2841,0.1097,0.3179
q54,7,24,0,0,0.0,0,0.5836,0.4605,0.1649,0.3736
q54,7,25,0,0,0.0,0,0.4809,0.2952,0.1006,0.3035
q54,7,26,0,0,0.0,0,0.5063,0.2724,0.1068,0.3166
q54,8,9,0,0,0.0,0,0.4595,0.329,0.1111,0.2814
q54,8,10,0,0,0.0,0,0.4454,0.3588,0.1413,0.3723
q54,8,11,0,0,0.0,0,0.4064,0.4406,0.1486,0.3752
q54,8,12,0,0,0.0,0,0.4879,0.4224,0.1648,0.392
q54,8,13,0,0,0.0,0,0.3884,0.3308,0.1325,0.3377
q54,8,14,0,0,0.0,0,0.3124,0.429,0.1482,0.3957
q54,8,15,0,0,0.0,0,0.4449,0.384,0.1324,0.3431
q54,8,16,0,0,0.0,0,0.432,0.4623,0.1552,0.3793
q54,8,17,0,0,0.0,0,0.4023,0.3977,0.1174,0.3605
q54,8,18,0,0,0.0,0,0.4345,0.4634,0.1293,0.3221
q54,8,19,0,0,0.0,0,0.4795,0.3596,0.1214,0.3165
q54,8,20,0,0,0.0,0,0.4396,0.4209,0.1354,0.3598
q54,8,21,0,0,0.0,0,0.4154,0.3196,0.1204,0.3564
q54,8,22,0,0,0.0,0,0.379,0.3399,0.1239,0.3413
q54,8,23,0,0,0.0,0,0.4045,0.35,0.1247,0.3737
q54,8,24,0,0,0.0,0,0.433,0.3741,0.1235,0.3471
q54,8,25,0,0,0.0,0,0.3941,0.3677,0.1079,0.3427
q54,8,26,0,0,0.0,0,0.4312,0.3503,0.133,0.3676
q54,9,10,0,1,0.0,0,0.5246,0.298,0.105,0.2804
q54,9,11,0,1,0.0,0,0.5094,0.2488,0.1022,0.2804
q54,9,12,0,1,0.0,0,0.5362,0.3261,0.119,0.2907
q54,9,13,1,1,0.0,0,0.4602,0.3495,0.1051,0.265
q54,9,14,0,1,0.0,0,0.3689,0.3273,0.0876,0.2571
q54,9,15,1,1,0.0,0,0.5011,0.315,0.1159,0.2873
q54,9,16,0,1,0.0,0,0.5547,0.4069,0.1254,0.3073
q54,9,17,0,1,0.0,0,0.4132,0.2559,0.0648,0.2222
q54,9,18,0,0,0.1111,1,0.7233,0.5814,0.2427,0.4225
q54,9,19,0,0,0.25,2,0.9115,0.7055,0.3007,0.4987
q54,9,20,0,0,0.0,0,0.5477,0.4584,0.1589,0.3544
q54,9,21,0,0,0.0,0,0.4611,0.2886,0.0939,0.2685
q54,9,22,0,0,0.0,0,0.4244,0.2166,0.0755,0.225
q54,9,23,0,0,0.0,0,0.4729,0.2693,0.0834,0.2544
q54,9,24,0,0,0.0,0,0.5341,0.3665,0.1096,0.2835
q54,9,25,0,0,0.0,0,0.3906,0.1698,0.0675,0.2367
q54,9,26,0,0,0.0,0,0.4381,0.2172,0.0689,0.2263
q54,10,11,0,1,0.0,0,0.6235,0.3824,0.1573,0.3767
q54,10,12,1,1,0.0,0,0.5671,0.4011,0.1522,0.377
q54,10,13,0,1,0.0,0,0.5229,0.2273,0.1074,0.3042
q54,10,14,0,1,0.0,0,0.5222,0.2981,0.1202,0.3644
q54,10,15,0,1,0.0,0,0.6017,0.2925,0.1303,0.3335
q54,10,16,1,1,0.0,0,0.5885,0.4427,0.1772,0.3855
q54,10,17,0,1,0.0,0,0.5025,0.2884,0.1088,0.3289
q54,10,18,0,0,0.0,0,0.4969,0.2918,0.1189,0.3066
q54,10,19,0,0,0.0,0,0.5411,0.2959,0.1141,0.3008
q54,10,20,0,0,0.0,0,0.5732,0.3081,0.126,0.3373
q54,10,21,0,0,0.0,0,0.5585,0.3689,0.1505,0.3656
q54,10,22,0,0,0.0,0,0.5143,0.2805,0.14,0.3449
q54,10,23,0,0,0.0,0,0.5694,0.2921,0.138,0.3534
q54,10,24,0,0,0.0,0,0.5585,0.3476,0.1307,0.3368
q54,10,25,0,0,0.0,0,0.5423,0.3404,0.1472,0.3645
q54,10,26,0,0,0.0,0,0.5388,0.3004,0.1221,0.3379
q54,11,12,0,1,0.0,0,0.5905,0.4489,0.169,0.4007
q54,11,13,0,1,0.0,0,0.477,0.366,0.1223,0.3207
q54,11,14,1,1,0.0,0,0.4698,0.5045,0.1655,0.4002
q54,11,15,0,1,0.0,0,0.593,0.327,0.1302,0.3371
q54,11,16,0,1,0.0,0,0.562,0.4206,0.1658,0.3798
q54,11,17,1,1,0.0,0,0.5088,0.4619,0.1369,0.3515
q54,11,18,0,0,0.0,0,0.4963,0.3475,0.1423,0.3449
q54,11,19,0,0,0.0,0,0.5344,0.2698,0.0994,0.2897
q54,11,20,0,0,0.0,0,0.4952,0.3216,0.1306,0.3464
q54,11,21,0,0,0.0,0,0.5162,0.2937,0.1407,0.3685
q54,11,22,0,0,0.0,0,0.4539,0.3028,0.1397,0.3479
q54,11,23,0,0,0.0,0,0.5084,0.4585,0.1556,0.3837
q54,11,24,0,0,0.0,0,0.5961,0.3007,0.1068,0.3074
q54,11,25,0,0,0.0,0,0.4239,0.321,0.1339,0.3614
q54,11,26,0,0,0.0,0,0.5612,0.4542,0.1522,0.3774
q54,12,13,0,1,0.0,0,0.5677,0.4283,0.1489,0.3474
q54,12,14,0,1,0.0,0,0.5121,0.4227,0.1568,0.3895
q54,12,15,0,1,0.0,0,0.6498,0.4183,0.1639,0.3649
q54,12,16,1,1,0.0,0,0.6308,0.4467,0.1741,0.3939
q54,12,17,0,1,0.0,0,0.5888,0.4186,0.1386,0.3598
q54,12,18,0,0,0.0,0,0.4946,0.3599,0.1261,0.3187
q54,12,19,0,0,0.0,0,0.5545,0.3609,0.1154,0.3082
q54,12,20,0,0,0.0,0,0.5996,0.3819,0.134,0.3472
q54,12,21,0,0,0.0,0,0.5343,0.4962,0.1606,0.3805
q54,12,22,0,0,0.0,0,0.535,0.4337,0.1515,0.3647
q54,12,23,0,0,0.0,0,0.5558,0.4202,0.1617,0.3923
q54,12,24,0,0,0.0,0,0.5765,0.4202,0.1537,0.3728
q54,12,25,0,0,0.0,0,0.5465,0.356,0.1385,0.3584
q54,12,26,0,0,0.0,0,0.6229,0.4483,0.1567,0.3865
q54,13,14,0,1,0.0,0,0.3869,0.3401,0.1194,0.3297
q54,13,15,1,1,0.0,0,0.5425,0.4068,0.1524,0.363
q54,13,16,0,1,0.0,0,0.4813,0.3404,0.1255,0.3179
q54,13,17,0,1,0.0,0,0.5275,0.3633,0.1116,0.3091
q54,13,18,0,0,0.0,0,0.4248,0.3744,0.1091,0.2861
q54,13,19,0,0,0.0,0,0.4747,0.3981,0.1171,0.297
q54,13,20,0,0,0.0,0,0.5081,0.335,0.1175,0.3044
q54,13,21,0,0,0.0,0,0.4541,0.2587,0.1005,0.3101
q54,13,22,0,0,0.0,0,0.5478,0.363,0.1375,0.3495
q54,13,23,0,0,0.0,0,0.501,0.4348,0.1341,0.3404
q54,13,24,0,0,0.0,0,0.4823,0.324,0.1141,0.3037
q54,13,25,0,0,0.0,0,0.5059,0.237,0.0982,0.3069
q54,13,26,0,0,0.0,0,0.5389,0.3655,0.1233,0.3307
q54,14,15,0,1,0.0,0,0.5088,0.4666,0.1369,0.3422
q54,14,16,0,1,0.0,0,0.4258,0.3461,0.1182,0.3471
q54,14,17,1,1,0.0,0,0.5677,0.5445,0.2073,0.4507
q54,14,18,0,0,0.0,0,0.343,0.3423,0.1031,0.3088
q54,14,19,0,0,0.0,0,0.3816,0.322,0.0862,0.289
q54,14,20,0,0,0.0,0,0.375,0.3364,0.1089,0.3153
q54,14,21,0,0,0.0,0,0.3565,0.3325,0.1291,0.3659
q54,14,22,0,0,0.0,0,0.4043,0.3976,0.1374,0.376
q54,14,23,0,0,0.0,0,0.4641,0.5016,0.1761,0.4154
q54,14,24,0,0,0.0,0,0.4388,0.315,0.1148,0.3385
q54,14,25,0,0,0.0,0,0.3584,0.3113,0.1143,0.3524
q54,14,26,0,0,0.0,0,0.5009,0.3871,0.1637,0.409
q54,15,16,0,1,0.0,0,0.5966,0.3571,0.1361,0.328
q54,15,17,0,1,0.0,0,0.5655,0.4592,0.1268,0.3391
q54,15,18,0,0,0.0,0,0.4574,0.3475,0.1213,0.2975
q54,15,19,0,0,0.0,0,0.5135,0.3454,0.116,0.3082
q54,15,20,0,0,0.0,0,0.5634,0.3861,0.1321,0.3279
q54,15,21,0,0,0.0,0,0.4891,0.3642,0.116,0.3191
q54,15,22,0,0,0.0,0,0.5392,0.4268,0.1578,0.3592
q54,15,23,0,0,0.0,0,0.5686,0.5364,0.174,0.3798
q54,15,24,0,0,0.0,0,0.5585,0.3323,0.1349,0.3352
q54,15,25,0,0,0.0,0,0.5255,0.2946,0.1054,0.3247
q54,15,26,0,0,0.0,0,0.6164,0.3762,0.1264,0.3293
q54,16,17,0,1,0.0,0,0.4835,0.3409,0.1026,0.3172
q54,16,18,0,0,0.0,0,0.4923,0.3971,0.1338,0.3271
q54,16,19,0,0,0.0,0,0.5831,0.3883,0.1275,0.3321
q54,16,20,0,0,0.0,0,0.5389,0.3935,0.1395,0.3391
q54,16,21,0,0,0.0,0,0.509,0.4803,0.1617,0.3645
q54,16,22,0,0,0.0,0,0.4372,0.3371,0.1306,0.3317
q54,16,23,0,0,0.0,0,0.5148,0.3318,0.1262,0.3543
q54,16,24,0,0,0.1667,1,0.7627,0.531,0.2009,0.4223
q54,16,25,0,0,0.0,0,0.4483,0.4686,0.1444,0.3532
q54,16,26,0,0,0.0,0,0.538,0.3544,0.125,0.3401
q54,17,18,0,0,0.0,0,0.4092,0.3145,0.0812,0.264
q54,17,19,0,0,0.0,0,0.4206,0.2658,0.0775,0.2635
q54,17,20,0,0,0.0,0,0.5035,0.3313,0.1004,0.2859
q54,17,21,0,0,0.0,0,0.4695,0.2808,0.1028,0.326
q54,17,22,0,0,0.0,0,0.5392,0.4167,0.142,0.367
q54,17,23,0,0,0.0,0,0.5276,0.4924,0.1752,0.4108
q54,17,24,0,0,0.0,0,0.4523,0.299,0.0901,0.3165
q54,17,25,0,0,0.0,0,0.5826,0.3556,0.107,0.332
q54,17,26,0,0,0.0,0,0.6018,0.4959,0.1865,0.4316
q54,18,19,1,1,0.1111,1,0.7427,0.6418,0.3104,0.5012
q54,18,20,1,1,0.0,0,0.5345,0.4557,0.2106,0.4003
q54,18,21,0,1,0.0,0,0.4642,0.3547,0.1301,0.3329
q54,18,22,0,1,0.0,0,0.4076,0.2507,0.0824,0.2618
q54,18,23,0,1,0.0,0,0.4561,0.3038,0.097,0.2976
q54,18,24,0,1,0.0,0,0.4799,0.3487,0.1082,0.3044
q54,18,25,0,1,0.0,0,0.3689,0.1849,0.0834,0.2855
q54,18,26,0,1,0.0,0,0.397,0.2589,0.0856,0.2662
q54,19,20,1,1,0.0,0,0.5723,0.4213,0.1795,0.3672
q54,19,21,0,1,0.0,0,0.4863,0.3565,0.1125,0.3192
q54,19,22,0,1,0.0,0,0.4402,0.2884,0.0875,0.2665
q54,19,23,0,1,0.0,0,0.5002,0.3295,0.0922,0.295
q54,19,24,0,1,0.0,0,0.5561,0.402,0.1231,0.3152
q54,19,25,0,1,0.0,0,0.407,0.28,0.0976,0.2918
q54,19,26,0,1,0.0,0,0.4553,0.2539,0.0733,0.2465
q54,20,21,0,1,0.0,0,0.5262,0.31,0.1349,0.3528
q54,20,22,0,1,0.0,0,0.4868,0.2701,0.1095,0.2972
q54,20,23,0,1,0.0,0,0.468,0.3002,0.1096,0.3059
q54,20,24,0,1,0.0,0,0.5425,0.3517,0.1206,0.3202
q54,20,25,0,1,0.0,0,0.4541,0.1972,0.0863,0.2963
q54,20,26,0,1,0.0,0,0.5237,0.2362,0.101,0.3031
q54,21,22,0,1,0.0,0,0.4237,0.2451,0.104,0.315
q54,21,23,0,1,0.0,0,0.4228,0.3361,0.1205,0.3322
q54,21,24,1,1,0.0,0,0.5231,0.4975,0.1563,0.3767
q54,21,25,1,1,0.0,0,0.4229,0.4277,0.1563,0.3825
q54,21,26,0,1,0.0,0,0.464,0.3516,0.1274,0.3451
q54,22,23,1,1,0.0,0,0.6007,0.5133,0.1979,0.4345
q54,22,24,0,1,0.0,0,0.443,0.2293,0.0939,0.3077
q54,22,25,0,1,0.0,0,0.5011,0.2895,0.114,0.3351
q54,22,26,1,1,0.0,0,0.5548,0.4892,0.1897,0.4125
q54,23,24,0,1,0.0,0,0.4809,0.2762,0.1091,0.3194
q54,23,25,0,1,0.0,0,0.4994,0.3295,0.1183,0.3526
q54,23,26,1,1,0.0,0,0.5991,0.5674,0.2081,0.4441
q54,24,25,1,1,0.0,0,0.4628,0.4844,0.1328,0.343
q54,24,26,0,1,0.0,0,0.4987,0.2971,0.1029,0.3161
q54,25,26,0,1,0.0,0,0.5783,0.4285,0.1238,0.3446
q55,0,1,1,1,0.125,1,0.5989,0.4874,0.2243,0.3861
q55,0,2,1,1,0.0,0,0.5224,0.422,0.1765,0.3446
q55,0,3,0,1,0.0,0,0.5362,0.4083,0.1542,0.3331
q55,0,4,0,1,0.0,0,0.4836,0.4349,0.1347,0.316
q55,0,5,0,1,0.0,0,0.4744,0.5399,0.191,0.3794
q55,0,6,0,1,0.0,0,0.4721,0.5377,0.1609,0.3533
q55,0,7,0,1,0.0,0,0.4921,0.3357,0.0918,0.2756
q55,0,8,0,1,0.0,0,0.4532,0.4824,0.1503,0.3458
q55,0,9,0,0,0.0,0,0.44,0.2538,0.0987,0.2901
q55,0,10,0,0,0.0,0,0.4425,0.2948,0.0935,0.2799
q55,0,11,0,0,0.0,0,0.5111,0.2509,0.0919,0.2705
q55,0,12,0,0,0.0,0,0.5217,0.399,0.1271,0.3216
q55,0,13,0,0,0.0,0,0.4838,0.3386,0.1155,0.31
q55,0,14,0,0,0.0,0,0.389,0.3307,0.1101,0.2876
q55,0,15,0,0,0.0,0,0.4539,0.3012,0.0904,0.2803
q55,0,16,0,0,0.0,0,0.5014,0.4745,0.1302,0.3081
q55,0,17,0,0,0.0,0,0.3524,0.3048,0.0944,0.2746
q55,0,18,0,0,0.0,0,0.484,0.3408,0.1113,0.3095
q55,0,19,0,0,0.0,0,0.5364,0.3609,0.1366,0.3353
q55,0,20,0,0,0.0,0,0.533,0.2523,0.0951,0.2802
q55,0,21,0,0,0.0,0,0.5068,0.34,0.1135,0.3101
q55,0,22,0,0,0.0,0,0.4763,0.4127,0.1053,0.284
q55,0,23,0,0,0.0,0,0.4809,0.4522,0.1145,0.2939
q55,1,2,1,1,0.0,0,0.4971,0.4185,0.1539,0.33
q55,1,3,0,1,0.0,0,0.5351,0.4857,0.2044,0.3878
q55,1,4,0,1,0.0,0,0.4574,0.4524,0.1377,0.3169
q55,1,5,0,1,0.0,0,0.5139,0.5057,0.1656,0.3484
q55,1,6,0,1,0.0,0,0.5303,0.4157,0.1369,0.3153
q55,1,7,0,1,0.0,0,0.4336,0.3446,0.118,0.2943
q55,1,8,0,1,0.0,0,0.5708,0.6422,0.1973,0.3671
q55,1,9,0,0,0.0,0,0.4722,0.2104,0.0834,0.2649
q55,1,10,0,0,0.0,0,0.5412,0.281,0.0932,0.2644
q55,1,11,0,0,0.0,0,0.4848,0.363,0.1134,0.2752
q55,1,12,0,0,0.0,0,0.4844,0.3435,0.1029,0.2759
q55,1,13,0,0,0.0,0,0.4594,0.4169,0.1292,0.3223
q55,1,14,0,0,0.0,0,0.4155,0.3739,0.0984,0.2784
q55,1,15,0,0,0.0,0,0.4267,0.4169,0.1145,0.2931
q55,1,16,0,0,0.0,0,0.5547,0.3308,0.0991,0.2791
q55,1,17,0,0,0.0,0,0.37,0.3968,0.1167,0.3073
q55,1,18,0,0,0.0,0,0.4667,0.3653,0.1106,0.2958
q55,1,19,0,0,0.0,0,0.4689,0.3085,0.0976,0.2835
q55,1,20,0,0,0.0,0,0.5078,0.3406,0.1277,0.2962
q55,1,21,0,0,0.0,0,0.4467,0.3836,0.1261,0.3085
q55,1,22,0,0,0.0,0,0.4352,0.3658,0.0864,0.2536
q55,1,23,0,0,0.0,0,0.5218,0.363,0.0841,0.2473
q55,2,3,0,1,0.0,0,0.5341,0.3452,0.112,0.3085
q55,2,4,0,1,0.0,0,0.4682,0.372,0.1107,0.294
q55,2,5,0,1,0.0,0,0.4543,0.5369,0.1677,0.3648
q55,2,6,0,1,0.0,0,0.5448,0.4952,0.138,0.3306
q55,2,7,0,1,0.0,0,0.3822,0.3512,0.0864,0.2676
q55,2,8,0,1,0.0,0,0.4571,0.4946,0.1346,0.3234
q55,2,9,0,0,0.0,0,0.4547,0.2917,0.0937,0.2729
q55,2,10,0,0,0.0,0,0.4326,0.3464,0.1059,0.2936
q55,2,11,0,0,0.0,0,0.4447,0.3268,0.1024,0.2616
q55,2,12,0,0,0.0,0,0.5136,0.3935,0.1203,0.3173
q55,2,13,0,0,0.0,0,0.4574,0.3976,0.122,0.3094
q55,2,14,0,0,0.0,0,0.367,0.303,0.0891,0.2814
q55,2,15,0,0,0.0,0,0.5007,0.3619,0.1018,0.2755
q55,2,16,0,0,0.0,0,0.5317,0.4429,0.1134,0.2968
q55,2,17,0,0,0.0,0,0.383,0.3196,0.1119,0.3076
q55,2,18,0,0,0.0,0,0.458,0.35,0.1159,0.3025
q55,2,19,0,0,0.0,0,0.4784,0.3244,0.1,0.2987
q55,2,20,0,0,0.0,0,0.498,0.3363,0.1138,0.2907
q55,2,21,0,0,0.0,0,0.4726,0.4101,0.1277,0.3162
q55,2,22,0,0,0.0,0,0.4697,0.4107,0.0959,0.2643
q55,2,23,0,0,0.0,0,0.4782,0.3202,0.098,0.2936
q55,3,4,1,1,0.0,0,0.4372,0.3606,0.1274,0.3234
q55,3,5,0,1,0.0,0,0.5405,0.3762,0.136,0.3449
q55,3,6,0,1,0.0,0,0.5437,0.3375,0.1275,0.3337
q55,3,7,1,1,0.0,0,0.4343,0.331,0.1123,0.3069
q55,3,8,0,1,0.0,0,0.5267,0.4268,0.1467,0.3499
q55,3,9,0,0,0.0,0,0.4564,0.2831,0.1184,0.3211
q55,3,10,0,0,0.0,0,0.4659,0.225,0.0793,0.2722
q55,3,11,0,0,0.0,0,0.4996,0.2126,0.0946,0.2928
q55,3,12,0,0,0.0,0,0.5214,0.2982,0.0964,0.293
q55,3,13,0,0,0.0,0,0.4922,0.2874,0.1186,0.3335
q55,3,14,0,0,0.0,0,0.4154,0.2928,0.1021,0.3125
q55,3,15,0,0,0.0,0,0.4752,0.282,0.1025,0.3117
q55,3,16,0,0,0.0,0,0.5775,0.3229,0.1043,0.3121
q55,3,17,0,0,0.0,0,0.4168,0.275,0.1104,0.3274
q55,3,18,0,0,0.1,1,0.5534,0.2336,0.0886,0.2788
q55,3,19,0,0,0.0,0,0.4812,0.254,0.0909,0.2903
q55,3,20,0,0,0.0,0,0.4804,0.2766,0.1104,0.2986
q55,3,21,0,0,0.0,0,0.4453,0.3116,0.1104,0.3175
q55,3,22,0,0,0.0,0,0.5298,0.3111,0.0894,0.2692
q55,3,23,0,0,0.0,0,0.5119,0.2411,0.0827,0.2782
q55,4,5,0,1,0.0,0,0.4561,0.333,0.135,0.3547
q55,4,6,0,1,0.0,0,0.4939,0.3415,0.1353,0.3488
q55,4,7,1,1,0.0,0,0.3753,0.2055,0.0857,0.3091
q55,4,8,0,1,0.0,0,0.4797,0.3047,0.1227,0.3303
q55,4,9,0,0,0.0,0,0.474,0.3014,0.1149,0.325
q55,4,10,0,0,0.0,0,0.4758,0.2812,0.1094,0.3176
q55,4,11,0,0,0.0,0,0.3992,0.2944,0.1166,0.3291
q55,4,12,0,0,0.0,0,0.4686,0.2191,0.1026,0.318
q55,4,13,0,0,0.0,0,0.4254,0.2219,0.1138,0.3341
q55,4,14,0,0,0.0,0,0.3945,0.2606,0.1132,0.3456
q55,4,15,0,0,0.0,0,0.3838,0.2376,0.1147,0.3481
q55,4,16,0,0,0.0,0,0.53,0.3769,0.1343,0.3709
q55,4,17,0,0,0.0,0,0.4739,0.3398,0.1454,0.3688
q55,4,18,0,0,0.0,0,0.4136,0.2806,0.1114,0.3258
q55,4,19,0,0,0.0,0,0.4593,0.2622,0.1248,0.3596
q55,4,20,0,0,0.0,0,0.4296,0.2676,0.1076,0.3235
q55,4,21,0,0,0.0,0,0.3645,0.2439,0.1148,0.3393
q55,4,22,0,0,0.0,0,0.4738,0.2797,0.1056,0.317
q55,4,23,0,0,0.0,0,0.4905,0.2673,0.1067,0.3258
q55,5,6,1,1,0.0,0,0.452,0.4466,0.1909,0.4152
q55,5,7,0,1,0.0,0,0.4734,0.3269,0.1174,0.3452
q55,5,8,1,1,0.0,0,0.4679,0.5476,0.2148,0.4379
q55,5,9,0,0,0.0,0,0.4025,0.3038,0.1237,0.3529
q55,5,10,0,0,0.0,0,0.4674,0.3566,0.1277,0.3576
q55,5,11,0,0,0.0,0,0.5181,0.3505,0.138,0.339
q55,5,12,0,0,0.0,0,0.4942,0.5088,0.1874,0.4002
q55,5,13,0,0,0.0,0,0.4131,0.3919,0.1675,0.4036
q55,5,14,0,0,0.0,0,0.6106,0.4128,0.1493,0.3858
q55,5,15,0,0,0.0,0,0.3905,0.3819,0.1318,0.3584
q55,5,16,0,0,0.0,0,0.5076,0.4588,0.1716,0.3982
q55,5,17,0,0,0.0,0,0.4595,0.3366,0.1526,0.3872
q55,5,18,0,0,0.0,0,0.4975,0.3797,0.1534,0.368
q55,5,19,0,0,0.0,0,0.5835,0.4768,0.1513,0.3897
q55,5,20,0,0,0.0,0,0.4807,0.369,0.1412,0.3529
q55,5,21,0,0,0.0,0,0.4213,0.4283,0.1692,0.4027
q55,5,22,0,0,0.0,0,0.4837,0.4941,0.1518,0.3729
q55,5,23,0,0,0.0,0,0.5413,0.5365,0.1727,0.3895
q55,6,7,0,1,0.0,0,0.438,0.3003,0.1064,0.3398
q55,6,8,1,1,0.0,0,0.4742,0.501,0.1802,0.4053
q55,6,9,0,0,0.0,0,0.4437,0.3939,0.1307,0.3705
q55,6,10,0,0,0.0,0,0.495,0.3182,0.1195,0.3373
q55,6,11,0,0,0.0,0,0.4311,0.2658,0.1073,0.3264
q55,6,12,0,0,0.0,0,0.4964,0.3259,0.1284,0.3361
q55,6,13,0,0,0.0,0,0.4097,0.363,0.1356,0.3613
q55,6,14,0,0,0.0,0,0.466,0.2825,0.1165,0.3559
q55,6,15,0,0,0.0,0,0.457,0.3385,0.1125,0.3436
q55,6,16,0,0,0.0,0,0.5218,0.4239,0.1574,0.3796
q55,6,17,0,0,0.0,0,0.4088,0.3596,0.1336,0.3575
q55,6,18,0,0,0.0,0,0.4352,0.3397,0.1243,0.3447
q55,6,19,0,0,0.0,0,0.4902,0.3571,0.1295,0.3669
q55,6,20,0,0,0.0,0,0.4547,0.3351,0.124,0.3398
q55,6,21,0,0,0.0,0,0.4257,0.401,0.1395,0.3608
q55,6,22,0,0,0.0,0,0.46,0.4003,0.1338,0.3461
q55,6,23,0,0,0.0,0,0.4924,0.3643,0.1289,0.3552
q55,7,8,0,1,0.0,0,0.488,0.3926,0.1465,0.3781
q55,7,9,0,0,0.0,0,0.4498,0.2498,0.1066,0.3317
q55,7,10,0,0,0.0,0,0.4055,0.248,0.0975,0.315
q55,7,11,0,0,0.0,0,0.4555,0.2423,0.0983,0.3139
q55,7,12,0,0,0.0,0,0.3774,0.1781,0.0865,0.3135
q55,7,13,0,0,0.0,0,0.4818,0.427,0.1512,0.385
q55,7,14,0,0,0.0,0,0.3629,0.175,0.092,0.3339
q55,7,15,0,0,0.0,0,0.3435,0.1687,0.0843,0.3159
q55,7,16,0,0,0.0,0,0.4777,0.2393,0.0917,0.3194
q55,7,17,0,0,0.0,0,0.3616,0.315,0.0991,0.3163
q55,7,18,0,0,0.0,0,0.4223,0.3619,0.1296,0.375
q55,7,19,0,0,0.0,0,0.3943,0.2138,0.0907,0.3401
q55,7,20,0,0,0.0,0,0.5359,0.4331,0.1537,0.381
q55,7,21,0,0,0.0,0,0.4501,0.469,0.162,0.4094
q55,7,22,0,0,0.0,0,0.4908,0.2677,0.102,0.3402
q55,7,23,0,0,0.0,0,0.4503,0.2278,0.0954,0.328
q55,8,9,0,0,0.0,0,0.4346,0.3192,0.1156,0.3371
q55,8,10,0,0,0.0,0,0.5373,0.3745,0.1161,0.325
q55,8,11,0,0,0.0,0,0.5064,0.4034,0.146,0.3607
q55,8,12,0,0,0.0,0,0.4756,0.3882,0.1377,0.3618
q55,8,13,0,0,0.0,0,0.5018,0.4554,0.162,0.3939
q55,8,14,0,0,0.0,0,0.3692,0.378,0.1306,0.3641
q55,8,15,0,0,0.0,0,0.4179,0.344,0.1293,0.3531
q55,8,16,0,0,0.0,0,0.5202,0.3514,0.1409,0.3736
q55,8,17,0,0,0.0,0,0.3571,0.4125,0.1309,0.3489
q55,8,18,0,0,0.0,0,0.4586,0.4615,0.1589,0.3681
q55,8,19,0,0,0.0,0,0.4846,0.4093,0.1431,0.3773
q55,8,20,0,0,0.0,0,0.5595,0.4819,0.1696,0.393
q55,8,21,0,0,0.0,0,0.4427,0.3978,0.1738,0.4088
q55,8,22,0,0,0.0,0,0.4593,0.4221,0.1465,0.3655
q55,8,23,0,0,0.0,0,0.4704,0.3697,0.1402,0.3556
q55,9,10,1,1,0.0,0,0.8017,0.6635,0.2931,0.5103
q55,9,11,0,1,0.0,0,0.4127,0.2093,0.0984,0.3073
q55,9,12,0,1,0.0,0,0.4688,0.323,0.1155,0.3229
q55,9,13,1,1,0.0,0,0.485,0.4957,0.1966,0.4122
q55,9,14,0,1,0.0,0,0.4278,0.2917,0.102,0.3383
q55,9,15,0,1,0.0,0,0.4038,0.2792,0.1013,0.312
q55,9,16,0,1,0.0,0,0.4586,0.4219,0.1293,0.3456
q55,9,17,0,1,0.0,0,0.418,0.2662,0.1184,0.3538
q55,9,18,0,0,0.0,0,0.4024,0.4224,0.1581,0.3648
q55,9,19,0,0,0.0,0,0.4334,0.1962,0.0926,0.3347
q55,9,20,0,0,0.0,0,0.5245,0.4016,0.148,0.3585
q55,9,21,0,0,0.0,0,0.4613,0.4764,0.1685,0.3897
q55,9,22,0,0,0.0,0,0.4144,0.4171,0.1174,0.3232
q55,9,23,0,0,0.0,0,0.4246,0.2903,0.1033,0.3138
q55,10,11,0,1,0.0,0,0.4136,0.2655,0.1157,0.324
q55,10,12,0,1,0.0,0,0.4337,0.4002,0.1318,0.3462
q55,10,13,1,1,0.0,0,0.4435,0.4769,0.173,0.386
q55,10,14,0,1,0.0,0,0.3645,0.3117,0.1075,0.3261
q55,10,15,0,1,0.0,0,0.3628,0.2786,0.1046,0.3104
q55,10,16,0,1,0.0,0,0.6069,0.3936,0.1215,0.3204
q55,10,17,0,1,0.0,0,0.3753,0.2511,0.1174,0.3429
q55,10,18,0,0,0.0,0,0.4129,0.4176,0.1495,0.3588
q55,10,19,0,0,0.0,0,0.4083,0.2729,0.102,0.3245
q55,10,20,0,0,0.0,0,0.5072,0.3775,0.145,0.3395
q55,10,21,0,0,0.0,0,0.4371,0.4935,0.1625,0.3694
q55,10,22,0,0,0.0,0,0.4029,0.4329,0.1136,0.303
q55,10,23,0,0,0.0,0,0.4776,0.3492,0.1132,0.3279
q55,11,12,0,1,0.0,0,0.4201,0.3284,0.1182,0.3142
q55,11,13,0,1,0.0,0,0.4079,0.342,0.1207,0.351
q55,11,14,0,1,0.0,0,0.3718,0.3192,0.1102,0.3337
q55,11,15,1,1,0.0,0,0.3926,0.5097,0.183,0.3705
q55,11,16,0,1,0.0,0,0.4683,0.2697,0.1011,0.3251
q55,11,17,1,1,0.0,0,0.3476,0.3462,0.1467,0.3519
q55,11,18,0,0,0.0,0,0.4454,0.3167,0.1158,0.3275
q55,11,19,0,0,0.0,0,0.4495,0.3199,0.1202,0.3425
q55,11,20,0,0,0.0,0,0.478,0.3083,0.128,0.3242
q55,11,21,0,0,0.0,0,0.3861,0.2832,0.1174,0.3264
q55,11,22,0,0,0.0,0,0.4869,0.3621,0.1148,0.3124
q55,11,23,0,0,0.0,0,0.4834,0.3609,0.1111,0.3272
q55,12,13,0,1,0.0,0,0.4973,0.3064,0.121,0.3481
q55,12,14,1,1,0.0,0,0.4238,0.5148,0.2052,0.4109
q55,12,15,0,1,0.0,0,0.4378,0.2678,0.1017,0.3079
q55,12,16,1,1,0.0,0,0.5355,0.4581,0.1684,0.3797
q55,12,17,0,1,0.0,0,0.3495,0.2104,0.1067,0.3258
q55,12,18,0,0,0.0,0,0.4576,0.2866,0.1105,0.3374
q55,12,19,0,0,0.0,0,0.559,0.5244,0.1872,0.4101
q55,12,20,0,0,0.0,0,0.5158,0.2554,0.0975,0.3048
q55,12,21,0,0,0.0,0,0.4834,0.3096,0.1272,0.3547
q55,12,22,0,0,0.1111,1,0.7631,0.6643,0.2623,0.4536
q55,12,23,0,0,0.0,0,0.537,0.5308,0.1856,0.3943
q55,13,14,0,1,0.0,0,0.3398,0.2961,0.1204,0.3604
q55,13,15,0,1,0.0,0,0.4223,0.3137,0.1186,0.3415
q55,13,16,0,1,0.0,0,0.4852,0.4287,0.145,0.3765
q55,13,17,0,1,0.0,0,0.3394,0.3075,0.1332,0.3668
q55,13,18,0,0,0.0,0,0.45,0.5246,0.2055,0.4223
q55,13,19,0,0,0.0,0,0.4038,0.2755,0.1029,0.3337
q55,13,20,0,0,0.1667,1,0.6212,0.5997,0.2371,0.4525
q55,13,21,0,0,0.1429,1,0.529,0.6304,0.2795,0.5154
q55,13,22,0,0,0.0,0,0.4996,0.3568,0.1149,0.3325
q55,13,23,0,0,0.0,0,0.4309,0.3324,0.1219,0.36
q55,14,15,0,1,0.0,0,0.3316,0.2307,0.1034,0.3328
q55,14,16,1,1,0.0,0,0.5936,0.4352,0.1618,0.3762
q55,14,17,0,1,0.0,0,0.4432,0.3099,0.12,0.3492
q55,14,18,0,0,0.0,0,0.3412,0.2832,0.1103,0.3303
q55,14,19,0,0,0.5,3,0.8331,0.7138,0.3054,0.5304
q55,14,20,0,0,0.0,0,0.401,0.2699,0.0961,0.3089
q55,14,21,0,0,0.0,0,0.3492,0.2723,0.1185,0.3514
q55,14,22,0,0,0.125,1,0.4889,0.5943,0.1862,0.3961
q55,14,23,0,0,0.1429,1,0.6837,0.6937,0.2626,0.4701
q55,15,16,0,1,0.0,0,0.482,0.2561,0.1085,0.3291
q55,15,17,1,1,0.0,0,0.3839,0.4603,0.1482,0.3484
q55,15,18,0,0,0.0,0,0.4303,0.2975,0.1037,0.3009
q55,15,19,0,0,0.0,0,0.3951,0.247,0.0983,0.3135
q55,15,20,0,0,0.0,0,0.3987,0.3119,0.1074,0.33
q55,15,21,0,0,0.0,0,0.4697,0.2459,0.109,0.3195
q55,15,22,0,0,0.0,0,0.4145,0.3211,0.0984,0.3053
q55,15,23,0,0,0.0,0,0.412,0.3496,0.1093,0.341
q55,16,17,0,1,0.0,0,0.5221,0.4755,0.1538,0.3833
q55,16,18,0,0,0.0,0,0.486,0.3893,0.1311,0.3544
q55,16,19,0,0,0.0,0,0.582,0.4577,0.1382,0.38
q55,16,20,0,0,0.0,0,0.519,0.3542,0.1224,0.3373
q55,16,21,0,0,0.0,0,0.4929,0.3741,0.1463,0.377
q55,16,22,0,0,0.0,0,0.4949,0.4089,0.1396,0.3624
q55,16,23,0,0,0.0,0,0.5435,0.4781,0.1833,0.3915
q55,17,18,0,0,0.0,0,0.3541,0.3184,0.1306,0.3423
q55,17,19,0,0,0.0,0,0.4265,0.2405,0.1111,0.3444
q55,17,20,0,0,0.0,0,0.3789,0.2894,0.1258,0.3444
q55,17,21,0,0,0.0,0,0.3218,0.3651,0.1242,0.3469
q55,17,22,0,0,0.0,0,0.35,0.3431,0.1033,0.3068
q55,17,23,0,0,0.0,0,0.4742,0.3828,0.1147,0.3314
q55,18,19,0,1,0.0,0,0.4159,0.2714,0.1109,0.3501
q55,18,20,1,1,0.0,0,0.4488,0.4693,0.186,0.3879
q55,18,21,1,1,0.0,0,0.5112,0.4889,0.1904,0.4199
q55,18,22,0,1,0.0,0,0.4637,0.3519,0.1114,0.3205
q55,18,23,0,1,0.0,0,0.454,0.3097,0.1168,0.3344
q55,19,20,0,1,0.0,0,0.4546,0.2223,0.0837,0.3018
q55,19,21,0,1,0.0,0,0.4151,0.2721,0.1141,0.3459
q55,19,22,1,1,0.1111,1,0.651,0.654,0.2087,0.4103
q55,19,23,1,1,0.125,1,0.6969,0.6368,0.2153,0.4467
q55,20,21,1,1,0.2857,2,0.63,0.5852,0.2235,0.446
q55,20,22,0,1,0.0,0,0.5453,0.2726,0.0919,0.2981
q55,20,23,0,1,0.0,0,0.5016,0.2779,0.1097,0.3195
q55,21,22,0,1,0.0,0,0.4786,0.3122,0.1238,0.3514
q55,21,23,0,1,0.0,0,0.4351,0.32,0.1299,0.3651
q55,22,23,1,1,0.125,1,0.6031,0.5439,0.212,0.4079
q56,0,1,1,1,0.0,0,0.5196,0.5841,0.2083,0.3674
q56,0,2,0,1,0.0,0,0.4504,0.5188,0.1421,0.3299
q56,0,3,1,1,0.0,0,0.4814,0.6084,0.139,0.292
q56,0,4,0,1,0.0,0,0.4796,0.4281,0.1108,0.2856
q56,0,5,0,1,0.0,0,0.4743,0.4735,0.1045,0.2745
q56,0,6,0,1,0.0,0,0.43,0.4934,0.1212,0.3019
q56,0,7,0,1,0.0,0,0.5049,0.5553,0.124,0.2977
q56,0,8,0,1,0.0,0,0.528,0.5155,0.1216,0.296
q56,1,2,0,1,0.0,0,0.5924,0.4848,0.1427,0.347
q56,1,3,1,1,0.0,0,0.6313,0.564,0.1649,0.341
q56,1,4,0,1,0.0,0,0.6229,0.4928,0.137,0.3481
q56,1,5,0,1,0.0,0,0.6292,0.51,0.1281,0.3362
q56,1,6,0,1,0.0,0,0.6234,0.4791,0.1424,0.3447
q56,1,7,0,1,0.125,1,0.6754,0.5416,0.1396,0.3371
q56,1,8,0,1,0.0,0,0.6164,0.5095,0.1316,0.319
q56,2,3,0,1,0.1111,1,0.7101,0.5605,0.2027,0.4271
q56,2,4,0,1,0.125,1,0.7667,0.5403,0.1933,0.4207
q56,2,5,0,1,0.2857,2,0.8086,0.6562,0.252,0.4728
q56,2,6,1,1,0.25,2,0.6689,0.6558,0.2527,0.4784
q56,2,7,0,1,0.25,2,0.7027,0.5648,0.22,0.4566
q56,2,8,1,1,0.0,0,0.5895,0.6144,0.2425,0.4676
q56,3,4,0,1,0.5,3,0.8981,0.6273,0.2807,0.5178
q56,3,5,0,1,0.2857,2,0.898,0.6436,0.258,0.4887
q56,3,6,0,1,0.4286,3,0.9651,0.6126,0.2662,0.4809
q56,3,7,0,1,0.25,2,0.8407,0.5808,0.2213,0.4434
q56,3,8,0,1,0.125,1,0.7561,0.6428,0.274,0.494
q56,4,5,1,1,0.3333,2,0.906,0.8155,0.3738,0.5916
q56,4,6,0,1,0.5,3,0.9527,0.6339,0.2712,0.4912
q56,4,7,1,1,0.2857,2,0.7218,0.6139,0.2448,0.47
q56,4,8,0,1,0.1429,1,0.769,0.6215,0.255,0.4778
q56,5,6,0,1,0.2857,2,0.9368,0.6648,0.2457,0.4688
q56,5,7,1,1,0.5,3,0.8651,0.6135,0.2582,0.4917
q56,5,8,0,1,0.3333,2,0.7567,0.6941,0.2825,0.4881
q56,6,7,0,1,0.25,2,0.8438,0.519,0.1877,0.3976
q56,6,8,1,1,0.125,1,0.8702,0.7779,0.3672,0.5854
q56,7,8,0,1,0.125,1,0.7334,0.5211,0.2091,0.4279
q57,0,1,0,1,0.0,0,0.5378,0.21,0.0959,0.2688
q57,0,2,0,1,0.0,0,0.4684,0.2379,0.1075,0.3226
q57,0,3,0,1,0.0,0,0.542,0.3752,0.1418,0.3442
q57,0,4,1,1,0.0,0,0.6887,0.3621,0.1483,0.3424
q57,0,5,0,1,0.0,0,0.6448,0.3599,0.1469,0.3339
q57,0,6,0,1,0.0,0,0.6707,0.319,0.1344,0.3097
q57,0,7,0,1,0.0,0,0.4876,0.1458,0.0742,0.2313
q57,0,8,1,1,0.0,0,0.6967,0.4939,0.1672,0.3892
q57,1,2,1,1,0.0,0,0.4572,0.2721,0.1062,0.2887
q57,1,3,1,1,0.0,0,0.4475,0.2883,0.107,0.284
q57,1,4,0,1,0.0,0,0.488,0.2299,0.0938,0.2605
q57,1,5,0,1,0.0,0,0.5021,0.3317,0.1203,0.2879
q57,1,6,0,1,0.0,0,0.561,0.3367,0.133,0.308
q57,1,7,0,1,0.25,2,0.7294,0.4288,0.1651,0.3389
q57,1,8,0,1,0.0,0,0.5304,0.339,0.1057,0.2847
q57,2,3,1,1,0.0,0,0.4761,0.3685,0.1565,0.3725
q57,2,4,0,1,0.0,0,0.4791,0.299,0.1288,0.3368
q57,2,5,0,1,0.0,0,0.4422,0.3828,0.1512,0.3476
q57,2,6,0,1,0.0,0,0.4905,0.3347,0.1376,0.3235
q57,2,7,0,1,0.0,0,0.383,0.234,0.0999,0.2667
q57,2,8,0,1,0.0,0,0.4871,0.377,0.1415,0.363
q57,3,4,0,1,0.0,0,0.5471,0.33,0.1305,0.329
q57,3,5,0,1,0.0,0,0.5103,0.3065,0.1282,0.3296
q57,3,6,0,1,0.0,0,0.4936,0.3364,0.1112,0.2968
q57,3,7,0,1,0.0,0,0.4499,0.1869,0.0772,0.2393
q57,3,8,0,1,0.0,0,0.5367,0.469,0.1583,0.3675
q57,4,5,0,1,0.0,0,0.6157,0.316,0.1353,0.3301
q57,4,6,0,1,0.0,0,0.6397,0.3373,0.1289,0.3085
q57,4,7,0,1,0.0,0,0.4654,0.2161,0.0991,0.2578
q57,4,8,1,1,0.0,0,0.7096,0.5675,0.1797,0.3888
q57,5,6,1,1,0.0,0,0.5839,0.5448,0.2379,0.4166
q57,5,7,1,1,0.0,0,0.4569,0.337,0.1584,0.3247
q57,5,8,0,1,0.1,1,0.6597,0.5711,0.2058,0.402
q57,6,7,1,1,0.0,0,0.5298,0.4428,0.1726,0.3391
q57,6,8,0,1,0.1111,1,0.7116,0.5039,0.1773,0.3683
q57,7,8,0,1,0.0,0,0.4724,0.3785,0.0993,0.2668
q58,0,1,1,1,0.1667,1,0.6981,0.4873,0.1695,0.3439
q58,0,2,0,1,0.0,0,0.5442,0.2321,0.0913,0.2691
q58,0,3,0,1,0.125,1,0.6808,0.4215,0.1426,0.324
q58,0,4,0,1,0.125,1,0.6768,0.3303,0.0981,0.2635
q58,0,5,0,1,0.0,0,0.392,0.4099,0.0973,0.2564
q58,0,6,1,1,0.125,1,0.6898,0.5843,0.1319,0.297
q58,0,7,0,1,0.2857,2,0.8161,0.4931,0.1114,0.2651
q58,0,8,0,1,0.0,0,0.5001,0.4677,0.112,0.2732
q58,0,9,0,0,0.0,0,0.3157,0.2887,0.1075,0.2838
q58,0,10,0,0,0.1111,1,0.6341,0.2344,0.0935,0.2801
q58,0,11,0,0,0.0,0,0.5655,0.2921,0.0914,0.239
q58,0,12,0,0,0.0,0,0.4397,0.4007,0.099,0.2924
q58,0,13,0,0,0.1429,1,0.5158,0.5081,0.1282,0.292
q58,0,14,0,0,0.0,0,0.5589,0.3857,0.0877,0.2569
q58,0,15,0,0,0.1667,1,0.5925,0.4192,0.08,0.227
q58,0,16,0,0,0.0,0,0.5431,0.5289,0.1147,0.2829
q58,0,17,0,0,0.0,0,0.4685,0.4007,0.0772,0.1947
q58,0,18,0,0,0.1667,1,0.4305,0.2471,0.1018,0.2968
q58,0,19,0,0,0.125,1,0.5894,0.3187,0.0998,0.292
q58,0,20,0,0,0.125,1,0.5658,0.3418,0.1114,0.2961
q58,0,21,0,0,0.0,0,0.4749,0.4434,0.1047,0.2718
q58,0,22,0,0,0.0,0,0.5412,0.5,0.1116,0.2693
q58,0,23,0,0,0.1111,1,0.5124,0.4746,0.0915,0.2534
q58,0,24,0,0,0.0,0,0.5448,0.4134,0.0808,0.25
q58,0,25,0,0,0.0,0,0.5059,0.3753,0.07,0.1988
q58,0,26,0,0,0.1429,1,0.7025,0.5069,0.1009,0.2559
q58,1,2,0,1,0.0,0,0.466,0.3533,0.1493,0.323
q58,1,3,0,1,0.3333,2,0.5748,0.3889,0.1734,0.374
q58,1,4,0,1,0.1429,1,0.5574,0.3988,0.1364,0.3289
q58,1,5,0,1,0.0,0,0.5018,0.3051,0.0963,0.2658
q58,1,6,1,1,0.1429,1,0.5622,0.5781,0.1729,0.3499
q58,1,7,0,1,0.1429,1,0.5475,0.3756,0.0973,0.2839
q58,1,8,0,1,0.0,0,0.5603,0.3729,0.1162,0.276
q58,1,9,0,0,0.0,0,0.4862,0.3042,0.1336,0.3344
q58,1,10,0,0,0.125,1,0.6899,0.3317,0.154,0.3538
q58,1,11,0,0,0.0,0,0.4708,0.223,0.0938,0.2741
q58,1,12,0,0,0.0,0,0.4995,0.545,0.1961,0.4041
q58,1,13,0,0,0.1667,1,0.5474,0.4657,0.1447,0.3311
q58,1,14,0,0,0.0,0,0.4821,0.3791,0.1194,0.3208
q58,1,15,0,0,0.2,1,0.5456,0.3506,0.1106,0.285
q58,1,16,0,0,0.0,0,0.4532,0.512,0.1416,0.3295
q58,1,17,0,0,0.0,0,0.4213,0.3149,0.0804,0.2235
q58,1,18,0,0,0.2,1,0.5719,0.339,0.158,0.3757
q58,1,19,0,0,0.1429,1,0.5411,0.3979,0.1504,0.365
q58,1,20,0,0,0.1429,1,0.6732,0.3595,0.1361,0.3477
q58,1,21,0,0,0.0,0,0.5261,0.488,0.1452,0.3406
q58,1,22,0,0,0.0,0,0.4354,0.4576,0.1416,0.3213
q58,1,23,0,0,0.125,1,0.5964,0.4906,0.1371,0.3272
q58,1,24,0,0,0.0,0,0.4397,0.4175,0.1253,0.3031
q58,1,25,0,0,0.0,0,0.4317,0.3577,0.0923,0.2445
q58,1,26,0,0,0.1667,1,0.5953,0.355,0.0948,0.2536
q58,2,3,1,1,0.0,0,0.6251,0.4625,0.1967,0.412
q58,2,4,1,1,0.0,0,0.5166,0.5411,0.1891,0.3931
q58,2,5,0,1,0.2,1,0.9385,0.5086,0.1872,0.3695
q58,2,6,0,1,0.0,0,0.5077,0.4143,0.1307,0.3287
q58,2,7,0,1,0.0,0,0.447,0.3984,0.1143,0.2997
q58,2,8,0,1,0.0,0,0.5864,0.4128,0.1394,0.3171
q58,2,9,0,0,0.0,0,0.6537,0.4131,0.1838,0.3919
q58,2,10,0,0,0.0,0,0.496,0.4178,0.1555,0.3707
q58,2,11,0,0,0.0,0,0.5043,0.1459,0.0901,0.2761
q58,2,12,0,0,0.0,0,0.4962,0.495,0.1782,0.3881
q58,2,13,0,0,0.0,0,0.4435,0.451,0.1438,0.341
q58,2,14,0,0,0.0,0,0.5633,0.3444,0.1093,0.304
q58,2,15,0,0,0.0,0,0.4264,0.2212,0.0785,0.2697
q58,2,16,0,0,0.0,0,0.4727,0.5058,0.1473,0.3505
q58,2,17,0,0,0.0,0,0.428,0.2298,0.0704,0.2354
q58,2,18,0,0,0.2,1,0.9113,0.5366,0.2373,0.4503
q58,2,19,0,0,0.1429,1,0.5569,0.5108,0.1832,0.3944
q58,2,20,0,0,0.0,0,0.6308,0.5159,0.2014,0.4037
q58,2,21,0,0,0.0,0,0.4626,0.4236,0.1429,0.3426
q58,2,22,0,0,0.0,0,0.4124,0.3487,0.1174,0.2887
q58,2,23,0,0,0.0,0,0.546,0.4272,0.1358,0.3297
q58,2,24,0,0,0.0,0,0.4775,0.353,0.0981,0.3036
q58,2,25,0,0,0.0,0,0.4357,0.2226,0.0697,0.2446
q58,2,26,0,0,0.0,0,0.5126,0.2659,0.0805,0.2533
q58,3,4,1,1,0.1111,1,0.6252,0.5217,0.1947,0.401
q58,3,5,0,1,0.1429,1,0.6515,0.3804,0.1333,0.3294
q58,3,6,0,1,0.1111,1,0.6071,0.4049,0.1296,0.3488
q58,3,7,0,1,0.1111,1,0.606,0.4413,0.1316,0.3136
q58,3,8,0,1,0.0,0,0.5929,0.4244,0.1434,0.3275
q58,3,9,0,0,0.0,0,0.561,0.5043,0.1908,0.4276
q58,3,10,0,0,0.1,1,0.6635,0.4002,0.1488,0.3707
q58,3,11,0,0,0.0,0,0.5585,0.1283,0.0759,0.2753
q58,3,12,0,0,0.0,0,0.5147,0.5085,0.1924,0.4121
q58,3,13,0,0,0.125,1,0.5428,0.5229,0.1768,0.3928
q58,3,14,0,0,0.0,0,0.5469,0.3999,0.1363,0.3411
q58,3,15,0,0,0.1429,1,0.5184,0.2762,0.1047,0.2991
q58,3,16,0,0,0.0,0,0.523,0.5687,0.162,0.3786
q58,3,17,0,0,0.0,0,0.4554,0.2285,0.0796,0.2439
q58,3,18,0,0,0.1429,1,0.6345,0.5424,0.232,0.4647
q58,3,19,0,0,0.1111,1,0.5425,0.4551,0.1803,0.4032
q58,3,20,0,0,0.1111,1,0.6975,0.4535,0.1997,0.4265
q58,3,21,0,0,0.0,0,0.5186,0.4369,0.1578,0.3897
q58,3,22,0,0,0.0,0,0.5558,0.3735,0.1382,0.3353
q58,3,23,0,0,0.1,1,0.6123,0.4884,0.1592,0.3567
q58,3,24,0,0,0.0,0,0.4934,0.3327,0.1042,0.3142
q58,3,25,0,0,0.0,0,0.4707,0.2078,0.0681,0.2505
q58,3,26,0,0,0.125,1,0.5582,0.2869,0.0921,0.268
q58,4,5,0,1,0.0,0,0.4919,0.3178,0.1301,0.3301
q58,4,6,0,1,0.1111,1,0.5987,0.3694,0.1325,0.3342
q58,4,7,0,1,0.1111,1,0.627,0.36,0.1193,0.3152
q58,4,8,0,1,0.0,0,0.5658,0.3004,0.1186,0.3089
q58,4,9,0,0,0.0,0,0.4324,0.4501,0.1397,0.3263
q58,4,10,0,0,0.1,1,0.6367,0.4344,0.1364,0.3374
q58,4,11,0,0,0.0,0,0.5884,0.2406,0.0833,0.2778
q58,4,12,0,0,0.1111,1,0.6449,0.4992,0.1925,0.4224
q58,4,13,0,0,0.125,1,0.5211,0.4081,0.1563,0.3698
q58,4,14,0,0,0.0,0,0.532,0.3195,0.1186,0.3404
q58,4,15,0,0,0.1429,1,0.5649,0.1504,0.0802,0.2742
q58,4,16,0,0,0.0,0,0.5067,0.4014,0.1378,0.354
q58,4,17,0,0,0.0,0,0.4706,0.1985,0.0852,0.2643
q58,4,18,0,0,0.1429,1,0.53,0.5732,0.1942,0.3916
q58,4,19,0,0,0.1111,1,0.5399,0.4327,0.1508,0.3641
q58,4,20,0,0,0.1111,1,0.715,0.4997,0.1754,0.3796
q58,4,21,0,0,0.0,0,0.4774,0.4188,0.1646,0.381
q58,4,22,0,0,0.0,0,0.5496,0.2902,0.1185,0.3388
q58,4,23,0,0,0.1,1,0.6023,0.3324,0.1287,0.3445
q58,4,24,0,0,0.0,0,0.5595,0.2857,0.1032,0.3262
q58,4,25,0,0,0.0,0,0.4721,0.1945,0.0809,0.2839
q58,4,26,0,0,0.125,1,0.623,0.2777,0.1064,0.306
q58,5,6,0,1,0.0,0,0.497,0.3038,0.1117,0.3176
q58,5,7,1,1,0.0,0,0.4293,0.3742,0.1377,0.3414
q58,5,8,1,1,0.0,0,0.4867,0.3423,0.148,0.3461
q58,5,9,0,0,0.0,0,0.6084,0.426,0.1283,0.3007
q58,5,10,0,0,0.0,0,0.5346,0.3043,0.092,0.2536
q58,5,11,0,0,0.0,0,0.4853,0.1352,0.0652,0.2259
q58,5,12,0,0,0.0,0,0.4651,0.2772,0.1054,0.2961
q58,5,13,0,0,0.0,0,0.4111,0.3441,0.1388,0.3413
q58,5,14,0,0,0.0,0,0.5576,0.2344,0.0978,0.296
q58,5,15,0,0,0.0,0,0.3934,0.1477,0.0656,0.253
q58,5,16,0,0,0.0,0,0.5201,0.3282,0.1227,0.3405
q58,5,17,0,0,0.0,0,0.4673,0.1805,0.0735,0.2628
q58,5,18,0,0,0.2,1,0.8419,0.4734,0.1434,0.3234
q58,5,19,0,0,0.0,0,0.5554,0.2851,0.1089,0.3039
q58,5,20,0,0,0.0,0,0.5808,0.3855,0.1166,0.3052
q58,5,21,0,0,0.0,0,0.3604,0.2437,0.1092,0.3137
q58,5,22,0,0,0.0,0,0.3874,0.3021,0.1266,0.3305
q58,5,23,0,0,0.0,0,0.4803,0.3052,0.1165,0.3216
q58,5,24,0,0,0.0,0,0.447,0.2375,0.0949,0.3079
q58,5,25,0,0,0.0,0,0.4787,0.1433,0.0683,0.2658
q58,5,26,0,0,0.0,0,0.484,0.2596,0.1051,0.3013
q58,6,7,0,1,0.25,2,0.8324,0.4666,0.1718,0.4019
q58,6,8,0,1,0.125,1,0.6821,0.4639,0.19,0.405
q58,6,9,0,0,0.0,0,0.4266,0.5241,0.1413,0.3228
q58,6,10,0,0,0.1,1,0.6605,0.411,0.1199,0.3038
q58,6,11,0,0,0.125,1,0.6808,0.2727,0.0862,0.2652
q58,6,12,0,0,0.0,0,0.5151,0.4714,0.1595,0.3572
q58,6,13,0,0,0.2857,2,0.8648,0.6155,0.222,0.452
q58,6,14,0,0,0.0,0,0.5385,0.3663,0.1707,0.4055
q58,6,15,0,0,0.1429,1,0.522,0.337,0.1337,0.3476
q58,6,16,0,0,0.2857,2,0.78,0.5851,0.275,0.5065
q58,6,17,0,0,0.0,0,0.4529,0.3119,0.113,0.3091
q58,6,18,0,0,0.1429,1,0.5264,0.5408,0.1578,0.3668
q58,6,19,0,0,0.1111,1,0.5513,0.4141,0.162,0.3884
q58,6,20,0,0,0.1111,1,0.678,0.4452,0.139,0.3527
q58,6,21,0,0,0.1429,1,0.8231,0.5769,0.2123,0.4469
q58,6,22,0,0,0.1429,1,0.6892,0.4909,0.1945,0.4266
q58,6,23,0,0,0.1,1,0.6309,0.4735,0.1938,0.4308
q58,6,24,0,0,0.25,2,0.5992,0.3735,0.1497,0.3634
q58,6,25,0,0,0.0,0,0.5026,0.2884,0.1005,0.3099
q58,6,26,0,0,0.2857,2,0.6281,0.3584,0.1335,0.3398
q58,7,8,1,1,0.0,0,0.5068,0.4614,0.1759,0.3746
q58,7,9,0,0,0.0,0,0.3602,0.401,0.0982,0.2886
q58,7,10,0,0,0.1,1,0.6639,0.4061,0.1036,0.2756
q58,7,11,0,0,0.125,1,0.6812,0.194,0.0652,0.2549
q58,7,12,0,0,0.0,0,0.5217,0.3911,0.1246,0.322
q58,7,13,0,0,0.2857,2,0.7836,0.6245,0.221,0.4421
q58,7,14,0,0,0.0,0,0.4878,0.3276,0.1136,0.3297
q58,7,15,0,0,0.1429,1,0.5067,0.2688,0.1073,0.3181
q58,7,16,0,0,0.125,1,0.663,0.4413,0.1772,0.4043
q58,7,17,0,0,0.0,0,0.4033,0.2801,0.0925,0.3001
q58,7,18,0,0,0.1429,1,0.4638,0.4908,0.1271,0.3111
q58,7,19,0,0,0.1111,1,0.539,0.3346,0.1169,0.3229
q58,7,20,0,0,0.1111,1,0.6059,0.3958,0.1187,0.3047
q58,7,21,0,0,0.1429,1,0.8278,0.4019,0.1461,0.381
q58,7,22,0,0,0.1429,1,0.6821,0.3532,0.1265,0.3546
q58,7,23,0,0,0.1,1,0.5859,0.4255,0.142,0.3628
q58,7,24,0,0,0.1111,1,0.524,0.3907,0.1163,0.344
q58,7,25,0,0,0.0,0,0.4369,0.2211,0.0927,0.3085
q58,7,26,0,0,0.125,1,0.5726,0.3627,0.1265,0.339
q58,8,9,0,0,0.0,0,0.4789,0.3873,0.1111,0.2927
q58,8,10,0,0,0.0,0,0.4695,0.2828,0.095,0.2736
q58,8,11,0,0,0.0,0,0.6293,0.194,0.0802,0.262
q58,8,12,0,0,0.0,0,0.4475,0.3333,0.1367,0.3294
q58,8,13,0,0,0.0,0,0.4762,0.4076,0.179,0.3713
q58,8,14,0,0,0.0,0,0.5355,0.1954,0.0991,0.3085
q58,8,15,0,0,0.0,0,0.5573,0.2652,0.1124,0.3029
q58,8,16,0,0,0.3333,2,0.69,0.5144,0.2093,0.4049
q58,8,17,0,0,0.1429,1,0.6437,0.2668,0.1002,0.2829
q58,8,18,0,0,0.0,0,0.4809,0.4709,0.142,0.3264
q58,8,19,0,0,0.0,0,0.4587,0.293,0.1299,0.3352
q58,8,20,0,0,0.0,0,0.586,0.3791,0.1353,0.3136
q58,8,21,0,0,0.0,0,0.4654,0.2771,0.1243,0.3325
q58,8,22,0,0,0.0,0,0.5104,0.319,0.1322,0.3305
q58,8,23,0,0,0.0,0,0.585,0.3062,0.1386,0.3482
q58,8,24,0,0,0.125,1,0.8429,0.4388,0.1641,0.3728
q58,8,25,0,0,0.125,1,0.6789,0.3009,0.1116,0.3135
q58,8,26,0,0,0.1429,1,0.7562,0.3773,0.1398,0.3289
q58,9,10,0,1,0.0,0,0.4787,0.3151,0.1253,0.3491
q58,9,11,0,1,0.0,0,0.4121,0.1377,0.0655,0.232
q58,9,12,0,1,0.0,0,0.4851,0.3838,0.1486,0.3552
q58,9,13,1,1,0.0,0,0.338,0.568,0.1747,0.3851
q58,9,14,0,1,0.0,0,0.6071,0.309,0.1085,0.2869
q58,9,15,0,1,0.0,0,0.3233,0.2117,0.0768,0.2576
q58,9,16,1,1,0.0,0,0.4892,0.5482,0.1361,0.3215
q58,9,17,0,1,0.0,0,0.4509,0.2935,0.0763,0.2305
q58,9,18,0,0,0.0,0,0.6325,0.4165,0.1897,0.4089
q58,9,19,0,0,0.0,0,0.5429,0.3554,0.1344,0.3494
q58,9,20,0,0,0.0,0,0.558,0.4191,0.1566,0.3557
q58,9,21,0,0,0.0,0,0.3158,0.5602,0.171,0.3809
q58,9,22,0,0,0.0,0,0.3344,0.4656,0.1353,0.2997
q58,9,23,0,0,0.0,0,0.4618,0.5034,0.1395,0.33
q58,9,24,0,0,0.0,0,0.3828,0.3322,0.0879,0.2688
q58,9,25,0,0,0.0,0,0.4501,0.2126,0.0638,0.2221
q58,9,26,0,0,0.0,0,0.422,0.2831,0.0791,0.2371
q58,10,11,0,1,0.0,0,0.5329,0.2025,0.0891,0.2891
q58,10,12,1,1,0.0,0,0.4472,0.6076,0.2254,0.4253
q58,10,13,0,1,0.1111,1,0.4919,0.4413,0.1281,0.3114
q58,10,14,1,1,0.0,0,0.5067,0.5225,0.1481,0.3263
q58,10,15,0,1,0.125,1,0.6842,0.2798,0.0969,0.2769
q58,10,16,0,1,0.0,0,0.504,0.4207,0.1175,0.3094
q58,10,17,0,1,0.0,0,0.4452,0.181,0.0581,0.2051
q58,10,18,0,0,0.125,1,0.585,0.3718,0.1479,0.3723
q58,10,19,0,0,0.1,1,0.7085,0.5597,0.1935,0.4228
q58,10,20,0,0,0.1,1,0.6187,0.4873,0.1821,0.4023
q58,10,21,0,0,0.0,0,0.4488,0.4364,0.1301,0.3314
q58,10,22,0,0,0.0,0,0.4973,0.3601,0.0961,0.2738
q58,10,23,0,0,0.0909,1,0.6064,0.6018,0.1522,0.3255
q58,10,24,0,0,0.0,0,0.4987,0.3669,0.0942,0.2727
q58,10,25,0,0,0.0,0,0.4749,0.2104,0.0626,0.2245
q58,10,26,0,0,0.1111,1,0.688,0.2466,0.0695,0.2375
q58,11,12,0,1,0.0,0,0.5053,0.2261,0.0944,0.2896
q58,11,13,0,1,0.1429,1,0.5837,0.2277,0.0768,0.2597
q58,11,14,0,1,0.0,0,0.55,0.1788,0.0785,0.2764
q58,11,15,1,1,0.0,0,0.5659,0.3827,0.1071,0.2924
q58,11,16,0,1,0.1429,1,0.614,0.285,0.0961,0.2894
q58,11,17,1,1,0.0,0,0.491,0.3537,0.0972,0.2653
q58,11,18,0,0,0.0,0,0.4546,0.1963,0.0778,0.2696
q58,11,19,0,0,0.0,0,0.5522,0.1429,0.0834,0.2772
q58,11,20,0,0,0.0,0,0.63,0.1841,0.0886,0.2836
q58,11,21,0,0,0.1667,1,0.6872,0.1902,0.0802,0.267
q58,11,22,0,0,0.1667,1,0.6217,0.3514,0.0922,0.2684
q58,11,23,0,0,0.0,0,0.6273,0.2544,0.0914,0.2682
q58,11,24,0,0,0.125,1,0.637,0.3843,0.1196,0.3052
q58,11,25,0,0,0.0,0,0.5399,0.424,0.1017,0.2672
q58,11,26,0,0,0.0,0,0.5623,0.3659,0.0987,0.2708
q58,12,13,0,1,0.0,0,0.4638,0.4504,0.1676,0.3723
q58,12,14,1,1,0.0,0,0.4891,0.5066,0.1815,0.395
q58,12,15,0,1,0.0,0,0.4277,0.2693,0.1099,0.3214
q58,12,16,0,1,0.0,0,0.5489,0.4619,0.1647,0.3761
q58,12,17,0,1,0.0,0,0.4464,0.2273,0.0825,0.2494
q58,12,18,0,0,0.0,0,0.454,0.5083,0.1701,0.3916
q58,12,19,0,0,0.0,0,0.48,0.4546,0.1845,0.4031
q58,12,20,0,0,0.0,0,0.4765,0.4304,0.1491,0.3883
q58,12,21,0,0,0.0,0,0.4624,0.4383,0.1574,0.3791
q58,12,22,0,0,0.0,0,0.471,0.399,0.1385,0.3491
q58,12,23,0,0,0.0,0,0.4775,0.536,0.1854,0.3922
q58,12,24,0,0,0.0,0,0.4364,0.4005,0.1295,0.3473
q58,12,25,0,0,0.0,0,0.4537,0.2173,0.077,0.2727
q58,12,26,0,0,0.0,0,0.5076,0.243,0.0901,0.2793
q58,13,14,0,1,0.0,0,0.4462,0.3299,0.1296,0.3499
q58,13,15,0,1,0.1667,1,0.4674,0.3064,0.1158,0.3236
q58,13,16,1,1,0.1429,1,0.7629,0.6253,0.219,0.4707
q58,13,17,0,1,0.0,0,0.4243,0.3452,0.1055,0.3032
q58,13,18,0,0,0.1667,1,0.4497,0.4917,0.1547,0.3659
q58,13,19,0,0,0.125,1,0.4622,0.3408,0.128,0.3512
q58,13,20,0,0,0.125,1,0.5032,0.4022,0.134,0.3303
q58,13,21,0,0,0.1667,1,0.7425,0.5283,0.2015,0.4521
q58,13,22,0,0,0.1667,1,0.6694,0.5024,0.1872,0.4082
q58,13,23,0,0,0.1111,1,0.514,0.5118,0.1909,0.4232
q58,13,24,0,0,0.125,1,0.5098,0.3782,0.1242,0.3558
q58,13,25,0,0,0.0,0,0.4739,0.2636,0.0869,0.2911
q58,13,26,0,0,0.1429,1,0.5272,0.4399,0.1369,0.3433
q58,14,15,0,1,0.0,0,0.4907,0.29,0.1383,0.3589
q58,14,16,0,1,0.0,0,0.4644,0.3426,0.1545,0.3917
q58,14,17,0,1,0.0,0,0.4317,0.2299,0.1032,0.3027
q58,14,18,0,0,0.0,0,0.5723,0.4185,0.1346,0.3449
q58,14,19,0,0,0.0,0,0.5556,0.4789,0.1683,0.3876
q58,14,20,0,0,0.0,0,0.6144,0.4022,0.1326,0.3482
q58,14,21,0,0,0.0,0,0.4776,0.2904,0.1439,0.3875
q58,14,22,0,0,0.0,0,0.4385,0.2922,0.1426,0.3681
q58,14,23,0,0,0.0,0,0.5776,0.4533,0.1671,0.4017
q58,14,24,0,0,0.0,0,0.4999,0.3089,0.1129,0.3526
q58,14,25,0,0,0.0,0,0.4391,0.1875,0.1008,0.3248
q58,14,26,0,0,0.0,0,0.5384,0.2606,0.1076,0.3146
q58,15,16,0,1,0.0,0,0.4817,0.4038,0.1654,0.3856
q58,15,17,1,1,0.0,0,0.4656,0.4368,0.1685,0.3647
q58,15,18,0,0,0.2,1,0.3893,0.2296,0.0866,0.2842
q58,15,19,0,0,0.1429,1,0.5938,0.2214,0.1068,0.315
q58,15,20,0,0,0.1429,1,0.5678,0.2521,0.0976,0.2863
q58,15,21,0,0,0.0,0,0.4635,0.2947,0.1214,0.3453
q58,15,22,0,0,0.0,0,0.4985,0.2977,0.1276,0.3405
q58,15,23,0,0,0.125,1,0.5898,0.3084,0.1456,0.365
q58,15,24,0,0,0.0,0,0.5784,0.4731,0.1617,0.3722
q58,15,25,0,0,0.0,0,0.5121,0.3942,0.1429,0.3528
q58,15,26,0,0,0.1667,1,0.5977,0.4431,0.1586,0.3625
q58,16,17,0,1,0.1429,1,0.5957,0.3317,0.1338,0.3521
q58,16,18,0,0,0.0,0,0.5079,0.5433,0.1498,0.3528
q58,16,19,0,0,0.0,0,0.5165,0.4473,0.1603,0.3749
q58,16,20,0,0,0.0,0,0.5885,0.4785,0.1465,0.3379
q58,16,21,0,0,0.1667,1,0.7463,0.5553,0.2044,0.4401
q58,16,22,0,0,0.1667,1,0.6563,0.4837,0.1804,0.4056
q58,16,23,0,0,0.1111,1,0.6751,0.5955,0.2323,0.4662
q58,16,24,0,0,0.2857,2,0.5694,0.3935,0.1801,0.4178
q58,16,25,0,0,0.125,1,0.5681,0.2724,0.1162,0.3408
q58,16,26,0,0,0.1429,1,0.5559,0.373,0.1604,0.3778
q58,17,18,0,0,0.0,0,0.444,0.2363,0.0699,0.2305
q58,17,19,0,0,0.0,0,0.4832,0.2175,0.0797,0.255
q58,17,20,0,0,0.0,0,0.5444,0.2893,0.0869,0.2525
q58,17,21,0,0,0.0,0,0.4548,0.3501,0.12,0.3203
q58,17,22,0,0,0.0,0,0.4354,0.4108,0.1327,0.3424
q58,17,23,0,0,0.0,0,0.5229,0.3882,0.1299,0.3277
q58,17,24,0,0,0.125,1,0.5309,0.4632,0.1526,0.3442
q58,17,25,0,0,0.2857,2,0.7699,0.6,0.255,0.4434
q58,17,26,0,0,0.0,0,0.4654,0.5018,0.1735,0.3609
q58,18,19,1,1,0.1429,1,0.553,0.5241,0.1904,0.4362
q58,18,20,1,1,0.1429,1,0.6511,0.5607,0.2305,0.442
q58,18,21,0,1,0.0,0,0.3533,0.4684,0.1466,0.3569
q58,18,22,0,1,0.0,0,0.3738,0.3752,0.1169,0.3285
q58,18,23,0,1,0.125,1,0.4957,0.4651,0.1359,0.3374
q58,18,24,0,1,0.0,0,0.4201,0.3561,0.1035,0.3117
q58,18,25,0,1,0.0,0,0.4504,0.1963,0.0598,0.2338
q58,18,26,0,1,0.1667,1,0.4781,0.3095,0.09,0.2638
q58,19,20,1,1,0.1111,1,0.6263,0.5632,0.2313,0.4589
q58,19,21,0,1,0.0,0,0.4999,0.4282,0.1553,0.3706
q58,19,22,0,1,0.0,0,0.4968,0.3611,0.1251,0.3268
q58,19,23,0,1,0.1,1,0.6259,0.4941,0.1775,0.3881
q58,19,24,0,1,0.0,0,0.4901,0.3256,0.1084,0.3228
q58,19,25,0,1,0.0,0,0.511,0.2377,0.0863,0.2879
q58,19,26,0,1,0.125,1,0.5646,0.2056,0.0924,0.2821
q58,20,21,0,1,0.0,0,0.4731,0.4926,0.1404,0.3625
q58,20,22,0,1,0.0,0,0.5151,0.424,0.1256,0.323
q58,20,23,0,1,0.1,1,0.6524,0.4612,0.1314,0.341
q58,20,24,0,1,0.0,0,0.5869,0.3297,0.1139,0.3156
q58,20,25,0,1,0.0,0,0.554,0.2675,0.0785,0.2533
q58,20,26,0,1,0.125,1,0.6252,0.3252,0.0966,0.2723
q58,21,22,1,1,0.5,2,0.8293,0.5722,0.2216,0.4541
q58,21,23,1,1,0.125,1,0.5552,0.5573,0.2135,0.4494
q58,21,24,0,1,0.1429,1,0.487,0.4062,0.1433,0.3826
q58,21,25,0,1,0.0,0,0.4984,0.2967,0.1032,0.323
q58,21,26,0,1,0.0,0,0.4883,0.3885,0.1284,0.3507
q58,22,23,1,1,0.0,0,0.5596,0.512,0.1962,0.4208
q58,22,24,0,1,0.1429,1,0.5499,0.4387,0.147,0.3646
q58,22,25,0,1,0.0,0,0.4637,0.3434,0.125,0.3383
q58,22,26,0,1,0.0,0,0.5506,0.4514,0.1466,0.3371
q58,23,24,0,1,0.0,0,0.5813,0.4048,0.1406,0.3689
q58,23,25,0,1,0.0,0,0.536,0.2134,0.1139,0.3418
q58,23,26,0,1,0.1111,1,0.5838,0.3757,0.1267,0.3398
q58,24,25,1,1,0.1111,1,0.5953,0.5368,0.2093,0.4182
q58,24,26,1,1,0.125,1,0.7243,0.6427,0.2532,0.4624
q58,25,26,1,1,0.0,0,0.5213,0.5173,0.1919,0.3943
q59,0,1,1,1,0.0,0,0.4385,0.4105,0.1454,0.3529
q59,0,2,0,1,0.0,0,0.4387,0.2039,0.0656,0.2716
q59,0,3,0,1,0.0,0,0.4917,0.1622,0.0618,0.2485
q59,0,4,0,1,0.0,0,0.4208,0.2757,0.0842,0.2678
q59,0,5,0,1,0.0,0,0.427,0.258,0.0769,0.2715
q59,0,6,1,1,0.0,0,0.414,0.4246,0.1218,0.2996
q59,0,7,0,1,0.0,0,0.5402,0.2394,0.0749,0.2708
q59,0,8,0,1,0.0,0,0.5185,0.2598,0.0727,0.2646
q59,0,9,0,0,0.0,0,0.4779,0.185,0.0616,0.2144
q59,0,10,0,0,0.0,0,0.4587,0.1547,0.0661,0.2453
q59,0,11,0,0,0.0,0,0.3302,0.1161,0.045,0.2153
q59,0,12,0,0,0.0,0,0.457,0.1294,0.0471,0.2117
q59,0,13,0,0,0.0,0,0.5579,0.3271,0.1197,0.3184
q59,0,14,0,0,0.0,0,0.5039,0.2482,0.078,0.2721
q59,0,15,0,0,0.0,0,0.424,0.2039,0.0644,0.2473
q59,0,16,0,0,0.0,0,0.475,0.2004,0.0696,0.2662
q59,0,17,0,0,0.0,0,0.5404,0.2012,0.0776,0.2583
q59,1,2,0,1,0.0,0,0.5314,0.3221,0.1245,0.3466
q59,1,3,0,1,0.0,0,0.3765,0.3414,0.1209,0.3093
q59,1,4,0,1,0.0,0,0.4415,0.4922,0.1583,0.3488
q59,1,5,0,1,0.0,0,0.3973,0.3558,0.1227,0.3137
q59,1,6,1,1,0.0,0,0.2698,0.5202,0.1627,0.3498
q59,1,7,0,1,0.0,0,0.4137,0.2897,0.1024,0.3084
q59,1,8,0,1,0.0,0,0.4719,0.3308,0.1098,0.2966
q59,1,9,0,0,0.0,0,0.4023,0.2927,0.0891,0.2439
q59,1,10,0,0,0.0,0,0.3811,0.3064,0.118,0.301
q59,1,11,0,0,0.0,0,0.3401,0.2456,0.0794,0.2778
q59,1,12,0,0,0.0,0,0.4034,0.2518,0.0839,0.2535
q59,1,13,0,0,0.0,0,0.4745,0.2825,0.1135,0.3227
q59,1,14,0,0,0.0,0,0.3866,0.3738,0.1239,0.3282
q59,1,15,0,0,0.0,0,0.5601,0.2592,0.0993,0.3013
q59,1,16,0,0,0.0,0,0.4081,0.3738,0.1064,0.3019
q59,1,17,0,0,0.0,0,0.3737,0.2656,0.1036,0.2789
q59,2,3,1,1,0.0,0,0.4632,0.4809,0.1854,0.3723
q59,2,4,0,1,0.0,0,0.4594,0.495,0.1622,0.3677
q59,2,5,0,1,0.1429,1,0.4385,0.5145,0.1736,0.3908
q59,2,6,0,1,0.0,0,0.3138,0.3527,0.0931,0.305
q59,2,7,0,1,0.0,0,0.4564,0.5373,0.1632,0.3721
q59,2,8,1,1,0.0,0,0.5882,0.623,0.1909,0.4013
q59,2,9,0,0,0.0,0,0.4926,0.2049,0.0732,0.2488
q59,2,10,0,0,0.0,0,0.4643,0.2305,0.1016,0.2921
q59,2,11,0,0,0.0,0,0.4075,0.2484,0.0865,0.2895
q59,2,12,0,0,0.0,0,0.5235,0.3081,0.1032,0.2981
q59,2,13,0,0,0.0,0,0.4692,0.2752,0.1002,0.3158
q59,2,14,0,0,0.0,0,0.4258,0.2602,0.1181,0.3478
q59,2,15,0,0,0.1429,1,0.567,0.4405,0.1335,0.351
q59,2,16,0,0,0.0,0,0.4859,0.4426,0.1246,0.358
q59,2,17,0,0,0.0,0,0.4154,0.2188,0.0772,0.267
q59,3,4,0,1,0.0,0,0.4771,0.4546,0.1708,0.3709
q59,3,5,0,1,0.1429,1,0.8079,0.5,0.1931,0.4125
q59,3,6,0,1,0.0,0,0.3586,0.2689,0.0999,0.3091
q59,3,7,0,1,0.125,1,0.7109,0.5464,0.1937,0.4174
q59,3,8,1,1,0.0,0,0.5648,0.5645,0.1865,0.4013
q59,3,9,0,0,0.1667,1,0.7379,0.3981,0.1162,0.287
q59,3,10,0,0,0.0,0,0.5162,0.3385,0.1208,0.3095
q59,3,11,0,0,0.0,0,0.4293,0.2342,0.0844,0.269
q59,3,12,0,0,0.0,0,0.4854,0.339,0.1178,0.3002
q59,3,13,0,0,0.0,0,0.4291,0.2658,0.1026,0.3292
q59,3,14,0,0,0.0,0,0.5527,0.2912,0.1148,0.3387
q59,3,15,0,0,0.0,0,0.5153,0.4962,0.1835,0.3905
q59,3,16,0,0,0.0,0,0.5326,0.3918,0.1408,0.3652
q59,3,17,0,0,0.0,0,0.5687,0.3203,0.1082,0.3109
q59,4,5,1,1,0.0,0,0.426,0.5857,0.2339,0.4214
q59,4,6,0,1,0.0,0,0.412,0.3752,0.1262,0.3312
q59,4,7,1,1,0.0,0,0.4967,0.5906,0.2477,0.4498
q59,4,8,0,1,0.0,0,0.5086,0.5602,0.197,0.3831
q59,4,9,0,0,0.0,0,0.4711,0.3888,0.1038,0.266
q59,4,10,0,0,0.0,0,0.4842,0.4494,0.1571,0.3352
q59,4,11,0,0,0.0,0,0.3705,0.2904,0.0801,0.2755
q59,4,12,0,0,0.0,0,0.433,0.2632,0.0909,0.2638
q59,4,13,0,0,0.0,0,0.4239,0.2963,0.1106,0.3238
q59,4,14,0,0,0.0,0,0.4807,0.3348,0.1498,0.3705
q59,4,15,0,0,0.0,0,0.4624,0.4493,0.166,0.3806
q59,4,16,0,0,0.1111,1,0.539,0.4841,0.163,0.3872
q59,4,17,0,0,0.0,0,0.4553,0.3078,0.0973,0.2945
q59,5,6,0,1,0.0,0,0.4256,0.2622,0.1082,0.3262
q59,5,7,1,1,0.2857,2,0.8017,0.6014,0.2985,0.5021
q59,5,8,0,1,0.0,0,0.5302,0.5276,0.1798,0.4053
q59,5,9,0,0,0.4,2,0.9007,0.4567,0.1219,0.2884
q59,5,10,0,0,0.1667,1,0.5727,0.5428,0.1779,0.3837
q59,5,11,0,0,0.0,0,0.3505,0.2861,0.0824,0.2632
q59,5,12,0,0,0.0,0,0.4248,0.3105,0.1015,0.281
q59,5,13,0,0,0.0,0,0.3924,0.3101,0.1195,0.3311
q59,5,14,0,0,0.0,0,0.4698,0.3227,0.1376,0.3667
q59,5,15,0,0,0.3333,2,0.4694,0.4874,0.1669,0.3852
q59,5,16,0,0,0.0,0,0.4752,0.3584,0.1429,0.3872
q59,5,17,0,0,0.0,0,0.5053,0.3945,0.1146,0.3246
q59,6,7,0,1,0.0,0,0.4082,0.2382,0.0995,0.3101
q59,6,8,0,1,0.0,0,0.3589,0.2247,0.1012,0.3245
q59,6,9,0,0,0.0,0,0.3446,0.2436,0.0715,0.224
q59,6,10,0,0,0.0,0,0.3426,0.2568,0.086,0.2721
q59,6,11,0,0,0.0,0,0.3215,0.2683,0.0746,0.2595
q59,6,12,0,0,0.0,0,0.2938,0.2535,0.0701,0.2441
q59,6,13,0,0,0.0,0,0.3651,0.3203,0.112,0.3168
q59,6,14,0,0,0.0,0,0.3703,0.2442,0.1049,0.3289
q59,6,15,0,0,0.0,0,0.4127,0.2326,0.0913,0.2999
q59,6,16,0,0,0.0,0,0.3458,0.2608,0.0976,0.3056
q59,6,17,0,0,0.0,0,0.3533,0.2437,0.0848,0.2658
q59,7,8,0,1,0.0,0,0.5474,0.6014,0.2145,0.449
q59,7,9,0,0,0.1429,1,0.6814,0.3525,0.0906,0.2726
q59,7,10,0,0,0.1429,1,0.5568,0.4951,0.1586,0.3591
q59,7,11,0,0,0.0,0,0.4065,0.2712,0.0762,0.2648
q59,7,12,0,0,0.0,0,0.4423,0.2535,0.0869,0.2608
q59,7,13,0,0,0.0,0,0.4354,0.2985,0.115,0.3446
q59,7,14,0,0,0.0,0,0.6216,0.3348,0.133,0.3519
q59,7,15,0,0,0.0,0,0.4969,0.5142,0.1672,0.3885
q59,7,16,0,0,0.0,0,0.558,0.3282,0.1192,0.3526
q59,7,17,0,0,0.0,0,0.5144,0.318,0.095,0.3143
q59,8,9,0,0,0.0,0,0.547,0.3689,0.0828,0.248
q59,8,10,0,0,0.0,0,0.5383,0.4591,0.1354,0.3249
q59,8,11,0,0,0.0,0,0.3864,0.2406,0.079,0.2674
q59,8,12,0,0,0.0,0,0.4815,0.3382,0.0934,0.2531
q59,8,13,0,0,0.0,0,0.4798,0.3725,0.1138,0.3237
q59,8,14,0,0,0.0,0,0.5756,0.3221,0.1262,0.3501
q59,8,15,0,0,0.0,0,0.6569,0.5244,0.1774,0.4029
q59,8,16,0,0,0.0,0,0.4978,0.3756,0.1296,0.3728
q59,8,17,0,0,0.0,0,0.4781,0.3766,0.0977,0.312
q59,9,10,0,1,0.0,0,0.488,0.4766,0.1632,0.3397
q59,9,11,0,1,0.0,0,0.3968,0.1042,0.0603,0.2251
q59,9,12,0,1,0.0,0,0.4734,0.3126,0.1046,0.2715
q59,9,13,0,1,0.0,0,0.4354,0.3536,0.119,0.3073
q59,9,14,0,1,0.0,0,0.4944,0.3653,0.0956,0.2775
q59,9,15,1,1,0.1667,1,0.571,0.4251,0.1193,0.2927
q59,9,16,1,1,0.0,0,0.5014,0.3724,0.0975,0.2818
q59,9,17,0,1,0.0,0,0.5108,0.3126,0.12,0.2859
q59,10,11,0,1,0.0,0,0.4244,0.2218,0.0946,0.2653
q59,10,12,0,1,0.0,0,0.4566,0.356,0.1671,0.3333
q59,10,13,1,1,0.0,0,0.4198,0.3482,0.1408,0.358
q59,10,14,0,1,0.0,0,0.4405,0.429,0.1515,0.3634
q59,10,15,0,1,0.0,0,0.5521,0.3969,0.1399,0.3272
q59,10,16,0,1,0.0,0,0.5074,0.4076,0.1266,0.3105
q59,10,17,1,1,0.0,0,0.4547,0.429,0.1976,0.3886
q59,11,12,1,1,0.0,0,0.5115,0.2135,0.0844,0.2553
q59,11,13,0,1,0.0,0,0.3597,0.114,0.0656,0.2678
q59,11,14,1,1,0.0,0,0.3474,0.2754,0.0753,0.2753
q59,11,15,0,1,0.0,0,0.3506,0.2221,0.0701,0.2428
q59,11,16,0,1,0.0,0,0.4078,0.3053,0.0822,0.2865
q59,11,17,0,1,0.0,0,0.4091,0.1391,0.0707,0.2418
q59,12,13,0,1,0.0,0,0.4393,0.2429,0.0841,0.2942
q59,12,14,1,1,0.0,0,0.4386,0.4099,0.1349,0.3273
q59,12,15,0,1,0.0,0,0.5616,0.313,0.1069,0.2861
q59,12,16,0,1,0.0,0,0.4435,0.4091,0.1218,0.3105
q59,12,17,0,1,0.0,0,0.4616,0.2404,0.0995,0.2758
q59,13,14,0,1,0.0,0,0.4366,0.3493,0.1297,0.3605
q59,13,15,0,1,0.0,0,0.5258,0.3181,0.1218,0.3445
q59,13,16,0,1,0.0,0,0.4235,0.252,0.0956,0.3186
q59,13,17,1,1,0.0,0,0.4696,0.4336,0.1539,0.3851
q59,14,15,0,1,0.0,0,0.5002,0.284,0.1198,0.3395
q59,14,16,0,1,0.0,0,0.4922,0.2696,0.1086,0.335
q59,14,17,0,1,0.0,0,0.5459,0.3531,0.1136,0.3245
q59,15,16,1,1,0.0,0,0.6096,0.5075,0.1878,0.4178
q59,15,17,0,1,0.0,0,0.4686,0.3328,0.1056,0.3152
q59,16,17,0,1,0.0,0,0.5507,0.2797,0.0863,0.2938
q60,0,1,1,1,0.0,0,0.4063,0.3523,0.1284,0.322
q60,0,2,0,1,0.0,0,0.4208,0.2555,0.0998,0.305
q60,0,3,0,1,0.0,0,0.7268,0.489,0.1698,0.3585
q60,0,4,0,1,0.0,0,0.4452,0.3416,0.1291,0.3228
q60,0,5,1,1,0.0,0,0.3829,0.2855,0.1169,0.3196
q60,0,6,0,1,0.0,0,0.7215,0.5392,0.1856,0.394
q60,0,7,0,1,0.0,0,0.4859,0.3124,0.1,0.2944
q60,0,8,0,1,0.0,0,0.4821,0.2792,0.0973,0.2917
q60,0,9,0,0,0.0,0,0.4918,0.3357,0.1183,0.2895
q60,0,10,0,0,0.0,0,0.371,0.1493,0.0707,0.2322
q60,0,11,0,0,0.0,0,0.4863,0.2237,0.0962,0.2653
q60,0,12,0,0,0.0,0,0.5151,0.1674,0.0914,0.2709
q60,0,13,0,0,0.0,0,0.5449,0.4204,0.132,0.3331
q60,0,14,0,0,0.0,0,0.447,0.2864,0.1073,0.2913
q60,0,15,0,0,0.0,0,0.4954,0.2627,0.0989,0.3047
q60,0,16,0,0,0.0,0,0.5775,0.4532,0.1492,0.3537
q60,0,17,0,0,0.0,0,0.4689,0.2452,0.0999,0.286
q60,0,18,0,0,0.0,0,0.4377,0.2387,0.0782,0.2515
q60,0,19,0,0,0.0,0,0.5079,0.3111,0.1251,0.3202
q60,0,20,0,0,0.0,0,0.4467,0.2304,0.1093,0.3028
q60,0,21,0,0,0.0,0,0.5198,0.2071,0.1072,0.3006
q60,0,22,0,0,0.0,0,0.4767,0.2362,0.0992,0.2839
q60,0,23,0,0,0.0,0,0.5336,0.2398,0.1084,0.3044
q60,0,24,0,0,0.0,0,0.4443,0.3317,0.1178,0.311
q60,0,25,0,0,0.0,0,0.5415,0.3124,0.1285,0.3341
q60,0,26,0,0,0.0,0,0.5154,0.1838,0.088,0.2916
q60,1,2,0,1,0.0,0,0.5006,0.3852,0.14,0.3639
q60,1,3,0,1,0.0,0,0.5653,0.3768,0.142,0.3391
q60,1,4,0,1,0.0,0,0.3958,0.3337,0.1244,0.3394
q60,1,5,1,1,0.0,0,0.4673,0.391,0.144,0.3645
q60,1,6,0,1,0.0,0,0.4857,0.4301,0.1344,0.3556
q60,1,7,0,1,0.0,0,0.4898,0.3896,0.1283,0.3289
q60,1,8,0,1,0.0,0,0.5408,0.387,0.1217,0.3255
q60,1,9,0,0,0.0,0,0.4849,0.2414,0.091,0.3076
q60,1,10,0,0,0.0,0,0.4255,0.21,0.0739,0.2484
q60,1,11,0,0,0.0,0,0.4126,0.2325,0.0943,0.3048
q60,1,12,0,0,0.0,0,0.4688,0.2312,0.0927,0.2819
q60,1,13,0,0,0.0,0,0.537,0.4195,0.1489,0.3606
q60,1,14,0,0,0.0,0,0.5278,0.4184,0.1477,0.3686
q60,1,15,0,0,0.0,0,0.5265,0.3479,0.1256,0.3431
q60,1,16,0,0,0.0,0,0.485,0.3092,0.118,0.3335
q60,1,17,0,0,0.0,0,0.4134,0.2329,0.0924,0.3006
q60,1,18,0,0,0.0,0,0.5027,0.2912,0.0824,0.2713
q60,1,19,0,0,0.0,0,0.4498,0.3108,0.1237,0.3434
q60,1,20,0,0,0.0,0,0.54,0.3417,0.1417,0.3702
q60,1,21,0,0,0.0,0,0.4944,0.2453,0.1097,0.316
q60,1,22,0,0,0.0,0,0.4849,0.2986,0.1138,0.3241
q60,1,23,0,0,0.0,0,0.4947,0.2494,0.115,0.323
q60,1,24,0,0,0.0,0,0.4055,0.2505,0.1169,0.33
q60,1,25,0,0,0.0,0,0.4473,0.2778,0.129,0.3536
q60,1,26,0,0,0.0,0,0.4117,0.322,0.1209,0.3441
q60,2,3,0,1,0.0,0,0.4323,0.3232,0.1292,0.3636
q60,2,4,0,1,0.0,0,0.387,0.3073,0.1284,0.3492
q60,2,5,0,1,0.0,0,0.4122,0.296,0.1301,0.3492
q60,2,6,0,1,0.0,0,0.3916,0.3089,0.1217,0.3769
q60,2,7,1,1,0.0,0,0.4084,0.4355,0.1538,0.3738
q60,2,8,1,1,0.0,0,0.4563,0.5054,0.1587,0.4071
q60,2,9,0,0,0.0,0,0.4484,0.1856,0.0833,0.2948
q60,2,10,0,0,0.0,0,0.4218,0.2162,0.0646,0.2414
q60,2,11,0,0,0.0,0,0.3343,0.2543,0.0987,0.3123
q60,2,12,0,0,0.0,0,0.3637,0.2792,0.0985,0.2794
q60,2,13,0,0,0.0,0,0.4252,0.4592,0.1699,0.4098
q60,2,14,0,0,0.0,0,0.4899,0.6174,0.2412,0.4534
q60,2,15,0,0,0.0,0,0.4564,0.4839,0.1689,0.4086
q60,2,16,0,0,0.0,0,0.3605,0.3577,0.1342,0.3516
q60,2,17,0,0,0.0,0,0.3774,0.3243,0.1227,0.3381
q60,2,18,0,0,0.0,0,0.5252,0.447,0.1024,0.2883
q60,2,19,0,0,0.0,0,0.3383,0.263,0.1094,0.3432
q60,2,20,0,0,0.0,0,0.491,0.605,0.237,0.4809
q60,2,21,0,0,0.0,0,0.3989,0.4003,0.1416,0.3693
q60,2,22,0,0,0.0,0,0.4032,0.3686,0.1407,0.3602
q60,2,23,0,0,0.0,0,0.3897,0.3363,0.1355,0.3627
q60,2,24,0,0,0.0,0,0.3869,0.302,0.1272,0.3605
q60,2,25,0,0,0.0,0,0.3812,0.2796,0.1276,0.3657
q60,2,26,0,0,0.0,0,0.3199,0.3309,0.14,0.3695
q60,3,4,1,1,0.0,0,0.5774,0.4638,0.1795,0.3844
q60,3,5,0,1,0.0,0,0.5297,0.3726,0.1473,0.3627
q60,3,6,1,1,0.5,3,0.7856,0.5667,0.2304,0.4344
q60,3,7,0,1,0.0,0,0.5218,0.3772,0.1291,0.332
q60,3,8,0,1,0.0,0,0.6022,0.4184,0.1322,0.3529
q60,3,9,0,0,0.0,0,0.6318,0.3647,0.1207,0.3225
q60,3,10,0,0,0.0,0,0.4885,0.1656,0.0548,0.2102
q60,3,11,0,0,0.0,0,0.5823,0.3056,0.1113,0.3042
q60,3,12,0,0,0.0,0,0.673,0.2561,0.1082,0.2949
q60,3,13,0,0,0.0,0,0.6149,0.501,0.1714,0.3769
q60,3,14,0,0,0.0,0,0.5257,0.3271,0.1377,0.3533
q60,3,15,0,0,0.0,0,0.5683,0.3179,0.1245,0.3359
q60,3,16,0,0,0.0,0,0.6369,0.4064,0.1488,0.3577
q60,3,17,0,0,0.0,0,0.5309,0.2963,0.1116,0.3225
q60,3,18,0,0,0.0,0,0.5754,0.2433,0.066,0.2343
q60,3,19,0,0,0.0,0,0.6356,0.3513,0.1234,0.3331
q60,3,20,0,0,0.0,0,0.5383,0.3182,0.1423,0.3722
q60,3,21,0,0,0.0,0,0.594,0.3139,0.1314,0.3444
q60,3,22,0,0,0.0,0,0.5861,0.3042,0.1199,0.3106
q60,3,23,0,0,0.0,0,0.6061,0.3185,0.1446,0.3532
q60,3,24,0,0,0.0,0,0.5333,0.35,0.1327,0.3414
q60,3,25,0,0,0.0,0,0.5993,0.3699,0.1363,0.3506
q60,3,26,0,0,0.0,0,0.6757,0.2873,0.1148,0.3414
q60,4,5,0,1,0.0,0,0.4591,0.3109,0.1265,0.3403
q60,4,6,1,1,0.0,0,0.5163,0.4854,0.1823,0.4086
q60,4,7,0,1,0.0,0,0.4591,0.3336,0.1136,0.3214
q60,4,8,0,1,0.0,0,0.4536,0.3785,0.1248,0.3476
q60,4,9,0,0,0.2857,2,0.5725,0.4444,0.1616,0.3757
q60,4,10,0,0,0.0,0,0.3871,0.2652,0.0865,0.2536
q60,4,11,0,0,0.0,0,0.4946,0.3538,0.1414,0.3548
q60,4,12,0,0,0.0,0,0.4943,0.3579,0.1094,0.2935
q60,4,13,0,0,0.0,0,0.5586,0.3285,0.1247,0.3353
q60,4,14,0,0,0.0,0,0.3969,0.3249,0.1242,0.3296
q60,4,15,0,0,0.0,0,0.4444,0.3467,0.1284,0.3422
q60,4,16,0,0,0.0,0,0.5486,0.4153,0.1518,0.3693
q60,4,17,0,0,0.0,0,0.4157,0.338,0.1284,0.3286
q60,4,18,0,0,0.0,0,0.3954,0.3972,0.099,0.278
q60,4,19,0,0,0.0,0,0.4944,0.4842,0.1844,0.3993
q60,4,20,0,0,0.0,0,0.4183,0.3206,0.1244,0.3411
q60,4,21,0,0,0.0,0,0.4651,0.3116,0.1169,0.3335
q60,4,22,0,0,0.0,0,0.5181,0.2602,0.11,0.3225
q60,4,23,0,0,0.0,0,0.5021,0.3106,0.1362,0.348
q60,4,24,0,0,0.0,0,0.4525,0.4171,0.1812,0.4198
q60,4,25,0,0,0.0,0,0.5671,0.3988,0.1656,0.4016
q60,4,26,0,0,0.0,0,0.4432,0.3695,0.1446,0.3591
q60,5,6,0,1,0.0,0,0.4704,0.3677,0.1325,0.3545
q60,5,7,0,1,0.1429,1,0.8185,0.5382,0.1863,0.3811
q60,5,8,0,1,0.0,0,0.5336,0.4939,0.1475,0.3734
q60,5,9,0,0,0.0,0,0.5402,0.2565,0.095,0.2991
q60,5,10,0,0,0.0,0,0.4339,0.2434,0.0742,0.2485
q60,5,11,0,0,0.0,0,0.4102,0.2085,0.1006,0.3046
q60,5,12,0,0,0.1429,1,0.7041,0.6195,0.182,0.3576
q60,5,13,0,0,0.0,0,0.5711,0.3725,0.1723,0.3946
q60,5,14,0,0,0.0,0,0.4606,0.4131,0.1384,0.3448
q60,5,15,0,0,0.0,0,0.4821,0.4426,0.1423,0.3549
q60,5,16,0,0,0.0,0,0.4124,0.2766,0.1161,0.343
q60,5,17,0,0,0.0,0,0.4278,0.4407,0.1384,0.333
q60,5,18,0,0,0.0,0,0.5486,0.4194,0.1048,0.2806
q60,5,19,0,0,0.0,0,0.4274,0.3294,0.1225,0.3376
q60,5,20,0,0,0.0,0,0.482,0.2775,0.1348,0.3528
q60,5,21,0,0,0.0,0,0.4707,0.2418,0.1186,0.3299
q60,5,22,0,0,0.0,0,0.4645,0.2576,0.1164,0.3239
q60,5,23,0,0,0.1429,1,0.7354,0.6525,0.2449,0.444
q60,5,24,0,0,0.0,0,0.4411,0.287,0.1249,0.3331
q60,5,25,0,0,0.0,0,0.4374,0.2185,0.1093,0.3392
q60,5,26,0,0,0.0,0,0.5587,0.5794,0.2107,0.4344
q60,6,7,0,1,0.0,0,0.4649,0.3722,0.1321,0.3551
q60,6,8,0,1,0.0,0,0.5226,0.2913,0.1228,0.3707
q60,6,9,0,0,0.0,0,0.6397,0.4444,0.1283,0.3369
q60,6,10,0,0,0.0,0,0.4477,0.2123,0.0667,0.2394
q60,6,11,0,0,0.0,0,0.573,0.3692,0.1224,0.3258
q60,6,12,0,0,0.0,0,0.5597,0.3317,0.1289,0.3202
q60,6,13,0,0,0.0,0,0.549,0.3975,0.1376,0.3583
q60,6,14,0,0,0.0,0,0.4678,0.2911,0.1185,0.3462
q60,6,15,0,0,0.0,0,0.5241,0.2862,0.1304,0.3666
q60,6,16,0,0,0.0,0,0.5786,0.4453,0.1805,0.3994
q60,6,17,0,0,0.0,0,0.5252,0.3524,0.1244,0.349
q60,6,18,0,0,0.0,0,0.5554,0.341,0.0841,0.2699
q60,6,19,0,0,0.0,0,0.5737,0.4562,0.1485,0.3744
q60,6,20,0,0,0.0,0,0.4817,0.3093,0.1274,0.3648
q60,6,21,0,0,0.0,0,0.5363,0.2884,0.1247,0.3535
q60,6,22,0,0,0.0,0,0.5263,0.257,0.1128,0.3238
q60,6,23,0,0,0.0,0,0.6168,0.4051,0.1529,0.3808
q60,6,24,0,0,0.0,0,0.5154,0.4599,0.1526,0.3797
q60,6,25,0,0,0.0,0,0.5739,0.3803,0.1543,0.3869
q60,6,26,0,0,0.0,0,0.6039,0.3077,0.1239,0.3597
q60,7,8,1,1,0.0,0,0.5459,0.5174,0.1736,0.4056
q60,7,9,0,0,0.125,1,0.5566,0.2757,0.084,0.2803
q60,7,10,0,0,0.0,0,0.4759,0.2636,0.0634,0.2231
q60,7,11,0,0,0.0,0,0.41,0.241,0.0863,0.284
q60,7,12,0,0,0.1429,1,0.6371,0.5285,0.1423,0.3291
q60,7,13,0,0,0.0,0,0.564,0.4636,0.1793,0.3823
q60,7,14,0,0,0.0,0,0.4697,0.4451,0.1656,0.3833
q60,7,15,0,0,0.0,0,0.4878,0.4397,0.1665,0.3838
q60,7,16,0,0,0.0,0,0.4175,0.2567,0.1098,0.3157
q60,7,17,0,0,0.0,0,0.422,0.3652,0.1278,0.3241
q60,7,18,0,0,0.0,0,0.5907,0.4018,0.0939,0.2681
q60,7,19,0,0,0.0,0,0.4287,0.3132,0.1066,0.2941
q60,7,20,0,0,0.0,0,0.481,0.4935,0.1868,0.4107
q60,7,21,0,0,0.0,0,0.4795,0.3855,0.1434,0.3561
q60,7,22,0,0,0.0,0,0.47,0.3873,0.1488,0.3469
q60,7,23,0,0,0.1429,1,0.6494,0.5775,0.1881,0.3982
q60,7,24,0,0,0.0,0,0.4625,0.3369,0.1091,0.3217
q60,7,25,0,0,0.0,0,0.4853,0.2623,0.1164,0.3387
q60,7,26,0,0,0.0,0,0.5383,0.5004,0.159,0.3665
q60,8,9,0,0,0.0,0,0.5362,0.3421,0.0884,0.2991
q60,8,10,0,0,0.0,0,0.4834,0.332,0.0674,0.2253
q60,8,11,0,0,0.0,0,0.5042,0.3393,0.1012,0.3131
q60,8,12,0,0,0.1429,1,0.6669,0.5362,0.1176,0.2972
q60,8,13,0,0,0.0,0,0.5647,0.4987,0.1632,0.3955
q60,8,14,0,0,0.0,0,0.6739,0.504,0.1635,0.3999
q60,8,15,0,0,0.0,0,0.6026,0.5227,0.192,0.4384
q60,8,16,0,0,0.0,0,0.4672,0.3044,0.1251,0.3538
q60,8,17,0,0,0.0,0,0.4656,0.3495,0.1177,0.3336
q60,8,18,0,0,0.0,0,0.6193,0.4065,0.0798,0.2478
q60,8,19,0,0,0.0,0,0.5496,0.34,0.106,0.3279
q60,8,20,0,0,0.0,0,0.5966,0.5984,0.1889,0.4299
q60,8,21,0,0,0.0,0,0.6128,0.483,0.1547,0.389
q60,8,22,0,0,0.0,0,0.6396,0.4867,0.1583,0.3805
q60,8,23,0,0,0.0,0,0.603,0.4879,0.1429,0.3652
q60,8,24,0,0,0.0,0,0.4629,0.3265,0.1233,0.3503
q60,8,25,0,0,0.0,0,0.5065,0.3818,0.1303,0.3656
q60,8,26,0,0,0.0,0,0.6449,0.4893,0.1419,0.3792
q60,9,10,0,1,0.0,0,0.3455,0.0622,0.0654,0.2458
q60,9,11,1,1,0.0,0,0.6814,0.4386,0.1874,0.429
q60,9,12,0,1,0.0,0,0.6097,0.2129,0.1031,0.2983
q60,9,13,0,1,0.0,0,0.5971,0.3322,0.1044,0.2995
q60,9,14,0,1,0.0,0,0.4713,0.1809,0.075,0.2876
q60,9,15,0,1,0.0,0,0.4776,0.2723,0.0868,0.2873
q60,9,16,1,1,0.0,0,0.5829,0.4933,0.1459,0.3576
q60,9,17,0,1,0.0,0,0.4708,0.2094,0.0807,0.278
q60,9,18,0,0,0.0,0,0.4825,0.2627,0.1044,0.3213
q60,9,19,0,0,0.0,0,0.7377,0.4177,0.1556,0.3728
q60,9,20,0,0,0.0,0,0.4905,0.2467,0.0954,0.3091
q60,9,21,0,0,0.0,0,0.4941,0.2304,0.091,0.2896
q60,9,22,0,0,0.0,0,0.4961,0.2251,0.0918,0.3063
q60,9,23,0,0,0.0,0,0.6056,0.1827,0.089,0.3048
q60,9,24,0,0,0.0,0,0.5686,0.4619,0.1566,0.3756
q60,9,25,0,0,0.0,0,0.682,0.4857,0.1691,0.3958
q60,9,26,0,0,0.0,0,0.5485,0.2321,0.0935,0.3051
q60,10,11,0,1,0.0,0,0.3793,0.1477,0.0779,0.2719
q60,10,12,1,1,0.0,0,0.5141,0.374,0.1135,0.2926
q60,10,13,0,1,0.0,0,0.4893,0.2963,0.0778,0.2396
q60,10,14,0,1,0.0,0,0.4703,0.2061,0.0653,0.2348
q60,10,15,0,1,0.0,0,0.4539,0.2201,0.0665,0.2244
q60,10,16,0,1,0.0,0,0.4285,0.2037,0.0718,0.2421
q60,10,17,1,1,0.0,0,0.4888,0.2908,0.0933,0.262
q60,10,18,0,0,0.0,0,0.4928,0.2931,0.1248,0.3235
q60,10,19,0,0,0.0,0,0.4104,0.1641,0.0777,0.2433
q60,10,20,0,0,0.0,0,0.4545,0.1874,0.0715,0.249
q60,10,21,0,0,0.0,0,0.4599,0.1851,0.065,0.2401
q60,10,22,0,0,0.0,0,0.4543,0.1765,0.0652,0.2377
q60,10,23,0,0,0.0,0,0.5151,0.388,0.1044,0.2898
q60,10,24,0,0,0.0,0,0.3703,0.2372,0.0813,0.2622
q60,10,25,0,0,0.0,0,0.4519,0.2411,0.077,0.2643
q60,10,26,0,0,0.0,0,0.4364,0.3204,0.0791,0.2548
q60,11,12,0,1,0.0,0,0.5564,0.1724,0.0937,0.2919
q60,11,13,0,1,0.0,0,0.4858,0.2923,0.09,0.2796
q60,11,14,0,1,0.0,0,0.4644,0.2346,0.0903,0.2904
q60,11,15,0,1,0.0,0,0.4744,0.3444,0.1087,0.2994
q60,11,16,1,1,0.0,0,0.5728,0.5363,0.1738,0.3619
q60,11,17,0,1,0.0,0,0.4834,0.2043,0.0941,0.2789
q60,11,18,0,0,0.0,0,0.4764,0.3161,0.0993,0.2966
q60,11,19,0,0,0.3333,2,0.8311,0.6107,0.2639,0.483
q60,11,20,0,0,0.0,0,0.4719,0.25,0.1094,0.3179
q60,11,21,0,0,0.0,0,0.4993,0.2598,0.1027,0.2901
q60,11,22,0,0,0.0,0,0.5049,0.2607,0.1077,0.3115
q60,11,23,0,0,0.0,0,0.555,0.2393,0.1022,0.3107
q60,11,24,0,0,0.4286,3,0.6383,0.6013,0.2357,0.4354
q60,11,25,0,0,0.4286,3,0.7315,0.6094,0.2203,0.4166
q60,11,26,0,0,0.0,0,0.5126,0.2615,0.1081,0.3204
q60,12,13,0,1,0.0,0,0.5948,0.4452,0.1266,0.3044
q60,12,14,0,1,0.0,0,0.5376,0.2561,0.0883,0.2532
q60,12,15,0,1,0.0,0,0.5113,0.4,0.105,0.2822
q60,12,16,0,1,0.0,0,0.4875,0.2511,0.1031,0.2871
q60,12,17,1,1,0.0,0,0.4862,0.5127,0.1567,0.3294
q60,12,18,0,0,0.0,0,0.6139,0.4258,0.154,0.3453
q60,12,19,0,0,0.0,0,0.594,0.2357,0.1062,0.2899
q60,12,20,0,0,0.0,0,0.4737,0.3086,0.1045,0.3103
q60,12,21,0,0,0.0,0,0.5475,0.2489,0.1008,0.2911
q60,12,22,0,0,0.0,0,0.5759,0.2475,0.0913,0.2694
q60,12,23,0,0,0.3333,2,0.8567,0.676,0.241,0.4347
q60,12,24,0,0,0.0,0,0.5081,0.2706,0.1187,0.3204
q60,12,25,0,0,0.0,0,0.5295,0.3086,0.1179,0.3238
q60,12,26,0,0,0.0,0,0.7615,0.6186,0.1866,0.3862
q60,13,14,1,1,0.0,0,0.5041,0.4462,0.1859,0.4115
q60,13,15,1,1,0.0,0,0.5492,0.4399,0.1591,0.3672
q60,13,16,0,1,0.0,0,0.5162,0.3623,0.1296,0.3355
q60,13,17,0,1,0.0,0,0.4409,0.2972,0.1135,0.3225
q60,13,18,0,0,0.0,0,0.6133,0.435,0.1109,0.28
q60,13,19,0,0,0.0,0,0.5128,0.2909,0.1058,0.3166
q60,13,20,0,0,0.0,0,0.5338,0.4601,0.1865,0.4118
q60,13,21,0,0,0.0,0,0.5425,0.4161,0.1454,0.3501
q60,13,22,0,0,0.0,0,0.5347,0.385,0.1435,0.3361
q60,13,23,0,0,0.0,0,0.5954,0.3506,0.1593,0.3603
q60,13,24,0,0,0.0,0,0.5032,0.3054,0.115,0.326
q60,13,25,0,0,0.0,0,0.5656,0.3168,0.1357,0.3472
q60,13,26,0,0,0.125,1,0.5596,0.3152,0.1436,0.3754
q60,14,15,1,1,0.0,0,0.5876,0.5387,0.1854,0.4001
q60,14,16,0,1,0.0,0,0.4531,0.2985,0.1113,0.3206
q60,14,17,0,1,0.0,0,0.4704,0.2963,0.1125,0.3274
q60,14,18,0,0,0.0,0,0.6366,0.3853,0.0876,0.2656
q60,14,19,0,0,0.0,0,0.4906,0.2792,0.103,0.314
q60,14,20,0,0,0.0,0,0.6453,0.6315,0.2459,0.4719
q60,14,21,0,0,0.0,0,0.5611,0.3968,0.1471,0.3638
q60,14,22,0,0,0.0,0,0.5866,0.3985,0.159,0.3758
q60,14,23,0,0,0.0,0,0.519,0.3398,0.1304,0.3308
q60,14,24,0,0,0.0,0,0.4119,0.272,0.1148,0.3288
q60,14,25,0,0,0.0,0,0.4739,0.2173,0.1151,0.3335
q60,14,26,0,0,0.0,0,0.5203,0.3427,0.1269,0.3462
q60,15,16,0,1,0.0,0,0.4892,0.3178,0.1331,0.3396
q60,15,17,0,1,0.0,0,0.4438,0.2612,0.1148,0.3053
q60,15,18,0,0,0.0,0,0.599,0.4415,0.0926,0.2649
q60,15,19,0,0,0.0,0,0.4666,0.3622,0.1287,0.3316
q60,15,20,0,0,0.2222,2,0.6905,0.6072,0.2063,0.4321
q60,15,21,0,0,0.1429,1,0.8375,0.617,0.2416,0.4594
q60,15,22,0,0,0.125,1,0.73,0.5613,0.224,0.4373
q60,15,23,0,0,0.0,0,0.5242,0.4057,0.1407,0.35
q60,15,24,0,0,0.0,0,0.4381,0.3525,0.1326,0.3469
q60,15,25,0,0,0.0,0,0.4902,0.3313,0.1364,0.3588
q60,15,26,0,0,0.0,0,0.4366,0.4029,0.1298,0.3469
q60,16,17,0,1,0.0,0,0.4504,0.2809,0.1187,0.3333
q60,16,18,0,0,0.0,0,0.5216,0.3576,0.095,0.2779
q60,16,19,0,0,0.0,0,0.5404,0.4692,0.1717,0.3862
q60,16,20,0,0,0.0,0,0.4792,0.3294,0.1283,0.3565
q60,16,21,0,0,0.0,0,0.4918,0.3141,0.1232,0.3414
q60,16,22,0,0,0.0,0,0.5557,0.2596,0.1108,0.3115
q60,16,23,0,0,0.0,0,0.5146,0.2859,0.1257,0.3408
q60,16,24,0,0,0.0,0,0.5276,0.5628,0.1897,0.4193
q60,16,25,0,0,0.0,0,0.6,0.5003,0.1939,0.4136
q60,16,26,0,0,0.0,0,0.5161,0.3005,0.1237,0.3401
q60,17,18,0,0,0.0,0,0.6226,0.4461,0.1147,0.272
q60,17,19,0,0,0.0,0,0.4444,0.295,0.1114,0.3052
q60,17,20,0,0,0.0,0,0.4769,0.2255,0.1094,0.3312
q60,17,21,0,0,0.0,0,0.4727,0.2576,0.1052,0.3184
q60,17,22,0,0,0.0,0,0.4638,0.2367,0.1085,0.3182
q60,17,23,0,0,0.0,0,0.5754,0.5429,0.1783,0.3787
q60,17,24,0,0,0.0,0,0.4454,0.3094,0.1179,0.3324
q60,17,25,0,0,0.0,0,0.4877,0.226,0.1063,0.3289
q60,17,26,0,0,0.0,0,0.4366,0.4724,0.1519,0.3524
q60,18,19,0,1,0.0,0,0.5126,0.2571,0.0964,0.2881
q60,18,20,0,1,0.0,0,0.5966,0.3779,0.0961,0.2877
q60,18,21,0,1,0.0,0,0.592,0.3171,0.081,0.2635
q60,18,22,0,1,0.0,0,0.5924,0.2581,0.0728,0.2556
q60,18,23,1,1,0.0,0,0.631,0.4912,0.1413,0.3236
q60,18,24,0,1,0.0,0,0.4067,0.3401,0.0973,0.2946
q60,18,25,0,1,0.0,0,0.5363,0.3853,0.1014,0.2942
q60,18,26,1,1,0.0,0,0.4897,0.5207,0.1395,0.3073
q60,19,20,0,1,0.0,0,0.4432,0.2196,0.0946,0.319
q60,19,21,0,1,0.0,0,0.4782,0.2107,0.0947,0.29
q60,19,22,0,1,0.0,0,0.5164,0.2374,0.0984,0.2995
q60,19,23,0,1,0.0,0,0.6028,0.3088,0.1195,0.3304
q60,19,24,1,1,0.1111,1,0.6221,0.5754,0.2417,0.4542
q60,19,25,1,1,0.1111,1,0.6509,0.4733,0.1883,0.4125
q60,19,26,0,1,0.0,0,0.5462,0.3136,0.1147,0.3261
q60,20,21,1,1,0.0,0,0.5858,0.5212,0.1921,0.4039
q60,20,22,1,1,0.0,0,0.5456,0.4654,0.197,0.3953
q60,20,23,0,1,0.0,0,0.5012,0.2734,0.1366,0.3527
q60,20,24,0,1,0.0,0,0.4238,0.2507,0.1152,0.3556
q60,20,25,0,1,0.0,0,0.4885,0.3156,0.1318,0.37
q60,20,26,0,1,0.0,0,0.5226,0.2935,0.1438,0.3651
q60,21,22,1,1,0.1667,1,0.7754,0.5812,0.2677,0.4899
q60,21,23,0,1,0.0,0,0.5456,0.2286,0.1187,0.3159
q60,21,24,0,1,0.0,0,0.4659,0.2344,0.1153,0.333
q60,21,25,0,1,0.0,0,0.5142,0.3206,0.135,0.3659
q60,21,26,0,1,0.0,0,0.4838,0.2563,0.1123,0.3229
q60,22,23,0,1,0.0,0,0.5342,0.2293,0.1198,0.3225
q60,22,24,0,1,0.0,0,0.4571,0.2309,0.1099,0.3171
q60,22,25,0,1,0.0,0,0.5189,0.3117,0.1372,0.3629
q60,22,26,0,1,0.0,0,0.5653,0.2255,0.1158,0.3394
q60,23,24,0,1,0.0,0,0.5093,0.3052,0.1359,0.3566
q60,23,25,0,1,0.0,0,0.5341,0.2564,0.1228,0.3453
q60,23,26,1,1,0.0,0,0.7657,0.6724,0.2587,0.471
q60,24,25,1,1,0.2,2,0.634,0.6083,0.2609,0.4894
q60,24,26,0,1,0.0,0,0.4728,0.3429,0.1454,0.378
q60,25,26,0,1,0.0,0,0.4891,0.2713,0.1288,0.3621
q61,0,1,1,1,0.0,0,0.4945,0.3565,0.1364,0.3263
q61,0,2,0,1,0.1111,1,0.4884,0.333,0.1214,0.3066
q61,0,3,0,1,0.0,0,0.357,0.3218,0.098,0.2968
q61,0,4,0,1,0.0,0,0.3863,0.4259,0.1434,0.3277
q61,0,5,0,1,0.1429,1,0.6817,0.4296,0.1336,0.3406
q61,0,6,0,1,0.125,1,0.5644,0.5422,0.1548,0.3731
q61,0,7,0,1,0.0,0,0.2875,0.2345,0.0717,0.2601
q61,0,8,1,1,0.0,0,0.3268,0.3321,0.0895,0.275
q61,0,9,0,0,0.0,0,0.5805,0.3743,0.1603,0.3677
q61,0,10,0,0,0.0,0,0.2467,0.2017,0.0801,0.2917
q61,0,11,0,0,0.25,2,0.6722,0.4512,0.1758,0.4152
q61,0,12,0,0,0.0,0,0.5476,0.3208,0.1301,0.2917
q61,0,13,0,0,0.1429,1,0.7262,0.3471,0.1226,0.2968
q61,0,14,0,0,0.0,0,0.3394,0.3077,0.0903,0.2886
q61,0,15,0,0,0.0,0,0.331,0.3462,0.1074,0.302
q61,0,16,0,0,0.3333,2,0.8715,0.4099,0.1169,0.3031
q61,0,17,0,0,0.0,0,0.3935,0.3189,0.0848,0.2549
q61,0,18,0,0,0.125,1,0.6255,0.4236,0.1544,0.3399
q61,0,19,0,0,0.0,0,0.5805,0.3471,0.1494,0.3576
q61,0,20,0,0,0.0,0,0.5758,0.3415,0.1353,0.333
q61,0,21,0,0,0.0,0,0.3437,0.3105,0.0997,0.3139
q61,0,22,0,0,0.1667,1,0.6118,0.3987,0.1319,0.3275
q61,0,23,0,0,0.1667,1,0.4509,0.4165,0.14,0.3253
q61,0,24,0,0,0.3333,2,0.8223,0.3893,0.1231,0.3179
q61,0,25,0,0,0.0,0,0.4252,0.3593,0.1003,0.3019
q61,0,26,0,0,0.0,0,0.2333,0.2664,0.0705,0.2588
q61,1,2,0,1,0.0,0,0.5207,0.1964,0.0795,0.2541
q61,1,3,0,1,0.0,0,0.5305,0.2252,0.0755,0.2436
q61,1,4,0,1,0.0,0,0.4797,0.2487,0.0996,0.2813
q61,1,5,0,1,0.0,0,0.5929,0.2657,0.0863,0.2634
q61,1,6,0,1,0.0,0,0.5512,0.3568,0.1075,0.28
q61,1,7,0,1,0.0,0,0.4495,0.2216,0.0707,0.2367
q61,1,8,1,1,0.0,0,0.4927,0.2928,0.0818,0.2366
q61,1,9,0,0,0.0,0,0.5466,0.2321,0.095,0.2924
q61,1,10,0,0,0.0,0,0.3933,0.1514,0.05,0.214
q61,1,11,0,0,0.0,0,0.5932,0.3269,0.1104,0.3158
q61,1,12,0,0,0.0,0,0.4381,0.2046,0.0741,0.2219
q61,1,13,0,0,0.0,0,0.4587,0.1652,0.0645,0.2237
q61,1,14,0,0,0.1667,1,0.509,0.2816,0.0798,0.2549
q61,1,15,0,0,0.0,0,0.5076,0.2857,0.0948,0.2708
q61,1,16,0,0,0.0,0,0.6046,0.3639,0.1008,0.2713
q61,1,17,0,0,0.0,0,0.5037,0.2158,0.0723,0.2253
q61,1,18,0,0,0.0,0,0.4457,0.2395,0.0814,0.2561
q61,1,19,0,0,0.0,0,0.5466,0.2209,0.0931,0.2828
q61,1,20,0,0,0.0,0,0.5543,0.2898,0.0988,0.2757
q61,1,21,0,0,0.0,0,0.5025,0.2269,0.0861,0.2657
q61,1,22,0,0,0.0,0,0.5694,0.2804,0.0905,0.2649
q61,1,23,0,0,0.0,0,0.5125,0.2863,0.0924,0.2555
q61,1,24,0,0,0.0,0,0.5635,0.2863,0.1011,0.2892
q61,1,25,0,0,0.0,0,0.6453,0.3075,0.101,0.27
q61,1,26,0,0,0.0,0,0.3481,0.1893,0.0555,0.2193
q61,2,3,0,1,0.0,0,0.4892,0.3795,0.1168,0.323
q61,2,4,1,1,0.125,1,0.5706,0.5805,0.2885,0.4679
q61,2,5,1,1,0.1111,1,0.7579,0.5968,0.2261,0.4282
q61,2,6,0,1,0.0,0,0.5244,0.4449,0.1506,0.3603
q61,2,7,0,1,0.0,0,0.4279,0.3563,0.1071,0.3185
q61,2,8,0,1,0.0,0,0.4965,0.176,0.072,0.25
q61,2,9,0,0,0.0,0,0.5963,0.5622,0.1812,0.3793
q61,2,10,0,0,0.0,0,0.3827,0.1895,0.0587,0.2296
q61,2,11,0,0,0.0909,1,0.7183,0.5314,0.2035,0.4108
q61,2,12,0,0,0.125,1,0.527,0.631,0.2351,0.4151
q61,2,13,0,0,0.1111,1,0.6748,0.6396,0.2411,0.4409
q61,2,14,0,0,0.0,0,0.5064,0.1915,0.0846,0.2785
q61,2,15,0,0,0.0,0,0.4772,0.3455,0.1279,0.3322
q61,2,16,0,0,0.1111,1,0.7469,0.5478,0.1963,0.3925
q61,2,17,0,0,0.0,0,0.5256,0.4574,0.1565,0.348
q61,2,18,0,0,0.1,1,0.7,0.7088,0.1891,0.343
q61,2,19,0,0,0.0,0,0.5963,0.6633,0.2327,0.4307
q61,2,20,0,0,0.0,0,0.6173,0.5455,0.2058,0.4125
q61,2,21,0,0,0.0,0,0.5084,0.2216,0.0905,0.2658
q61,2,22,0,0,0.125,1,0.7877,0.6644,0.2974,0.5023
q61,2,23,0,0,0.125,1,0.687,0.5469,0.2148,0.4132
q61,2,24,0,0,0.1111,1,0.7458,0.4841,0.1915,0.4157
q61,2,25,0,0,0.0,0,0.5382,0.3378,0.1145,0.3162
q61,2,26,0,0,0.0,0,0.3649,0.2642,0.0913,0.2853
q61,3,4,0,1,0.0,0,0.4345,0.3251,0.097,0.306
q61,3,5,0,1,0.0,0,0.4752,0.3194,0.1304,0.3475
q61,3,6,1,1,0.0,0,0.5393,0.5423,0.2047,0.4364
q61,3,7,1,1,0.0,0,0.526,0.5588,0.2195,0.4469
q61,3,8,0,1,0.0,0,0.5347,0.2651,0.113,0.3075
q61,3,9,0,0,0.0,0,0.4655,0.4226,0.1214,0.3052
q61,3,10,0,0,0.0,0,0.4303,0.2632,0.0814,0.2704
q61,3,11,0,0,0.0,0,0.5176,0.4144,0.1313,0.3564
q61,3,12,0,0,0.0,0,0.3765,0.3274,0.0843,0.2614
q61,3,13,0,0,0.0,0,0.4632,0.4147,0.1275,0.3198
q61,3,14,0,0,0.0,0,0.525,0.2683,0.1165,0.3384
q61,3,15,0,0,0.0,0,0.5373,0.3226,0.1356,0.3451
q61,3,16,0,0,0.0,0,0.4931,0.3183,0.1294,0.3527
q61,3,17,0,0,0.0,0,0.4645,0.2819,0.1005,0.299
q61,3,18,0,0,0.0,0,0.4346,0.3634,0.0885,0.2435
q61,3,19,0,0,0.0,0,0.4655,0.3561,0.1171,0.3067
q61,3,20,0,0,0.0,0,0.4892,0.3524,0.1324,0.3511
q61,3,21,0,0,0.0,0,0.5351,0.2985,0.1103,0.3126
q61,3,22,0,0,0.0,0,0.5032,0.3418,0.1327,0.3585
q61,3,23,0,0,0.0,0,0.4942,0.3546,0.1323,0.3454
q61,3,24,0,0,0.0,0,0.5046,0.3077,0.125,0.3435
q61,3,25,0,0,0.0,0,0.5619,0.402,0.1607,0.3824
q61,3,26,0,0,0.0,0,0.3824,0.3168,0.1129,0.3282
q61,4,5,1,1,0.0,0,0.5913,0.5266,0.1728,0.3819
q61,4,6,0,1,0.0,0,0.5119,0.4922,0.1425,0.3494
q61,4,7,0,1,0.0,0,0.3691,0.374,0.0929,0.3009
q61,4,8,0,1,0.0,0,0.4158,0.1956,0.0602,0.2454
q61,4,9,0,0,0.0,0,0.5982,0.3373,0.1012,0.2792
q61,4,10,0,0,0.0,0,0.3436,0.1709,0.0553,0.2217
q61,4,11,0,0,0.0,0,0.5296,0.3343,0.1337,0.3461
q61,4,12,0,0,0.5,2,0.9055,0.7633,0.3284,0.4995
q61,4,13,0,0,0.0,0,0.5045,0.4825,0.1801,0.3722
q61,4,14,0,0,0.0,0,0.4153,0.2222,0.0676,0.2577
q61,4,15,0,0,0.0,0,0.4222,0.2864,0.0955,0.2966
q61,4,16,0,0,0.0,0,0.5203,0.4288,0.1221,0.3151
q61,4,17,0,0,0.1667,1,0.504,0.5794,0.1653,0.3548
q61,4,18,0,0,0.0,0,0.4707,0.3141,0.0758,0.2415
q61,4,19,0,0,0.0,0,0.5982,0.4398,0.1545,0.3448
q61,4,20,0,0,0.0,0,0.5863,0.3124,0.11,0.3126
q61,4,21,0,0,0.0,0,0.4153,0.1829,0.0816,0.2648
q61,4,22,0,0,0.0,0,0.5345,0.4746,0.1606,0.3587
q61,4,23,0,0,0.0,0,0.5165,0.5039,0.1707,0.3767
q61,4,24,0,0,0.0,0,0.5235,0.3255,0.1064,0.3171
q61,4,25,0,0,0.0,0,0.4852,0.3165,0.0907,0.2842
q61,4,26,0,0,0.0,0,0.3286,0.2723,0.07,0.255
q61,5,6,0,1,0.0,0,0.5119,0.4024,0.148,0.3856
q61,5,7,0,1,0.0,0,0.413,0.3075,0.1181,0.3567
q61,5,8,0,1,0.0,0,0.4637,0.1721,0.0945,0.2987
q61,5,9,0,0,0.1429,1,0.7674,0.6659,0.197,0.3962
q61,5,10,0,0,0.0,0,0.3254,0.2494,0.0752,0.2508
q61,5,11,0,0,0.25,2,0.8016,0.6081,0.2197,0.4306
q61,5,12,0,0,0.0,0,0.5616,0.4454,0.135,0.3125
q61,5,13,0,0,0.1429,1,0.7627,0.6204,0.2143,0.4112
q61,5,14,0,0,0.0,0,0.4659,0.2464,0.1002,0.3146
q61,5,15,0,0,0.0,0,0.4472,0.2956,0.1241,0.3445
q61,5,16,0,0,0.3333,2,0.8121,0.5693,0.2269,0.437
q61,5,17,0,0,0.0,0,0.6136,0.4442,0.1441,0.3568
q61,5,18,0,0,0.125,1,0.806,0.6402,0.134,0.2907
q61,5,19,0,0,0.1429,1,0.7674,0.7008,0.2362,0.4222
q61,5,20,0,0,0.1667,1,0.8282,0.5956,0.1997,0.4036
q61,5,21,0,0,0.0,0,0.4668,0.2799,0.1054,0.2991
q61,5,22,0,0,0.4,2,0.7934,0.6338,0.2634,0.4862
q61,5,23,0,0,0.1667,1,0.6806,0.5728,0.2074,0.4102
q61,5,24,0,0,0.1429,1,0.756,0.515,0.189,0.4131
q61,5,25,0,0,0.0,0,0.538,0.303,0.1264,0.3498
q61,5,26,0,0,0.0,0,0.3343,0.2512,0.1005,0.3188
q61,6,7,1,1,0.0,0,0.4539,0.4746,0.1813,0.4229
q61,6,8,0,1,0.0,0,0.4861,0.2737,0.1121,0.3321
q61,6,9,0,0,0.0,0,0.5376,0.4856,0.1266,0.323
q61,6,10,0,0,0.0,0,0.3327,0.2575,0.0815,0.2801
q61,6,11,0,0,0.0,0,0.5985,0.4888,0.1544,0.3837
q61,6,12,0,0,0.0,0,0.4619,0.4372,0.1153,0.2924
q61,6,13,0,0,0.125,1,0.6198,0.503,0.1459,0.334
q61,6,14,0,0,0.0,0,0.493,0.2508,0.1055,0.3533
q61,6,15,0,0,0.0,0,0.5048,0.3021,0.1275,0.3621
q61,6,16,0,0,0.0,0,0.6254,0.3942,0.1436,0.3668
q61,6,17,0,0,0.0,0,0.5498,0.3003,0.1246,0.328
q61,6,18,0,0,0.0,0,0.4925,0.3887,0.0864,0.2454
q61,6,19,0,0,0.0,0,0.5376,0.4391,0.13,0.3313
q61,6,20,0,0,0.0,0,0.5273,0.4039,0.129,0.3492
q61,6,21,0,0,0.0,0,0.5061,0.2889,0.107,0.3361
q61,6,22,0,0,0.1429,1,0.6851,0.3994,0.1459,0.3703
q61,6,23,0,0,0.0,0,0.5399,0.442,0.1441,0.3656
q61,6,24,0,0,0.0,0,0.5622,0.3821,0.1399,0.3711
q61,6,25,0,0,0.0,0,0.5709,0.4186,0.1585,0.3985
q61,6,26,0,0,0.0,0,0.3189,0.2299,0.1161,0.3539
q61,7,8,0,1,0.0,0,0.4367,0.3035,0.1211,0.337
q61,7,9,0,0,0.0,0,0.3968,0.2807,0.0842,0.2681
q61,7,10,0,0,0.0,0,0.4563,0.3822,0.0939,0.2899
q61,7,11,0,0,0.0,0,0.4351,0.3147,0.0963,0.3132
q61,7,12,0,0,0.0,0,0.3145,0.3683,0.0799,0.2514
q61,7,13,0,0,0.0,0,0.372,0.3679,0.1036,0.3007
q61,7,14,0,0,0.0,0,0.4571,0.3224,0.1235,0.3603
q61,7,15,0,0,0.0,0,0.4441,0.3775,0.1252,0.3575
q61,7,16,0,0,0.0,0,0.4283,0.2525,0.1058,0.3323
q61,7,17,0,0,0.0,0,0.4249,0.2888,0.0877,0.3023
q61,7,18,0,0,0.0,0,0.3451,0.2503,0.0624,0.2058
q61,7,19,0,0,0.0,0,0.3968,0.2845,0.0886,0.2757
q61,7,20,0,0,0.0,0,0.41,0.2978,0.1172,0.3331
q61,7,21,0,0,0.0,0,0.4111,0.3281,0.0993,0.3217
q61,7,22,0,0,0.0,0,0.4337,0.314,0.1196,0.3335
q61,7,23,0,0,0.0,0,0.425,0.2853,0.1105,0.3274
q61,7,24,0,0,0.0,0,0.4441,0.2555,0.1079,0.3437
q61,7,25,0,0,0.0,0,0.4213,0.4078,0.1508,0.3803
q61,7,26,0,0,0.0,0,0.3838,0.3093,0.1357,0.3807
q61,8,9,0,0,0.0,0,0.4502,0.3222,0.0934,0.2742
q61,8,10,0,0,0.1429,1,0.5849,0.5287,0.1288,0.3083
q61,8,11,0,0,0.0,0,0.4796,0.2997,0.1023,0.3046
q61,8,12,0,0,0.0,0,0.3584,0.1426,0.0455,0.1898
q61,8,13,0,0,0.0,0,0.4339,0.1861,0.0677,0.2446
q61,8,14,0,0,0.5,3,0.9295,0.5573,0.2148,0.4237
q61,8,15,0,0,0.2857,2,0.7656,0.4935,0.1837,0.3641
q61,8,16,0,0,0.0,0,0.4685,0.1611,0.0793,0.2789
q61,8,17,0,0,0.0,0,0.4497,0.1809,0.0678,0.242
q61,8,18,0,0,0.0,0,0.4325,0.3273,0.0718,0.2204
q61,8,19,0,0,0.0,0,0.4502,0.2584,0.0857,0.2776
q61,8,20,0,0,0.0,0,0.4694,0.2103,0.0811,0.2689
q61,8,21,0,0,0.3333,2,0.8148,0.5643,0.186,0.3674
q61,8,22,0,0,0.0,0,0.5065,0.1909,0.0878,0.2916
q61,8,23,0,0,0.0,0,0.4802,0.1775,0.0808,0.2776
q61,8,24,0,0,0.0,0,0.4925,0.2019,0.101,0.3065
q61,8,25,0,0,0.1667,1,0.626,0.4624,0.1731,0.3796
q61,8,26,0,0,0.0,0,0.4765,0.3169,0.1207,0.3285
q61,9,10,0,1,0.0,0,0.2659,0.2429,0.0968,0.2992
q61,9,11,1,1,0.1111,1,0.7472,0.7041,0.2929,0.5142
q61,9,12,0,1,0.0,0,0.5508,0.2751,0.0894,0.2647
q61,9,13,0,1,0.0,0,0.6139,0.4378,0.1445,0.3265
q61,9,14,0,1,0.0,0,0.4445,0.3365,0.0907,0.2788
q61,9,15,0,1,0.0,0,0.4302,0.3525,0.111,0.3049
q61,9,16,1,1,0.1429,1,0.788,0.6962,0.2043,0.3886
q61,9,17,0,1,0.0,0,0.6219,0.3708,0.0916,0.2549
q61,9,18,0,0,0.125,1,0.7763,0.7509,0.2968,0.4821
q61,9,19,0,0,1.0,4,1.0,0.7424,0.4037,0.6045
q61,9,20,0,0,0.75,3,0.8405,0.6085,0.2388,0.438
q61,9,21,0,0,0.0,0,0.4565,0.3262,0.1095,0.3019
q61,9,22,0,0,0.1667,1,0.7626,0.6284,0.2269,0.4341
q61,9,23,0,0,0.0,0,0.6673,0.5423,0.1634,0.3425
q61,9,24,0,0,0.0,0,0.6471,0.6738,0.2241,0.4434
q61,9,25,0,0,0.0,0,0.5401,0.4195,0.1152,0.3055
q61,9,26,0,0,0.0,0,0.2502,0.3389,0.09,0.2636
q61,10,11,0,1,0.0,0,0.3714,0.2065,0.0794,0.3004
q61,10,12,0,1,0.0,0,0.2982,0.1636,0.057,0.2057
q61,10,13,0,1,0.0,0,0.3302,0.2251,0.075,0.2331
q61,10,14,1,1,0.125,1,0.5787,0.6445,0.1816,0.3723
q61,10,15,1,1,0.125,1,0.5712,0.6721,0.202,0.403
q61,10,16,0,1,0.0,0,0.3308,0.1781,0.0504,0.2273
q61,10,17,0,1,0.0,0,0.3329,0.2243,0.0609,0.2088
q61,10,18,0,0,0.0,0,0.3149,0.1504,0.0717,0.2593
q61,10,19,0,0,0.0,0,0.2659,0.1911,0.0751,0.2868
q61,10,20,0,0,0.0,0,0.2622,0.1992,0.0705,0.2655
q61,10,21,0,0,0.1429,1,0.599,0.6356,0.2169,0.4433
q61,10,22,0,0,0.0,0,0.345,0.2032,0.0679,0.2614
q61,10,23,0,0,0.0,0,0.3149,0.2113,0.062,0.2557
q61,10,24,0,0,0.0,0,0.3838,0.2081,0.0745,0.2643
q61,10,25,0,0,0.0,0,0.503,0.5198,0.1319,0.3392
q61,10,26,0,0,0.0,0,0.4634,0.5919,0.1308,0.3066
q61,11,12,0,1,0.0,0,0.4848,0.3138,0.1318,0.3369
q61,11,13,0,1,0.1111,1,0.7296,0.4409,0.1805,0.3942
q61,11,14,0,1,0.0,0,0.4781,0.3297,0.1165,0.3392
q61,11,15,0,1,0.0,0,0.4665,0.3539,0.1318,0.3569
q61,11,16,1,1,0.6667,4,0.879,0.6634,0.2189,0.413
q61,11,17,0,1,0.0,0,0.6181,0.3718,0.1221,0.3169
q61,11,18,0,0,0.1,1,0.7425,0.8099,0.2796,0.4671
q61,11,19,0,0,0.1111,1,0.7472,0.6392,0.2896,0.5089
q61,11,20,0,0,0.125,1,0.7586,0.5764,0.2358,0.4512
q61,11,21,0,0,0.0,0,0.4913,0.287,0.1083,0.341
q61,11,22,0,0,0.2857,2,0.8825,0.6098,0.2397,0.4497
q61,11,23,0,0,0.125,1,0.6703,0.5061,0.2006,0.4084
q61,11,24,0,0,0.4286,3,0.8168,0.5781,0.2036,0.4368
q61,11,25,0,0,0.0,0,0.56,0.3816,0.1255,0.3369
q61,11,26,0,0,0.0,0,0.3388,0.2818,0.0957,0.2957
q61,12,13,1,1,0.0,0,0.5218,0.4768,0.1839,0.3508
q61,12,14,0,1,0.0,0,0.3602,0.1821,0.0528,0.2091
q61,12,15,0,1,0.0,0,0.3628,0.264,0.0792,0.2516
q61,12,16,0,1,0.0,0,0.5038,0.3492,0.0999,0.2686
q61,12,17,1,1,0.0,0,0.4359,0.543,0.1442,0.2959
q61,12,18,0,0,0.0,0,0.4818,0.2443,0.0788,0.2423
q61,12,19,0,0,0.0,0,0.5508,0.3151,0.1295,0.3238
q61,12,20,0,0,0.0,0,0.5368,0.221,0.0852,0.2666
q61,12,21,0,0,0.0,0,0.3578,0.2053,0.0746,0.2337
q61,12,22,0,0,0.0,0,0.4864,0.3759,0.1346,0.3069
q61,12,23,0,0,0.0,0,0.4636,0.4277,0.1332,0.3128
q61,12,24,0,0,0.0,0,0.5017,0.2885,0.0874,0.2786
q61,12,25,0,0,0.0,0,0.4242,0.2585,0.0743,0.2363
q61,12,26,0,0,0.0,0,0.2909,0.3063,0.071,0.2311
q61,13,14,0,1,0.0,0,0.4463,0.3029,0.0858,0.2794
q61,13,15,0,1,0.0,0,0.4109,0.3936,0.1225,0.3084
q61,13,16,0,1,0.1429,1,0.821,0.5591,0.1571,0.3346
q61,13,17,1,1,0.0,0,0.5013,0.5227,0.1621,0.344
q61,13,18,0,0,0.125,1,0.6673,0.4452,0.1324,0.285
q61,13,19,0,0,0.0,0,0.6139,0.5422,0.1935,0.3949
q61,13,20,0,0,0.0,0,0.644,0.3721,0.145,0.3372
q61,13,21,0,0,0.0,0,0.4478,0.2065,0.0926,0.271
q61,13,22,0,0,0.4,2,0.8077,0.5919,0.2154,0.4103
q61,13,23,0,0,0.1667,1,0.6493,0.605,0.2066,0.4029
q61,13,24,0,0,0.1429,1,0.7655,0.4586,0.1529,0.35
q61,13,25,0,0,0.0,0,0.4976,0.389,0.1211,0.3096
q61,13,26,0,0,0.0,0,0.3182,0.3137,0.0881,0.2676
q61,14,15,1,1,0.4286,3,0.8086,0.5738,0.2598,0.4754
q61,14,16,0,1,0.0,0,0.4728,0.216,0.0877,0.3052
q61,14,17,0,1,0.0,0,0.4425,0.2014,0.0743,0.253
q61,14,18,0,0,0.0,0,0.4528,0.3767,0.0823,0.2392
q61,14,19,0,0,0.0,0,0.4445,0.3066,0.0879,0.2825
q61,14,20,0,0,0.0,0,0.4654,0.2902,0.1051,0.3079
q61,14,21,0,0,0.5,3,0.9002,0.6171,0.2343,0.4456
q61,14,22,0,0,0.0,0,0.5095,0.2363,0.0985,0.3206
q61,14,23,0,0,0.0,0,0.4806,0.2419,0.0886,0.2952
q61,14,24,0,0,0.0,0,0.498,0.2384,0.1069,0.3366
q61,14,25,0,0,0.1429,1,0.6924,0.4664,0.1991,0.4305
q61,14,26,0,0,0.0,0,0.477,0.4474,0.1545,0.3627
q61,15,16,0,1,0.0,0,0.4511,0.3158,0.1213,0.3264
q61,15,17,0,1,0.0,0,0.4444,0.2567,0.0922,0.2823
q61,15,18,0,0,0.0,0,0.3978,0.3995,0.093,0.2562
q61,15,19,0,0,0.0,0,0.4302,0.2778,0.097,0.2914
q61,15,20,0,0,0.0,0,0.4299,0.3129,0.1283,0.3505
q61,15,21,0,0,0.2857,2,0.7619,0.599,0.2547,0.4521
q61,15,22,0,0,0.0,0,0.4744,0.3186,0.1258,0.3555
q61,15,23,0,0,0.0,0,0.4655,0.2397,0.1102,0.3197
q61,15,24,0,0,0.0,0,0.4834,0.312,0.1301,0.3651
q61,15,25,0,0,0.3333,2,0.7066,0.5484,0.2102,0.4418
q61,15,26,0,0,0.0,0,0.4828,0.5091,0.1561,0.383
q61,16,17,0,1,0.0,0,0.6289,0.3291,0.1296,0.3314
q61,16,18,0,0,0.125,1,0.8086,0.8159,0.1733,0.3156
q61,16,19,0,0,0.1429,1,0.788,0.6867,0.2111,0.3884
q61,16,20,0,0,0.1667,1,0.8391,0.684,0.2402,0.4318
q61,16,21,0,0,0.0,0,0.4804,0.2754,0.0951,0.2911
q61,16,22,0,0,0.4,2,0.8603,0.7275,0.3139,0.5292
q61,16,23,0,0,0.1667,1,0.6893,0.5272,0.1834,0.3711
q61,16,24,0,0,0.6,3,0.8655,0.6097,0.2147,0.4252
q61,16,25,0,0,0.0,0,0.5513,0.318,0.1229,0.3287
q61,16,26,0,0,0.0,0,0.3375,0.2452,0.0943,0.2912
q61,17,18,0,0,0.0,0,0.5017,0.296,0.0706,0.2072
q61,17,19,0,0,0.0,0,0.6219,0.3929,0.1153,0.2804
q61,17,20,0,0,0.0,0,0.6016,0.2558,0.1026,0.2849
q61,17,21,0,0,0.0,0,0.4503,0.1834,0.0686,0.2424
q61,17,22,0,0,0.0,0,0.6381,0.3941,0.1433,0.3379
q61,17,23,0,0,0.4,2,0.7388,0.5691,0.2018,0.4025
q61,17,24,0,0,0.0,0,0.5251,0.2573,0.1013,0.3013
q61,17,25,0,0,0.0,0,0.587,0.2587,0.0961,0.2926
q61,17,26,0,0,0.0,0,0.2526,0.1371,0.0844,0.2724
q61,18,19,0,1,0.125,1,0.7763,0.722,0.2797,0.4498
q61,18,20,1,1,0.1429,1,0.7964,0.8508,0.3127,0.4686
q61,18,21,0,1,0.0,0,0.4585,0.3586,0.0963,0.2728
q61,18,22,0,1,0.1429,1,0.7425,0.8087,0.2145,0.3665
q61,18,23,0,1,0.1429,1,0.6682,0.5403,0.1349,0.2878
q61,18,24,1,1,0.2857,2,0.7647,0.7593,0.1861,0.3651
q61,18,25,0,1,0.0,0,0.4901,0.3646,0.0878,0.2496
q61,18,26,0,1,0.0,0,0.2963,0.278,0.0654,0.2153
q61,19,20,0,1,0.75,3,0.8405,0.5924,0.2456,0.4351
q61,19,21,0,1,0.0,0,0.4565,0.261,0.1027,0.3048
q61,19,22,1,1,0.1667,1,0.7626,0.7236,0.2796,0.4845
q61,19,23,1,1,0.0,0,0.6673,0.66,0.2231,0.3966
q61,19,24,0,1,0.0,0,0.6471,0.6017,0.1879,0.4181
q61,19,25,0,1,0.0,0,0.5401,0.3159,0.1007,0.3025
q61,19,26,0,1,0.0,0,0.2502,0.2055,0.0717,0.2532
q61,20,21,0,1,0.0,0,0.4709,0.223,0.0884,0.2903
q61,20,22,0,1,0.2,1,0.8394,0.6678,0.2747,0.4852
q61,20,23,0,1,0.0,0,0.6879,0.4469,0.1639,0.3575
q61,20,24,1,1,0.0,0,0.6515,0.5688,0.2197,0.4365
q61,20,25,0,1,0.0,0,0.5384,0.2856,0.1104,0.3187
q61,20,26,0,1,0.0,0,0.2654,0.2457,0.0887,0.2875
q61,21,22,0,1,0.0,0,0.5147,0.2497,0.0972,0.3024
q61,21,23,0,1,0.0,0,0.4805,0.2201,0.0966,0.3017
q61,21,24,0,1,0.0,0,0.5053,0.2603,0.1075,0.3331
q61,21,25,1,1,0.0,0,0.5653,0.495,0.1792,0.4012
q61,21,26,1,1,0.0,0,0.4831,0.4774,0.1486,0.3512
q61,22,23,1,1,0.2,1,0.7443,0.5575,0.2387,0.4265
q61,22,24,0,1,0.1667,1,0.7833,0.5149,0.2161,0.4364
q61,22,25,0,1,0.0,0,0.5803,0.3304,0.1233,0.3492
q61,22,26,0,1,0.0,0,0.3542,0.2771,0.1113,0.3151
q61,23,24,0,1,0.1667,1,0.6521,0.4476,0.174,0.3763
q61,23,25,0,1,0.0,0,0.6244,0.2864,0.1038,0.3117
q61,23,26,0,1,0.0,0,0.293,0.1753,0.0741,0.2728
q61,24,25,0,1,0.0,0,0.5562,0.3217,0.1366,0.3683
q61,24,26,0,1,0.0,0,0.3389,0.2873,0.1104,0.3329
q61,25,26,1,1,0.0,0,0.4047,0.3646,0.1564,0.3804
q62,0,1,1,1,0.0,0,0.5323,0.4174,0.1594,0.3585
q62,0,2,1,1,0.0,0,0.4471,0.4707,0.1514,0.349
q62,0,3,0,1,0.0,0,0.395,0.3145,0.1233,0.3402
q62,0,4,0,1,0.0,0,0.4992,0.3305,0.1121,0.3043
q62,0,5,0,1,0.0,0,0.5128,0.3237,0.1097,0.3079
q62,0,6,0,1,0.0,0,0.4663,0.2848,0.1022,0.2961
q62,0,7,0,1,0.0,0,0.5167,0.3983,0.1083,0.3127
q62,0,8,0,1,0.0,0,0.5549,0.3892,0.1087,0.3141
q62,1,2,1,1,0.0,0,0.5322,0.6232,0.1936,0.3761
q62,1,3,0,1,0.0,0,0.6402,0.445,0.152,0.3568
q62,1,4,0,1,0.0,0,0.5253,0.5133,0.1532,0.341
q62,1,5,0,1,0.1667,1,0.6791,0.4131,0.1325,0.3436
q62,1,6,0,1,0.1429,1,0.6536,0.4034,0.1282,0.3301
q62,1,7,0,1,0.0,0,0.5673,0.5355,0.1544,0.3517
q62,1,8,0,1,0.0,0,0.5545,0.4759,0.123,0.3296
q62,2,3,0,1,0.0,0,0.4808,0.4592,0.1893,0.4145
q62,2,4,0,1,0.0,0,0.4855,0.4553,0.1874,0.4151
q62,2,5,0,1,0.0,0,0.5384,0.4092,0.1537,0.3828
q62,2,6,0,1,0.0,0,0.4819,0.4446,0.1794,0.3946
q62,2,7,0,1,0.0,0,0.5499,0.5021,0.1862,0.4199
q62,2,8,0,1,0.0,0,0.5158,0.4603,0.1632,0.4108
q62,3,4,1,1,0.0,0,0.5546,0.5049,0.208,0.4237
q62,3,5,0,1,0.0,0,0.6089,0.4916,0.1809,0.414
q62,3,6,0,1,0.0,0,0.6462,0.5021,0.2003,0.4418
q62,3,7,1,1,0.0,0,0.5448,0.6013,0.2379,0.4427
q62,3,8,0,1,0.0,0,0.4618,0.5534,0.209,0.4591
q62,4,5,0,1,0.1111,1,0.633,0.4341,0.1709,0.4073
q62,4,6,0,1,0.0,0,0.4957,0.4727,0.1838,0.4046
q62,4,7,1,1,0.0,0,0.5156,0.572,0.2236,0.4377
q62,4,8,0,1,0.0,0,0.4819,0.4736,0.1783,0.425
q62,5,6,1,1,0.125,1,0.6244,0.5505,0.2018,0.4276
q62,5,7,0,1,0.2857,2,0.7287,0.4941,0.1903,0.4233
q62,5,8,1,1,0.1429,1,0.5992,0.6444,0.2602,0.5402
q62,6,7,0,1,0.0,0,0.5295,0.5151,0.1767,0.4035
q62,6,8,1,1,0.0,0,0.4858,0.6094,0.2089,0.4482
q62,7,8,0,1,0.125,1,0.6164,0.4956,0.2033,0.4431
q63,0,1,0,1,0.6,3,0.9577,0.5383,0.2205,0.3757
q63,0,2,0,1,0.3333,2,0.9313,0.3286,0.1159,0.2912
q63,0,3,0,1,0.3333,2,0.7834,0.6219,0.2022,0.379
q63,0,4,1,1,0.6,3,0.9612,0.7005,0.2299,0.4055
q63,0,5,1,1,0.1429,1,0.6723,0.6895,0.254,0.4503
q63,0,6,0,1,0.0,0,0.4421,0.2767,0.0754,0.2314
q63,0,7,0,1,0.0,0,0.4766,0.3498,0.0952,0.2571
q63,0,8,0,1,0.125,1,0.8055,0.4583,0.1275,0.2783
q63,0,9,0,0,0.0,0,0.0,0.4375,0.0712,0.1589
q63,0,10,0,0,0.0,0,0.4643,0.158,0.0648,0.2114
q63,0,11,0,0,0.0,0,0.4992,0.3781,0.1217,0.2986
q63,0,12,0,0,0.0,0,0.4337,0.27,0.0888,0.2483
q63,0,13,0,0,0.0,0,0.5354,0.4269,0.1356,0.2926
q63,0,14,0,0,0.0,0,0.4792,0.4434,0.1386,0.3021
q63,0,15,0,0,0.0,0,0.4702,0.5118,0.1413,0.3002
q63,0,16,0,0,0.0,0,0.4729,0.4261,0.1063,0.2566
q63,0,17,0,0,0.0,0,0.5145,0.522,0.1057,0.2448
q63,0,18,0,0,0.0,0,0.5841,0.4057,0.1334,0.2908
q63,0,19,0,0,0.2857,2,0.9258,0.3781,0.1627,0.3596
q63,0,20,0,0,0.125,1,0.7605,0.386,0.1267,0.2935
q63,0,21,0,0,0.25,2,0.6358,0.423,0.141,0.2834
q63,0,22,0,0,0.0,0,0.5518,0.4544,0.1364,0.2962
q63,0,23,0,0,0.1429,1,0.6146,0.4788,0.1404,0.282
q63,0,24,0,0,0.3333,2,0.9287,0.5464,0.182,0.3531
q63,0,25,0,0,0.1429,1,0.7536,0.467,0.1549,0.3276
q63,0,26,0,0,0.4,2,0.7394,0.522,0.1723,0.3394
q63,1,2,0,1,0.3333,2,0.9216,0.3494,0.1127,0.2774
q63,1,3,0,1,0.1429,1,0.7154,0.5138,0.1411,0.2957
q63,1,4,0,1,0.6,3,0.9615,0.6474,0.2192,0.3756
q63,1,5,0,1,0.1429,1,0.6584,0.4719,0.1577,0.3263
q63,1,6,1,1,0.0,0,0.4173,0.3858,0.0921,0.2453
q63,1,7,0,1,0.0,0,0.4422,0.332,0.0839,0.227
q63,1,8,1,1,0.125,1,0.8065,0.6601,0.1769,0.3209
q63,1,9,0,0,0.0,0,0.0,0.4375,0.0709,0.1674
q63,1,10,0,0,0.0,0,0.4326,0.219,0.0653,0.2153
q63,1,11,0,0,0.0,0,0.4725,0.3281,0.1011,0.2582
q63,1,12,0,0,0.0,0,0.4019,0.3296,0.0949,0.2363
q63,1,13,0,0,0.0,0,0.5038,0.3423,0.1129,0.264
q63,1,14,0,0,0.0,0,0.4407,0.3407,0.0914,0.2473
q63,1,15,0,0,0.0,0,0.4279,0.3842,0.1014,0.2546
q63,1,16,0,0,0.0,0,0.4197,0.3431,0.0848,0.2284
q63,1,17,0,0,0.0,0,0.4961,0.4292,0.0955,0.2343
q63,1,18,0,0,0.0,0,0.5716,0.4292,0.1366,0.2891
q63,1,19,0,0,0.2857,2,0.9257,0.4482,0.1673,0.3528
q63,1,20,0,0,0.125,1,0.7511,0.4957,0.1575,0.3143
q63,1,21,0,0,0.1111,1,0.6268,0.5573,0.1807,0.328
q63,1,22,0,0,0.0,0,0.5225,0.3534,0.1141,0.2492
q63,1,23,0,0,0.1429,1,0.6013,0.5123,0.1886,0.3394
q63,1,24,0,0,0.3333,2,0.9197,0.653,0.2497,0.4018
q63,1,25,0,0,0.1429,1,0.7152,0.5344,0.1611,0.3187
q63,1,26,0,0,0.4,2,0.6977,0.4822,0.1556,0.3013
q63,2,3,1,1,0.1429,1,0.781,0.5158,0.1879,0.4165
q63,2,4,0,1,0.3333,2,0.9295,0.4684,0.1825,0.3798
q63,2,5,0,1,0.1429,1,0.6349,0.3969,0.1413,0.348
q63,2,6,0,1,0.0,0,0.4309,0.4434,0.1276,0.3329
q63,2,7,1,1,0.0,0,0.4608,0.5211,0.1799,0.3939
q63,2,8,0,1,0.2857,2,0.8497,0.5244,0.1664,0.3638
q63,2,9,0,0,0.0,0,0.0,0.5288,0.0643,0.1518
q63,2,10,0,0,0.0,0,0.4429,0.268,0.0833,0.2487
q63,2,11,0,0,0.0,0,0.5002,0.3399,0.1158,0.3287
q63,2,12,0,0,0.0,0,0.4958,0.3791,0.0915,0.2668
q63,2,13,0,0,0.0,0,0.5305,0.3466,0.1359,0.35
q63,2,14,0,0,0.0,0,0.4623,0.4391,0.1329,0.3422
q63,2,15,0,0,0.0,0,0.4339,0.4497,0.143,0.3637
q63,2,16,0,0,0.0,0,0.4324,0.4449,0.118,0.3168
q63,2,17,0,0,0.0,0,0.5058,0.4492,0.1161,0.3066
q63,2,18,0,0,0.1429,1,0.6244,0.4259,0.1477,0.3483
q63,2,19,0,0,0.2857,2,0.926,0.3943,0.1282,0.324
q63,2,20,0,0,0.125,1,0.7679,0.4597,0.1772,0.378
q63,2,21,0,0,0.25,2,0.7486,0.3547,0.112,0.2895
q63,2,22,0,0,0.0,0,0.567,0.2768,0.1069,0.3098
q63,2,23,0,0,0.1429,1,0.6202,0.3534,0.1209,0.2897
q63,2,24,0,0,0.6,3,0.9343,0.511,0.1905,0.3892
q63,2,25,0,0,0.1429,1,0.6665,0.3979,0.1391,0.3391
q63,2,26,0,0,0.1667,1,0.6275,0.3888,0.131,0.3066
q63,3,4,0,1,0.1429,1,0.7177,0.4645,0.1875,0.3891
q63,3,5,0,1,0.1429,1,0.7169,0.5726,0.2032,0.4091
q63,3,6,0,1,0.0,0,0.46,0.3949,0.1334,0.3553
q63,3,7,1,1,0.0,0,0.5036,0.3582,0.1548,0.367
q63,3,8,0,1,0.0,0,0.6242,0.5273,0.1877,0.3911
q63,3,9,0,0,0.0,0,0.0,0.601,0.0581,0.1376
q63,3,10,0,0,0.0,0,0.4785,0.3025,0.0891,0.2456
q63,3,11,0,0,0.0,0,0.4691,0.4468,0.1547,0.3574
q63,3,12,0,0,0.0,0,0.4688,0.3791,0.0849,0.2559
q63,3,13,0,0,0.0,0,0.5861,0.4082,0.1534,0.3537
q63,3,14,0,0,0.0,0,0.5202,0.3795,0.1569,0.3705
q63,3,15,0,0,0.0,0,0.5264,0.5699,0.2013,0.4229
q63,3,16,0,0,0.0,0,0.5253,0.5116,0.1734,0.3673
q63,3,17,0,0,0.0,0,0.5536,0.4807,0.1371,0.3366
q63,3,18,0,0,0.0,0,0.6733,0.5402,0.187,0.3782
q63,3,19,0,0,0.125,1,0.6032,0.6034,0.2049,0.3851
q63,3,20,0,0,0.0,0,0.5405,0.4535,0.1565,0.3608
q63,3,21,0,0,0.4286,3,0.812,0.52,0.1791,0.3554
q63,3,22,0,0,0.0,0,0.5206,0.4066,0.1485,0.3363
q63,3,23,0,0,0.1429,1,0.6843,0.4072,0.142,0.3048
q63,3,24,0,0,0.1429,1,0.7752,0.5681,0.2234,0.4146
q63,3,25,0,0,0.1429,1,0.778,0.6345,0.2432,0.4206
q63,3,26,0,0,0.1667,1,0.8282,0.5268,0.2029,0.3677
q63,4,5,1,1,0.1429,1,0.6403,0.6311,0.2394,0.4333
q63,4,6,0,1,0.0,0,0.4184,0.2989,0.1028,0.2977
q63,4,7,0,1,0.0,0,0.4454,0.3129,0.1222,0.3185
q63,4,8,0,1,0.125,1,0.8169,0.4985,0.1821,0.3842
q63,4,9,0,0,0.0,0,0.0,0.5962,0.0588,0.1335
q63,4,10,0,0,0.0,0,0.4364,0.2508,0.0846,0.2398
q63,4,11,0,0,0.0,0,0.4774,0.3579,0.1177,0.3102
q63,4,12,0,0,0.0,0,0.4015,0.4274,0.0946,0.2377
q63,4,13,0,0,0.0,0,0.5092,0.4185,0.1581,0.3527
q63,4,14,0,0,0.0,0,0.4502,0.424,0.148,0.3345
q63,4,15,0,0,0.0,0,0.4257,0.5023,0.176,0.3595
q63,4,16,0,0,0.0,0,0.4296,0.4393,0.1404,0.346
q63,4,17,0,0,0.0,0,0.4967,0.4772,0.127,0.3061
q63,4,18,0,0,0.0,0,0.561,0.4833,0.173,0.3433
q63,4,19,0,0,0.2857,2,0.926,0.5103,0.1703,0.3522
q63,4,20,0,0,0.2857,2,0.7579,0.5282,0.1795,0.3781
q63,4,21,0,0,0.1111,1,0.6324,0.5375,0.1788,0.362
q63,4,22,0,0,0.0,0,0.5446,0.4202,0.1448,0.321
q63,4,23,0,0,0.1429,1,0.6068,0.6175,0.2159,0.3928
q63,4,24,0,0,0.3333,2,0.9288,0.6054,0.2827,0.4607
q63,4,25,0,0,0.1429,1,0.6916,0.5032,0.2104,0.4141
q63,4,26,0,0,0.4,2,0.6749,0.4811,0.1841,0.3784
q63,5,6,0,1,0.0,0,0.4013,0.3093,0.0921,0.2699
q63,5,7,0,1,0.0,0,0.4795,0.4089,0.1166,0.3107
q63,5,8,0,1,0.0,0,0.5261,0.521,0.1442,0.3224
q63,5,9,0,0,0.0,0,0.0,0.4712,0.0541,0.1348
q63,5,10,0,0,0.0,0,0.4608,0.2798,0.0826,0.2269
q63,5,11,0,0,0.0,0,0.5384,0.3834,0.1318,0.3369
q63,5,12,0,0,0.0,0,0.5432,0.3498,0.0849,0.2448
q63,5,13,0,0,0.0,0,0.5306,0.4004,0.1681,0.356
q63,5,14,0,0,0.0,0,0.4908,0.4565,0.1513,0.3502
q63,5,15,0,0,0.0,0,0.4402,0.5601,0.1781,0.3739
q63,5,16,0,0,0.0,0,0.4557,0.5265,0.1493,0.3395
q63,5,17,0,0,0.1667,1,0.5623,0.526,0.1211,0.2996
q63,5,18,0,0,0.1429,1,0.5682,0.4215,0.1404,0.3153
q63,5,19,0,0,0.125,1,0.6694,0.5138,0.1816,0.382
q63,5,20,0,0,0.125,1,0.6111,0.4745,0.1553,0.349
q63,5,21,0,0,0.1111,1,0.6807,0.4312,0.1373,0.3121
q63,5,22,0,0,0.0,0,0.542,0.498,0.1516,0.3417
q63,5,23,0,0,0.1429,1,0.6782,0.5191,0.1813,0.3525
q63,5,24,0,0,0.1429,1,0.614,0.5501,0.2029,0.3831
q63,5,25,0,0,0.1429,1,0.6591,0.54,0.2119,0.3974
q63,5,26,0,0,0.1667,1,0.6577,0.531,0.1868,0.3626
q63,6,7,0,1,0.0,0,0.455,0.359,0.1382,0.3725
q63,6,8,1,1,0.0,0,0.3769,0.4141,0.1477,0.3639
q63,6,9,0,0,0.0,0,0.0,0.5192,0.0418,0.1053
q63,6,10,0,0,0.0,0,0.4128,0.2531,0.0568,0.2164
q63,6,11,0,0,0.0,0,0.4335,0.2785,0.086,0.2846
q63,6,12,0,0,0.0,0,0.5046,0.3183,0.0653,0.2115
q63,6,13,0,0,0.0,0,0.4544,0.3337,0.1053,0.3005
q63,6,14,0,0,0.0,0,0.4315,0.2895,0.1067,0.317
q63,6,15,0,0,0.0,0,0.3839,0.3094,0.1167,0.3388
q63,6,16,0,0,0.0,0,0.3906,0.2802,0.1046,0.3239
q63,6,17,0,0,0.0,0,0.4275,0.3549,0.1269,0.3439
q63,6,18,0,0,0.0,0,0.4457,0.4068,0.107,0.3054
q63,6,19,0,0,0.0,0,0.4028,0.3695,0.0926,0.2689
q63,6,20,0,0,0.0,0,0.4205,0.4548,0.1265,0.3261
q63,6,21,0,0,0.0,0,0.4076,0.3609,0.1001,0.2838
q63,6,22,0,0,0.0,0,0.43,0.3081,0.0988,0.2914
q63,6,23,0,0,0.0,0,0.401,0.2829,0.0873,0.2591
q63,6,24,0,0,0.0,0,0.4128,0.3821,0.1146,0.3096
q63,6,25,0,0,0.0,0,0.4232,0.3737,0.113,0.3067
q63,6,26,0,0,0.0,0,0.4314,0.3074,0.087,0.2528
q63,7,8,0,1,0.0,0,0.4387,0.3273,0.1332,0.3415
q63,7,9,0,0,0.0,0,0.0,0.6587,0.055,0.1195
q63,7,10,0,0,0.1667,1,0.6246,0.2187,0.0672,0.2286
q63,7,11,0,0,0.0,0,0.5394,0.3175,0.1063,0.3233
q63,7,12,0,0,0.0,0,0.5531,0.3161,0.063,0.2153
q63,7,13,0,0,0.0,0,0.4979,0.327,0.1134,0.3295
q63,7,14,0,0,0.0,0,0.5224,0.2232,0.098,0.3171
q63,7,15,0,0,0.0,0,0.4774,0.3157,0.1254,0.3565
q63,7,16,0,0,0.0,0,0.4581,0.325,0.1261,0.3441
q63,7,17,0,0,0.0,0,0.4502,0.3497,0.1151,0.3335
q63,7,18,0,0,0.0,0,0.4894,0.3958,0.1099,0.3065
q63,7,19,0,0,0.0,0,0.4476,0.3149,0.0917,0.2759
q63,7,20,0,0,0.0,0,0.4454,0.4305,0.1323,0.3414
q63,7,21,0,0,0.0,0,0.4622,0.3619,0.0997,0.2797
q63,7,22,0,0,0.0,0,0.5222,0.2955,0.0905,0.296
q63,7,23,0,0,0.0,0,0.4761,0.3002,0.0901,0.2561
q63,7,24,0,0,0.0,0,0.4391,0.3866,0.114,0.3066
q63,7,25,0,0,0.0,0,0.4497,0.3445,0.1248,0.3181
q63,7,26,0,0,0.0,0,0.4904,0.1942,0.09,0.2742
q63,8,9,0,0,0.0,0,0.0,0.6442,0.0527,0.1175
q63,8,10,0,0,0.0,0,0.434,0.2743,0.0702,0.2156
q63,8,11,0,0,0.0,0,0.527,0.3354,0.1051,0.297
q63,8,12,0,0,0.0,0,0.4488,0.4623,0.0693,0.213
q63,8,13,0,0,0.0,0,0.4569,0.4553,0.1556,0.3515
q63,8,14,0,0,0.0,0,0.4171,0.3874,0.1395,0.3356
q63,8,15,0,0,0.0,0,0.3592,0.4396,0.1352,0.344
q63,8,16,0,0,0.0,0,0.4177,0.3665,0.1268,0.3424
q63,8,17,0,0,0.0,0,0.445,0.5568,0.1701,0.3653
q63,8,18,0,0,0.2857,2,0.6346,0.6659,0.2376,0.4317
q63,8,19,0,0,0.25,2,0.8657,0.4707,0.1266,0.3059
q63,8,20,0,0,0.1111,1,0.7496,0.7107,0.2486,0.433
q63,8,21,0,0,0.375,3,0.775,0.636,0.2216,0.4238
q63,8,22,0,0,0.0,0,0.5179,0.3944,0.1234,0.3105
q63,8,23,0,0,0.125,1,0.5614,0.4169,0.1263,0.2922
q63,8,24,0,0,0.5,3,0.8991,0.6652,0.2349,0.4261
q63,8,25,0,0,0.0,0,0.5459,0.5578,0.1633,0.3485
q63,8,26,0,0,0.0,0,0.5288,0.4197,0.1293,0.3061
q63,9,10,0,1,0.0,0,0.0,0.2212,0.0317,0.1213
q63,9,11,0,1,0.0,0,0.0,0.2356,0.0307,0.1127
q63,9,12,1,1,0.0,0,0.0,0.4231,0.0907,0.2004
q63,9,13,0,1,0.0,0,0.0,0.4519,0.0519,0.13
q63,9,14,0,1,0.0,0,0.0,0.2885,0.0305,0.1154
q63,9,15,0,1,0.0,0,0.0,0.5288,0.0501,0.1285
q63,9,16,0,1,0.0,0,0.0,0.476,0.0422,0.1059
q63,9,17,1,1,0.0,0,0.0,0.6971,0.0469,0.1022
q63,9,18,0,0,0.0,0,0.0,0.7452,0.0946,0.1651
q63,9,19,0,0,0.0,0,0.0,0.4423,0.0623,0.152
q63,9,20,0,0,0.0,0,0.0,0.6346,0.0757,0.1545
q63,9,21,0,0,0.0,0,0.0,0.7644,0.0924,0.1536
q63,9,22,0,0,0.0,0,0.0,0.3077,0.0424,0.1247
q63,9,23,0,0,0.0,0,0.0,0.4471,0.0637,0.1412
q63,9,24,0,0,0.0,0,0.0,0.5625,0.0612,0.1436
q63,9,25,0,0,0.0,0,0.0,0.5769,0.0626,0.1499
q63,9,26,0,0,0.0,0,0.0,0.5385,0.0623,0.1287
q63,10,11,0,1,0.0,0,0.5097,0.2069,0.0621,0.2131
q63,10,12,0,1,0.0,0,0.5004,0.1946,0.0536,0.2021
q63,10,13,1,1,0.0,0,0.4298,0.4138,0.1257,0.2764
q63,10,14,1,1,0.0,0,0.466,0.4154,0.1148,0.2612
q63,10,15,0,1,0.0,0,0.4481,0.3268,0.0895,0.2549
q63,10,16,0,1,0.2,1,0.5202,0.2845,0.0676,0.2162
q63,10,17,0,1,0.0,0,0.399,0.3009,0.0628,0.202
q63,10,18,0,0,0.0,0,0.4562,0.2077,0.0699,0.215
q63,10,19,0,0,0.0,0,0.4409,0.2116,0.0754,0.2271
q63,10,20,0,0,0.0,0,0.431,0.2343,0.0707,0.2155
q63,10,21,0,0,0.0,0,0.4417,0.2163,0.0645,0.2
q63,10,22,0,0,0.0,0,0.5215,0.2288,0.0772,0.2327
q63,10,23,0,0,0.0,0,0.4656,0.3503,0.1006,0.2346
q63,10,24,0,0,0.0,0,0.4304,0.4177,0.1101,0.2566
q63,10,25,0,0,0.0,0,0.4308,0.2453,0.0777,0.2159
q63,10,26,0,0,0.0,0,0.4709,0.3809,0.123,0.2627
q63,11,12,0,1,0.0,0,0.484,0.2936,0.0753,0.2303
q63,11,13,0,1,0.0,0,0.5105,0.2587,0.112,0.3083
q63,11,14,0,1,0.0,0,0.5051,0.3391,0.1235,0.3409
q63,11,15,1,1,0.0,0,0.4769,0.5292,0.1948,0.4027
q63,11,16,1,1,0.0,0,0.5934,0.5024,0.1629,0.3683
q63,11,17,0,1,0.0,0,0.5078,0.3462,0.0916,0.283
q63,11,18,0,0,0.0,0,0.5667,0.2903,0.0914,0.2713
q63,11,19,0,0,0.0,0,0.4747,0.5368,0.1794,0.3551
q63,11,20,0,0,0.0,0,0.4656,0.3151,0.1166,0.3038
q63,11,21,0,0,0.0,0,0.4789,0.2972,0.0889,0.2642
q63,11,22,0,0,0.0,0,0.52,0.396,0.1545,0.3403
q63,11,23,0,0,0.0,0,0.4908,0.2722,0.0862,0.2544
q63,11,24,0,0,0.0,0,0.4922,0.3584,0.1283,0.3266
q63,11,25,0,0,0.0,0,0.4852,0.381,0.1522,0.3368
q63,11,26,0,0,0.0,0,0.4872,0.3217,0.1169,0.2934
q63,12,13,0,1,0.0,0,0.5801,0.3521,0.0787,0.2303
q63,12,14,0,1,0.0,0,0.5757,0.4218,0.0813,0.2396
q63,12,15,0,1,0.0,0,0.5316,0.4724,0.0962,0.2755
q63,12,16,0,1,0.0,0,0.5582,0.3465,0.0669,0.2217
q63,12,17,1,1,0.0,0,0.5764,0.5129,0.0635,0.1974
q63,12,18,0,0,0.0,0,0.5801,0.4162,0.0863,0.2288
q63,12,19,0,0,0.0,0,0.3745,0.3251,0.0774,0.2326
q63,12,20,0,0,0.0,0,0.45,0.4274,0.0843,0.2285
q63,12,21,0,0,0.0,0,0.3956,0.4286,0.0727,0.2024
q63,12,22,0,0,0.0,0,0.4764,0.2475,0.0764,0.2363
q63,12,23,0,0,0.0,0,0.387,0.3802,0.0888,0.2256
q63,12,24,0,0,0.0,0,0.4854,0.3858,0.0889,0.2391
q63,12,25,0,0,0.0,0,0.4923,0.3397,0.0733,0.227
q63,12,26,0,0,0.0,0,0.4934,0.4477,0.0911,0.2369
q63,13,14,1,1,0.0,0,0.5448,0.5111,0.1992,0.3925
q63,13,15,0,1,0.0,0,0.51,0.3699,0.1218,0.3285
q63,13,16,0,1,0.0,0,0.5314,0.3192,0.1097,0.3114
q63,13,17,0,1,0.0,0,0.6014,0.4713,0.1361,0.3437
q63,13,18,0,0,0.0,0,0.6406,0.4341,0.1562,0.3656
q63,13,19,0,0,0.0,0,0.466,0.3431,0.1171,0.2877
q63,13,20,0,0,0.0,0,0.5338,0.4139,0.1623,0.3617
q63,13,21,0,0,0.0,0,0.5002,0.3233,0.1349,0.3321
q63,13,22,0,0,0.0,0,0.5513,0.2768,0.1165,0.3001
q63,13,23,0,0,0.0,0,0.5163,0.4416,0.1861,0.345
q63,13,24,0,0,0.0,0,0.5033,0.4982,0.2122,0.4137
q63,13,25,0,0,0.0,0,0.4834,0.3394,0.1359,0.3121
q63,13,26,0,0,0.0,0,0.561,0.4346,0.1757,0.3418
q63,14,15,0,1,0.0,0,0.4885,0.4861,0.1787,0.3958
q63,14,16,0,1,0.0,0,0.51,0.4017,0.1308,0.3302
q63,14,17,0,1,0.0,0,0.4394,0.4499,0.1309,0.3258
q63,14,18,0,0,0.0,0,0.5362,0.3319,0.1159,0.3012
q63,14,19,0,0,0.0,0,0.4259,0.4282,0.1227,0.3096
q63,14,20,0,0,0.0,0,0.4525,0.4282,0.1489,0.3453
q63,14,21,0,0,0.0,0,0.4551,0.3547,0.1029,0.282
q63,14,22,0,0,0.0,0,0.545,0.3874,0.1245,0.3068
q63,14,23,0,0,0.0,0,0.4766,0.4476,0.1513,0.3142
q63,14,24,0,0,0.0,0,0.448,0.5734,0.1837,0.3586
q63,14,25,0,0,0.0,0,0.4439,0.4725,0.1517,0.3467
q63,14,26,0,0,0.0,0,0.5053,0.4424,0.1629,0.3256
q63,15,16,1,1,0.0,0,0.4919,0.5656,0.2256,0.461
q63,15,17,0,1,0.0,0,0.4757,0.4187,0.1112,0.3055
q63,15,18,0,0,0.0,0,0.4916,0.3472,0.1181,0.3071
q63,15,19,0,0,0.0,0,0.3928,0.5701,0.194,0.3709
q63,15,20,0,0,0.0,0,0.3986,0.4438,0.1298,0.3253
q63,15,21,0,0,0.0,0,0.4103,0.3932,0.1093,0.2858
q63,15,22,0,0,0.0,0,0.5494,0.5818,0.1968,0.4101
q63,15,23,0,0,0.0,0,0.4499,0.3959,0.1183,0.2848
q63,15,24,0,0,0.0,0,0.409,0.5309,0.1706,0.3565
q63,15,25,0,0,0.0,0,0.4207,0.5837,0.2056,0.4006
q63,15,26,0,0,0.0,0,0.5058,0.4632,0.1495,0.3144
q63,16,17,0,1,0.0,0,0.4269,0.4186,0.1134,0.3169
q63,16,18,0,0,0.0,0,0.53,0.3439,0.1026,0.2798
q63,16,19,0,0,0.0,0,0.4143,0.4523,0.1375,0.3101
q63,16,20,0,0,0.0,0,0.4245,0.4232,0.1143,0.319
q63,16,21,0,0,0.0,0,0.4335,0.3891,0.095,0.2626
q63,16,22,0,0,0.0,0,0.5446,0.5652,0.1923,0.3818
q63,16,23,0,0,0.0,0,0.4553,0.4034,0.104,0.2757
q63,16,24,0,0,0.0,0,0.417,0.4865,0.1388,0.3145
q63,16,25,0,0,0.0,0,0.4356,0.5,0.155,0.3308
q63,16,26,0,0,0.0,0,0.5105,0.4089,0.1185,0.285
q63,17,18,0,0,0.1667,1,0.6344,0.596,0.1575,0.3284
q63,17,19,0,0,0.0,0,0.4523,0.381,0.0865,0.2522
q63,17,20,0,0,0.1429,1,0.7107,0.724,0.2249,0.4141
q63,17,21,0,0,0.0,0,0.4901,0.538,0.1339,0.2959
q63,17,22,0,0,0.0,0,0.5149,0.454,0.1046,0.2748
q63,17,23,0,0,0.0,0,0.5036,0.4572,0.0973,0.2436
q63,17,24,0,0,0.0,0,0.4817,0.5528,0.1387,0.3121
q63,17,25,0,0,0.0,0,0.5395,0.4672,0.116,0.2954
q63,17,26,0,0,0.0,0,0.6038,0.4781,0.123,0.2837
q63,18,19,0,1,0.0,0,0.5309,0.354,0.1199,0.3047
q63,18,20,1,1,0.125,1,0.6229,0.643,0.2697,0.4496
q63,18,21,1,1,0.1111,1,0.6574,0.5774,0.2501,0.4221
q63,18,22,0,1,0.0,0,0.5495,0.2958,0.1054,0.2751
q63,18,23,0,1,0.0,0,0.565,0.403,0.1336,0.2853
q63,18,24,0,1,0.1429,1,0.6027,0.5467,0.2075,0.4119
q63,18,25,0,1,0.0,0,0.5534,0.4522,0.1471,0.3219
q63,18,26,0,1,0.0,0,0.5923,0.3904,0.1235,0.2761
q63,19,20,0,1,0.1111,1,0.7722,0.3822,0.1152,0.2934
q63,19,21,0,1,0.2222,2,0.6823,0.4868,0.1549,0.3227
q63,19,22,1,1,0.0,0,0.5047,0.4701,0.1644,0.3379
q63,19,23,0,1,0.2857,2,0.6573,0.4086,0.145,0.3095
q63,19,24,0,1,0.2857,2,0.9257,0.5759,0.1966,0.3769
q63,19,25,1,1,0.125,1,0.6317,0.796,0.336,0.5271
q63,19,26,0,1,0.1429,1,0.6105,0.492,0.1586,0.3268
q63,20,21,1,1,0.0,0,0.4961,0.4815,0.1621,0.3377
q63,20,22,0,1,0.0,0,0.5081,0.3389,0.1116,0.2972
q63,20,23,0,1,0.0,0,0.4868,0.4303,0.1603,0.3214
q63,20,24,0,1,0.125,1,0.7644,0.5933,0.2143,0.4108
q63,20,25,0,1,0.0,0,0.4932,0.4759,0.166,0.3405
q63,20,26,0,1,0.0,0,0.4808,0.3861,0.1294,0.3012
q63,21,22,0,1,0.0,0,0.4282,0.3552,0.1202,0.2967
q63,21,23,0,1,0.25,2,0.7312,0.5621,0.213,0.3821
q63,21,24,0,1,0.4286,3,0.8206,0.5811,0.199,0.3907
q63,21,25,0,1,0.1111,1,0.6388,0.5051,0.1714,0.3571
q63,21,26,0,1,0.125,1,0.6297,0.4297,0.1461,0.295
q63,22,23,0,1,0.0,0,0.4552,0.4325,0.1278,0.2901
q63,22,24,0,1,0.0,0,0.5514,0.397,0.1496,0.3287
q63,22,25,1,1,0.0,0,0.4951,0.4177,0.1617,0.3351
q63,22,26,0,1,0.0,0,0.5116,0.3247,0.12,0.2854
q63,23,24,1,1,0.1429,1,0.6108,0.6374,0.2538,0.4068
q63,23,25,0,1,0.1429,1,0.6025,0.4583,0.1581,0.3235
q63,23,26,1,1,0.1667,1,0.6155,0.5401,0.2111,0.3608
q63,24,25,0,1,0.1429,1,0.666,0.5845,0.2029,0.3847
q63,24,26,1,1,0.1667,1,0.6048,0.6009,0.2367,0.3972
q63,25,26,0,1,0.1667,1,0.7126,0.5353,0.1824,0.3595
q64,0,1,0,1,0.0,0,0.5123,0.4085,0.1415,0.3431
q64,0,2,0,1,0.0,0,0.418,0.3385,0.137,0.3219
q64,0,3,0,1,0.0,0,0.4207,0.3954,0.123,0.306
q64,0,4,0,1,0.0,0,0.41,0.3462,0.1278,0.3115
q64,0,5,1,1,0.0,0,0.3974,0.5208,0.1611,0.3295
q64,0,6,1,1,0.0,0,0.4318,0.5092,0.162,0.339
q64,0,7,0,1,0.0,0,0.5045,0.4169,0.1252,0.3094
q64,0,8,0,1,0.0,0,0.4827,0.4577,0.1306,0.3254
q64,0,9,0,0,0.0,0,0.0,0.0,0.0095,0.0599
q64,0,10,0,0,0.0,0,0.4197,0.3454,0.1198,0.319
q64,0,11,0,0,0.0,0,0.272,0.3075,0.1078,0.2775
q64,0,12,0,0,0.0,0,0.4032,0.3384,0.1295,0.3142
q64,0,13,0,0,0.0,0,0.4698,0.4169,0.1221,0.2874
q64,0,14,0,0,0.0,0,0.4603,0.4423,0.1163,0.2876
q64,0,15,0,0,0.0,0,0.4564,0.2562,0.0974,0.2886
q64,0,16,0,0,0.0,0,0.3751,0.4008,0.1158,0.2911
q64,0,17,0,0,0.0,0,0.3795,0.3608,0.112,0.2976
q64,1,2,0,1,0.0,0,0.483,0.4141,0.1546,0.3454
q64,1,3,0,1,0.0,0,0.4611,0.4951,0.1918,0.3873
q64,1,4,0,1,0.0,0,0.5556,0.3795,0.1696,0.3689
q64,1,5,0,1,0.0,0,0.4227,0.4658,0.157,0.3827
q64,1,6,0,1,0.0,0,0.4463,0.5049,0.1797,0.4022
q64,1,7,1,1,0.0,0,0.453,0.6016,0.2187,0.4327
q64,1,8,1,1,0.0,0,0.4664,0.5378,0.1707,0.3869
q64,1,9,0,0,0.0,0,0.0,0.0964,0.0079,0.0513
q64,1,10,0,0,0.0,0,0.5577,0.366,0.1323,0.3458
q64,1,11,0,0,0.0,0,0.4266,0.3446,0.0926,0.2542
q64,1,12,0,0,0.0,0,0.5112,0.315,0.1028,0.269
q64,1,13,0,0,0.0,0,0.5842,0.4865,0.1751,0.3693
q64,1,14,0,0,0.0,0,0.4614,0.4865,0.1494,0.3569
q64,1,15,0,0,0.0,0,0.4579,0.2619,0.0888,0.2854
q64,1,16,0,0,0.0,0,0.4761,0.4433,0.1653,0.3747
q64,1,17,0,0,0.0,0,0.4715,0.2891,0.1165,0.3154
q64,2,3,1,1,0.0,0,0.5883,0.525,0.2053,0.3997
q64,2,4,1,1,0.0,0,0.4982,0.4833,0.2174,0.4202
q64,2,5,0,1,0.0,0,0.5162,0.4868,0.174,0.3641
q64,2,6,0,1,0.0,0,0.5717,0.5299,0.1748,0.3701
q64,2,7,0,1,0.0,0,0.5785,0.5324,0.1775,0.3689
q64,2,8,0,1,0.0,0,0.5799,0.5275,0.1693,0.3647
q64,2,9,0,0,0.0,0,0.0,0.1807,0.0092,0.0458
q64,2,10,0,0,0.0,0,0.5237,0.368,0.1287,0.3249
q64,2,11,0,0,0.0,0,0.3639,0.2828,0.0799,0.2425
q64,2,12,0,0,0.0,0,0.4873,0.2817,0.0884,0.2611
q64,2,13,0,0,0.0,0,0.5234,0.5049,0.1822,0.3697
q64,2,14,0,0,0.0,0,0.5741,0.5044,0.1589,0.3495
q64,2,15,0,0,0.0,0,0.6143,0.2164,0.0895,0.2781
q64,2,16,0,0,0.0,0,0.4683,0.4382,0.1351,0.3213
q64,2,17,0,0,0.0,0,0.4377,0.3189,0.1204,0.3188
q64,3,4,1,1,0.0,0,0.6369,0.6308,0.236,0.4313
q64,3,5,0,1,0.0,0,0.6445,0.6196,0.2083,0.4167
q64,3,6,0,1,0.6,3,0.9211,0.7827,0.3138,0.5274
q64,3,7,0,1,0.2857,2,0.8894,0.7473,0.2927,0.5068
q64,3,8,0,1,0.1429,1,0.8112,0.7445,0.2662,0.4688
q64,3,9,0,0,0.0,0,0.0,0.1566,0.0056,0.0455
q64,3,10,0,0,0.1111,1,0.738,0.4475,0.1725,0.387
q64,3,11,0,0,0.0,0,0.5012,0.4905,0.1281,0.2876
q64,3,12,0,0,0.0,0,0.6044,0.4338,0.1238,0.2911
q64,3,13,0,0,0.125,1,0.7769,0.5688,0.2658,0.4635
q64,3,14,0,0,0.2857,2,0.8959,0.7148,0.2489,0.4477
q64,3,15,0,0,0.0,0,0.6062,0.3564,0.1129,0.3158
q64,3,16,0,0,0.0,0,0.5268,0.5157,0.1666,0.3761
q64,3,17,0,0,0.0,0,0.5697,0.4343,0.1408,0.3695
q64,4,5,0,1,0.0,0,0.6019,0.5161,0.1805,0.3789
q64,4,6,0,1,0.0,0,0.6182,0.6644,0.2377,0.4393
q64,4,7,0,1,0.0,0,0.6373,0.6258,0.2234,0.4243
q64,4,8,0,1,0.0,0,0.6683,0.6615,0.2037,0.4089
q64,4,9,0,0,0.0,0,0.0,0.0964,0.0061,0.0408
q64,4,10,0,0,0.0,0,0.6001,0.3594,0.1475,0.3643
q64,4,11,0,0,0.0,0,0.4131,0.3176,0.0913,0.2707
q64,4,12,0,0,0.0,0,0.5148,0.2808,0.0912,0.2724
q64,4,13,0,0,0.0,0,0.5801,0.4653,0.206,0.4073
q64,4,14,0,0,0.0,0,0.6562,0.6081,0.1703,0.3708
q64,4,15,0,0,0.0,0,0.6271,0.314,0.0966,0.2775
q64,4,16,0,0,0.0,0,0.5341,0.5803,0.1754,0.3804
q64,4,17,0,0,0.0,0,0.4565,0.3641,0.1246,0.3255
q64,5,6,1,1,0.1667,1,0.7044,0.648,0.26,0.4769
q64,5,7,0,1,0.0,0,0.6482,0.5522,0.2108,0.4384
q64,5,8,0,1,0.0,0,0.5972,0.5303,0.1828,0.4151
q64,5,9,0,0,0.0,0,0.0,0.2169,0.0078,0.0465
q64,5,10,0,0,0.125,1,0.7771,0.4614,0.1799,0.4024
q64,5,11,0,0,0.0,0,0.461,0.4691,0.1131,0.2814
q64,5,12,0,0,0.0,0,0.6161,0.414,0.1183,0.2863
q64,5,13,0,0,0.0,0,0.6445,0.5265,0.2081,0.4165
q64,5,14,0,0,0.0,0,0.6405,0.5387,0.1991,0.4245
q64,5,15,0,0,0.0,0,0.6387,0.4182,0.122,0.3327
q64,5,16,0,0,0.0,0,0.4877,0.4227,0.1489,0.3785
q64,5,17,0,0,0.0,0,0.5109,0.4152,0.1666,0.3987
q64,6,7,0,1,0.2857,2,0.8746,0.6305,0.2705,0.4946
q64,6,8,0,1,0.1429,1,0.7101,0.6506,0.2623,0.4782
q64,6,9,0,0,0.0,0,0.0,0.3373,0.0112,0.048
q64,6,10,0,0,0.25,2,0.8488,0.4531,0.1719,0.3856
q64,6,11,0,0,0.0,0,0.5145,0.5208,0.1266,0.2869
q64,6,12,0,0,0.0,0,0.6485,0.4878,0.1291,0.3145
q64,6,13,0,0,0.125,1,0.7717,0.5755,0.2362,0.4427
q64,6,14,0,0,0.2857,2,0.8624,0.6343,0.2297,0.4495
q64,6,15,0,0,0.0,0,0.5891,0.4348,0.1206,0.3175
q64,6,16,0,0,0.0,0,0.527,0.5224,0.1932,0.4104
q64,6,17,0,0,0.0,0,0.5757,0.4347,0.1516,0.3795
q64,7,8,1,1,0.125,1,0.7295,0.6979,0.2931,0.5144
q64,7,9,0,0,0.0,0,0.0,0.1566,0.0058,0.0402
q64,7,10,0,0,0.1,1,0.7447,0.4527,0.1528,0.3687
q64,7,11,0,0,0.0,0,0.5136,0.3996,0.0972,0.2625
q64,7,12,0,0,0.0,0,0.6323,0.4041,0.1022,0.2809
q64,7,13,0,0,0.25,2,0.8142,0.679,0.3235,0.5222
q64,7,14,0,0,0.4286,3,0.8948,0.6267,0.2402,0.4632
q64,7,15,0,0,0.0,0,0.5924,0.3831,0.1177,0.3207
q64,7,16,0,0,0.0,0,0.5884,0.4704,0.1818,0.4022
q64,7,17,0,0,0.0,0,0.6058,0.3686,0.1403,0.3673
q64,8,9,0,0,0.0,0,0.0,0.1566,0.0079,0.0431
q64,8,10,0,0,0.1111,1,0.718,0.4089,0.1446,0.3793
q64,8,11,0,0,0.0,0,0.4391,0.4826,0.1108,0.2738
q64,8,12,0,0,0.0,0,0.5892,0.4293,0.1083,0.2873
q64,8,13,0,0,0.125,1,0.7611,0.5929,0.229,0.4501
q64,8,14,0,0,0.125,1,0.7085,0.5711,0.2371,0.4577
q64,8,15,0,0,0.0,0,0.5536,0.3965,0.112,0.3144
q64,8,16,0,0,0.0,0,0.5054,0.4541,0.1747,0.4003
q64,8,17,0,0,0.0,0,0.5506,0.3596,0.1478,0.385
q64,9,10,0,1,0.0,0,0.0,0.0964,0.0056,0.0522
q64,9,11,0,1,0.0,0,0.0,0.1084,0.0118,0.066
q64,9,12,0,1,0.0,0,0.0,0.0,0.0097,0.0644
q64,9,13,1,1,0.0,0,0.0,0.253,0.0075,0.0404
q64,9,14,0,1,0.0,0,0.0,0.2651,0.0064,0.04
q64,9,15,0,1,0.0,0,0.0,0.0964,0.006,0.0551
q64,9,16,1,1,0.0,0,0.0,0.4819,0.0151,0.055
q64,9,17,0,1,0.0,0,0.0,0.0,0.0041,0.0447
q64,10,11,1,1,0.0,0,0.4869,0.6409,0.1947,0.3612
q64,10,12,1,1,0.0,0,0.6361,0.6724,0.2106,0.3852
q64,10,13,0,1,0.1,1,0.644,0.4071,0.1482,0.3585
q64,10,14,0,1,0.1,1,0.7258,0.4592,0.159,0.3737
q64,10,15,0,1,0.0,0,0.6451,0.4343,0.1221,0.3151
q64,10,16,0,1,0.0,0,0.4894,0.421,0.153,0.3529
q64,10,17,0,1,0.0,0,0.5122,0.4067,0.1621,0.3964
q64,11,12,1,1,0.0,0,0.4956,0.5398,0.2529,0.4362
q64,11,13,0,1,0.0,0,0.403,0.4175,0.0966,0.256
q64,11,14,0,1,0.0,0,0.5273,0.4983,0.1031,0.2444
q64,11,15,0,1,0.0,0,0.4655,0.2637,0.093,0.266
q64,11,16,0,1,0.0,0,0.4577,0.3793,0.0906,0.2423
q64,11,17,0,1,0.0,0,0.4761,0.3535,0.0926,0.2773
q64,12,13,0,1,0.0,0,0.547,0.3582,0.0989,0.2603
q64,12,14,0,1,0.0,0,0.5887,0.3753,0.0936,0.2603
q64,12,15,0,1,0.0,0,0.5743,0.2691,0.0906,0.2633
q64,12,16,0,1,0.0,0,0.5152,0.4518,0.105,0.2777
q64,12,17,0,1,0.0,0,0.5004,0.3996,0.1047,0.2998
q64,13,14,0,1,0.4286,3,0.8633,0.6364,0.2593,0.442
q64,13,15,0,1,0.0,0,0.6444,0.3292,0.0978,0.2806
q64,13,16,1,1,0.0,0,0.4769,0.5091,0.197,0.4059
q64,13,17,0,1,0.0,0,0.5027,0.3262,0.1227,0.3323
q64,14,15,1,1,0.0,0,0.5969,0.6607,0.1732,0.3539
q64,14,16,0,1,0.0,0,0.5101,0.4849,0.1605,0.3808
q64,14,17,1,1,0.0,0,0.5718,0.6452,0.2151,0.4367
q64,15,16,0,1,0.0,0,0.4825,0.2812,0.0799,0.2727
q64,15,17,1,1,0.0,0,0.4795,0.7308,0.226,0.4414
q64,16,17,0,1,0.0,0,0.551,0.3201,0.1269,0.3365
q65,0,1,0,1,0.0,0,0.3777,0.2729,0.0974,0.2953
q65,0,2,0,1,0.0,0,0.4417,0.3271,0.1121,0.3423
q65,0,3,0,1,0.0,0,0.4537,0.3084,0.0983,0.2962
q65,0,4,0,1,0.0,0,0.4204,0.4033,0.1091,0.3002
q65,0,5,0,1,0.0,0,0.4941,0.3251,0.1087,0.3204
q65,0,6,1,1,0.0,0,0.4253,0.5839,0.1681,0.3697
q65,0,7,0,1,0.0,0,0.4775,0.3619,0.1004,0.3029
q65,0,8,1,1,0.0,0,0.4741,0.4776,0.1436,0.3354
q65,0,9,0,0,0.0,0,0.4202,0.4497,0.1375,0.3121
q65,0,10,0,0,0.0,0,0.418,0.3077,0.1003,0.2908
q65,0,11,0,0,0.0,0,0.3684,0.2863,0.1056,0.335
q65,0,12,0,0,0.0,0,0.296,0.3077,0.1231,0.3438
q65,0,13,0,0,0.0,0,0.442,0.3846,0.1198,0.3166
q65,0,14,0,0,0.0,0,0.3557,0.311,0.1089,0.3047
q65,0,15,0,0,0.0,0,0.3826,0.2622,0.0848,0.3009
q65,0,16,0,0,0.0,0,0.3759,0.3137,0.0982,0.3029
q65,0,17,0,0,0.0,0,0.4518,0.3097,0.094,0.2964
q65,1,2,0,1,0.0,0,0.5258,0.4039,0.1475,0.3734
q65,1,3,0,1,0.0,0,0.4563,0.4654,0.171,0.3814
q65,1,4,0,1,0.0,0,0.3913,0.5541,0.1932,0.3976
q65,1,5,1,1,0.0,0,0.5058,0.5558,0.1949,0.42
q65,1,6,0,1,0.0,0,0.3757,0.2706,0.1079,0.3323
q65,1,7,1,1,0.0,0,0.4746,0.5147,0.1666,0.3708
q65,1,8,0,1,0.0,0,0.5119,0.3944,0.1365,0.3374
q65,1,9,0,0,0.0,0,0.3927,0.4205,0.1175,0.3025
q65,1,10,0,0,0.0,0,0.3011,0.397,0.1609,0.3721
q65,1,11,0,0,0.0,0,0.4205,0.4091,0.147,0.3602
q65,1,12,0,0,0.0,0,0.4744,0.4004,0.1572,0.3698
q65,1,13,0,0,0.0,0,0.4521,0.339,0.1338,0.3431
q65,1,14,0,0,0.0,0,0.4427,0.3186,0.1262,0.3303
q65,1,15,0,0,0.0,0,0.4308,0.3758,0.1428,0.3559
q65,1,16,0,0,0.0,0,0.4726,0.3385,0.1443,0.3832
q65,1,17,0,0,0.0,0,0.5009,0.3961,0.1294,0.3363
q65,2,3,1,1,0.0,0,0.5544,0.5032,0.2083,0.434
q65,2,4,1,1,0.0,0,0.5067,0.5097,0.21,0.4464
q65,2,5,0,1,0.0,0,0.5648,0.4537,0.1946,0.4297
q65,2,6,0,1,0.0,0,0.4434,0.2544,0.1148,0.3565
q65,2,7,0,1,0.0,0,0.5335,0.4349,0.1652,0.4081
q65,2,8,0,1,0.0,0,0.5851,0.3973,0.1711,0.3986
q65,2,9,0,0,0.0,0,0.4996,0.5439,0.1395,0.3071
q65,2,10,0,0,0.0,0,0.3806,0.4324,0.1662,0.3869
q65,2,11,0,0,0.0,0,0.4479,0.2317,0.1164,0.3631
q65,2,12,0,0,0.0,0,0.4697,0.3096,0.1223,0.3342
q65,2,13,0,0,0.0,0,0.5982,0.4892,0.1884,0.4233
q65,2,14,0,0,0.0,0,0.5496,0.3298,0.1353,0.3568
q65,2,15,0,0,0.0,0,0.461,0.2434,0.1186,0.3606
q65,2,16,0,0,0.0,0,0.4808,0.3197,0.141,0.3819
q65,2,17,0,0,0.0,0,0.5714,0.3296,0.1422,0.3768
q65,3,4,1,1,0.0,0,0.5548,0.649,0.2876,0.503
q65,3,5,0,1,0.0,0,0.5848,0.4468,0.2018,0.4295
q65,3,6,0,1,0.0,0,0.4578,0.258,0.11,0.3321
q65,3,7,0,1,0.0,0,0.4658,0.4151,0.1667,0.3906
q65,3,8,0,1,0.0,0,0.6101,0.5407,0.204,0.4429
q65,3,9,0,0,0.0,0,0.4722,0.5247,0.1229,0.2863
q65,3,10,0,0,0.0,0,0.3433,0.4399,0.1551,0.3722
q65,3,11,0,0,0.0,0,0.4099,0.2744,0.1233,0.3484
q65,3,12,0,0,0.0,0,0.4175,0.4166,0.1388,0.3481
q65,3,13,0,0,0.1,1,0.6834,0.4921,0.2048,0.4326
q65,3,14,0,0,0.0,0,0.5609,0.4374,0.1427,0.3554
q65,3,15,0,0,0.0,0,0.5377,0.2511,0.1225,0.3569
q65,3,16,0,0,0.0,0,0.5311,0.2883,0.1407,0.3822
q65,3,17,0,0,0.0,0,0.5419,0.4355,0.1622,0.4085
q65,4,5,0,1,0.0,0,0.6129,0.5138,0.2022,0.423
q65,4,6,0,1,0.0,0,0.4455,0.3114,0.1179,0.3412
q65,4,7,0,1,0.0,0,0.4405,0.435,0.1767,0.3973
q65,4,8,0,1,0.1667,1,0.6589,0.6194,0.2502,0.4667
q65,4,9,0,0,0.0,0,0.4556,0.6124,0.1272,0.2969
q65,4,10,0,0,0.0,0,0.3178,0.4676,0.1679,0.4022
q65,4,11,0,0,0.0,0,0.4149,0.3583,0.1408,0.354
q65,4,12,0,0,0.0,0,0.391,0.46,0.1344,0.3493
q65,4,13,0,0,0.0,0,0.6033,0.5337,0.2015,0.4165
q65,4,14,0,0,0.0,0,0.5512,0.4646,0.1538,0.3709
q65,4,15,0,0,0.0,0,0.4184,0.3676,0.1487,0.373
q65,4,16,0,0,0.0,0,0.4193,0.3944,0.1503,0.3784
q65,4,17,0,0,0.0,0,0.6124,0.4604,0.1856,0.4069
q65,5,6,0,1,0.0,0,0.5169,0.3046,0.119,0.3647
q65,5,7,1,1,0.0,0,0.5124,0.5468,0.2059,0.4407
q65,5,8,0,1,0.0,0,0.5654,0.4603,0.1725,0.4014
q65,5,9,0,0,0.0,0,0.5207,0.5759,0.1394,0.3177
q65,5,10,0,0,0.0,0,0.3774,0.4885,0.1833,0.4219
q65,5,11,0,0,0.0,0,0.4661,0.3136,0.1301,0.373
q65,5,12,0,0,0.0,0,0.4564,0.4371,0.1441,0.3672
q65,5,13,0,0,0.0,0,0.6969,0.4263,0.1719,0.4114
q65,5,14,0,0,0.0,0,0.5444,0.3374,0.1262,0.3526
q65,5,15,0,0,0.0,0,0.4252,0.3148,0.1409,0.3687
q65,5,16,0,0,0.0,0,0.564,0.3512,0.1542,0.3897
q65,5,17,0,0,0.0,0,0.5374,0.3481,0.1551,0.3972
q65,6,7,0,1,0.0,0,0.4238,0.3508,0.1185,0.3393
q65,6,8,1,1,0.0,0,0.4577,0.3648,0.1409,0.3563
q65,6,9,0,0,0.0,0,0.3812,0.4278,0.0989,0.2608
q65,6,10,0,0,0.0,0,0.37,0.2687,0.1052,0.3129
q65,6,11,0,0,0.0,0,0.4406,0.2085,0.098,0.3242
q65,6,12,0,0,0.0,0,0.3865,0.2984,0.1035,0.3192
q65,6,13,0,0,0.0,0,0.4521,0.2566,0.1117,0.3337
q65,6,14,0,0,0.0,0,0.3787,0.244,0.0947,0.3042
q65,6,15,0,0,0.0,0,0.419,0.1776,0.0924,0.332
q65,6,16,0,0,0.0,0,0.3949,0.2322,0.0957,0.3322
q65,6,17,0,0,0.0,0,0.4959,0.2725,0.1081,0.3262
q65,7,8,0,1,0.0,0,0.4893,0.3862,0.1472,0.3675
q65,7,9,0,0,0.0,0,0.4822,0.5923,0.118,0.2854
q65,7,10,0,0,0.2,2,0.6652,0.5818,0.2093,0.4319
q65,7,11,0,0,0.0,0,0.3826,0.2411,0.104,0.3236
q65,7,12,0,0,0.0,0,0.4101,0.2626,0.0967,0.3031
q65,7,13,0,0,0.0,0,0.5717,0.3729,0.1474,0.3693
q65,7,14,0,0,0.0,0,0.4385,0.2489,0.1094,0.3276
q65,7,15,0,0,0.0,0,0.3894,0.2599,0.1138,0.3314
q65,7,16,0,0,0.0,0,0.3937,0.338,0.1314,0.3592
q65,7,17,0,0,0.0,0,0.4758,0.2994,0.1263,0.3662
q65,8,9,0,0,0.0,0,0.5138,0.4662,0.1174,0.2865
q65,8,10,0,0,0.0,0,0.3766,0.3696,0.1524,0.3631
q65,8,11,0,0,0.0,0,0.4694,0.247,0.1095,0.3368
q65,8,12,0,0,0.0,0,0.4419,0.3919,0.1419,0.3632
q65,8,13,0,0,0.0,0,0.6643,0.4182,0.1799,0.4167
q65,8,14,0,0,0.0,0,0.5768,0.4561,0.1623,0.3829
q65,8,15,0,0,0.0,0,0.4248,0.2779,0.1257,0.3481
q65,8,16,0,0,0.0,0,0.5489,0.3556,0.1267,0.3552
q65,8,17,0,0,0.0,0,0.5472,0.4261,0.151,0.3923
q65,9,10,1,1,0.0,0,0.4459,0.5996,0.1648,0.3355
q65,9,11,1,1,0.0,0,0.3605,0.521,0.1334,0.3049
q65,9,12,0,1,0.0,0,0.2883,0.3675,0.1077,0.2945
q65,9,13,0,1,0.0,0,0.4833,0.5567,0.1339,0.2939
q65,9,14,0,1,0.0,0,0.3769,0.3044,0.085,0.2579
q65,9,15,0,1,0.0,0,0.3478,0.3419,0.0817,0.2581
q65,9,16,0,1,0.0,0,0.3572,0.3181,0.0813,0.282
q65,9,17,0,1,0.0,0,0.4843,0.4433,0.0856,0.2531
q65,10,11,1,1,0.0,0,0.2438,0.3692,0.1446,0.3662
q65,10,12,0,1,0.0,0,0.3556,0.3172,0.1311,0.3443
q65,10,13,0,1,0.0,0,0.3404,0.3805,0.1316,0.3643
q65,10,14,0,1,0.0,0,0.2743,0.2478,0.1186,0.3308
q65,10,15,0,1,0.0,0,0.286,0.2922,0.1199,0.3478
q65,10,16,0,1,0.0,0,0.2782,0.2742,0.106,0.3335
q65,10,17,0,1,0.0,0,0.3576,0.347,0.1206,0.3344
q65,11,12,0,1,0.0,0,0.4261,0.4157,0.1494,0.3537
q65,11,13,0,1,0.0,0,0.3924,0.2497,0.1265,0.3682
q65,11,14,0,1,0.0,0,0.4145,0.2764,0.1189,0.3267
q65,11,15,0,1,0.0,0,0.4235,0.2858,0.116,0.3458
q65,11,16,0,1,0.0,0,0.4373,0.2238,0.1083,0.3405
q65,11,17,0,1,0.0,0,0.4751,0.3015,0.1114,0.333
q65,12,13,0,1,0.0,0,0.4042,0.2528,0.1089,0.3353
q65,12,14,1,1,0.0,0,0.4509,0.5624,0.1899,0.4004
q65,12,15,0,1,0.0,0,0.4648,0.3915,0.1319,0.3539
q65,12,16,0,1,0.0,0,0.4663,0.3315,0.111,0.3395
q65,12,17,1,1,0.0,0,0.472,0.4949,0.148,0.3493
q65,13,14,0,1,0.0,0,0.527,0.3263,0.1218,0.3426
q65,13,15,1,1,0.0,0,0.4972,0.3197,0.1505,0.3639
q65,13,16,1,1,0.0,0,0.4889,0.421,0.1543,0.3664
q65,13,17,0,1,0.0,0,0.6679,0.3824,0.1433,0.3757
q65,14,15,0,1,0.0,0,0.4849,0.3562,0.1218,0.3422
q65,14,16,0,1,0.0,0,0.4896,0.2616,0.1121,0.3343
q65,14,17,1,1,0.0,0,0.6373,0.4531,0.1536,0.3591
q65,15,16,1,1,0.0,0,0.5775,0.3581,0.1517,0.3846
q65,15,17,0,1,0.0,0,0.4465,0.3099,0.1298,0.3639
q65,16,17,0,1,0.0,0,0.5842,0.3398,0.1317,0.3691
q66,0,1,1,1,0.2222,2,0.6833,0.5573,0.2072,0.3893
q66,0,2,0,1,0.1,1,0.6243,0.4167,0.1068,0.2705
q66,0,3,0,1,0.0,0,0.41,0.4566,0.1077,0.2593
q66,0,4,0,1,0.25,2,0.7402,0.546,0.1326,0.3084
q66,0,5,0,1,0.0,0,0.3887,0.5972,0.1306,0.2972
q66,0,6,0,1,0.0,0,0.4731,0.5651,0.1265,0.2998
q66,0,7,1,1,0.0,0,0.3769,0.4566,0.1079,0.2622
q66,0,8,0,1,0.0,0,0.481,0.5009,0.0991,0.2527
q66,1,2,0,1,0.0,0,0.4698,0.4199,0.083,0.2375
q66,1,3,0,1,0.0,0,0.4219,0.4689,0.1031,0.2688
q66,1,4,0,1,0.1,1,0.5884,0.4739,0.1024,0.2752
q66,1,5,0,1,0.0,0,0.4221,0.4656,0.1032,0.2849
q66,1,6,0,1,0.0,0,0.5096,0.4207,0.1005,0.2765
q66,1,7,1,1,0.0,0,0.4278,0.3651,0.0871,0.2393
q66,1,8,0,1,0.0,0,0.4589,0.3693,0.0809,0.2513
q66,2,3,1,1,0.0,0,0.5317,0.4682,0.1931,0.3962
q66,2,4,1,1,0.0,0,0.5618,0.3736,0.1292,0.3331
q66,2,5,0,1,0.0,0,0.4916,0.3203,0.111,0.3214
q66,2,6,0,1,0.0,0,0.5369,0.3005,0.1141,0.3265
q66,2,7,0,1,0.0,0,0.4253,0.2802,0.0924,0.2758
q66,2,8,0,1,0.0,0,0.5268,0.2981,0.0956,0.3029
q66,3,4,1,1,0.0,0,0.4616,0.4254,0.1293,0.3269
q66,3,5,0,1,0.0,0,0.5223,0.3528,0.1147,0.3205
q66,3,6,0,1,0.0,0,0.4892,0.3217,0.1044,0.296
q66,3,7,0,1,0.0,0,0.4897,0.3068,0.0896,0.2579
q66,3,8,0,1,0.0,0,0.4974,0.2985,0.0839,0.2905
q66,4,5,0,1,0.0,0,0.4476,0.3603,0.1544,0.3847
q66,4,6,0,1,0.0,0,0.5511,0.3212,0.1431,0.3663
q66,4,7,0,1,0.0,0,0.4189,0.375,0.1429,0.3404
q66,4,8,0,1,0.0,0,0.5244,0.3507,0.115,0.3219
q66,5,6,1,1,0.1111,1,0.6663,0.6591,0.2486,0.455
q66,5,7,0,1,0.0,0,0.4404,0.4608,0.1612,0.3732
q66,5,8,1,1,0.0,0,0.5037,0.5894,0.2008,0.412
q66,6,7,0,1,0.0,0,0.44,0.3861,0.1214,0.2996
q66,6,8,1,1,0.1,1,0.5496,0.5962,0.1965,0.402
q66,7,8,0,1,0.0,0,0.459,0.3368,0.1257,0.2957
q67,0,1,1,1,0.1,1,0.4406,0.519,0.1644,0.3293
q67,0,2,0,1,0.0,0,0.4162,0.5156,0.157,0.3339
q67,0,3,0,1,0.0,0,0.3693,0.3102,0.0966,0.2612
q67,0,4,1,1,0.0,0,0.4522,0.5173,0.1458,0.3169
q67,0,5,0,1,0.0,0,0.32,0.4759,0.1247,0.3092
q67,0,6,0,1,0.1,1,0.4884,0.6196,0.1449,0.3104
q67,0,7,0,1,0.0,0,0.3698,0.4801,0.1043,0.279
q67,0,8,0,1,0.0,0,0.3651,0.6095,0.0778,0.1955
q67,1,2,0,1,0.0,0,0.4935,0.302,0.1406,0.3474
q67,1,3,0,1,0.0,0,0.4187,0.2932,0.1229,0.3213
q67,1,4,1,1,0.0,0,0.5134,0.5293,0.1967,0.4148
q67,1,5,0,1,0.0,0,0.4023,0.4214,0.1429,0.3595
q67,1,6,0,1,0.0,0,0.4387,0.449,0.1437,0.3649
q67,1,7,0,1,0.0,0,0.423,0.4998,0.1597,0.3803
q67,1,8,0,1,0.0,0,0.4137,0.5941,0.1098,0.263
q67,2,3,0,1,0.0,0,0.42,0.3302,0.1397,0.3587
q67,2,4,0,1,0.0,0,0.5411,0.3712,0.1474,0.339
q67,2,5,1,1,0.0,0,0.4413,0.4541,0.1817,0.3915
q67,2,6,1,1,0.0,0,0.4406,0.4795,0.1768,0.3786
q67,2,7,0,1,0.0,0,0.4288,0.4429,0.1524,0.3581
q67,2,8,0,1,0.0,0,0.4081,0.5405,0.1064,0.2726
q67,3,4,0,1,0.0,0,0.4372,0.29,0.1184,0.3116
q67,3,5,0,1,0.0,0,0.4101,0.364,0.1257,0.347
q67,3,6,0,1,0.0,0,0.384,0.4467,0.1424,0.3474
q67,3,7,1,1,0.0,0,0.5008,0.5665,0.1681,0.3649
q67,3,8,1,1,0.0,0,0.4028,0.4638,0.0889,0.2501
q67,4,5,0,1,0.0,0,0.4292,0.4138,0.1445,0.3636
q67,4,6,0,1,0.0,0,0.431,0.4293,0.1422,0.3473
q67,4,7,0,1,0.0,0,0.4747,0.4407,0.1465,0.3629
q67,4,8,0,1,0.0,0,0.4738,0.5242,0.1126,0.2724
q67,5,6,1,1,0.0,0,0.3765,0.4362,0.1762,0.4037
q67,5,7,0,1,0.1667,1,0.7079,0.5541,0.2025,0.4294
q67,5,8,0,1,0.2,1,0.6723,0.5695,0.122,0.3091
q67,6,7,0,1,0.0,0,0.3989,0.461,0.1666,0.3949
q67,6,8,0,1,0.0,0,0.3736,0.5735,0.1252,0.2975
q67,7,8,1,1,0.25,1,0.6702,0.5724,0.1595,0.345
q68,0,1,0,1,0.0,0,0.4664,0.3234,0.1054,0.277
q68,0,2,0,1,0.0,0,0.4431,0.4078,0.1291,0.3248
q68,0,3,1,1,0.0,0,0.5646,0.4683,0.1674,0.3767
q68,0,4,0,1,0.0,0,0.5845,0.4765,0.1492,0.3531
q68,0,5,0,1,0.0,0,0.5588,0.5474,0.1621,0.3773
q68,0,6,0,1,0.0,0,0.53,0.47,0.1341,0.3333
q68,0,7,0,1,0.0,0,0.4866,0.3952,0.1075,0.3292
q68,0,8,1,1,0.0,0,0.5892,0.5013,0.1309,0.3266
q68,1,2,1,1,0.0,0,0.6176,0.6454,0.2556,0.4641
q68,1,3,0,1,0.0,0,0.556,0.3053,0.1143,0.3003
q68,1,4,1,1,0.0,0,0.5661,0.5448,0.1902,0.3864
q68,1,5,0,1,0.0,0,0.5618,0.4235,0.1177,0.2907
q68,1,6,0,1,0.0,0,0.6334,0.4692,0.1332,0.3184
q68,1,7,0,1,0.0,0,0.5985,0.495,0.1212,0.3177
q68,1,8,0,1,0.0,0,0.5385,0.4425,0.112,0.2956
q68,2,3,0,1,0.0,0,0.4887,0.4273,0.1488,0.3565
q68,2,4,1,1,0.0,0,0.5144,0.5253,0.197,0.4163
q68,2,5,0,1,0.0,0,0.4963,0.4816,0.1415,0.3592
q68,2,6,0,1,0.1111,1,0.5898,0.4881,0.1426,0.3503
q68,2,7,0,1,0.0,0,0.5527,0.523,0.1388,0.3495
q68,2,8,0,1,0.0,0,0.4995,0.4705,0.1218,0.3241
q68,3,4,0,1,0.1111,1,0.7426,0.5622,0.2171,0.4349
q68,3,5,0,1,0.0,0,0.5942,0.6397,0.2163,0.451
q68,3,6,0,1,0.1111,1,0.663,0.5619,0.1932,0.4089
q68,3,7,0,1,0.0,0,0.5685,0.4524,0.1375,0.3638
q68,3,8,1,1,0.2857,2,0.7111,0.6111,0.1994,0.4182
q68,4,5,0,1,0.0,0,0.6312,0.6185,0.189,0.4127
q68,4,6,0,1,0.25,2,0.7142,0.5629,0.1851,0.41
q68,4,7,0,1,0.0,0,0.5853,0.4568,0.1275,0.3497
q68,4,8,0,1,0.125,1,0.6763,0.5927,0.1709,0.3843
q68,5,6,1,1,0.0,0,0.6626,0.5808,0.2283,0.4497
q68,5,7,1,1,0.0,0,0.597,0.5596,0.2023,0.4368
q68,5,8,0,1,0.1429,1,0.6574,0.5936,0.1975,0.4256
q68,6,7,1,1,0.0,0,0.6398,0.554,0.2042,0.4423
q68,6,8,0,1,0.125,1,0.6506,0.5733,0.1872,0.4076
q68,7,8,0,1,0.0,0,0.6266,0.467,0.1549,0.3971
q69,0,1,1,1,0.0,0,0.5655,0.4381,0.1377,0.3284
q69,0,2,0,1,0.0,0,0.5799,0.4437,0.1392,0.3162
q69,0,3,1,1,0.1,1,0.6564,0.5981,0.1638,0.3369
q69,0,4,0,1,0.1111,1,0.5975,0.5028,0.1646,0.3499
q69,0,5,0,1,0.0,0,0.5838,0.5721,0.1416,0.3271
q69,0,6,0,1,0.1,1,0.6508,0.5193,0.1111,0.2844
q69,0,7,0,1,0.0,0,0.5875,0.5626,0.1329,0.3173
q69,0,8,0,1,0.0,0,0.5868,0.4437,0.1085,0.2838
q69,1,2,0,1,0.1111,1,0.7245,0.4986,0.2242,0.4001
q69,1,3,1,1,0.0,0,0.5851,0.5118,0.1842,0.4033
q69,1,4,0,1,0.2857,2,0.7455,0.5021,0.2131,0.4115
q69,1,5,0,1,0.0,0,0.6649,0.5183,0.1996,0.4221
q69,1,6,0,1,0.0,0,0.6088,0.4549,0.1616,0.3772
q69,1,7,0,1,0.0,0,0.6624,0.4016,0.1496,0.3649
q69,1,8,0,1,0.2222,2,0.7686,0.5642,0.2143,0.4144
q69,2,3,0,1,0.0,0,0.5844,0.4696,0.172,0.3865
q69,2,4,1,1,0.125,1,0.6925,0.6196,0.2805,0.4837
q69,2,5,0,1,0.0,0,0.6572,0.5222,0.178,0.3941
q69,2,6,0,1,0.0,0,0.5918,0.5176,0.1642,0.3885
q69,2,7,0,1,0.0,0,0.6502,0.4647,0.1693,0.3839
q69,2,8,1,1,0.1,1,0.7297,0.6135,0.2242,0.4429
q69,3,4,0,1,0.0,0,0.5823,0.5286,0.1702,0.3952
q69,3,5,0,1,0.1111,1,0.7055,0.5606,0.2058,0.4564
q69,3,6,0,1,0.1111,1,0.644,0.5849,0.2106,0.4705
q69,3,7,0,1,0.1111,1,0.6318,0.4919,0.1811,0.4375
q69,3,8,0,1,0.0,0,0.5904,0.3686,0.1402,0.3476
q69,4,5,0,1,0.0,0,0.6613,0.5161,0.1748,0.3966
q69,4,6,0,1,0.0,0,0.6252,0.5496,0.1694,0.3888
q69,4,7,0,1,0.0,0,0.6803,0.4923,0.1752,0.4023
q69,4,8,1,1,0.1111,1,0.7185,0.6275,0.2023,0.4081
q69,5,6,1,1,0.25,2,0.7266,0.7308,0.2962,0.5303
q69,5,7,1,1,0.25,2,0.7591,0.685,0.3026,0.5482
q69,5,8,0,1,0.0,0,0.6694,0.4027,0.1453,0.3608
q69,6,7,1,1,0.25,2,0.6958,0.6648,0.2574,0.5147
q69,6,8,0,1,0.0,0,0.6669,0.3956,0.1439,0.3575
q69,7,8,0,1,0.0,0,0.6742,0.3637,0.1355,0.3536
q70,0,1,1,1,0.0,0,0.3564,0.5186,0.2061,0.4041
q70,0,2,0,1,0.0,0,0.2684,0.2245,0.1005,0.2617
q70,0,3,0,1,0.0,0,0.2754,0.215,0.1085,0.2761
q70,0,4,0,1,0.0,0,0.2073,0.1944,0.0921,0.2523
q70,0,5,0,1,0.0,0,0.2891,0.2037,0.0918,0.2592
q70,0,6,1,1,0.0,0,0.5237,0.7105,0.3004,0.4996
q70,0,7,0,1,0.0,0,0.2893,0.2944,0.1101,0.2983
q70,0,8,0,1,0.0,0,0.2941,0.2523,0.0945,0.2497
q70,1,2,0,1,0.0,0,0.3813,0.2021,0.0774,0.2443
q70,1,3,0,1,0.0,0,0.4382,0.2401,0.1031,0.2727
q70,1,4,0,1,0.0,0,0.4466,0.2445,0.0955,0.2671
q70,1,5,0,1,0.0,0,0.4344,0.1826,0.0798,0.2567
q70,1,6,1,1,0.0,0,0.6061,0.6191,0.2561,0.4473
q70,1,7,0,1,0.0,0,0.4587,0.3146,0.1142,0.2855
q70,1,8,0,1,0.0,0,0.3957,0.3051,0.1055,0.2586
q70,2,3,0,1,0.0,0,0.5801,0.3876,0.1424,0.3137
q70,2,4,1,1,0.0,0,0.6792,0.544,0.2663,0.4351
q70,2,5,1,1,0.0,0,0.5633,0.5959,0.276,0.4469
q70,2,6,0,1,0.0,0,0.4154,0.2363,0.1043,0.2742
q70,2,7,0,1,0.0,0,0.5004,0.3725,0.1345,0.3007
q70,2,8,0,1,0.0,0,0.4761,0.4528,0.1547,0.324
q70,3,4,0,1,0.0,0,0.638,0.3584,0.144,0.3256
q70,3,5,0,1,0.0,0,0.568,0.3922,0.1577,0.3447
q70,3,6,0,1,0.0,0,0.4218,0.2833,0.127,0.3088
q70,3,7,1,1,0.0,0,0.4895,0.5011,0.1833,0.3717
q70,3,8,1,1,0.0,0,0.5352,0.5298,0.2106,0.3849
q70,4,5,1,1,0.0,0,0.6259,0.7241,0.3246,0.5074
q70,4,6,0,1,0.0,0,0.4161,0.2617,0.1198,0.2833
q70,4,7,0,1,0.0,0,0.593,0.4363,0.1564,0.3323
q70,4,8,0,1,0.0,0,0.5801,0.4574,0.146,0.3187
q70,5,6,0,1,0.0,0,0.4128,0.247,0.1055,0.2773
q70,5,7,0,1,0.0,0,0.5769,0.3834,0.1423,0.3279
q70,5,8,0,1,0.0,0,0.4796,0.4255,0.1412,0.3187
q70,6,7,0,1,0.0,0,0.3972,0.2975,0.1235,0.3086
q70,6,8,0,1,0.0,0,0.3957,0.3011,0.1236,0.2822
q70,7,8,1,1,0.0,0,0.515,0.526,0.2009,0.3829
q71,0,1,1,1,0.0,0,0.3937,0.424,0.1579,0.3963
q71,0,2,0,1,0.0,0,0.4487,0.3193,0.1378,0.3448
q71,0,3,1,1,0.0,0,0.4082,0.4062,0.1457,0.3599
q71,0,4,0,1,0.0,0,0.4108,0.2607,0.1137,0.3362
q71,0,5,0,1,0.0,0,0.4352,0.2929,0.1132,0.3258
q71,0,6,0,1,0.0,0,0.5027,0.4002,0.1361,0.3632
q71,0,7,0,1,0.0,0,0.4424,0.355,0.1367,0.363
q71,0,8,0,1,0.0,0,0.4627,0.4801,0.1515,0.3717
q71,1,2,0,1,0.0,0,0.5528,0.3178,0.1292,0.3452
q71,1,3,1,1,0.0,0,0.6514,0.5344,0.2179,0.4475
q71,1,4,0,1,0.0,0,0.5531,0.4076,0.1624,0.3698
q71,1,5,0,1,0.0,0,0.5707,0.4358,0.1624,0.3931
q71,1,6,0,1,0.0,0,0.645,0.5295,0.1954,0.4209
q71,1,7,0,1,0.0,0,0.5243,0.4219,0.1628,0.3864
q71,1,8,0,1,0.0,0,0.5168,0.4761,0.1551,0.3814
q71,2,3,0,1,0.0,0,0.5757,0.3029,0.1257,0.34
q71,2,4,0,1,0.0,0,0.4924,0.3237,0.1352,0.3403
q71,2,5,1,1,0.0,0,0.6032,0.5398,0.2104,0.4466
q71,2,6,0,1,0.0,0,0.6485,0.3625,0.137,0.357
q71,2,7,0,1,0.0,0,0.5643,0.3448,0.1462,0.3575
q71,2,8,1,1,0.0,0,0.5303,0.4704,0.1652,0.3989
q71,3,4,0,1,0.0,0,0.6374,0.4085,0.1845,0.4005
q71,3,5,0,1,0.0,0,0.5075,0.34,0.1318,0.3636
q71,3,6,0,1,0.0,0,0.6398,0.4438,0.1807,0.4157
q71,3,7,0,1,0.0,0,0.5361,0.4332,0.1736,0.3966
q71,3,8,0,1,0.0,0,0.5024,0.4172,0.1547,0.3929
q71,4,5,0,1,0.0,0,0.5413,0.3621,0.1382,0.3488
q71,4,6,1,1,0.0,0,0.6166,0.5702,0.2179,0.4618
q71,4,7,1,1,0.0,0,0.4702,0.6667,0.2277,0.4501
q71,4,8,0,1,0.0,0,0.5594,0.3882,0.1442,0.3689
q71,5,6,0,1,0.0,0,0.5506,0.3979,0.1665,0.3925
q71,5,7,0,1,0.0,0,0.5392,0.3884,0.1682,0.4102
q71,5,8,1,1,0.0,0,0.5105,0.4694,0.1766,0.406
q71,6,7,1,1,0.1111,1,0.6651,0.6778,0.3065,0.5399
q71,6,8,0,1,0.0,0,0.5392,0.5296,0.1832,0.4232
q71,7,8,0,1,0.0,0,0.4913,0.4591,0.1713,0.4092
q72,0,1,1,1,0.0,0,0.6288,0.3887,0.174,0.3985
q72,0,2,0,1,0.1429,1,0.689,0.4977,0.2027,0.4249
q72,0,3,0,1,0.0,0,0.6049,0.3462,0.1505,0.3927
q72,0,4,0,1,0.125,1,0.6034,0.4101,0.1712,0.404
q72,0,5,0,1,0.0,0,0.5549,0.2871,0.1273,0.3429
q72,0,6,0,1,0.1111,1,0.6737,0.3522,0.142,0.366
q72,0,7,0,1,0.0,0,0.6332,0.4094,0.1624,0.4058
q72,0,8,1,1,0.1111,1,0.7144,0.5015,0.1783,0.407
q72,1,2,0,1,0.0,0,0.5382,0.4023,0.1511,0.3811
q72,1,3,0,1,0.0,0,0.5891,0.2968,0.1188,0.3446
q72,1,4,0,1,0.0,0,0.6595,0.3398,0.1399,0.368
q72,1,5,0,1,0.2,1,0.7658,0.4644,0.1901,0.4134
q72,1,6,0,1,0.0,0,0.6269,0.387,0.1282,0.3608
q72,1,7,0,1,0.0,0,0.5779,0.346,0.1248,0.3546
q72,1,8,1,1,0.0,0,0.5588,0.464,0.1458,0.3842
q72,2,3,0,1,0.0,0,0.5881,0.3346,0.1596,0.4072
q72,2,4,1,1,0.1667,1,0.6312,0.5197,0.2602,0.5178
q72,2,5,1,1,0.0,0,0.5523,0.3889,0.1429,0.3617
q72,2,6,0,1,0.1429,1,0.6539,0.4303,0.2026,0.4437
q72,2,7,0,1,0.0,0,0.5641,0.4308,0.1985,0.4308
q72,2,8,0,1,0.1429,1,0.859,0.7204,0.3579,0.5864
q72,3,4,0,1,0.0,0,0.5366,0.3577,0.169,0.4182
q72,3,5,0,1,0.0,0,0.5202,0.2255,0.1033,0.3283
q72,3,6,1,1,0.0,0,0.554,0.4263,0.1586,0.4014
q72,3,7,1,1,0.0,0,0.611,0.5995,0.2727,0.5186
q72,3,8,0,1,0.0,0,0.6188,0.4509,0.1613,0.4107
q72,4,5,1,1,0.1667,1,0.6744,0.3045,0.1354,0.3649
q72,4,6,0,1,0.125,1,0.6124,0.3763,0.1543,0.4073
q72,4,7,0,1,0.0,0,0.5561,0.4242,0.1886,0.4374
q72,4,8,0,1,0.2857,2,0.6916,0.5622,0.2192,0.4647
q72,5,6,0,1,0.1429,1,0.5834,0.4632,0.175,0.4052
q72,5,7,0,1,0.0,0,0.5017,0.2412,0.1197,0.3408
q72,5,8,0,1,0.3333,2,0.6407,0.4377,0.1429,0.3752
q72,6,7,1,1,0.0,0,0.6401,0.4045,0.1854,0.4149
q72,6,8,0,1,0.25,2,0.7251,0.502,0.1962,0.4563
q72,7,8,0,1,0.0,0,0.5805,0.497,0.1799,0.4187
q73,0,1,0,1,0.0,0,0.3932,0.4409,0.1632,0.3655
q73,0,2,1,1,0.0,0,0.4371,0.4036,0.1505,0.3488
q73,0,3,0,1,0.0,0,0.4629,0.4254,0.1627,0.3767
q73,0,4,0,1,0.0,0,0.5043,0.4158,0.1529,0.3418
q73,0,5,1,1,0.0,0,0.4991,0.5462,0.1802,0.3847
q73,0,6,0,1,0.0,0,0.4947,0.5102,0.1776,0.4178
q73,0,7,0,1,0.0,0,0.4228,0.4827,0.1568,0.3593
q73,0,8,0,1,0.0,0,0.4825,0.4814,0.1527,0.3635
q73,1,2,0,1,0.0,0,0.4482,0.3429,0.1291,0.3256
q73,1,3,0,1,0.0,0,0.5145,0.4787,0.1827,0.3888
q73,1,4,1,1,0.0,0,0.5177,0.4441,0.1641,0.3653
q73,1,5,0,1,0.0,0,0.4467,0.511,0.1765,0.3684
q73,1,6,0,1,0.0,0,0.5976,0.5951,0.1917,0.4051
q73,1,7,0,1,0.0,0,0.4803,0.4722,0.1444,0.3368
q73,1,8,1,1,0.0,0,0.6005,0.5077,0.1672,0.3698
q73,2,3,0,1,0.0,0,0.4726,0.4498,0.1831,0.3877
q73,2,4,0,1,0.0,0,0.4991,0.3404,0.1202,0.3031
q73,2,5,1,1,0.0909,1,0.4953,0.5271,0.1789,0.3782
q73,2,6,0,1,0.0,0,0.566,0.49,0.1702,0.3928
q73,2,7,0,1,0.0,0,0.4266,0.495,0.151,0.3356
q73,2,8,0,1,0.0,0,0.5382,0.4458,0.1453,0.3329
q73,3,4,0,1,0.0,0,0.5919,0.4387,0.1534,0.3477
q73,3,5,0,1,0.0,0,0.4876,0.5408,0.1992,0.4159
q73,3,6,1,1,0.2222,2,0.7336,0.6523,0.2626,0.4997
q73,3,7,1,1,0.0,0,0.5055,0.5294,0.1908,0.4057
q73,3,8,0,1,0.0,0,0.6139,0.5698,0.1916,0.4026
q73,4,5,0,1,0.0,0,0.5032,0.4814,0.1608,0.3612
q73,4,6,0,1,0.0,0,0.5976,0.5386,0.1603,0.3856
q73,4,7,0,1,0.0,0,0.4982,0.4346,0.1625,0.3844
q73,4,8,1,1,0.0,0,0.6153,0.552,0.2008,0.4164
q73,5,6,0,1,0.0,0,0.5123,0.5672,0.2188,0.4464
q73,5,7,0,1,0.0,0,0.4692,0.5113,0.1814,0.3942
q73,5,8,0,1,0.0,0,0.5399,0.494,0.1687,0.3745
q73,6,7,1,1,0.0,0,0.5179,0.498,0.2007,0.4314
q73,6,8,0,1,0.0,0,0.6257,0.5089,0.2027,0.4438
q73,7,8,0,1,0.0,0,0.6487,0.4503,0.1665,0.3813
q74,0,1,1,1,0.0,0,0.4529,0.4376,0.183,0.403
q74,0,2,0,1,0.0,0,0.3372,0.3081,0.1322,0.3464
q74,0,3,1,1,0.125,1,0.5846,0.5427,0.224,0.4336
q74,0,4,0,1,0.0,0,0.4356,0.3691,0.1461,0.3633
q74,0,5,0,1,0.0,0,0.6184,0.4766,0.1712,0.4119
q74,0,6,0,1,0.0,0,0.3994,0.3242,0.1263,0.3456
q74,0,7,0,1,0.0,0,0.4801,0.3196,0.1245,0.3275
q74,0,8,0,1,0.0,0,0.4592,0.4353,0.1511,0.3756
q74,0,9,0,0,0.0,0,0.4003,0.2264,0.0799,0.2577
q74,0,10,0,0,0.2,1,0.5423,0.4167,0.1364,0.3464
q74,0,11,0,0,0.0,0,0.4046,0.3994,0.1554,0.3703
q74,0,12,0,0,0.1667,1,0.5383,0.3007,0.1277,0.3344
q74,0,13,0,0,0.0,0,0.405,0.2103,0.1042,0.3135
q74,0,14,0,0,0.1429,1,0.5584,0.3462,0.1422,0.3533
q74,0,15,0,0,0.2,1,0.5869,0.3448,0.1163,0.3331
q74,0,16,0,0,0.0,0,0.5466,0.4141,0.1315,0.3447
q74,0,17,0,0,0.0,0,0.4803,0.3333,0.1461,0.3666
q74,0,18,0,0,0.0,0,0.4943,0.2599,0.1164,0.3317
q74,0,19,0,0,0.25,1,0.625,0.3356,0.14,0.3447
q74,0,20,0,0,0.125,1,0.5618,0.4008,0.1579,0.3716
q74,0,21,0,0,0.0,0,0.4379,0.4549,0.1492,0.3447
q74,0,22,0,0,0.0,0,0.3979,0.3558,0.162,0.3884
q74,0,23,0,0,0.0,0,0.6064,0.4077,0.1547,0.3619
q74,0,24,0,0,0.0,0,0.5428,0.4646,0.1739,0.3772
q74,0,25,0,0,0.0,0,0.4983,0.4151,0.1736,0.3961
q74,0,26,0,0,0.0,0,0.4808,0.3062,0.1194,0.3391
q74,1,2,0,1,0.0,0,0.4884,0.3915,0.1583,0.4104
q74,1,3,1,1,0.0,0,0.5485,0.4669,0.1798,0.3931
q74,1,4,0,1,0.0,0,0.5742,0.4064,0.1656,0.3693
q74,1,5,0,1,0.0,0,0.5327,0.5119,0.1982,0.4282
q74,1,6,0,1,0.0,0,0.4483,0.396,0.1564,0.3722
q74,1,7,0,1,0.0,0,0.4296,0.3444,0.1379,0.3558
q74,1,8,0,1,0.0,0,0.5205,0.4123,0.1572,0.3841
q74,1,9,0,0,0.0,0,0.4736,0.4462,0.098,0.2597
q74,1,10,0,0,0.0,0,0.5834,0.3475,0.1013,0.2926
q74,1,11,0,0,0.0,0,0.4785,0.4749,0.1913,0.4234
q74,1,12,0,0,0.0,0,0.5846,0.3284,0.1149,0.3062
q74,1,13,0,0,0.0,0,0.5961,0.2431,0.1076,0.3183
q74,1,14,0,0,0.0,0,0.4969,0.3025,0.1158,0.3328
q74,1,15,0,0,0.0,0,0.6034,0.351,0.1383,0.3742
q74,1,16,0,0,0.0,0,0.6086,0.3977,0.1405,0.3649
q74,1,17,0,0,0.0,0,0.5271,0.444,0.1488,0.373
q74,1,18,0,0,0.0,0,0.4845,0.3434,0.1447,0.366
q74,1,19,0,0,0.0,0,0.574,0.3367,0.1318,0.3423
q74,1,20,0,0,0.0,0,0.5736,0.4016,0.1498,0.3601
q74,1,21,0,0,0.0,0,0.4948,0.4968,0.1645,0.3794
q74,1,22,0,0,0.0,0,0.5847,0.4763,0.1862,0.4145
q74,1,23,0,0,0.0,0,0.4544,0.3136,0.1335,0.3409
q74,1,24,0,0,0.0,0,0.6056,0.4015,0.1566,0.3623
q74,1,25,0,0,0.0,0,0.4791,0.4877,0.1888,0.4151
q74,1,26,0,0,0.0,0,0.5433,0.3811,0.1374,0.3633
q74,2,3,0,1,0.0,0,0.5051,0.2931,0.1209,0.3455
q74,2,4,1,1,0.0,0,0.4827,0.3303,0.1488,0.3723
q74,2,5,0,1,0.0,0,0.4478,0.4151,0.1683,0.4171
q74,2,6,0,1,0.0,0,0.5091,0.3575,0.1505,0.3767
q74,2,7,1,1,0.0,0,0.5027,0.461,0.1582,0.3869
q74,2,8,0,1,0.0,0,0.5224,0.3909,0.1503,0.3943
q74,2,9,0,0,0.1111,1,0.7472,0.5387,0.1304,0.2952
q74,2,10,0,0,0.0,0,0.472,0.1962,0.075,0.2682
q74,2,11,0,0,0.0,0,0.4695,0.4682,0.1881,0.4481
q74,2,12,0,0,0.0,0,0.4949,0.178,0.0857,0.2872
q74,2,13,0,0,0.0,0,0.5125,0.2057,0.109,0.3348
q74,2,14,0,0,0.0,0,0.4535,0.1618,0.0828,0.2914
q74,2,15,0,0,0.0,0,0.4779,0.3411,0.1372,0.3818
q74,2,16,0,0,0.0,0,0.5108,0.344,0.1205,0.3626
q74,2,17,0,0,0.0,0,0.5487,0.4412,0.162,0.3831
q74,2,18,0,0,0.0,0,0.3953,0.3119,0.1292,0.3508
q74,2,19,0,0,0.0,0,0.4652,0.2498,0.1131,0.3268
q74,2,20,0,0,0.0,0,0.4506,0.2558,0.1089,0.3182
q74,2,21,0,0,0.0,0,0.4041,0.2601,0.1013,0.3013
q74,2,22,0,0,0.0,0,0.4386,0.3252,0.135,0.3721
q74,2,23,0,0,0.0,0,0.4209,0.2061,0.1089,0.3168
q74,2,24,0,0,0.0,0,0.5289,0.3103,0.123,0.3434
q74,2,25,0,0,0.0,0,0.4872,0.3374,0.1335,0.3791
q74,2,26,0,0,0.0,0,0.4658,0.2995,0.1248,0.3638
q74,3,4,0,1,0.0,0,0.5174,0.3825,0.1479,0.3394
q74,3,5,0,1,0.2222,2,0.6493,0.5169,0.2011,0.4214
q74,3,6,0,1,0.0,0,0.5002,0.3634,0.1352,0.3501
q74,3,7,0,1,0.0,0,0.5452,0.3678,0.1359,0.3566
q74,3,8,0,1,0.0,0,0.5844,0.4599,0.1509,0.3798
q74,3,9,0,0,0.0,0,0.4895,0.3151,0.0833,0.2382
q74,3,10,0,0,0.4,2,0.7416,0.597,0.1886,0.3768
q74,3,11,0,0,0.0,0,0.4611,0.3917,0.1487,0.3543
q74,3,12,0,0,0.1429,1,0.7559,0.5117,0.1885,0.3806
q74,3,13,0,0,0.0,0,0.5095,0.2714,0.1049,0.3146
q74,3,14,0,0,0.2857,2,0.7664,0.4957,0.2218,0.4201
q74,3,15,0,0,0.1667,1,0.7856,0.3402,0.1157,0.3312
q74,3,16,0,0,0.0,0,0.6686,0.4968,0.1477,0.3739
q74,3,17,0,0,0.0,0,0.5966,0.4433,0.1429,0.3564
q74,3,18,0,0,0.0,0,0.5182,0.3473,0.1224,0.323
q74,3,19,0,0,0.2,1,0.7707,0.4345,0.1786,0.3801
q74,3,20,0,0,0.25,2,0.7983,0.6214,0.2644,0.4636
q74,3,21,0,0,0.0,0,0.4751,0.4685,0.1492,0.343
q74,3,22,0,0,0.0,0,0.4925,0.3833,0.1502,0.353
q74,3,23,0,0,0.0,0,0.5023,0.3308,0.1382,0.3457
q74,3,24,0,0,0.0,0,0.6392,0.4947,0.1842,0.3909
q74,3,25,0,0,0.0,0,0.5196,0.4125,0.1597,0.3721
q74,3,26,0,0,0.0,0,0.4998,0.3821,0.1326,0.3466
q74,4,5,0,1,0.0,0,0.4574,0.3855,0.1614,0.3826
q74,4,6,0,1,0.0,0,0.4832,0.2859,0.1262,0.3472
q74,4,7,1,1,0.0,0,0.4759,0.3599,0.1416,0.3636
q74,4,8,0,1,0.0,0,0.4931,0.3262,0.1314,0.3549
q74,4,9,0,0,0.0,0,0.4731,0.2321,0.075,0.2238
q74,4,10,0,0,0.0,0,0.5064,0.3293,0.0973,0.2781
q74,4,11,0,0,0.0,0,0.5116,0.3623,0.1638,0.3911
q74,4,12,0,0,0.0,0,0.5154,0.2771,0.1057,0.3039
q74,4,13,0,0,0.0,0,0.5926,0.2717,0.1102,0.3386
q74,4,14,0,0,0.0,0,0.4992,0.2327,0.0951,0.2861
q74,4,15,0,0,0.0,0,0.5058,0.3262,0.1295,0.356
q74,4,16,0,0,0.0,0,0.5289,0.376,0.1264,0.3507
q74,4,17,0,0,0.0,0,0.517,0.4047,0.1489,0.3523
q74,4,18,0,0,0.0,0,0.4692,0.3207,0.1333,0.3512
q74,4,19,0,0,0.0,0,0.4947,0.288,0.1188,0.3063
q74,4,20,0,0,0.0,0,0.5095,0.3013,0.1211,0.3085
q74,4,21,0,0,0.0,0,0.4988,0.388,0.1271,0.3138
q74,4,22,0,0,0.0,0,0.5445,0.4245,0.1572,0.3776
q74,4,23,0,0,0.0,0,0.4757,0.2775,0.1208,0.3168
q74,4,24,0,0,0.0,0,0.5807,0.376,0.1364,0.3563
q74,4,25,0,0,0.0,0,0.5743,0.4333,0.1642,0.4019
q74,4,26,0,0,0.0,0,0.5824,0.3187,0.1357,0.3645
q74,5,6,1,1,0.0,0,0.5349,0.4504,0.1776,0.4145
q74,5,7,0,1,0.0,0,0.6237,0.3547,0.1426,0.3803
q74,5,8,1,1,0.0,0,0.6093,0.5203,0.1993,0.4292
q74,5,9,0,0,0.0,0,0.4932,0.4198,0.1013,0.27
q74,5,10,0,0,0.1429,1,0.6481,0.3506,0.1089,0.3068
q74,5,11,0,0,0.0,0,0.466,0.5194,0.215,0.4769
q74,5,12,0,0,0.0,0,0.6356,0.2851,0.104,0.3211
q74,5,13,0,0,0.0,0,0.51,0.3237,0.1385,0.3792
q74,5,14,0,0,0.1111,1,0.6538,0.3275,0.1357,0.3609
q74,5,15,0,0,0.1429,1,0.7205,0.4955,0.1748,0.4217
q74,5,16,0,0,0.0,0,0.6538,0.5275,0.1739,0.4181
q74,5,17,0,0,0.0,0,0.6498,0.5229,0.2013,0.4434
q74,5,18,0,0,0.0,0,0.5384,0.4483,0.1925,0.4229
q74,5,19,0,0,0.0,0,0.6642,0.2966,0.1306,0.3548
q74,5,20,0,0,0.375,3,0.7137,0.4433,0.1681,0.3845
q74,5,21,0,0,0.0,0,0.4719,0.5217,0.159,0.3898
q74,5,22,0,0,0.0,0,0.4828,0.5046,0.2013,0.4284
q74,5,23,0,0,0.0,0,0.6209,0.434,0.179,0.4106
q74,5,24,0,0,0.0,0,0.6197,0.4149,0.172,0.3951
q74,5,25,0,0,0.0,0,0.5235,0.4596,0.1885,0.4444
q74,5,26,0,0,0.0,0,0.5364,0.4306,0.1698,0.4199
q74,6,7,0,1,0.2222,2,0.6792,0.4654,0.171,0.4034
q74,6,8,1,1,0.0,0,0.565,0.5071,0.1942,0.4108
q74,6,9,0,0,0.0,0,0.4629,0.2028,0.0665,0.2312
q74,6,10,0,0,0.0,0,0.424,0.257,0.079,0.268
q74,6,11,0,0,0.0,0,0.4404,0.3481,0.1537,0.3787
q74,6,12,0,0,0.0,0,0.4271,0.2278,0.088,0.2987
q74,6,13,0,0,0.0,0,0.4613,0.1837,0.1006,0.3192
q74,6,14,0,0,0.0,0,0.4247,0.2236,0.0938,0.3054
q74,6,15,0,0,0.0,0,0.4337,0.2894,0.1293,0.3697
q74,6,16,0,0,0.0,0,0.4634,0.3966,0.152,0.3946
q74,6,17,0,0,0.0,0,0.5861,0.4635,0.1714,0.4009
q74,6,18,0,0,0.0,0,0.4195,0.2664,0.1347,0.3569
q74,6,19,0,0,0.0,0,0.4226,0.2466,0.1068,0.3055
q74,6,20,0,0,0.0,0,0.4823,0.3131,0.1141,0.3182
q74,6,21,0,0,0.0,0,0.3843,0.3109,0.1058,0.3122
q74,6,22,0,0,0.0,0,0.4453,0.333,0.1296,0.3534
q74,6,23,0,0,0.0,0,0.4059,0.2611,0.1164,0.3229
q74,6,24,0,0,0.0,0,0.4945,0.2929,0.1215,0.3335
q74,6,25,0,0,0.0,0,0.4053,0.2828,0.1284,0.3503
q74,6,26,0,0,0.0,0,0.4601,0.2914,0.1364,0.3737
q74,7,8,0,1,0.0,0,0.5299,0.4581,0.1721,0.3957
q74,7,9,0,0,0.0,0,0.432,0.4066,0.0902,0.2487
q74,7,10,0,0,0.0,0,0.4415,0.3141,0.0798,0.2628
q74,7,11,0,0,0.0,0,0.4259,0.3901,0.1401,0.3697
q74,7,12,0,0,0.0,0,0.4355,0.2515,0.0936,0.3016
q74,7,13,0,0,0.0,0,0.4193,0.2081,0.0893,0.3212
q74,7,14,0,0,0.0,0,0.485,0.2618,0.1018,0.3133
q74,7,15,0,0,0.0,0,0.4635,0.1819,0.0951,0.3313
q74,7,16,0,0,0.0,0,0.4527,0.3691,0.1382,0.3928
q74,7,17,0,0,0.0,0,0.5971,0.5223,0.1604,0.3783
q74,7,18,0,0,0.0,0,0.3901,0.2652,0.1182,0.3349
q74,7,19,0,0,0.0,0,0.4552,0.3089,0.1099,0.3167
q74,7,20,0,0,0.0,0,0.5359,0.3365,0.116,0.3211
q74,7,21,0,0,0.0,0,0.3917,0.3138,0.0982,0.295
q74,7,22,0,0,0.0,0,0.3828,0.3293,0.1259,0.3409
q74,7,23,0,0,0.0,0,0.4709,0.1991,0.1058,0.3205
q74,7,24,0,0,0.0,0,0.495,0.3555,0.1271,0.3564
q74,7,25,0,0,0.0,0,0.444,0.3639,0.131,0.3562
q74,7,26,0,0,0.0,0,0.4455,0.2406,0.1182,0.3623
q74,8,9,0,0,0.0,0,0.4862,0.1604,0.0563,0.2041
q74,8,10,0,0,0.0,0,0.5325,0.3612,0.0897,0.2674
q74,8,11,0,0,0.0,0,0.4248,0.3526,0.1425,0.3681
q74,8,12,0,0,0.0,0,0.5564,0.3401,0.1052,0.3123
q74,8,13,0,0,0.0,0,0.5188,0.3541,0.1242,0.3473
q74,8,14,0,0,0.0,0,0.498,0.4804,0.1485,0.3549
q74,8,15,0,0,0.0,0,0.5264,0.2908,0.1321,0.362
q74,8,16,0,0,0.0,0,0.5629,0.3777,0.1469,0.3849
q74,8,17,0,0,0.0,0,0.6554,0.533,0.1777,0.4059
q74,8,18,0,0,0.0,0,0.4557,0.39,0.1555,0.3741
q74,8,19,0,0,0.0,0,0.5258,0.3626,0.1207,0.3321
q74,8,20,0,0,0.0,0,0.5724,0.4335,0.13,0.323
q74,8,21,0,0,0.0,0,0.4317,0.4329,0.1219,0.329
q74,8,22,0,0,0.0,0,0.4826,0.4421,0.1504,0.3621
q74,8,23,0,0,0.0,0,0.4607,0.3691,0.1332,0.3294
q74,8,24,0,0,0.0,0,0.5758,0.4553,0.1528,0.3705
q74,8,25,0,0,0.0,0,0.4238,0.4148,0.1526,0.3812
q74,8,26,0,0,0.0,0,0.5082,0.3218,0.1376,0.3773
q74,9,10,0,1,0.0,0,0.4499,0.1679,0.0717,0.2472
q74,9,11,1,1,0.0,0,0.4845,0.4877,0.1106,0.2928
q74,9,12,0,1,0.0,0,0.4699,0.1972,0.0671,0.2168
q74,9,13,0,1,0.0,0,0.4673,0.134,0.0591,0.2233
q74,9,14,0,1,0.0,0,0.413,0.1642,0.045,0.1957
q74,9,15,0,1,0.0,0,0.4592,0.3189,0.0675,0.2288
q74,9,16,0,1,0.0,0,0.4874,0.3453,0.0636,0.2244
q74,9,17,1,1,0.0,0,0.5116,0.4255,0.106,0.2683
q74,9,18,0,0,0.0,0,0.4371,0.2613,0.0713,0.2405
q74,9,19,0,0,0.0,0,0.4499,0.2311,0.0632,0.2085
q74,9,20,0,0,0.0,0,0.4821,0.333,0.0853,0.2464
q74,9,21,0,0,0.0,0,0.4562,0.2434,0.072,0.2381
q74,9,22,0,0,0.0,0,0.4093,0.2292,0.0738,0.2586
q74,9,23,0,0,0.0,0,0.4023,0.2085,0.0716,0.2376
q74,9,24,0,0,0.0,0,0.5081,0.3406,0.0806,0.236
q74,9,25,0,0,0.0,0,0.4223,0.2708,0.0732,0.2336
q74,9,26,0,0,0.0,0,0.4529,0.2755,0.0599,0.2224
q74,10,11,0,1,0.0,0,0.4746,0.3027,0.0995,0.3024
q74,10,12,1,1,0.25,1,0.9204,0.5779,0.2132,0.3916
q74,10,13,0,1,0.0,0,0.5357,0.1414,0.0591,0.2435
q74,10,14,1,1,0.5,2,0.8086,0.6221,0.2238,0.3987
q74,10,15,0,1,0.3333,1,0.8797,0.3019,0.0858,0.2784
q74,10,16,0,1,0.0,0,0.7952,0.4707,0.1067,0.2977
q74,10,17,0,1,0.0,0,0.5605,0.2715,0.0946,0.2877
q74,10,18,0,0,0.0,0,0.499,0.2517,0.0801,0.2631
q74,10,19,0,0,0.5,1,0.9243,0.7194,0.3174,0.4902
q74,10,20,0,0,0.1667,1,0.8311,0.4768,0.184,0.3651
q74,10,21,0,0,0.0,0,0.4767,0.289,0.1008,0.2834
q74,10,22,0,0,0.0,0,0.517,0.3209,0.1093,0.3141
q74,10,23,0,0,0.0,0,0.5295,0.3004,0.0914,0.2815
q74,10,24,0,0,0.0,0,0.7433,0.5597,0.1729,0.3646
q74,10,25,0,0,0.0,0,0.4591,0.2966,0.0993,0.2988
q74,10,26,0,0,0.0,0,0.5023,0.3133,0.0845,0.276
q74,11,12,0,1,0.0,0,0.4789,0.2451,0.0982,0.3074
q74,11,13,0,1,0.0,0,0.5025,0.2,0.1154,0.359
q74,11,14,0,1,0.0,0,0.4428,0.2305,0.1032,0.3165
q74,11,15,0,1,0.0,0,0.4794,0.4315,0.1529,0.3937
q74,11,16,0,1,0.0,0,0.4549,0.4248,0.1373,0.3797
q74,11,17,1,1,0.0,0,0.4629,0.5118,0.2117,0.4328
q74,11,18,0,0,0.0,0,0.4189,0.5085,0.1952,0.4269
q74,11,19,0,0,0.0,0,0.4698,0.2548,0.1144,0.3213
q74,11,20,0,0,0.0,0,0.4519,0.3205,0.1314,0.3368
q74,11,21,0,0,0.0,0,0.4104,0.4143,0.1542,0.359
q74,11,22,0,0,0.0,0,0.4029,0.4362,0.1698,0.4071
q74,11,23,0,0,0.0,0,0.4098,0.298,0.1363,0.3539
q74,11,24,0,0,0.0,0,0.495,0.4893,0.1758,0.3941
q74,11,25,0,0,0.0,0,0.4504,0.4484,0.1887,0.4397
q74,11,26,0,0,0.0,0,0.4496,0.4678,0.1776,0.4111
q74,12,13,0,1,0.0,0,0.547,0.2259,0.0866,0.2989
q74,12,14,1,1,0.1667,1,0.7594,0.5358,0.2354,0.4375
q74,12,15,0,1,0.25,1,0.8142,0.2802,0.0988,0.3076
q74,12,16,0,1,0.0,0,0.7437,0.3903,0.1178,0.3444
q74,12,17,0,1,0.0,0,0.5699,0.2319,0.0969,0.3021
q74,12,18,0,0,0.0,0,0.5179,0.2779,0.0914,0.2923
q74,12,19,0,0,0.3333,1,0.8419,0.4431,0.2194,0.4103
q74,12,20,0,0,0.1429,1,0.8253,0.4724,0.188,0.3805
q74,12,21,0,0,0.0,0,0.4825,0.2587,0.0975,0.2928
q74,12,22,0,0,0.0,0,0.519,0.2112,0.0896,0.3012
q74,12,23,0,0,0.0,0,0.5333,0.3069,0.096,0.3022
q74,12,24,0,0,0.0,0,0.6694,0.3522,0.1345,0.3519
q74,12,25,0,0,0.0,0,0.4627,0.2417,0.0914,0.3119
q74,12,26,0,0,0.0,0,0.5207,0.3066,0.097,0.3074
q74,13,14,0,1,0.0,0,0.4555,0.1845,0.0856,0.2964
q74,13,15,1,1,0.0,0,0.4977,0.5141,0.2091,0.4454
q74,13,16,1,1,0.0,0,0.5462,0.5078,0.1738,0.4171
q74,13,17,0,1,0.0,0,0.5524,0.1887,0.1013,0.3345
q74,13,18,0,0,0.0,0,0.497,0.4307,0.174,0.4064
q74,13,19,0,0,0.0,0,0.4981,0.2616,0.1014,0.3051
q74,13,20,0,0,0.0,0,0.5101,0.3107,0.101,0.2961
q74,13,21,0,0,0.0,0,0.4794,0.3065,0.094,0.3053
q74,13,22,0,0,0.0,0,0.5251,0.2698,0.1055,0.3317
q74,13,23,0,0,0.0,0,0.4589,0.3355,0.1295,0.3497
q74,13,24,0,0,0.0,0,0.5177,0.242,0.1035,0.3101
q74,13,25,0,0,0.0,0,0.4869,0.2611,0.1055,0.3367
q74,13,26,0,0,0.0,0,0.5958,0.4724,0.1607,0.4164
q74,14,15,0,1,0.2,1,0.8431,0.2101,0.0966,0.3118
q74,14,16,0,1,0.0,0,0.6661,0.3916,0.1196,0.3366
q74,14,17,0,1,0.0,0,0.5105,0.2768,0.0951,0.3038
q74,14,18,0,0,0.0,0,0.4617,0.2604,0.1021,0.3029
q74,14,19,0,0,0.25,1,0.8385,0.5023,0.2301,0.4368
q74,14,20,0,0,0.2857,2,0.8433,0.5669,0.2559,0.4433
q74,14,21,0,0,0.0,0,0.4622,0.2674,0.0982,0.287
q74,14,22,0,0,0.0,0,0.4409,0.3076,0.1215,0.3388
q74,14,23,0,0,0.0,0,0.4956,0.2965,0.1222,0.3416
q74,14,24,0,0,0.0,0,0.6149,0.4189,0.1611,0.3707
q74,14,25,0,0,0.0,0,0.465,0.2668,0.1097,0.3207
q74,14,26,0,0,0.0,0,0.4367,0.271,0.1041,0.3183
q74,15,16,1,1,0.0,0,0.7418,0.5999,0.2349,0.4751
q74,15,17,0,1,0.0,0,0.5561,0.3122,0.1289,0.3735
q74,15,18,0,0,0.0,0,0.5216,0.5786,0.2348,0.4623
q74,15,19,0,0,0.5,1,0.9189,0.3221,0.1128,0.3294
q74,15,20,0,0,0.4,2,0.9178,0.3704,0.1155,0.3233
q74,15,21,0,0,0.0,0,0.5176,0.3631,0.1119,0.3331
q74,15,22,0,0,0.0,0,0.516,0.3829,0.1389,0.3761
q74,15,23,0,0,0.0,0,0.5619,0.4077,0.1468,0.3495
q74,15,24,0,0,0.0,0,0.6885,0.3296,0.1252,0.348
q74,15,25,0,0,0.0,0,0.4816,0.3079,0.1306,0.3764
q74,15,26,0,0,0.0,0,0.5001,0.5161,0.2279,0.4813
q74,16,17,0,1,0.0,0,0.5844,0.4124,0.1382,0.3754
q74,16,18,0,0,0.25,1,0.551,0.6073,0.2105,0.4499
q74,16,19,0,0,0.0,0,0.7377,0.505,0.1564,0.3684
q74,16,20,0,0,0.0,0,0.7555,0.4478,0.1252,0.3423
q74,16,21,0,0,0.0,0,0.5356,0.3992,0.1055,0.3125
q74,16,22,0,0,0.0,0,0.5197,0.4245,0.1452,0.3623
q74,16,23,0,0,0.0,0,0.5611,0.4515,0.1491,0.3615
q74,16,24,0,0,0.1667,1,0.7824,0.5116,0.1627,0.3867
q74,16,25,0,0,0.0,0,0.4927,0.3982,0.1321,0.3667
q74,16,26,0,0,0.0,0,0.6104,0.5366,0.2095,0.4706
q74,17,18,0,0,0.0,0,0.4654,0.4569,0.1818,0.4199
q74,17,19,0,0,0.0,0,0.557,0.3021,0.1274,0.3446
q74,17,20,0,0,0.0,0,0.5759,0.3389,0.1385,0.3437
q74,17,21,0,0,0.0,0,0.4241,0.264,0.1096,0.3128
q74,17,22,0,0,0.0,0,0.4555,0.376,0.1462,0.3705
q74,17,23,0,0,0.0,0,0.4677,0.2611,0.1262,0.3397
q74,17,24,0,0,0.0,0,0.5976,0.4385,0.1525,0.3618
q74,17,25,0,0,0.0,0,0.4342,0.3647,0.1457,0.3763
q74,17,26,0,0,0.0,0,0.5129,0.4259,0.161,0.4012
q74,18,19,0,1,0.0,0,0.5479,0.2666,0.104,0.3176
q74,18,20,0,1,0.0,0,0.5355,0.3668,0.118,0.3349
q74,18,21,0,1,0.0,0,0.4053,0.2723,0.1076,0.318
q74,18,22,0,1,0.0,0,0.4355,0.3506,0.1391,0.3597
q74,18,23,1,1,0.0,0,0.5019,0.4726,0.1671,0.3714
q74,18,24,0,1,0.0,0,0.5534,0.3131,0.1279,0.3429
q74,18,25,0,1,0.0,0,0.4335,0.2895,0.1337,0.3617
q74,18,26,1,1,0.0,0,0.5874,0.6634,0.2531,0.4914
q74,19,20,1,1,0.2,1,0.87,0.4522,0.2078,0.4065
q74,19,21,1,1,0.0,0,0.4961,0.2313,0.1033,0.2997
q74,19,22,0,1,0.0,0,0.5078,0.2366,0.1197,0.3383
q74,19,23,0,1,0.0,0,0.5609,0.2866,0.1131,0.3129
q74,19,24,0,1,0.0,0,0.6966,0.5464,0.2137,0.428
q74,19,25,0,1,0.0,0,0.4998,0.2798,0.1179,0.3335
q74,19,26,0,1,0.0,0,0.5107,0.364,0.1208,0.3322
q74,20,21,1,1,0.0,0,0.4837,0.305,0.1237,0.311
q74,20,22,0,1,0.0,0,0.4916,0.2505,0.1183,0.3314
q74,20,23,0,1,0.0,0,0.5129,0.3545,0.1188,0.3178
q74,20,24,0,1,0.0,0,0.7025,0.438,0.1625,0.3832
q74,20,25,0,1,0.0,0,0.5174,0.3152,0.123,0.3359
q74,20,26,0,1,0.0,0,0.5116,0.3741,0.1161,0.3242
q74,21,22,0,1,0.0,0,0.4067,0.3836,0.1439,0.3606
q74,21,23,0,1,0.0,0,0.442,0.3153,0.1148,0.3076
q74,21,24,0,1,0.0,0,0.5259,0.4051,0.1278,0.3309
q74,21,25,0,1,0.0,0,0.5599,0.4871,0.1526,0.372
q74,21,26,0,1,0.0,0,0.4676,0.3841,0.1097,0.3282
q74,22,23,0,1,0.0,0,0.4299,0.4193,0.1662,0.3777
q74,22,24,1,1,0.0,0,0.5764,0.5116,0.1942,0.4053
q74,22,25,1,1,0.0,0,0.4364,0.5575,0.2223,0.4463
q74,22,26,0,1,0.0,0,0.4959,0.4135,0.1509,0.3909
q74,23,24,0,1,0.0,0,0.5474,0.3093,0.1451,0.342
q74,23,25,0,1,0.0,0,0.4939,0.3337,0.1472,0.3542
q74,23,26,1,1,0.0,0,0.4987,0.4821,0.165,0.376
q74,24,25,1,1,0.0,0,0.5215,0.4922,0.2041,0.4213
q74,24,26,0,1,0.0,0,0.6174,0.3869,0.1478,0.3802
q74,25,26,0,1,0.0,0,0.4935,0.2875,0.1313,0.3623
q75,0,1,0,1,0.0,0,0.2873,0.2031,0.081,0.2574
q75,0,2,1,1,0.0,0,0.3743,0.3499,0.0797,0.2513
q75,0,3,0,1,0.0,0,0.3855,0.2041,0.0567,0.2163
q75,0,4,0,1,0.0,0,0.3512,0.171,0.0556,0.2099
q75,0,5,0,1,0.0,0,0.4245,0.447,0.0986,0.2711
q75,0,6,0,1,0.0,0,0.4427,0.517,0.1088,0.2843
q75,0,7,0,1,0.0,0,0.3712,0.3188,0.0696,0.2426
q75,0,8,1,1,0.0,0,0.43,0.3907,0.0753,0.2386
q75,0,9,0,0,0.0,0,0.4308,0.2177,0.0762,0.2695
q75,0,10,0,0,0.0,0,0.4129,0.3508,0.1116,0.3103
q75,0,11,0,0,0.0,0,0.3784,0.4412,0.1365,0.3061
q75,0,12,0,0,0.0,0,0.4213,0.3732,0.0898,0.2779
q75,0,13,0,0,0.0,0,0.4605,0.172,0.0639,0.232
q75,0,14,0,0,0.0,0,0.4442,0.241,0.077,0.2646
q75,0,15,0,0,0.0,0,0.4341,0.2439,0.0908,0.2853
q75,0,16,0,0,0.0,0,0.3998,0.4082,0.0954,0.2834
q75,0,17,0,0,0.0,0,0.4462,0.3042,0.0822,0.2689
q75,0,18,0,0,0.0,0,0.4605,0.1104,0.0637,0.2143
q75,0,19,0,0,0.0,0,0.4514,0.1138,0.068,0.2606
q75,0,20,0,0,0.0,0,0.361,0.1798,0.0762,0.2601
q75,0,21,0,0,0.0,0,0.4145,0.172,0.0658,0.2437
q75,0,22,0,0,0.0,0,0.3012,0.2517,0.0777,0.2514
q75,0,23,0,0,0.0,0,0.4087,0.3489,0.091,0.2539
q75,0,24,0,0,0.0,0,0.5265,0.45,0.119,0.2733
q75,0,25,0,0,0.0,0,0.5242,0.4694,0.1232,0.2945
q75,0,26,0,0,0.0,0,0.4141,0.2293,0.0678,0.2515
q75,1,2,0,1,0.0,0,0.3913,0.3812,0.1101,0.3101
q75,1,3,1,1,0.0,0,0.4669,0.5616,0.1686,0.3536
q75,1,4,1,1,0.0,0,0.4769,0.3756,0.1405,0.3059
q75,1,5,0,1,0.0,0,0.4311,0.464,0.1419,0.3335
q75,1,6,0,1,0.0,0,0.4578,0.5427,0.1627,0.3668
q75,1,7,0,1,0.0,0,0.4255,0.4752,0.1374,0.3297
q75,1,8,0,1,0.0,0,0.4079,0.4389,0.1267,0.3362
q75,1,9,0,0,0.0,0,0.3784,0.3428,0.1419,0.3523
q75,1,10,0,0,0.0,0,0.4627,0.358,0.1507,0.3457
q75,1,11,0,0,0.0,0,0.3004,0.2826,0.1075,0.2892
q75,1,12,0,0,0.0,0,0.3483,0.4211,0.147,0.3588
q75,1,13,0,0,0.0,0,0.3661,0.2618,0.1036,0.274
q75,1,14,0,0,0.0,0,0.5485,0.3843,0.1471,0.3464
q75,1,15,0,0,0.0,0,0.3222,0.2683,0.088,0.2762
q75,1,16,0,0,0.0,0,0.5259,0.5452,0.1774,0.379
q75,1,17,0,0,0.0,0,0.4766,0.4262,0.1349,0.3362
q75,1,18,0,0,0.0,0,0.3661,0.1527,0.0627,0.2147
q75,1,19,0,0,0.0,0,0.274,0.2082,0.0654,0.2297
q75,1,20,0,0,0.0,0,0.5693,0.3482,0.112,0.2744
q75,1,21,0,0,0.1429,1,0.4156,0.4662,0.1987,0.395
q75,1,22,0,0,0.25,2,0.6503,0.4737,0.1825,0.3895
q75,1,23,0,0,0.0,0,0.4381,0.3015,0.1066,0.2988
q75,1,24,0,0,0.0,0,0.3417,0.3291,0.1023,0.2932
q75,1,25,0,0,0.0,0,0.4043,0.2989,0.0982,0.2754
q75,1,26,0,0,0.25,2,0.5511,0.6459,0.1894,0.4127
q75,2,3,0,1,0.0,0,0.4606,0.3585,0.1268,0.3372
q75,2,4,0,1,0.0,0,0.3695,0.2481,0.07,0.24
q75,2,5,0,1,0.1667,1,0.7764,0.6173,0.2651,0.4912
q75,2,6,0,1,0.1667,1,0.8313,0.5919,0.2421,0.4693
q75,2,7,0,1,0.2,1,0.8684,0.6396,0.2598,0.5071
q75,2,8,1,1,0.2,1,0.9213,0.71,0.3271,0.5622
q75,2,9,0,0,0.0,0,0.4572,0.3372,0.109,0.3108
q75,2,10,0,0,0.0,0,0.5825,0.4611,0.1233,0.2981
q75,2,11,0,0,0.0,0,0.3659,0.3581,0.1091,0.3041
q75,2,12,0,0,0.1667,1,0.7901,0.6326,0.2743,0.5034
q75,2,13,0,0,0.0,0,0.5828,0.3455,0.0872,0.2726
q75,2,14,0,0,0.0,0,0.5711,0.3252,0.1151,0.3432
q75,2,15,0,0,0.0,0,0.5435,0.3615,0.1139,0.3398
q75,2,16,0,0,0.0,0,0.4635,0.3187,0.1195,0.332
q75,2,17,0,0,0.0,0,0.6123,0.4795,0.1359,0.3476
q75,2,18,0,0,0.0,0,0.5828,0.311,0.0742,0.2258
q75,2,19,0,0,0.0,0,0.5158,0.4649,0.0925,0.2592
q75,2,20,0,0,0.0,0,0.3634,0.3917,0.0898,0.2615
q75,2,21,0,0,0.0,0,0.4452,0.4225,0.1414,0.3254
q75,2,22,0,0,0.0,0,0.4608,0.3731,0.1356,0.3635
q75,2,23,0,0,0.0,0,0.4918,0.3023,0.108,0.3339
q75,2,24,0,0,0.0,0,0.3961,0.3445,0.1147,0.3121
q75,2,25,0,0,0.0,0,0.4901,0.3468,0.1077,0.3074
q75,2,26,0,0,0.0,0,0.5307,0.3669,0.1553,0.3917
q75,3,4,1,1,0.0,0,0.4738,0.367,0.1105,0.2841
q75,3,5,0,1,0.1429,1,0.6077,0.4509,0.1546,0.3634
q75,3,6,0,1,0.0,0,0.5523,0.4643,0.1486,0.3541
q75,3,7,0,1,0.1667,1,0.618,0.4561,0.1568,0.3751
q75,3,8,0,1,0.0,0,0.5875,0.3824,0.1245,0.343
q75,3,9,0,0,0.125,1,0.697,0.5043,0.1842,0.3678
q75,3,10,0,0,0.0,0,0.5574,0.4178,0.1208,0.2982
q75,3,11,0,0,0.0,0,0.4108,0.3092,0.1142,0.3045
q75,3,12,0,0,0.1429,1,0.6071,0.3514,0.1336,0.3355
q75,3,13,0,0,0.0,0,0.4228,0.2494,0.0901,0.2566
q75,3,14,0,0,0.0,0,0.518,0.2887,0.1125,0.3168
q75,3,15,0,0,0.0,0,0.4263,0.1834,0.0814,0.2791
q75,3,16,0,0,0.0,0,0.5696,0.393,0.1509,0.3438
q75,3,17,0,0,0.0,0,0.4947,0.3919,0.148,0.3525
q75,3,18,0,0,0.0,0,0.4228,0.1695,0.0519,0.1914
q75,3,19,0,0,0.0,0,0.3854,0.178,0.06,0.2095
q75,3,20,0,0,0.0,0,0.4194,0.315,0.0772,0.2286
q75,3,21,0,0,0.0,0,0.3705,0.4093,0.1378,0.3187
q75,3,22,0,0,0.0,0,0.531,0.4056,0.1552,0.3499
q75,3,23,0,0,0.0,0,0.4674,0.3265,0.1258,0.3264
q75,3,24,0,0,0.0,0,0.4203,0.2686,0.1319,0.3229
q75,3,25,0,0,0.0,0,0.4937,0.2121,0.1049,0.2915
q75,3,26,0,0,0.0,0,0.4938,0.3946,0.1468,0.3655
q75,4,5,0,1,0.0,0,0.4297,0.2523,0.0838,0.2583
q75,4,6,0,1,0.0,0,0.4893,0.3958,0.1069,0.2878
q75,4,7,0,1,0.0,0,0.404,0.2597,0.0739,0.2512
q75,4,8,0,1,0.0,0,0.4882,0.2566,0.0748,0.2499
q75,4,9,0,0,0.0,0,0.4842,0.2924,0.1023,0.2686
q75,4,10,0,0,0.0,0,0.4485,0.2121,0.0797,0.2385
q75,4,11,0,0,0.0,0,0.3159,0.2476,0.0929,0.2687
q75,4,12,0,0,0.0,0,0.4296,0.2391,0.0944,0.2656
q75,4,13,0,0,0.0,0,0.4504,0.194,0.0734,0.2331
q75,4,14,0,0,0.0,0,0.4595,0.1396,0.0757,0.2526
q75,4,15,0,0,0.0,0,0.3934,0.1526,0.0775,0.2468
q75,4,16,0,0,0.0,0,0.4838,0.3281,0.1077,0.2859
q75,4,17,0,0,0.0,0,0.4512,0.2799,0.0907,0.2739
q75,4,18,0,0,0.0,0,0.4504,0.1215,0.0472,0.1969
q75,4,19,0,0,0.0,0,0.3574,0.1005,0.0457,0.187
q75,4,20,0,0,0.0,0,0.4875,0.1618,0.0617,0.2169
q75,4,21,0,0,0.0,0,0.5221,0.2679,0.1093,0.278
q75,4,22,0,0,0.0,0,0.476,0.1784,0.0788,0.2441
q75,4,23,0,0,0.0,0,0.5678,0.2345,0.1129,0.2874
q75,4,24,0,0,0.0,0,0.4495,0.2554,0.0984,0.2734
q75,4,25,0,0,0.0,0,0.4572,0.3095,0.1036,0.2765
q75,4,26,0,0,0.0,0,0.5789,0.4265,0.1219,0.3107
q75,5,6,1,1,0.1429,1,0.8442,0.6954,0.3301,0.5331
q75,5,7,1,1,0.4,2,0.9241,0.6638,0.3179,0.5321
q75,5,8,0,1,0.1667,1,0.8994,0.5526,0.2382,0.4724
q75,5,9,0,0,0.0,0,0.4875,0.3557,0.109,0.3109
q75,5,10,0,0,0.0,0,0.6146,0.451,0.1328,0.3136
q75,5,11,0,0,0.0,0,0.51,0.4977,0.1442,0.3373
q75,5,12,0,0,0.3333,2,0.8756,0.6612,0.2832,0.4997
q75,5,13,0,0,0.0,0,0.5434,0.3402,0.0794,0.2617
q75,5,14,0,0,0.0,0,0.5654,0.4449,0.1587,0.3754
q75,5,15,0,0,0.0,0,0.5647,0.3454,0.1355,0.3652
q75,5,16,0,0,0.0,0,0.5354,0.4124,0.1582,0.3665
q75,5,17,0,0,0.0,0,0.5964,0.5331,0.1664,0.3855
q75,5,18,0,0,0.0,0,0.5434,0.3177,0.0676,0.2153
q75,5,19,0,0,0.0,0,0.5288,0.3886,0.0833,0.2455
q75,5,20,0,0,0.0,0,0.4239,0.4428,0.0965,0.262
q75,5,21,0,0,0.0,0,0.4491,0.4335,0.1457,0.3367
q75,5,22,0,0,0.0,0,0.5204,0.5085,0.1854,0.3935
q75,5,23,0,0,0.0,0,0.4803,0.3878,0.1201,0.3309
q75,5,24,0,0,0.0,0,0.5089,0.4816,0.1665,0.3593
q75,5,25,0,0,0.0,0,0.5195,0.4448,0.1428,0.3417
q75,5,26,0,0,0.0,0,0.5284,0.3461,0.1747,0.404
q75,6,7,1,1,0.1667,1,0.8675,0.5638,0.2422,0.4584
q75,6,8,0,1,0.1667,1,0.8971,0.5351,0.2092,0.4501
q75,6,9,0,0,0.125,1,0.6844,0.5424,0.165,0.3806
q75,6,10,0,0,0.0,0,0.5918,0.4828,0.1447,0.3325
q75,6,11,0,0,0.0,0,0.4107,0.4799,0.1517,0.3392
q75,6,12,0,0,0.1429,1,0.8112,0.6421,0.2577,0.4863
q75,6,13,0,0,0.0,0,0.5366,0.4175,0.0987,0.2857
q75,6,14,0,0,0.0,0,0.5227,0.4424,0.1599,0.3704
q75,6,15,0,0,0.0,0,0.5576,0.4081,0.1362,0.3578
q75,6,16,0,0,0.0,0,0.5399,0.4993,0.173,0.3819
q75,6,17,0,0,0.0,0,0.6017,0.4834,0.1445,0.3606
q75,6,18,0,0,0.0,0,0.5366,0.4047,0.0844,0.2301
q75,6,19,0,0,0.0,0,0.5303,0.4249,0.0836,0.2431
q75,6,20,0,0,0.0,0,0.4396,0.4995,0.1025,0.2706
q75,6,21,0,0,0.0,0,0.5139,0.5158,0.1654,0.3597
q75,6,22,0,0,0.0,0,0.5184,0.4756,0.1668,0.4017
q75,6,23,0,0,0.0,0,0.4507,0.4271,0.1328,0.3549
q75,6,24,0,0,0.0,0,0.4962,0.4797,0.1544,0.3575
q75,6,25,0,0,0.0,0,0.554,0.4686,0.1544,0.3628
q75,6,26,0,0,0.0,0,0.5334,0.42,0.1822,0.4264
q75,7,8,0,1,0.2,1,0.9404,0.5999,0.2553,0.5171
q75,7,9,0,0,0.0,0,0.4679,0.3495,0.1031,0.3076
q75,7,10,0,0,0.0,0,0.5877,0.3592,0.1164,0.3083
q75,7,11,0,0,0.0,0,0.3723,0.3113,0.1002,0.2886
q75,7,12,0,0,0.4,2,0.8556,0.6077,0.246,0.4802
q75,7,13,0,0,0.0,0,0.5372,0.3667,0.0877,0.2664
q75,7,14,0,0,0.0,0,0.5789,0.3882,0.1452,0.358
q75,7,15,0,0,0.0,0,0.5442,0.2975,0.1088,0.3345
q75,7,16,0,0,0.0,0,0.4975,0.3507,0.1212,0.3402
q75,7,17,0,0,0.0,0,0.6098,0.4419,0.1437,0.3562
q75,7,18,0,0,0.0,0,0.5372,0.2821,0.0619,0.2096
q75,7,19,0,0,0.0,0,0.5155,0.3136,0.0708,0.2317
q75,7,20,0,0,0.0,0,0.3895,0.4163,0.0866,0.2584
q75,7,21,0,0,0.0,0,0.4245,0.4061,0.1276,0.3298
q75,7,22,0,0,0.0,0,0.505,0.4619,0.1476,0.3715
q75,7,23,0,0,0.0,0,0.4892,0.3493,0.1129,0.3304
q75,7,24,0,0,0.0,0,0.3996,0.3095,0.107,0.3071
q75,7,25,0,0,0.0,0,0.5296,0.3145,0.1138,0.3212
q75,7,26,0,0,0.0,0,0.5299,0.4132,0.1464,0.3907
q75,8,9,0,0,0.0,0,0.4442,0.4042,0.1196,0.323
q75,8,10,0,0,0.0,0,0.6373,0.4968,0.1256,0.3089
q75,8,11,0,0,0.0,0,0.3482,0.3597,0.095,0.2728
q75,8,12,0,0,0.4,2,0.855,0.6578,0.2909,0.5199
q75,8,13,0,0,0.0,0,0.5883,0.3715,0.0886,0.2687
q75,8,14,0,0,0.0,0,0.6278,0.372,0.1269,0.3506
q75,8,15,0,0,0.0,0,0.5281,0.3029,0.0986,0.3065
q75,8,16,0,0,0.0,0,0.4771,0.3676,0.1271,0.3529
q75,8,17,0,0,0.0,0,0.6603,0.5159,0.1339,0.3449
q75,8,18,0,0,0.0,0,0.5883,0.3244,0.0679,0.2169
q75,8,19,0,0,0.0,0,0.481,0.368,0.069,0.2251
q75,8,20,0,0,0.0,0,0.5036,0.4759,0.0918,0.2569
q75,8,21,0,0,0.0,0,0.453,0.4889,0.1478,0.3408
q75,8,22,0,0,0.0,0,0.4904,0.4514,0.1466,0.3766
q75,8,23,0,0,0.0,0,0.5174,0.2966,0.0942,0.3055
q75,8,24,0,0,0.0,0,0.4383,0.3441,0.1024,0.2988
q75,8,25,0,0,0.0,0,0.5637,0.3226,0.0957,0.2922
q75,8,26,0,0,0.0,0,0.5674,0.4753,0.1616,0.3979
q75,9,10,0,1,0.0,0,0.4959,0.328,0.1186,0.3414
q75,9,11,0,1,0.0,0,0.3122,0.1683,0.0809,0.2638
q75,9,12,1,1,0.0,0,0.4495,0.3888,0.128,0.3353
q75,9,13,0,1,0.0,0,0.4593,0.199,0.0778,0.2651
q75,9,14,0,1,0.0,0,0.4916,0.2162,0.1029,0.323
q75,9,15,0,1,0.0,0,0.4149,0.2045,0.0853,0.2918
q75,9,16,1,1,0.0,0,0.4825,0.3569,0.1256,0.345
q75,9,17,0,1,0.0,0,0.5045,0.2764,0.0953,0.305
q75,9,18,0,0,0.0,0,0.4593,0.1594,0.0565,0.2155
q75,9,19,0,0,0.0,0,0.3719,0.2034,0.0699,0.2425
q75,9,20,0,0,0.0,0,0.4224,0.2119,0.0784,0.2431
q75,9,21,0,0,0.0,0,0.4267,0.2924,0.1174,0.3099
q75,9,22,0,0,0.0,0,0.4663,0.3864,0.1496,0.3698
q75,9,23,0,0,0.0,0,0.497,0.2488,0.0866,0.2908
q75,9,24,0,0,0.0,0,0.4582,0.2629,0.0987,0.2917
q75,9,25,0,0,0.0,0,0.5148,0.1966,0.0813,0.275
q75,9,26,0,0,0.0,0,0.5179,0.3833,0.1268,0.3546
q75,10,11,1,1,0.0,0,0.3861,0.2318,0.1051,0.2836
q75,10,12,0,1,0.0,0,0.5827,0.486,0.1373,0.326
q75,10,13,0,1,0.0,0,0.5619,0.1764,0.0721,0.2522
q75,10,14,0,1,0.0,0,0.5738,0.3643,0.1338,0.3385
q75,10,15,0,1,0.0,0,0.482,0.1675,0.0686,0.2609
q75,10,16,0,1,0.0,0,0.5195,0.3962,0.1154,0.3074
q75,10,17,1,1,0.2,1,0.8403,0.6115,0.1923,0.3773
q75,10,18,0,0,0.0,0,0.5619,0.1282,0.0484,0.2117
q75,10,19,0,0,0.0,0,0.441,0.0884,0.0496,0.2218
q75,10,20,0,0,0.0,0,0.3752,0.3226,0.1024,0.2777
q75,10,21,0,0,0.0,0,0.5188,0.4032,0.1315,0.3328
q75,10,22,0,0,0.0,0,0.5236,0.3478,0.121,0.3187
q75,10,23,0,0,0.0,0,0.5335,0.2809,0.0995,0.2874
q75,10,24,0,0,0.0,0,0.4534,0.3465,0.1044,0.2717
q75,10,25,0,0,0.0,0,0.5729,0.2841,0.1009,0.2743
q75,10,26,0,0,0.0,0,0.5817,0.4873,0.1299,0.334
q75,11,12,0,1,0.0,0,0.4376,0.3515,0.1131,0.3004
q75,11,13,0,1,0.0,0,0.385,0.2553,0.0901,0.288
q75,11,14,0,1,0.0,0,0.4048,0.2725,0.1052,0.3106
q75,11,15,0,1,0.0,0,0.3028,0.2481,0.1119,0.3116
q75,11,16,0,1,0.0,0,0.4245,0.376,0.1269,0.3222
q75,11,17,1,1,0.0,0,0.384,0.5171,0.1989,0.3959
q75,11,18,0,0,0.0,0,0.385,0.1761,0.0561,0.2123
q75,11,19,0,0,0.0,0,0.2767,0.132,0.0547,0.2201
q75,11,20,0,0,0.0,0,0.4747,0.2498,0.0787,0.2457
q75,11,21,0,0,0.0,0,0.2897,0.1814,0.0851,0.2746
q75,11,22,0,0,0.0,0,0.301,0.2114,0.0965,0.2827
q75,11,23,0,0,0.0,0,0.3853,0.5018,0.1844,0.3866
q75,11,24,0,0,0.1111,1,0.5038,0.6617,0.2638,0.446
q75,11,25,0,0,0.0,0,0.3721,0.5797,0.2098,0.3933
q75,11,26,0,0,0.0,0,0.3465,0.2486,0.0966,0.3031
q75,12,13,0,1,0.0,0,0.5588,0.3172,0.0846,0.273
q75,12,14,0,1,0.0,0,0.5677,0.3587,0.1442,0.3567
q75,12,15,0,1,0.0,0,0.5546,0.3396,0.1182,0.3364
q75,12,16,1,1,0.0,0,0.4816,0.3938,0.1677,0.3716
q75,12,17,0,1,0.0,0,0.5899,0.3064,0.1384,0.3639
q75,12,18,0,0,0.0,0,0.5588,0.3133,0.0806,0.2409
q75,12,19,0,0,0.0,0,0.5203,0.4504,0.0897,0.2558
q75,12,20,0,0,0.0,0,0.3587,0.3974,0.0945,0.2593
q75,12,21,0,0,0.0,0,0.4659,0.4008,0.1547,0.3453
q75,12,22,0,0,0.0,0,0.3912,0.4168,0.161,0.3863
q75,12,23,0,0,0.0,0,0.492,0.3147,0.1099,0.323
q75,12,24,0,0,0.1429,1,0.5735,0.3637,0.125,0.3159
q75,12,25,0,0,0.0,0,0.5199,0.3424,0.1208,0.3118
q75,12,26,0,0,0.0,0,0.5444,0.4291,0.17,0.4015
q75,13,14,1,1,0.0,0,0.4966,0.3402,0.1206,0.3261
q75,13,15,1,1,0.0,0,0.524,0.2117,0.0917,0.2779
q75,13,16,0,1,0.0,0,0.5007,0.2871,0.0955,0.2886
q75,13,17,0,1,0.0,0,0.514,0.2524,0.0905,0.2822
q75,13,18,0,0,1.0,4,1.0,0.5663,0.1998,0.3624
q75,13,19,0,0,0.0,0,0.5019,0.1041,0.0505,0.2081
q75,13,20,0,0,0.0,0,0.3758,0.3699,0.1044,0.28
q75,13,21,0,0,0.0,0,0.546,0.2754,0.1051,0.275
q75,13,22,0,0,0.0,0,0.3878,0.2807,0.0956,0.2702
q75,13,23,0,0,0.0,0,0.4526,0.2801,0.104,0.2903
q75,13,24,0,0,0.0,0,0.4466,0.2718,0.0824,0.2698
q75,13,25,0,0,0.0,0,0.5237,0.2235,0.0793,0.273
q75,13,26,0,0,0.0,0,0.5274,0.2795,0.0962,0.2925
q75,14,15,1,1,0.0,0,0.486,0.247,0.1179,0.3268
q75,14,16,0,1,0.0,0,0.5866,0.3778,0.1397,0.3534
q75,14,17,0,1,0.0,0,0.5051,0.3318,0.1287,0.3416
q75,14,18,0,0,0.0,0,0.4966,0.2809,0.0901,0.2555
q75,14,19,0,0,0.0,0,0.4472,0.1864,0.062,0.2368
q75,14,20,0,0,0.1111,1,0.5504,0.4371,0.1295,0.3092
q75,14,21,0,0,0.0,0,0.4494,0.3544,0.1374,0.3477
q75,14,22,0,0,0.0,0,0.5612,0.3531,0.1436,0.3583
q75,14,23,0,0,0.0,0,0.4395,0.2748,0.1145,0.3179
q75,14,24,0,0,0.0,0,0.4339,0.3074,0.1097,0.3022
q75,14,25,0,0,0.0,0,0.5249,0.2784,0.104,0.2954
q75,14,26,0,0,0.0,0,0.5026,0.3683,0.145,0.3764
q75,15,16,0,1,0.0,0,0.4196,0.2434,0.1215,0.3215
q75,15,17,0,1,0.0,0,0.4979,0.183,0.09,0.295
q75,15,18,0,0,0.0,0,0.524,0.2419,0.0725,0.2142
q75,15,19,0,0,0.3333,3,0.7607,0.7954,0.2763,0.4164
q75,15,20,0,0,0.0,0,0.4101,0.2791,0.0855,0.2567
q75,15,21,0,0,0.0,0,0.4871,0.2347,0.1032,0.2882
q75,15,22,0,0,0.0,0,0.3278,0.2434,0.1099,0.3135
q75,15,23,0,0,0.0,0,0.499,0.1941,0.0957,0.3078
q75,15,24,0,0,0.0,0,0.4901,0.2631,0.1149,0.3068
q75,15,25,0,0,0.0,0,0.4863,0.2183,0.1052,0.3039
q75,15,26,0,0,0.0,0,0.4917,0.2895,0.1054,0.3265
q75,16,17,0,1,0.0,0,0.5349,0.3245,0.1275,0.347
q75,16,18,0,0,0.0,0,0.5007,0.1962,0.0634,0.2067
q75,16,19,0,0,0.0,0,0.3971,0.2179,0.0696,0.2349
q75,16,20,0,0,0.0,0,0.5209,0.3728,0.0932,0.2543
q75,16,21,0,0,0.0,0,0.4734,0.5137,0.1959,0.4023
q75,16,22,0,0,0.0,0,0.5433,0.4931,0.1943,0.3988
q75,16,23,0,0,0.0,0,0.4942,0.3522,0.1244,0.3389
q75,16,24,0,0,0.0,0,0.4195,0.3489,0.126,0.321
q75,16,25,0,0,0.0,0,0.4793,0.3218,0.124,0.3231
q75,16,26,0,0,0.0,0,0.5526,0.5427,0.1912,0.4292
q75,17,18,0,0,0.0,0,0.514,0.2029,0.0644,0.2313
q75,17,19,0,0,0.0,0,0.456,0.0944,0.0436,0.1958
q75,17,20,0,0,0.0,0,0.3932,0.2848,0.0858,0.2697
q75,17,21,0,0,0.0,0,0.5098,0.3513,0.138,0.3539
q75,17,22,0,0,0.0,0,0.5602,0.3022,0.1198,0.329
q75,17,23,0,0,0.0,0,0.4734,0.4357,0.161,0.3853
q75,17,24,0,0,0.0,0,0.4837,0.5026,0.2112,0.4083
q75,17,25,0,0,0.2,1,0.699,0.4727,0.1909,0.3961
q75,17,26,0,0,0.0,0,0.5293,0.3705,0.1406,0.3904
q75,18,19,1,1,0.0,0,0.5019,0.1646,0.0649,0.205
q75,18,20,1,1,0.0,0,0.3758,0.3846,0.1755,0.3177
q75,18,21,0,1,0.0,0,0.546,0.1884,0.0758,0.2264
q75,18,22,0,1,0.0,0,0.3878,0.1851,0.0636,0.2155
q75,18,23,0,1,0.0,0,0.4526,0.3021,0.1015,0.2576
q75,18,24,0,1,0.0,0,0.4466,0.1427,0.0474,0.1951
q75,18,25,0,1,0.0,0,0.5237,0.1784,0.0558,0.1855
q75,18,26,0,1,0.0,0,0.5274,0.2542,0.0682,0.2208
q75,19,20,1,1,0.0,0,0.3707,0.2215,0.074,0.2312
q75,19,21,0,1,0.0,0,0.4592,0.1743,0.0679,0.2145
q75,19,22,0,1,0.0,0,0.3933,0.3087,0.0822,0.2412
q75,19,23,0,1,0.0,0,0.4499,0.1659,0.0533,0.2209
q75,19,24,0,1,0.0,0,0.4788,0.2034,0.0617,0.2036
q75,19,25,0,1,0.0,0,0.4726,0.1247,0.0555,0.1921
q75,19,26,0,1,0.0,0,0.4618,0.2639,0.0611,0.2254
q75,20,21,0,1,0.0,0,0.3771,0.3084,0.103,0.268
q75,20,22,0,1,0.0,0,0.5242,0.3472,0.0959,0.262
q75,20,23,0,1,0.0,0,0.4197,0.2791,0.0798,0.2539
q75,20,24,0,1,0.0,0,0.3841,0.2365,0.064,0.2168
q75,20,25,0,1,0.0,0,0.36,0.281,0.0705,0.2204
q75,20,26,0,1,0.0,0,0.495,0.3453,0.0874,0.2549
q75,21,22,1,1,0.0,0,0.4072,0.5311,0.2295,0.4162
q75,21,23,0,1,0.0,0,0.416,0.2352,0.1087,0.3228
q75,21,24,0,1,0.0,0,0.4275,0.3223,0.1102,0.2973
q75,21,25,0,1,0.0,0,0.4552,0.2595,0.1086,0.2884
q75,21,26,1,1,0.2,1,0.8669,0.789,0.3084,0.5204
q75,22,23,0,1,0.0,0,0.4604,0.2553,0.0987,0.2999
q75,22,24,0,1,0.0,0,0.3533,0.2901,0.1121,0.2909
q75,22,25,0,1,0.0,0,0.4631,0.2526,0.1054,0.2981
q75,22,26,1,1,0.1429,1,0.5491,0.5327,0.1993,0.433
q75,23,24,1,1,0.0,0,0.4209,0.3721,0.1457,0.3442
q75,23,25,1,1,0.0,0,0.4882,0.3735,0.1406,0.3475
q75,23,26,0,1,0.0,0,0.4749,0.2582,0.1084,0.3458
q75,24,25,1,1,0.0,0,0.6593,0.6846,0.3379,0.5151
q75,24,26,0,1,0.0,0,0.4338,0.2837,0.1288,0.3474
q75,25,26,0,1,0.0,0,0.5074,0.2583,0.1251,0.3352
q76,0,1,0,1,0.0,0,0.5016,0.2493,0.07,0.233
q76,0,2,0,1,0.0,0,0.3958,0.4167,0.1608,0.3396
q76,0,3,1,1,0.0,0,0.5406,0.6621,0.2493,0.4433
q76,0,4,0,1,0.0,0,0.5754,0.4793,0.1833,0.3853
q76,0,5,0,1,0.0,0,0.4032,0.2315,0.0854,0.2677
q76,0,6,1,1,0.0,0,0.5892,0.6281,0.2102,0.4178
q76,0,7,0,1,0.0,0,0.5404,0.499,0.1826,0.4024
q76,0,8,0,1,0.0,0,0.492,0.3089,0.104,0.2752
q76,1,2,0,1,0.0,0,0.4966,0.4457,0.1211,0.2825
q76,1,3,0,1,0.0,0,0.4557,0.2757,0.0589,0.2148
q76,1,4,0,1,0.0,0,0.5243,0.4204,0.1069,0.2676
q76,1,5,1,1,0.0,0,0.5328,0.6719,0.2395,0.3906
q76,1,6,0,1,0.0,0,0.4925,0.3191,0.0741,0.2385
q76,1,7,0,1,0.0,0,0.4851,0.305,0.0806,0.2398
q76,1,8,1,1,0.0,0,0.5593,0.6792,0.2266,0.3828
q76,2,3,0,1,0.0,0,0.4204,0.5047,0.1649,0.3627
q76,2,4,1,1,0.0,0,0.4327,0.6561,0.2369,0.4386
q76,2,5,0,1,0.0,0,0.5225,0.405,0.1557,0.3363
q76,2,6,0,1,0.0,0,0.3677,0.5364,0.1555,0.371
q76,2,7,1,1,0.0,0,0.4297,0.6455,0.2261,0.4373
q76,2,8,0,1,0.0,0,0.4421,0.4709,0.1732,0.3651
q76,3,4,0,1,0.0,0,0.5142,0.5037,0.1997,0.3987
q76,3,5,0,1,0.0,0,0.4302,0.2303,0.0934,0.2909
q76,3,6,1,1,0.0,0,0.5166,0.663,0.2316,0.4556
q76,3,7,0,1,0.0,0,0.4795,0.4926,0.1949,0.4173
q76,3,8,0,1,0.0,0,0.4526,0.318,0.1142,0.3049
q76,4,5,0,1,0.0,0,0.3921,0.3827,0.1336,0.3173
q76,4,6,0,1,0.0,0,0.666,0.5789,0.1817,0.4014
q76,4,7,1,1,0.1111,1,0.7413,0.6534,0.2657,0.4805
q76,4,8,0,1,0.0,0,0.5547,0.5117,0.1963,0.3975
q76,5,6,0,1,0.0,0,0.3756,0.4252,0.1166,0.3198
q76,5,7,0,1,0.0,0,0.3636,0.36,0.1264,0.3238
q76,5,8,1,1,0.1429,1,0.4407,0.594,0.2701,0.4531
q76,6,7,0,1,0.0,0,0.5292,0.5908,0.1927,0.4242
q76,6,8,0,1,0.0,0,0.5046,0.4312,0.1304,0.3342
q76,7,8,0,1,0.0,0,0.5001,0.4223,0.1457,0.343
q77,0,1,1,1,0.25,2,0.5788,0.7547,0.4226,0.5818
q77,0,2,0,1,0.1429,1,0.5692,0.5208,0.1718,0.355
q77,0,3,0,1,0.0,0,0.4659,0.5331,0.1624,0.3744
q77,0,4,0,1,0.125,1,0.5528,0.6477,0.2217,0.4125
q77,0,5,0,1,0.125,1,0.4917,0.6013,0.1802,0.3579
q77,0,6,0,1,0.125,1,0.5215,0.697,0.2209,0.4461
q77,0,7,0,1,0.0,0,0.4148,0.446,0.1352,0.324
q77,0,8,1,1,0.0,0,0.4649,0.59,0.1628,0.3426
q77,0,9,0,0,0.25,2,0.5655,0.6135,0.2481,0.4604
q77,0,10,0,0,0.0,0,0.3634,0.326,0.1482,0.3384
q77,0,11,0,0,0.1111,1,0.4371,0.5691,0.2752,0.4739
q77,0,12,0,0,0.1667,1,0.7239,0.6383,0.1795,0.3735
q77,0,13,0,0,0.0,0,0.4154,0.3731,0.1029,0.2826
q77,0,14,0,0,0.0,0,0.5507,0.589,0.1506,0.3418
q77,0,15,0,0,0.0,0,0.4359,0.4659,0.1255,0.3118
q77,0,16,0,0,0.0,0,0.3752,0.4299,0.0988,0.2824
q77,0,17,0,0,0.0,0,0.3785,0.4034,0.0893,0.2696
q77,1,2,0,1,0.25,2,0.6032,0.5446,0.1935,0.3844
q77,1,3,0,1,0.1,1,0.5907,0.5678,0.1957,0.4125
q77,1,4,0,1,0.2222,2,0.622,0.6672,0.2454,0.4307
q77,1,5,0,1,0.2222,2,0.5317,0.6033,0.1885,0.3631
q77,1,6,0,1,0.2222,2,0.6959,0.6628,0.2135,0.4273
q77,1,7,0,1,0.0,0,0.5895,0.4598,0.1509,0.358
q77,1,8,1,1,0.1,1,0.5969,0.5983,0.1768,0.3663
q77,1,9,0,0,0.0909,1,0.6044,0.6209,0.2138,0.4085
q77,1,10,0,0,0.0,0,0.5205,0.3414,0.141,0.3361
q77,1,11,0,0,0.0909,1,0.4892,0.5963,0.2508,0.4473
q77,1,12,0,0,0.0,0,0.6154,0.6026,0.1752,0.372
q77,1,13,0,0,0.0,0,0.5539,0.3691,0.1078,0.3012
q77,1,14,0,0,0.1,1,0.6576,0.5801,0.1719,0.386
q77,1,15,0,0,0.0,0,0.6112,0.4365,0.1316,0.3333
q77,1,16,0,0,0.0,0,0.4961,0.3938,0.0926,0.2914
q77,1,17,0,0,0.0,0,0.6108,0.4061,0.0971,0.2785
q77,2,3,1,1,0.0,0,0.5165,0.5568,0.2316,0.4436
q77,2,4,0,1,0.125,1,0.5212,0.5847,0.2248,0.4514
q77,2,5,0,1,0.0,0,0.4823,0.5651,0.2113,0.4245
q77,2,6,0,1,0.0,0,0.5411,0.5088,0.1693,0.3667
q77,2,7,1,1,0.0,0,0.5212,0.5114,0.1882,0.4167
q77,2,8,0,1,0.0,0,0.4685,0.5749,0.2066,0.4362
q77,2,9,0,0,0.0,0,0.5378,0.4794,0.1177,0.3019
q77,2,10,0,0,0.0,0,0.5189,0.337,0.1107,0.2729
q77,2,11,0,0,0.0,0,0.3903,0.4417,0.1644,0.3579
q77,2,12,0,0,0.0,0,0.6333,0.5775,0.2038,0.409
q77,2,13,0,0,0.1429,1,0.7594,0.439,0.1466,0.3594
q77,2,14,0,0,0.125,1,0.5641,0.6312,0.2156,0.4285
q77,2,15,0,0,0.0,0,0.5095,0.4912,0.1698,0.3939
q77,2,16,0,0,0.0,0,0.5022,0.4556,0.1232,0.3412
q77,2,17,0,0,0.0,0,0.5191,0.4127,0.1252,0.3494
q77,3,4,0,1,0.1111,1,0.538,0.4816,0.1863,0.407
q77,3,5,0,1,0.4286,3,0.8045,0.5012,0.2079,0.4196
q77,3,6,0,1,0.1111,1,0.5707,0.4787,0.204,0.4588
q77,3,7,1,1,0.0,0,0.4149,0.467,0.1662,0.3864
q77,3,8,0,1,0.4286,3,0.8385,0.5791,0.2272,0.4461
q77,3,9,0,0,0.0,0,0.4804,0.4488,0.1159,0.308
q77,3,10,0,0,0.25,2,0.7425,0.4125,0.1109,0.3002
q77,3,11,0,0,0.0,0,0.4039,0.3961,0.1285,0.3388
q77,3,12,0,0,0.0,0,0.541,0.4591,0.1681,0.3897
q77,3,13,0,0,0.0,0,0.4483,0.3603,0.1182,0.3274
q77,3,14,0,0,0.0,0,0.4888,0.4616,0.1588,0.3878
q77,3,15,0,0,0.0,0,0.368,0.4351,0.1401,0.3467
q77,3,16,0,0,0.1111,1,0.5988,0.3666,0.1084,0.3167
q77,3,17,0,0,0.0,0,0.4135,0.3475,0.1111,0.3163
q77,4,5,1,1,0.25,2,0.5397,0.6832,0.2986,0.5168
q77,4,6,1,1,0.25,2,0.7038,0.6053,0.212,0.4304
q77,4,7,0,1,0.0,0,0.4841,0.5235,0.1808,0.4086
q77,4,8,0,1,0.1111,1,0.5288,0.5592,0.1926,0.4254
q77,4,9,0,0,0.1,1,0.5769,0.6779,0.1902,0.3727
q77,4,10,0,0,0.0,0,0.4861,0.4431,0.1143,0.2872
q77,4,11,0,0,0.1,1,0.4712,0.5811,0.1917,0.4006
q77,4,12,0,0,0.0,0,0.5169,0.5766,0.2083,0.4375
q77,4,13,0,0,0.0,0,0.4855,0.4534,0.146,0.3634
q77,4,14,0,0,0.0,0,0.5183,0.5753,0.1939,0.4246
q77,4,15,0,0,0.0,0,0.5098,0.5096,0.1776,0.4186
q77,4,16,0,0,0.0,0,0.3972,0.4787,0.1364,0.3674
q77,4,17,0,0,0.0,0,0.4728,0.4678,0.1344,0.3555
q77,5,6,1,1,0.25,2,0.5966,0.5434,0.2135,0.4265
q77,5,7,0,1,0.0,0,0.3958,0.4253,0.1512,0.3775
q77,5,8,0,1,0.25,2,0.6986,0.4985,0.1785,0.4072
q77,5,9,0,0,0.1,1,0.5017,0.6822,0.1941,0.3615
q77,5,10,0,0,0.0,0,0.4843,0.3501,0.0939,0.2458
q77,5,11,0,0,0.1,1,0.4513,0.5574,0.1639,0.3653
q77,5,12,0,0,0.0,0,0.4307,0.4437,0.1612,0.3936
q77,5,13,0,0,0.0,0,0.4952,0.3714,0.1337,0.3586
q77,5,14,0,0,0.0,0,0.4164,0.4596,0.1542,0.384
q77,5,15,0,0,0.0,0,0.3566,0.4527,0.1539,0.3865
q77,5,16,0,0,0.0,0,0.4326,0.4099,0.1194,0.3421
q77,5,17,0,0,0.0,0,0.3829,0.3941,0.1133,0.3374
q77,6,7,0,1,0.0,0,0.5455,0.3699,0.138,0.3592
q77,6,8,0,1,0.1111,1,0.5768,0.4211,0.1648,0.3849
q77,6,9,0,0,0.1,1,0.5702,0.6568,0.1744,0.3591
q77,6,10,0,0,0.0,0,0.555,0.4289,0.1209,0.3037
q77,6,11,0,0,0.1,1,0.4986,0.5735,0.1704,0.3775
q77,6,12,0,0,0.0,0,0.6284,0.4571,0.1719,0.3966
q77,6,13,0,0,0.0,0,0.5504,0.2547,0.1028,0.3174
q77,6,14,0,0,0.0,0,0.5794,0.4558,0.1637,0.3812
q77,6,15,0,0,0.0,0,0.5205,0.4195,0.1533,0.3674
q77,6,16,0,0,0.0,0,0.4609,0.3435,0.1131,0.3317
q77,6,17,0,0,0.0,0,0.5349,0.3109,0.1101,0.3322
q77,7,8,0,1,0.0,0,0.414,0.393,0.1509,0.3741
q77,7,9,0,0,0.0,0,0.5373,0.4055,0.1005,0.2831
q77,7,10,0,0,0.0,0,0.4314,0.4125,0.1047,0.276
q77,7,11,0,0,0.0,0,0.4509,0.3421,0.1201,0.3196
q77,7,12,0,0,0.0,0,0.5443,0.456,0.1755,0.41
q77,7,13,0,0,0.0,0,0.4997,0.4412,0.15,0.3609
q77,7,14,0,0,0.0,0,0.6129,0.4866,0.1858,0.4213
q77,7,15,0,0,0.0,0,0.5404,0.4412,0.1661,0.4047
q77,7,16,0,0,0.0,0,0.463,0.4459,0.1343,0.3615
q77,7,17,0,0,0.0,0,0.6031,0.4649,0.1444,0.3685
q77,8,9,0,0,0.0,0,0.4737,0.4731,0.0976,0.2799
q77,8,10,0,0,0.1111,1,0.6494,0.4015,0.1195,0.284
q77,8,11,0,0,0.0,0,0.3974,0.3944,0.1156,0.3025
q77,8,12,0,0,0.0,0,0.5484,0.5117,0.2071,0.4226
q77,8,13,0,0,0.0,0,0.4646,0.3621,0.1328,0.3532
q77,8,14,0,0,0.0,0,0.4964,0.5199,0.2082,0.4247
q77,8,15,0,0,0.0,0,0.3867,0.5145,0.1937,0.4081
q77,8,16,0,0,0.1111,1,0.6139,0.4055,0.1403,0.3423
q77,8,17,0,0,0.0,0,0.4122,0.3523,0.1161,0.3385
q77,9,10,1,1,0.0,0,0.5599,0.3654,0.1508,0.3256
q77,9,11,1,1,0.0909,1,0.53,0.6325,0.2524,0.4491
q77,9,12,0,1,0.0,0,0.6237,0.5216,0.1178,0.2984
q77,9,13,0,1,0.0,0,0.476,0.3611,0.0885,0.2567
q77,9,14,0,1,0.0,0,0.5407,0.5333,0.11,0.2954
q77,9,15,0,1,0.0,0,0.536,0.4034,0.1097,0.2917
q77,9,16,0,1,0.0,0,0.4881,0.3717,0.0806,0.252
q77,9,17,0,1,0.0,0,0.5531,0.3358,0.0695,0.2335
q77,10,11,1,1,0.0,0,0.3081,0.3446,0.1298,0.3461
q77,10,12,0,1,0.0,0,0.5147,0.4201,0.1053,0.2781
q77,10,13,0,1,0.0,0,0.4748,0.2648,0.0731,0.2323
q77,10,14,0,1,0.0,0,0.5017,0.4136,0.1106,0.2844
q77,10,15,0,1,0.0,0,0.4499,0.3862,0.1031,0.2794
q77,10,16,0,1,0.1111,1,0.6605,0.4376,0.0931,0.2504
q77,10,17,0,1,0.0,0,0.4335,0.2505,0.0554,0.2101
q77,11,12,0,1,0.0,0,0.4186,0.4375,0.1196,0.3166
q77,11,13,0,1,0.0,0,0.4036,0.3032,0.1062,0.2943
q77,11,14,0,1,0.0,0,0.4256,0.4215,0.1195,0.3192
q77,11,15,0,1,0.0,0,0.3901,0.3015,0.1067,0.3173
q77,11,16,0,1,0.0,0,0.3961,0.2542,0.0816,0.285
q77,11,17,0,1,0.0,0,0.4501,0.3302,0.0908,0.2796
q77,12,13,0,1,0.0,0,0.5135,0.2839,0.1303,0.3526
q77,12,14,1,1,0.1429,1,0.6466,0.6268,0.2507,0.4752
q77,12,15,1,1,0.0,0,0.6115,0.4908,0.1945,0.4332
q77,12,16,0,1,0.0,0,0.4782,0.3095,0.1092,0.3483
q77,12,17,0,1,0.0,0,0.5374,0.3954,0.1245,0.345
q77,13,14,0,1,0.0,0,0.5158,0.3036,0.1247,0.3555
q77,13,15,0,1,0.0,0,0.4737,0.3404,0.1236,0.3511
q77,13,16,1,1,0.0,0,0.4392,0.4681,0.1638,0.4007
q77,13,17,1,1,0.0,0,0.5514,0.454,0.1897,0.419
q77,14,15,1,1,0.2857,2,0.8289,0.6046,0.2248,0.4558
q77,14,16,0,1,0.0,0,0.4328,0.2699,0.1237,0.3613
q77,14,17,0,1,0.0,0,0.5726,0.4328,0.1369,0.3773
q77,15,16,0,1,0.0,0,0.4757,0.3966,0.1354,0.3613
q77,15,17,0,1,0.0,0,0.6191,0.4651,0.1377,0.3659
q77,16,17,1,1,0.0,0,0.4774,0.3876,0.1504,0.3931
q78,0,1,0,1,0.125,1,0.6764,0.3987,0.128,0.3052
q78,0,2,0,1,0.0,0,0.607,0.2914,0.0902,0.2778
q78,0,3,0,1,0.0,0,0.5879,0.2481,0.0867,0.2928
q78,0,4,1,1,0.0909,1,0.733,0.7018,0.4029,0.565
q78,0,5,1,1,0.0,0,0.6585,0.4662,0.1729,0.3645
q78,0,6,0,1,0.0,0,0.6668,0.396,0.1197,0.3114
q78,0,7,0,1,0.0,0,0.561,0.3684,0.1246,0.3211
q78,0,8,0,1,0.0,0,0.4982,0.2757,0.0872,0.2882
q78,1,2,0,1,0.0,0,0.5529,0.2489,0.0653,0.2317
q78,1,3,0,1,0.0,0,0.5577,0.1918,0.0677,0.2418
q78,1,4,0,1,0.0,0,0.61,0.3707,0.1201,0.297
q78,1,5,0,1,0.0,0,0.5613,0.3976,0.1145,0.2993
q78,1,6,1,1,0.0,0,0.6085,0.5625,0.1502,0.3164
q78,1,7,1,1,0.0,0,0.5112,0.4052,0.1075,0.2693
q78,1,8,0,1,0.0,0,0.492,0.181,0.0541,0.2224
q78,2,3,1,1,0.1111,1,0.7665,0.5109,0.1996,0.4324
q78,2,4,0,1,0.0,0,0.5704,0.2678,0.0862,0.2689
q78,2,5,0,1,0.0,0,0.5576,0.1266,0.0635,0.2724
q78,2,6,0,1,0.0,0,0.5358,0.2077,0.1037,0.3243
q78,2,7,0,1,0.0,0,0.469,0.2596,0.1013,0.3152
q78,2,8,1,1,0.1111,1,0.6947,0.4951,0.1767,0.4041
q78,3,4,0,1,0.0,0,0.5793,0.2242,0.082,0.2873
q78,3,5,0,1,0.0,0,0.5704,0.1418,0.0716,0.2783
q78,3,6,0,1,0.0,0,0.5414,0.1415,0.0893,0.3101
q78,3,7,0,1,0.0,0,0.5283,0.2875,0.1049,0.3144
q78,3,8,1,1,0.1111,1,0.6529,0.4113,0.1593,0.3894
q78,4,5,1,1,0.0,0,0.5924,0.4323,0.1787,0.3897
q78,4,6,0,1,0.0,0,0.5904,0.3698,0.1198,0.319
q78,4,7,0,1,0.0,0,0.542,0.3039,0.1074,0.3069
q78,4,8,0,1,0.0,0,0.5342,0.2678,0.0824,0.2783
q78,5,6,0,1,0.0909,1,0.7437,0.4531,0.1794,0.4073
q78,5,7,0,1,0.0,0,0.5226,0.2538,0.1023,0.3088
q78,5,8,0,1,0.0,0,0.5114,0.1942,0.0721,0.2687
q78,6,7,1,1,0.0,0,0.5119,0.2788,0.1305,0.3364
q78,6,8,0,1,0.0,0,0.4757,0.1738,0.0905,0.3104
q78,7,8,0,1,0.0,0,0.5237,0.2962,0.1099,0.3263
q79,0,1,0,1,0.4,2,0.6747,0.6102,0.2074,0.3755
q79,0,2,0,1,0.1429,1,0.497,0.4074,0.1558,0.3543
q79,0,3,0,1,0.1111,1,0.4852,0.489,0.1813,0.3827
q79,0,4,0,1,0.0,0,0.3768,0.3684,0.1462,0.3487
q79,0,5,1,1,0.0,0,0.3781,0.5681,0.2293,0.4507
q79,0,6,1,1,0.0,0,0.3573,0.489,0.1862,0.4273
q79,0,7,0,1,0.2,1,0.5802,0.5333,0.1895,0.3888
q79,0,8,0,1,0.0,0,0.4252,0.4762,0.1502,0.3504
q79,0,9,0,0,0.0,0,0.4087,0.4673,0.147,0.3061
q79,0,10,0,0,0.0,0,0.2777,0.2981,0.1062,0.2727
q79,0,11,0,0,0.0,0,0.3602,0.6524,0.1633,0.3143
q79,0,12,0,0,0.0,0,0.3976,0.4006,0.1609,0.3563
q79,0,13,0,0,0.0,0,0.4031,0.3046,0.1073,0.2872
q79,0,14,0,0,0.0,0,0.3675,0.5208,0.1768,0.3698
q79,0,15,0,0,0.1429,1,0.5969,0.4507,0.1821,0.3755
q79,0,16,0,0,0.0,0,0.3633,0.3309,0.1395,0.3447
q79,0,17,0,0,0.0,0,0.3568,0.341,0.1362,0.3423
q79,0,18,0,0,0.0,0,0.4295,0.4419,0.1574,0.3434
q79,0,19,0,0,0.0,0,0.3966,0.4003,0.152,0.3632
q79,0,20,0,0,0.0,0,0.3568,0.3514,0.1417,0.328
q79,0,21,0,0,0.0,0,0.3602,0.3967,0.1573,0.3746
q79,0,22,0,0,0.0,0,0.4031,0.3657,0.1378,0.3541
q79,0,23,0,0,0.0,0,0.4162,0.4076,0.1651,0.3948
q79,0,24,0,0,0.0,0,0.334,0.4133,0.1504,0.3632
q79,0,25,0,0,0.0,0,0.3568,0.4905,0.1911,0.3776
q79,0,26,0,0,0.0,0,0.3976,0.5057,0.1735,0.3913
q79,1,2,0,1,0.1667,1,0.5182,0.4767,0.1504,0.3174
q79,1,3,1,1,0.125,1,0.5049,0.66,0.195,0.3587
q79,1,4,0,1,0.0,0,0.5039,0.6165,0.2144,0.4031
q79,1,5,0,1,0.0,0,0.4059,0.5403,0.1689,0.3372
q79,1,6,0,1,0.0,0,0.4016,0.5318,0.1461,0.3345
q79,1,7,0,1,0.25,1,0.7013,0.7574,0.1945,0.352
q79,1,8,1,1,0.0,0,0.38,0.6875,0.1557,0.2795
q79,1,9,0,0,0.0,0,0.5606,0.4121,0.1632,0.3174
q79,1,10,0,0,0.0,0,0.2154,0.2256,0.0974,0.2497
q79,1,11,0,0,0.0,0,0.4729,0.5632,0.2068,0.3549
q79,1,12,0,0,0.0,0,0.4494,0.5212,0.1607,0.3041
q79,1,13,0,0,0.0,0,0.4058,0.2954,0.1289,0.2918
q79,1,14,0,0,0.0,0,0.4001,0.4619,0.1606,0.3098
q79,1,15,0,0,0.1667,1,0.743,0.3856,0.1444,0.3155
q79,1,16,0,0,0.0,0,0.3352,0.3506,0.1103,0.276
q79,1,17,0,0,0.0,0,0.3275,0.4523,0.1445,0.3176
q79,1,18,0,0,0.0,0,0.4793,0.4852,0.1785,0.3556
q79,1,19,0,0,0.0,0,0.4363,0.3347,0.1251,0.2777
q79,1,20,0,0,0.0,0,0.3275,0.3655,0.1278,0.3006
q79,1,21,0,0,0.0,0,0.4729,0.5508,0.1626,0.3364
q79,1,22,0,0,0.0,0,0.4058,0.5254,0.1533,0.3135
q79,1,23,0,0,0.0,0,0.4089,0.5487,0.1417,0.3172
q79,1,24,0,0,0.0,0,0.391,0.5561,0.1435,0.3071
q79,1,25,0,0,0.0,0,0.3739,0.5403,0.1462,0.2908
q79,1,26,0,0,0.0,0,0.4494,0.5583,0.1321,0.2884
q79,2,3,0,1,0.1111,1,0.5352,0.4374,0.1522,0.3347
q79,2,4,1,1,0.0,0,0.4189,0.3999,0.16,0.3627
q79,2,5,0,1,0.0,0,0.3814,0.3389,0.1264,0.3302
q79,2,6,0,1,0.0,0,0.4012,0.3374,0.1175,0.3295
q79,2,7,1,1,0.0,0,0.3273,0.4808,0.1534,0.3471
q79,2,8,0,1,0.0,0,0.4344,0.4118,0.1258,0.3167
q79,2,9,0,0,0.0,0,0.4317,0.4937,0.1211,0.2635
q79,2,10,0,0,0.0,0,0.3315,0.2068,0.0738,0.2322
q79,2,11,0,0,0.0,0,0.4396,0.4684,0.1235,0.254
q79,2,12,0,0,0.0,0,0.3783,0.3502,0.1307,0.295
q79,2,13,0,0,0.0,0,0.4099,0.3276,0.1065,0.2599
q79,2,14,0,0,0.0,0,0.3704,0.4037,0.1402,0.3158
q79,2,15,0,0,0.0,0,0.4124,0.2971,0.1129,0.2929
q79,2,16,0,0,0.0,0,0.3776,0.2481,0.1017,0.2959
q79,2,17,0,0,0.0,0,0.3536,0.2404,0.1059,0.3072
q79,2,18,0,0,0.0,0,0.3751,0.4202,0.1103,0.276
q79,2,19,0,0,0.0,0,0.3887,0.2935,0.1063,0.2982
q79,2,20,0,0,0.0,0,0.3536,0.2089,0.1042,0.2883
q79,2,21,0,0,0.0,0,0.4396,0.3276,0.1261,0.3243
q79,2,22,0,0,0.0,0,0.4099,0.369,0.1381,0.3283
q79,2,23,0,0,0.0,0,0.4277,0.3404,0.1261,0.3349
q79,2,24,0,0,0.0,0,0.4123,0.3468,0.1227,0.3091
q79,2,25,0,0,0.0,0,0.3864,0.3847,0.1265,0.2953
q79,2,26,0,0,0.0,0,0.3783,0.4394,0.1473,0.3258
q79,3,4,0,1,0.0,0,0.3109,0.4092,0.1433,0.3311
q79,3,5,0,1,0.0,0,0.3298,0.4838,0.1769,0.3749
q79,3,6,0,1,0.0,0,0.3009,0.411,0.1461,0.3529
q79,3,7,0,1,0.0,0,0.3059,0.4874,0.1652,0.3768
q79,3,8,1,1,0.0,0,0.4366,0.6008,0.2086,0.3904
q79,3,9,0,0,0.0,0,0.3247,0.5352,0.123,0.2802
q79,3,10,0,0,0.0,0,0.3597,0.2971,0.0974,0.2554
q79,3,11,0,0,0.0,0,0.3121,0.4763,0.1144,0.264
q79,3,12,0,0,0.0,0,0.3812,0.4976,0.167,0.3439
q79,3,13,0,0,0.0,0,0.3363,0.3793,0.106,0.2632
q79,3,14,0,0,0.0,0,0.3164,0.458,0.1528,0.3277
q79,3,15,0,0,0.0,0,0.3616,0.314,0.117,0.2925
q79,3,16,0,0,0.0,0,0.3331,0.2338,0.1106,0.292
q79,3,17,0,0,0.0,0,0.3073,0.3465,0.1578,0.3476
q79,3,18,0,0,0.0,0,0.3408,0.5127,0.1399,0.3257
q79,3,19,0,0,0.0,0,0.327,0.3194,0.1257,0.3147
q79,3,20,0,0,0.0,0,0.3073,0.3612,0.14,0.3358
q79,3,21,0,0,0.0,0,0.3121,0.3583,0.1498,0.3734
q79,3,22,0,0,0.0,0,0.3363,0.363,0.1372,0.3303
q79,3,23,0,0,0.0,0,0.3614,0.4144,0.166,0.3795
q79,3,24,0,0,0.0,0,0.3008,0.3938,0.1553,0.3487
q79,3,25,0,0,0.0,0,0.3896,0.4397,0.1712,0.3603
q79,3,26,0,0,0.0,0,0.3812,0.449,0.1777,0.3826
q79,4,5,0,1,0.0,0,0.4047,0.3442,0.1396,0.3407
q79,4,6,0,1,0.0,0,0.3967,0.3282,0.1295,0.3507
q79,4,7,1,1,0.0,0,0.4521,0.5893,0.1966,0.403
q79,4,8,0,1,0.0,0,0.3877,0.3839,0.1158,0.2894
q79,4,9,0,0,0.0,0,0.5457,0.5817,0.1563,0.3173
q79,4,10,0,0,0.0,0,0.2352,0.2068,0.0799,0.2519
q79,4,11,0,0,0.0,0,0.4508,0.4582,0.124,0.2895
q79,4,12,0,0,0.0,0,0.46,0.4009,0.1519,0.3254
q79,4,13,0,0,0.0,0,0.465,0.2816,0.1005,0.2865
q79,4,14,0,0,0.0,0,0.46,0.3594,0.1218,0.3056
q79,4,15,0,0,0.0,0,0.4439,0.2984,0.1224,0.3136
q79,4,16,0,0,0.0,0,0.3601,0.2232,0.1035,0.3043
q79,4,17,0,0,0.0,0,0.3158,0.3277,0.1327,0.3305
q79,4,18,0,0,0.0,0,0.5534,0.4589,0.1494,0.3403
q79,4,19,0,0,0.0,0,0.4916,0.2734,0.114,0.29
q79,4,20,0,0,0.0,0,0.3158,0.3127,0.1203,0.3099
q79,4,21,0,0,0.0,0,0.4508,0.3261,0.1307,0.3438
q79,4,22,0,0,0.0,0,0.465,0.4009,0.1467,0.3681
q79,4,23,0,0,0.0,0,0.4525,0.3442,0.1213,0.346
q79,4,24,0,0,0.0,0,0.3909,0.34,0.1217,0.3244
q79,4,25,0,0,0.0,0,0.3553,0.3535,0.1227,0.3019
q79,4,26,0,0,0.0,0,0.46,0.4763,0.1548,0.3489
q79,5,6,1,1,0.0,0,0.5127,0.4273,0.1597,0.3737
q79,5,7,0,1,0.0,0,0.3637,0.4672,0.1525,0.3514
q79,5,8,0,1,0.0,0,0.3963,0.5377,0.1484,0.3492
q79,5,9,0,0,0.0,0,0.412,0.4334,0.1207,0.2827
q79,5,10,0,0,0.0,0,0.3074,0.3117,0.118,0.3008
q79,5,11,0,0,0.0,0,0.4642,0.5102,0.1298,0.2773
q79,5,12,0,0,0.0,0,0.393,0.3703,0.1244,0.3089
q79,5,13,0,0,0.0,0,0.5011,0.2908,0.0904,0.2621
q79,5,14,0,0,0.0,0,0.4346,0.495,0.167,0.3426
q79,5,15,0,0,0.0,0,0.4132,0.4363,0.1713,0.3633
q79,5,16,0,0,0.0,0,0.3888,0.3404,0.1575,0.3677
q79,5,17,0,0,0.0,0,0.3586,0.3357,0.1416,0.3376
q79,5,18,0,0,0.0,0,0.4328,0.4127,0.1267,0.3195
q79,5,19,0,0,0.0,0,0.4546,0.4014,0.1525,0.3577
q79,5,20,0,0,0.0,0,0.3586,0.4297,0.1444,0.3373
q79,5,21,0,0,0.0,0,0.4642,0.3609,0.1348,0.3657
q79,5,22,0,0,0.0,0,0.5011,0.3312,0.1348,0.3537
q79,5,23,0,0,0.0,0,0.5275,0.4785,0.1795,0.4093
q79,5,24,0,0,0.0,0,0.425,0.3559,0.1442,0.3375
q79,5,25,0,0,0.0,0,0.4082,0.4224,0.142,0.3267
q79,5,26,0,0,0.0,0,0.393,0.4596,0.1545,0.3603
q79,6,7,0,1,0.0,0,0.3726,0.4576,0.1552,0.385
q79,6,8,0,1,0.0,0,0.3593,0.3115,0.142,0.3611
q79,6,9,0,0,0.0,0,0.4059,0.441,0.109,0.2646
q79,6,10,0,0,0.0,0,0.3231,0.2524,0.0862,0.2539
q79,6,11,0,0,0.0,0,0.4579,0.553,0.1164,0.2672
q79,6,12,0,0,0.0,0,0.3571,0.3213,0.1312,0.3208
q79,6,13,0,0,0.0,0,0.537,0.3471,0.0949,0.2642
q79,6,14,0,0,0.0,0,0.4304,0.4937,0.1566,0.3364
q79,6,15,0,0,0.0,0,0.3993,0.2946,0.1088,0.3092
q79,6,16,0,0,0.0,0,0.344,0.1575,0.0954,0.2995
q79,6,17,0,0,0.0,0,0.3157,0.2715,0.1264,0.3586
q79,6,18,0,0,0.0,0,0.4594,0.3739,0.1084,0.2987
q79,6,19,0,0,0.0,0,0.4423,0.211,0.1006,0.3156
q79,6,20,0,0,0.0,0,0.3157,0.2942,0.1184,0.3218
q79,6,21,0,0,0.0,0,0.4579,0.4647,0.1613,0.3885
q79,6,22,0,0,0.0,0,0.537,0.3621,0.1467,0.3529
q79,6,23,0,0,0.0,0,0.575,0.4459,0.1663,0.4124
q79,6,24,0,0,0.0,0,0.3991,0.2906,0.139,0.3493
q79,6,25,0,0,0.0,0,0.3929,0.4674,0.1682,0.3849
q79,6,26,0,0,0.0,0,0.3571,0.4586,0.1597,0.3633
q79,7,8,0,1,0.0,0,0.3323,0.3634,0.1568,0.3805
q79,7,9,0,0,0.0,0,0.462,0.6093,0.1191,0.2641
q79,7,10,0,0,0.0,0,0.1989,0.2854,0.085,0.2527
q79,7,11,0,0,0.0,0,0.4541,0.6648,0.1359,0.2799
q79,7,12,0,0,0.0,0,0.424,0.4981,0.1582,0.335
q79,7,13,0,0,0.0,0,0.526,0.4299,0.1024,0.2647
q79,7,14,0,0,0.0,0,0.5162,0.5367,0.1413,0.3117
q79,7,15,0,0,0.2,1,0.6904,0.4082,0.1188,0.3197
q79,7,16,0,0,0.0,0,0.3215,0.3028,0.1064,0.3059
q79,7,17,0,0,0.0,0,0.2883,0.472,0.1486,0.352
q79,7,18,0,0,0.0,0,0.4788,0.5505,0.1353,0.2997
q79,7,19,0,0,0.0,0,0.5476,0.4051,0.1221,0.3134
q79,7,20,0,0,0.0,0,0.2883,0.4325,0.1252,0.3156
q79,7,21,0,0,0.0,0,0.4541,0.5399,0.1894,0.4156
q79,7,22,0,0,0.0,0,0.526,0.4622,0.1605,0.3546
q79,7,23,0,0,0.0,0,0.5372,0.5301,0.1795,0.4051
q79,7,24,0,0,0.0,0,0.3516,0.4409,0.1626,0.3792
q79,7,25,0,0,0.0,0,0.339,0.4315,0.1612,0.3513
q79,7,26,0,0,0.0,0,0.424,0.4347,0.1881,0.3972
q79,8,9,0,0,0.0,0,0.3716,0.5314,0.1019,0.2255
q79,8,10,0,0,0.0,0,0.3953,0.2757,0.0812,0.2323
q79,8,11,0,0,0.0,0,0.3508,0.4537,0.081,0.1991
q79,8,12,0,0,0.0,0,0.422,0.4198,0.1373,0.3129
q79,8,13,0,0,0.0,0,0.4023,0.3644,0.0833,0.2365
q79,8,14,0,0,0.0,0,0.3625,0.4646,0.1069,0.2781
q79,8,15,0,0,0.0,0,0.4068,0.4126,0.1231,0.3049
q79,8,16,0,0,0.0,0,0.3893,0.3001,0.1101,0.2984
q79,8,17,0,0,0.0,0,0.355,0.4222,0.1568,0.358
q79,8,18,0,0,0.0,0,0.3911,0.4174,0.101,0.2497
q79,8,19,0,0,0.0,0,0.4092,0.3474,0.1171,0.305
q79,8,20,0,0,0.0,0,0.355,0.394,0.1194,0.307
q79,8,21,0,0,0.0,0,0.3508,0.3533,0.1217,0.3226
q79,8,22,0,0,0.0,0,0.4023,0.3485,0.1194,0.3181
q79,8,23,0,0,0.0,0,0.419,0.2839,0.1411,0.3498
q79,8,24,0,0,0.0,0,0.3476,0.2842,0.1425,0.3521
q79,8,25,0,0,0.0,0,0.4483,0.3251,0.1436,0.3348
q79,8,26,0,0,0.0,0,0.422,0.3339,0.1567,0.3636
q79,9,10,0,1,0.0,0,0.2445,0.2211,0.0901,0.2357
q79,9,11,0,1,0.0,0,0.4735,0.3379,0.1685,0.3366
q79,9,12,1,1,0.0,0,0.5348,0.5691,0.1639,0.3171
q79,9,13,1,1,0.0,0,0.4463,0.4749,0.2239,0.3933
q79,9,14,0,1,0.0,0,0.47,0.3518,0.14,0.3318
q79,9,15,0,1,0.0,0,0.5092,0.3028,0.1072,0.2583
q79,9,16,0,1,0.0,0,0.357,0.2701,0.085,0.2445
q79,9,17,0,1,0.0,0,0.4279,0.3191,0.0959,0.2615
q79,9,18,0,0,0.3333,2,0.9958,0.6256,0.3229,0.4965
q79,9,19,0,0,0.0,0,0.4678,0.3279,0.1112,0.2729
q79,9,20,0,0,0.0,0,0.4279,0.294,0.0912,0.2514
q79,9,21,0,0,0.0,0,0.4735,0.4925,0.1203,0.291
q79,9,22,0,0,0.0,0,0.4463,0.7198,0.206,0.3868
q79,9,23,0,0,0.0,0,0.4898,0.3907,0.106,0.2796
q79,9,24,0,0,0.0,0,0.4009,0.402,0.111,0.2699
q79,9,25,0,0,0.0,0,0.3939,0.4761,0.1151,0.2529
q79,9,26,0,0,0.0,0,0.5348,0.7462,0.1716,0.3218
q79,10,11,1,1,0.0,0,0.2483,0.2302,0.0934,0.2429
q79,10,12,0,1,0.0,0,0.2603,0.2301,0.0922,0.2516
q79,10,13,0,1,0.0,0,0.3219,0.154,0.0812,0.2479
q79,10,14,1,1,0.0,0,0.2602,0.2379,0.1041,0.2925
q79,10,15,0,1,0.0,0,0.2453,0.2612,0.1028,0.2974
q79,10,16,0,1,0.0,0,0.2966,0.1864,0.0856,0.2552
q79,10,17,0,1,0.0,0,0.275,0.2437,0.0839,0.2504
q79,10,18,0,0,0.0,0,0.2614,0.1534,0.0898,0.2578
q79,10,19,0,0,0.0,0,0.2739,0.2087,0.0883,0.2523
q79,10,20,0,0,0.0,0,0.275,0.2476,0.1023,0.261
q79,10,21,0,0,0.0,0,0.2483,0.2117,0.0873,0.2684
q79,10,22,0,0,0.0,0,0.3219,0.1951,0.0867,0.2666
q79,10,23,0,0,0.0,0,0.3536,0.2534,0.0952,0.2814
q79,10,24,0,0,0.0,0,0.2989,0.2913,0.0979,0.287
q79,10,25,0,0,0.1,1,0.4417,0.3505,0.1124,0.2779
q79,10,26,0,0,0.0,0,0.2603,0.2942,0.0996,0.2706
q79,11,12,0,1,0.0,0,0.4915,0.465,0.1249,0.2776
q79,11,13,0,1,0.0,0,0.51,0.2655,0.1147,0.2653
q79,11,14,1,1,0.0,0,0.5087,0.6795,0.239,0.3959
q79,11,15,0,1,0.0,0,0.4534,0.3849,0.1073,0.2538
q79,11,16,0,1,0.0,0,0.3719,0.2833,0.088,0.2416
q79,11,17,0,1,0.0,0,0.3577,0.3284,0.0865,0.2529
q79,11,18,0,0,0.0,0,0.5359,0.4955,0.1639,0.3422
q79,11,19,0,0,0.0,0,0.4988,0.3205,0.0991,0.2686
q79,11,20,0,0,0.0,0,0.3577,0.2788,0.0786,0.2202
q79,11,21,0,0,1.0,5,1.0,0.7923,0.231,0.3973
q79,11,22,0,0,0.0,0,0.51,0.4831,0.1226,0.2905
q79,11,23,0,0,0.0,0,0.5744,0.7641,0.1938,0.3512
q79,11,24,0,0,0.0,0,0.4644,0.4007,0.1016,0.2651
q79,11,25,0,0,0.0,0,0.4123,0.7122,0.1642,0.3001
q79,11,26,0,0,0.0,0,0.4915,0.5271,0.114,0.2702
q79,12,13,1,1,0.0,0,0.363,0.3862,0.1229,0.2661
q79,12,14,0,1,0.0,0,0.4873,0.4275,0.1559,0.3169
q79,12,15,0,1,0.0,0,0.4616,0.2959,0.1147,0.3014
q79,12,16,0,1,0.0,0,0.3599,0.1882,0.0893,0.2667
q79,12,17,0,1,0.0,0,0.4156,0.2671,0.1184,0.2986
q79,12,18,0,0,0.0,0,0.5694,0.5694,0.1819,0.3475
q79,12,19,0,0,0.0,0,0.4322,0.2961,0.1128,0.291
q79,12,20,0,0,0.0,0,0.4156,0.2815,0.1184,0.2896
q79,12,21,0,0,0.0,0,0.4915,0.439,0.1654,0.3634
q79,12,22,0,0,0.0,0,0.363,0.4159,0.1442,0.3287
q79,12,23,0,0,0.0,0,0.4544,0.4001,0.1559,0.3689
q79,12,24,0,0,0.0,0,0.3953,0.3559,0.1435,0.3368
q79,12,25,0,0,0.0,0,0.466,0.4683,0.1779,0.3608
q79,12,26,0,0,1.0,6,1.0,0.7671,0.3106,0.4975
q79,13,14,0,1,0.0,0,0.4773,0.2379,0.0949,0.2753
q79,13,15,0,1,0.0,0,0.4387,0.1195,0.0772,0.2399
q79,13,16,0,1,0.0,0,0.3937,0.0874,0.067,0.2468
q79,13,17,0,1,0.0,0,0.3563,0.2299,0.0904,0.2634
q79,13,18,0,0,0.0,0,0.4653,0.3851,0.1731,0.3727
q79,13,19,0,0,0.0,0,0.5499,0.146,0.0726,0.2454
q79,13,20,0,0,0.0,0,0.3563,0.177,0.0921,0.262
q79,13,21,0,0,0.0,0,0.51,0.3483,0.0938,0.2678
q79,13,22,0,0,1.0,1,1.0,0.7207,0.227,0.4276
q79,13,23,0,0,0.0,0,0.5302,0.3103,0.0874,0.2651
q79,13,24,0,0,0.0,0,0.4469,0.2391,0.0798,0.2572
q79,13,25,0,0,0.0,0,0.4128,0.3046,0.0831,0.2322
q79,13,26,0,0,0.0,0,0.363,0.454,0.1109,0.2751
q79,14,15,0,1,0.0,0,0.463,0.4024,0.1531,0.3383
q79,14,16,0,1,0.0,0,0.394,0.3733,0.1335,0.3166
q79,14,17,0,1,0.0,0,0.3436,0.3369,0.115,0.3063
q79,14,18,0,0,0.0,0,0.5037,0.3702,0.1528,0.3584
q79,14,19,0,0,0.0,0,0.5392,0.3918,0.1468,0.3452
q79,14,20,0,0,0.0,0,0.3436,0.3428,0.1278,0.3179
q79,14,21,0,0,0.0,0,0.5087,0.5347,0.1716,0.3616
q79,14,22,0,0,0.0,0,0.4773,0.4361,0.1486,0.3597
q79,14,23,0,0,0.0,0,0.6062,0.6883,0.2212,0.4305
q79,14,24,0,0,0.0,0,0.45,0.4725,0.16,0.3537
q79,14,25,0,0,0.0,0,0.4231,0.6473,0.1908,0.3408
q79,14,26,0,0,0.0,0,0.4873,0.4758,0.148,0.3259
q79,15,16,1,1,0.0,0,0.3761,0.5699,0.2136,0.4108
q79,15,17,1,1,0.0,0,0.3928,0.4625,0.1784,0.376
q79,15,18,0,0,0.0,0,0.4972,0.305,0.1255,0.2896
q79,15,19,0,0,0.0,0,0.468,0.5986,0.2456,0.437
q79,15,20,0,0,0.0,0,0.3928,0.5737,0.2251,0.4208
q79,15,21,0,0,0.0,0,0.4534,0.2278,0.0993,0.3176
q79,15,22,0,0,0.0,0,0.4387,0.2678,0.113,0.3073
q79,15,23,0,0,0.0,0,0.4875,0.3614,0.1246,0.3234
q79,15,24,0,0,0.0,0,0.3956,0.4944,0.1728,0.3813
q79,15,25,0,0,0.0,0,0.3947,0.4126,0.1321,0.3072
q79,15,26,0,0,0.0,0,0.4616,0.3539,0.1194,0.3118
q79,16,17,1,1,0.0,0,0.3677,0.3563,0.1456,0.3353
q79,16,18,0,0,0.0,0,0.3806,0.2361,0.0977,0.2708
q79,16,19,0,0,0.1667,1,0.5176,0.5302,0.2508,0.4675
q79,16,20,0,0,0.0,0,0.3677,0.3924,0.1663,0.3493
q79,16,21,0,0,0.0,0,0.3719,0.1972,0.0961,0.3049
q79,16,22,0,0,0.0,0,0.3937,0.2041,0.1093,0.3244
q79,16,23,0,0,0.0,0,0.4416,0.2683,0.1163,0.324
q79,16,24,0,0,0.0,0,0.3862,0.4348,0.1584,0.3518
q79,16,25,0,0,0.0,0,0.3512,0.2884,0.1108,0.2997
q79,16,26,0,0,0.0,0,0.3599,0.2365,0.105,0.3033
q79,17,18,0,0,0.0,0,0.4431,0.2748,0.1088,0.2896
q79,17,19,0,0,0.0,0,0.3343,0.4632,0.1663,0.3615
q79,17,20,0,0,1.0,5,1.0,0.6169,0.2736,0.4742
q79,17,21,0,0,0.0,0,0.3577,0.3091,0.1261,0.3523
q79,17,22,0,0,0.0,0,0.3563,0.2985,0.1282,0.3365
q79,17,23,0,0,0.0,0,0.3789,0.3565,0.1351,0.357
q79,17,24,0,0,0.0,0,0.3531,0.5321,0.2028,0.432
q79,17,25,0,0,0.0,0,0.3665,0.4194,0.145,0.3366
q79,17,26,0,0,0.0,0,0.4156,0.3303,0.1437,0.3502
q79,18,19,0,1,0.0,0,0.495,0.3144,0.1206,0.294
q79,18,20,0,1,0.0,0,0.4431,0.322,0.1267,0.3054
q79,18,21,0,1,0.0,0,0.5359,0.458,0.1354,0.3276
q79,18,22,1,1,0.0,0,0.4653,0.6157,0.1907,0.3899
q79,18,23,0,1,0.0,0,0.5212,0.3815,0.1158,0.3163
q79,18,24,0,1,0.0,0,0.4373,0.3985,0.1262,0.3057
q79,18,25,0,1,0.0,0,0.4244,0.4287,0.1154,0.2777
q79,18,26,1,1,0.0,0,0.5694,0.644,0.17,0.3495
q79,19,20,1,1,0.0,0,0.3343,0.5214,0.1943,0.3795
q79,19,21,0,1,0.0,0,0.4988,0.2443,0.1018,0.3105
q79,19,22,0,1,0.0,0,0.5499,0.2909,0.1228,0.3374
q79,19,23,0,1,0.0,0,0.5613,0.3496,0.1257,0.3372
q79,19,24,1,1,0.0,0,0.4533,0.5267,0.1766,0.3696
q79,19,25,0,1,0.0,0,0.375,0.3675,0.1238,0.2985
q79,19,26,0,1,0.0,0,0.4322,0.3633,0.1261,0.3117
q79,20,21,0,1,0.0,0,0.3577,0.221,0.0967,0.3159
q79,20,22,0,1,0.0,0,0.3563,0.3284,0.1234,0.3069
q79,20,23,0,1,0.0,0,0.3789,0.3997,0.1351,0.3216
q79,20,24,1,1,0.0,0,0.3531,0.5276,0.1947,0.3786
q79,20,25,0,1,0.0,0,0.3665,0.4059,0.1205,0.2853
q79,20,26,0,1,0.0,0,0.4156,0.3926,0.1322,0.3183
q79,21,22,0,1,0.0,0,0.51,0.3177,0.1449,0.3503
q79,21,23,1,1,0.0,0,0.5744,0.5532,0.2146,0.4453
q79,21,24,0,1,0.0,0,0.4644,0.3441,0.1471,0.3885
q79,21,25,1,1,0.0,0,0.4123,0.5467,0.1878,0.3819
q79,21,26,0,1,0.0,0,0.4915,0.5219,0.185,0.389
q79,22,23,0,1,0.0,0,0.5302,0.2917,0.1321,0.3541
q79,22,24,0,1,0.0,0,0.4469,0.3109,0.1545,0.3848
q79,22,25,0,1,0.0,0,0.4128,0.2977,0.1248,0.3225
q79,22,26,1,1,0.0,0,0.363,0.413,0.1478,0.3519
q79,23,24,0,1,0.0,0,0.4762,0.4039,0.1617,0.3858
q79,23,25,1,1,0.0,0,0.4761,0.6015,0.204,0.402
q79,23,26,0,1,0.0,0,0.4544,0.5129,0.1892,0.4368
q79,24,25,0,1,0.0,0,0.3739,0.4291,0.1401,0.3293
q79,24,26,0,1,0.0,0,0.3953,0.3799,0.1576,0.384
q79,25,26,0,1,0.0,0,0.466,0.5577,0.1901,0.3881
q80,0,1,0,1,0.0,0,0.3852,0.2144,0.0906,0.2634
q80,0,2,1,1,0.0,0,0.3434,0.2647,0.0923,0.2509
q80,0,3,0,1,0.1111,1,0.4401,0.4173,0.1179,0.2908
q80,0,4,0,1,0.0,0,0.3876,0.4158,0.1203,0.2895
q80,0,5,1,1,0.0,0,0.4352,0.5554,0.151,0.3485
q80,0,6,0,1,0.0,0,0.3837,0.3122,0.0965,0.2644
q80,0,7,0,1,0.125,1,0.8174,0.5813,0.1377,0.3278
q80,0,8,0,1,0.1667,1,0.8297,0.6964,0.1046,0.2543
q80,0,9,0,0,0.1429,1,0.874,0.5784,0.1995,0.4074
q80,0,10,0,0,0.1429,1,0.8194,0.554,0.2061,0.3933
q80,0,11,0,0,0.0,0,0.3089,0.4086,0.1211,0.297
q80,0,12,0,0,0.1667,1,0.821,0.5554,0.1503,0.3231
q80,0,13,0,0,0.0,0,0.5357,0.6129,0.1267,0.2751
q80,0,14,0,0,0.3333,2,0.7887,0.6777,0.1358,0.2895
q80,0,15,0,0,0.0,0,0.5082,0.6115,0.1152,0.2592
q80,0,16,0,0,0.1667,1,0.6913,0.5209,0.098,0.2502
q80,0,17,0,0,0.125,1,0.6913,0.7165,0.1159,0.2657
q80,0,18,0,0,0.0,0,0.4137,0.5122,0.17,0.3375
q80,0,19,0,0,0.0,0,0.3905,0.4633,0.1226,0.2632
q80,0,20,0,0,0.1111,1,0.4421,0.6158,0.1642,0.3269
q80,0,21,0,0,0.0,0,0.4706,0.505,0.1251,0.305
q80,0,22,0,0,0.1429,1,0.8293,0.636,0.1626,0.3341
q80,0,23,0,0,0.0,0,0.4373,0.4863,0.126,0.3187
q80,0,24,0,0,0.0,0,0.5107,0.5209,0.1028,0.2631
q80,0,25,0,0,0.0,0,0.4494,0.6187,0.1251,0.2954
q80,0,26,0,0,0.125,1,0.4928,0.4518,0.09,0.2484
q80,1,2,0,1,0.2857,2,0.7163,0.4057,0.1871,0.3712
q80,1,3,0,1,0.25,2,0.411,0.4425,0.1672,0.3592
q80,1,4,0,1,0.0,0,0.3506,0.1889,0.0881,0.2658
q80,1,5,0,1,0.0,0,0.2951,0.3577,0.1239,0.3263
q80,1,6,0,1,0.125,1,0.9361,0.5382,0.1952,0.4045
q80,1,7,1,1,0.0,0,0.4581,0.4316,0.1373,0.3269
q80,1,8,1,1,0.0,0,0.459,0.639,0.1527,0.3095
q80,1,9,0,0,0.1429,1,0.3776,0.2603,0.1066,0.2868
q80,1,10,0,0,0.1429,1,0.3898,0.2983,0.1216,0.3079
q80,1,11,0,0,0.1429,1,0.4871,0.5348,0.1903,0.3882
q80,1,12,0,0,0.1667,1,0.5694,0.3359,0.1272,0.3254
q80,1,13,0,0,0.0,0,0.3403,0.3854,0.1018,0.2694
q80,1,14,0,0,0.0,0,0.4391,0.4173,0.1171,0.2875
q80,1,15,0,0,0.0,0,0.3533,0.3594,0.0973,0.2702
q80,1,16,0,0,0.0,0,0.3889,0.4064,0.1114,0.2791
q80,1,17,0,0,0.0,0,0.4197,0.4358,0.1076,0.2828
q80,1,18,0,0,0.25,2,0.386,0.2893,0.0951,0.2525
q80,1,19,0,0,0.125,1,0.7099,0.3678,0.1176,0.2699
q80,1,20,0,0,0.0,0,0.4114,0.4039,0.124,0.3113
q80,1,21,0,0,0.125,1,0.3918,0.3736,0.1446,0.3438
q80,1,22,0,0,0.1429,1,0.4177,0.3375,0.1165,0.2791
q80,1,23,0,0,0.0,0,0.2845,0.3568,0.1052,0.2943
q80,1,24,0,0,0.1429,1,0.4717,0.4106,0.1288,0.3095
q80,1,25,0,0,0.0,0,0.2674,0.4349,0.1149,0.3033
q80,1,26,0,0,0.125,1,0.4195,0.4013,0.1247,0.3067
q80,2,3,0,1,0.1,1,0.3336,0.3043,0.1244,0.2998
q80,2,4,0,1,0.0,0,0.2732,0.1623,0.0829,0.2492
q80,2,5,1,1,0.0,0,0.212,0.286,0.1315,0.3222
q80,2,6,0,1,0.1111,1,0.7558,0.4899,0.2111,0.4103
q80,2,7,0,1,0.0,0,0.4168,0.3266,0.1134,0.3148
q80,2,8,0,1,0.0,0,0.4135,0.4462,0.1087,0.2838
q80,2,9,0,0,0.0,0,0.3295,0.1836,0.0992,0.2883
q80,2,10,0,0,0.0,0,0.3297,0.1978,0.0923,0.2749
q80,2,11,0,0,0.0,0,0.4624,0.3529,0.1253,0.3198
q80,2,12,0,0,0.1429,1,0.5802,0.2931,0.1169,0.3033
q80,2,13,0,0,0.0,0,0.2996,0.2343,0.0907,0.2482
q80,2,14,0,0,0.0,0,0.3605,0.2698,0.0858,0.2574
q80,2,15,0,0,0.0,0,0.3248,0.3032,0.0941,0.2638
q80,2,16,0,0,0.0,0,0.3414,0.2992,0.0839,0.2557
q80,2,17,0,0,0.0,0,0.3535,0.3651,0.1004,0.2801
q80,2,18,0,0,0.1,1,0.2845,0.2354,0.09,0.2402
q80,2,19,0,0,0.1111,1,0.684,0.2708,0.1107,0.2771
q80,2,20,0,0,0.0,0,0.3735,0.3682,0.1333,0.3113
q80,2,21,0,0,0.0,0,0.3273,0.3164,0.1152,0.2969
q80,2,22,0,0,0.0,0,0.3611,0.2221,0.0914,0.2546
q80,2,23,0,0,0.0,0,0.2408,0.2556,0.094,0.2707
q80,2,24,0,0,0.0,0,0.3963,0.2637,0.083,0.2606
q80,2,25,0,0,0.0,0,0.2271,0.2931,0.112,0.2883
q80,2,26,0,0,0.0,0,0.3506,0.3154,0.1004,0.278
q80,3,4,1,1,0.0,0,0.3395,0.2892,0.1136,0.3022
q80,3,5,0,1,0.0,0,0.373,0.2938,0.1109,0.3226
q80,3,6,1,1,0.0,0,0.284,0.5608,0.2108,0.4236
q80,3,7,0,1,0.0,0,0.4431,0.4277,0.1372,0.3647
q80,3,8,0,1,0.125,1,0.6419,0.5922,0.1572,0.3471
q80,3,9,0,0,0.1111,1,0.4241,0.3853,0.1389,0.3499
q80,3,10,0,0,0.1111,1,0.4372,0.3672,0.1333,0.353
q80,3,11,0,0,0.1111,1,0.4246,0.4392,0.1514,0.3559
q80,3,12,0,0,0.0,0,0.4518,0.3581,0.1294,0.3519
q80,3,13,0,0,0.0,0,0.4629,0.43,0.1257,0.3189
q80,3,14,0,0,0.1111,1,0.4897,0.4223,0.125,0.3236
q80,3,15,0,0,0.0,0,0.4636,0.4782,0.1389,0.3264
q80,3,16,0,0,0.0,0,0.4984,0.5027,0.1358,0.3566
q80,3,17,0,0,0.1,1,0.6892,0.5562,0.1464,0.3459
q80,3,18,0,0,0.5,4,0.9121,0.4604,0.1605,0.3564
q80,3,19,0,0,0.0,0,0.3591,0.3397,0.1157,0.2955
q80,3,20,0,0,0.2,2,0.447,0.4828,0.1694,0.3824
q80,3,21,0,0,0.2222,2,0.8378,0.5034,0.2084,0.4441
q80,3,22,0,0,0.1111,1,0.4836,0.3917,0.1324,0.3202
q80,3,23,0,0,0.0,0,0.4074,0.3083,0.098,0.2988
q80,3,24,0,0,0.1111,1,0.4739,0.4216,0.1456,0.3467
q80,3,25,0,0,0.0,0,0.3984,0.4575,0.1378,0.3406
q80,3,26,0,0,0.375,3,0.6,0.5011,0.1632,0.3805
q80,4,5,0,1,0.0,0,0.3499,0.2585,0.1173,0.3158
q80,4,6,1,1,0.0,0,0.2851,0.304,0.101,0.2949
q80,4,7,0,1,0.0,0,0.4275,0.3495,0.1188,0.3222
q80,4,8,0,1,0.0,0,0.4477,0.4594,0.1055,0.2869
q80,4,9,0,0,0.0,0,0.3759,0.3535,0.1198,0.3153
q80,4,10,0,0,0.0,0,0.4086,0.3795,0.1239,0.306
q80,4,11,0,0,0.0,0,0.3262,0.2934,0.1009,0.3068
q80,4,12,0,0,0.0,0,0.3835,0.3343,0.1178,0.3216
q80,4,13,0,0,0.0,0,0.4252,0.489,0.1292,0.3282
q80,4,14,0,0,0.0,0,0.4464,0.4155,0.1123,0.2956
q80,4,15,0,0,0.0,0,0.4536,0.4693,0.1277,0.3127
q80,4,16,0,0,0.0,0,0.4434,0.4647,0.1146,0.3071
q80,4,17,0,0,0.0,0,0.487,0.4185,0.1098,0.2938
q80,4,18,0,0,0.0909,1,0.9357,0.5098,0.1972,0.3806
q80,4,19,0,0,0.0,0,0.3626,0.3275,0.1083,0.2631
q80,4,20,0,0,0.0909,1,0.9391,0.4617,0.1688,0.3875
q80,4,21,0,0,0.0,0,0.4602,0.3654,0.1194,0.3306
q80,4,22,0,0,0.0,0,0.4377,0.4018,0.1264,0.3102
q80,4,23,0,0,0.0,0,0.3841,0.298,0.1096,0.3096
q80,4,24,0,0,0.0,0,0.4212,0.2449,0.0839,0.2701
q80,4,25,0,0,0.0,0,0.3773,0.4011,0.111,0.2928
q80,4,26,0,0,0.0,0,0.3784,0.254,0.0907,0.2818
q80,5,6,0,1,0.0,0,0.2115,0.2226,0.1161,0.3233
q80,5,7,0,1,0.0,0,0.4403,0.3923,0.157,0.377
q80,5,8,0,1,0.0,0,0.4683,0.4894,0.1412,0.3403
q80,5,9,0,0,0.0,0,0.4195,0.4226,0.1561,0.383
q80,5,10,0,0,0.0,0,0.4159,0.4307,0.1574,0.3692
q80,5,11,0,0,0.0,0,0.2732,0.3236,0.1342,0.3571
q80,5,12,0,0,0.0,0,0.44,0.4062,0.1552,0.3675
q80,5,13,0,0,0.375,3,0.8679,0.6017,0.2142,0.3928
q80,5,14,0,0,0.0,0,0.4643,0.4663,0.1439,0.3425
q80,5,15,0,0,0.0,0,0.4915,0.4148,0.134,0.3241
q80,5,16,0,0,0.0,0,0.4436,0.4663,0.1278,0.3158
q80,5,17,0,0,0.0,0,0.4684,0.5132,0.1456,0.3317
q80,5,18,0,0,0.0,0,0.3672,0.3467,0.1106,0.3027
q80,5,19,0,0,0.0,0,0.2585,0.2607,0.0941,0.2615
q80,5,20,0,0,0.0,0,0.3458,0.4089,0.1596,0.3774
q80,5,21,0,0,0.0,0,0.4886,0.3336,0.1429,0.3781
q80,5,22,0,0,0.0,0,0.4612,0.4022,0.1611,0.3566
q80,5,23,0,0,0.0909,1,0.7543,0.6618,0.2943,0.5107
q80,5,24,0,0,0.0,0,0.4068,0.2781,0.102,0.3048
q80,5,25,0,0,0.5714,4,0.8825,0.6638,0.243,0.4489
q80,5,26,0,0,0.0,0,0.3857,0.2946,0.1147,0.3034
q80,6,7,0,1,0.0,0,0.4744,0.347,0.129,0.3789
q80,6,8,0,1,0.0,0,0.4497,0.5082,0.1457,0.3581
q80,6,9,0,0,0.0,0,0.376,0.3013,0.1121,0.3327
q80,6,10,0,0,0.0,0,0.3812,0.2807,0.1116,0.3213
q80,6,11,0,0,0.0,0,0.5116,0.4004,0.1713,0.397
q80,6,12,0,0,0.1429,1,0.6315,0.3604,0.1402,0.3628
q80,6,13,0,0,0.0,0,0.3096,0.4094,0.124,0.3196
q80,6,14,0,0,0.0,0,0.4043,0.356,0.113,0.3138
q80,6,15,0,0,0.0,0,0.3241,0.3941,0.1084,0.2965
q80,6,16,0,0,0.0,0,0.3703,0.4083,0.1211,0.3271
q80,6,17,0,0,0.0,0,0.3987,0.4742,0.1438,0.3391
q80,6,18,0,0,0.0,0,0.3094,0.3639,0.1103,0.2803
q80,6,19,0,0,0.1111,1,0.9307,0.3621,0.1397,0.3304
q80,6,20,0,0,0.0,0,0.4112,0.3595,0.1406,0.3491
q80,6,21,0,0,0.0,0,0.3448,0.3555,0.1543,0.3739
q80,6,22,0,0,0.0,0,0.4057,0.3135,0.1148,0.3023
q80,6,23,0,0,0.0,0,0.2494,0.3231,0.1093,0.3225
q80,6,24,0,0,0.0,0,0.456,0.4134,0.1408,0.3459
q80,6,25,0,0,0.0,0,0.232,0.3623,0.1219,0.3331
q80,6,26,0,0,0.0,0,0.3833,0.36,0.1369,0.3661
q80,7,8,1,1,0.1429,1,0.8757,0.6858,0.2411,0.4312
q80,7,9,0,0,0.125,1,0.9118,0.6595,0.2187,0.4263
q80,7,10,0,0,0.5,3,0.9446,0.6814,0.2475,0.4476
q80,7,11,0,0,0.0,0,0.3877,0.3478,0.1434,0.3508
q80,7,12,0,0,0.1429,1,0.8701,0.5973,0.2392,0.449
q80,7,13,0,0,0.0,0,0.5277,0.4827,0.1574,0.3478
q80,7,14,0,0,0.2857,2,0.8723,0.6263,0.2371,0.4441
q80,7,15,0,0,0.0,0,0.5092,0.4105,0.143,0.3534
q80,7,16,0,0,0.1429,1,0.6902,0.5131,0.1734,0.3673
q80,7,17,0,0,0.25,2,0.7488,0.5883,0.1831,0.389
q80,7,18,0,0,0.0,0,0.4342,0.4627,0.1141,0.2905
q80,7,19,0,0,0.1111,1,0.5247,0.4084,0.1473,0.33
q80,7,20,0,0,0.0,0,0.4763,0.4161,0.1618,0.3941
q80,7,21,0,0,0.0,0,0.4658,0.5337,0.1786,0.4058
q80,7,22,0,0,0.125,1,0.8662,0.6053,0.2254,0.4159
q80,7,23,0,0,0.0,0,0.4312,0.3413,0.1491,0.3639
q80,7,24,0,0,0.0,0,0.5195,0.3019,0.1296,0.3583
q80,7,25,0,0,0.0,0,0.4646,0.4354,0.1434,0.3594
q80,7,26,0,0,0.0,0,0.4896,0.3695,0.1408,0.3695
q80,8,9,0,0,0.1667,1,0.9192,0.7285,0.1849,0.3628
q80,8,10,0,0,0.1667,1,0.8761,0.7034,0.1633,0.3348
q80,8,11,0,0,0.0,0,0.3783,0.5384,0.1643,0.3752
q80,8,12,0,0,0.2,1,0.8758,0.612,0.1675,0.3764
q80,8,13,0,0,0.0,0,0.5484,0.4853,0.1686,0.3745
q80,8,14,0,0,0.1667,1,0.8573,0.6513,0.2352,0.4584
q80,8,15,0,0,0.0,0,0.5042,0.5657,0.2016,0.425
q80,8,16,0,0,0.2,1,0.6595,0.4838,0.1721,0.3972
q80,8,17,0,0,0.3333,2,0.6788,0.6244,0.2415,0.4604
q80,8,18,0,0,0.125,1,0.5922,0.5729,0.1119,0.2658
q80,8,19,0,0,0.0,0,0.4489,0.5373,0.1382,0.3116
q80,8,20,0,0,0.125,1,0.7458,0.506,0.1589,0.3641
q80,8,21,0,0,0.1429,1,0.603,0.6364,0.1969,0.3858
q80,8,22,0,0,0.1667,1,0.8764,0.673,0.1918,0.3738
q80,8,23,0,0,0.0,0,0.4559,0.3989,0.1305,0.3351
q80,8,24,0,0,0.0,0,0.5198,0.4954,0.158,0.3798
q80,8,25,0,0,0.0,0,0.492,0.515,0.1744,0.396
q80,8,26,0,0,0.1429,1,0.5618,0.5153,0.1759,0.3896
q80,9,10,1,1,0.3333,2,0.9124,0.666,0.3581,0.5612
q80,9,11,1,1,0.1429,1,0.3043,0.3731,0.1308,0.3478
q80,9,12,0,1,0.1667,1,0.9121,0.5317,0.1836,0.4011
q80,9,13,0,1,0.0,0,0.5818,0.6222,0.1622,0.3529
q80,9,14,0,1,0.1429,1,0.9428,0.6968,0.2139,0.3814
q80,9,15,0,1,0.0,0,0.5611,0.5215,0.1298,0.3072
q80,9,16,0,1,0.1667,1,0.7001,0.5653,0.1456,0.3362
q80,9,17,0,1,0.125,1,0.7738,0.7201,0.1603,0.3343
q80,9,18,0,0,0.25,2,0.4039,0.4604,0.1764,0.3786
q80,9,19,0,0,0.0,0,0.3821,0.4384,0.143,0.3173
q80,9,20,0,0,0.1111,1,0.4475,0.5746,0.1982,0.4076
q80,9,21,0,0,0.2857,2,0.4463,0.4813,0.1594,0.3731
q80,9,22,0,0,0.3333,2,0.9417,0.6465,0.284,0.463
q80,9,23,0,0,0.0,0,0.4652,0.4804,0.1519,0.3664
q80,9,24,0,0,0.1429,1,0.5587,0.3498,0.1219,0.3256
q80,9,25,0,0,0.0,0,0.4448,0.5924,0.1746,0.3693
q80,9,26,0,0,0.125,1,0.5681,0.3489,0.1085,0.3065
q80,10,11,1,1,0.1429,1,0.3116,0.4254,0.1609,0.3644
q80,10,12,0,1,0.1667,1,0.8666,0.5622,0.2058,0.4099
q80,10,13,0,1,0.0,0,0.5158,0.5711,0.1474,0.3209
q80,10,14,0,1,0.3333,2,0.887,0.7608,0.2251,0.399
q80,10,15,0,1,0.0,0,0.4952,0.5428,0.1284,0.3066
q80,10,16,0,1,0.1667,1,0.687,0.632,0.1733,0.3492
q80,10,17,0,1,0.2857,2,0.7565,0.6258,0.1415,0.3124
q80,10,18,0,0,0.1111,1,0.4234,0.4489,0.1606,0.3634
q80,10,19,0,0,0.125,1,0.5315,0.451,0.1429,0.3047
q80,10,20,0,0,0.0,0,0.4601,0.5216,0.176,0.389
q80,10,21,0,0,0.125,1,0.4576,0.534,0.1699,0.39
q80,10,22,0,0,0.3333,2,0.8706,0.6311,0.2583,0.4254
q80,10,23,0,0,0.0,0,0.4036,0.4854,0.1536,0.3503
q80,10,24,0,0,0.1429,1,0.5121,0.3222,0.1095,0.3086
q80,10,25,0,0,0.0,0,0.4358,0.5887,0.1662,0.355
q80,10,26,0,0,0.125,1,0.4698,0.3742,0.1176,0.3192
q80,11,12,0,1,0.0,0,0.3658,0.3162,0.1485,0.3572
q80,11,13,0,1,0.0,0,0.3142,0.3694,0.1399,0.3268
q80,11,14,0,1,0.0,0,0.3391,0.37,0.1367,0.3406
q80,11,15,0,1,0.0,0,0.3407,0.4183,0.1318,0.3242
q80,11,16,0,1,0.0,0,0.34,0.3707,0.1264,0.3254
q80,11,17,0,1,0.0,0,0.356,0.4808,0.146,0.3375
q80,11,18,0,0,0.1111,1,0.3791,0.4259,0.1243,0.3108
q80,11,19,0,0,0.0,0,0.436,0.3519,0.1141,0.2979
q80,11,20,0,0,0.0,0,0.4111,0.3694,0.1507,0.3668
q80,11,21,0,0,0.125,1,0.3435,0.336,0.1498,0.3818
q80,11,22,0,0,0.3333,2,0.4024,0.3038,0.1532,0.3463
q80,11,23,0,0,0.0,0,0.2711,0.3212,0.1306,0.3545
q80,11,24,0,0,0.1429,1,0.3962,0.3391,0.1226,0.3253
q80,11,25,0,0,0.0,0,0.2805,0.3787,0.1402,0.3667
q80,11,26,0,0,0.125,1,0.38,0.3583,0.1511,0.3487
q80,12,13,1,1,0.0,0,0.5184,0.525,0.1654,0.377
q80,12,14,0,1,0.1667,1,0.8321,0.5826,0.1775,0.3758
q80,12,15,0,1,0.0,0,0.4901,0.4256,0.1231,0.3291
q80,12,16,1,1,0.2,1,0.7095,0.5373,0.1668,0.3818
q80,12,17,0,1,0.1429,1,0.702,0.5291,0.1336,0.3362
q80,12,18,0,0,0.0,0,0.4223,0.3628,0.1083,0.2912
q80,12,19,0,0,0.1429,1,0.5644,0.3382,0.1291,0.2977
q80,12,20,0,0,0.0,0,0.4568,0.3274,0.1356,0.3622
q80,12,21,0,0,0.0,0,0.4706,0.4215,0.1345,0.3613
q80,12,22,0,0,0.1667,1,0.8711,0.5685,0.2337,0.4292
q80,12,23,0,0,0.0,0,0.4106,0.4515,0.131,0.3485
q80,12,24,0,0,0.0,0,0.5151,0.2863,0.1043,0.3152
q80,12,25,0,0,0.0,0,0.4496,0.4609,0.1478,0.3549
q80,12,26,0,0,0.0,0,0.5009,0.3668,0.1126,0.3338
q80,13,14,0,1,0.0,0,0.5392,0.5213,0.1789,0.3831
q80,13,15,0,1,0.0,0,0.4602,0.4029,0.1608,0.3657
q80,13,16,1,1,0.0,0,0.5043,0.5706,0.1932,0.4087
q80,13,17,0,1,0.0,0,0.5275,0.5332,0.1698,0.37
q80,13,18,0,0,0.0,0,0.4482,0.5522,0.1353,0.3093
q80,13,19,0,0,0.0,0,0.3264,0.3968,0.1165,0.2875
q80,13,20,0,0,0.0,0,0.4155,0.4958,0.17,0.3701
q80,13,21,0,0,0.0,0,0.4864,0.4684,0.1445,0.3486
q80,13,22,0,0,0.0,0,0.5412,0.5479,0.1653,0.3676
q80,13,23,0,0,0.2222,2,0.7105,0.5981,0.2158,0.4208
q80,13,24,0,0,0.0,0,0.4744,0.3523,0.1259,0.3198
q80,13,25,0,0,0.6667,4,0.8614,0.5133,0.2021,0.3991
q80,13,26,0,0,0.0,0,0.4773,0.3404,0.1352,0.3434
q80,14,15,1,1,0.0,0,0.491,0.5219,0.1999,0.42
q80,14,16,0,1,0.1667,1,0.6835,0.5248,0.1873,0.4
q80,14,17,1,1,0.2857,2,0.633,0.6391,0.2422,0.4644
q80,14,18,0,0,0.0,0,0.4698,0.4914,0.1115,0.2736
q80,14,19,0,0,0.125,1,0.4804,0.42,0.1245,0.2943
q80,14,20,0,0,0.1111,1,0.4899,0.4589,0.1557,0.3693
q80,14,21,0,0,0.0,0,0.5034,0.5648,0.1603,0.3747
q80,14,22,0,0,0.1429,1,0.8518,0.6996,0.2431,0.4202
q80,14,23,0,0,0.0,0,0.449,0.4078,0.1426,0.3376
q80,14,24,0,0,0.0,0,0.545,0.416,0.1565,0.3804
q80,14,25,0,0,0.0,0,0.4793,0.4494,0.1794,0.3989
q80,14,26,0,0,0.125,1,0.5185,0.4515,0.1749,0.4073
q80,15,16,0,1,0.0,0,0.4909,0.45,0.1546,0.3736
q80,15,17,1,1,0.1429,1,0.5766,0.653,0.2392,0.4504
q80,15,18,0,0,0.0,0,0.459,0.5499,0.1283,0.2972
q80,15,19,0,0,0.0,0,0.3393,0.3954,0.1066,0.2772
q80,15,20,0,0,0.0,0,0.4304,0.4619,0.1569,0.3542
q80,15,21,0,0,0.1429,1,0.6481,0.5534,0.1573,0.3619
q80,15,22,0,0,0.0,0,0.4861,0.5007,0.144,0.3322
q80,15,23,0,0,0.0,0,0.4806,0.3169,0.1186,0.3243
q80,15,24,0,0,0.0,0,0.4135,0.3978,0.1396,0.3461
q80,15,25,0,0,0.0,0,0.4924,0.4601,0.1774,0.3959
q80,15,26,0,0,0.0,0,0.4386,0.4311,0.1575,0.3848
q80,16,17,0,1,0.1429,1,0.5561,0.5116,0.1743,0.383
q80,16,18,0,0,0.0,0,0.4678,0.5603,0.1145,0.289
q80,16,19,0,0,0.0,0,0.3685,0.4033,0.1231,0.2953
q80,16,20,0,0,0.0,0,0.4579,0.4696,0.1485,0.3684
q80,16,21,0,0,0.0,0,0.5099,0.4829,0.1285,0.3296
q80,16,22,0,0,0.1667,1,0.7032,0.5852,0.1843,0.4012
q80,16,23,0,0,0.0,0,0.426,0.4953,0.152,0.3506
q80,16,24,0,0,0.0,0,0.5084,0.3285,0.1111,0.3224
q80,16,25,0,0,0.0,0,0.4447,0.4568,0.1638,0.3881
q80,16,26,0,0,0.0,0,0.5239,0.3987,0.1473,0.3539
q80,17,18,0,0,0.1,1,0.6551,0.6418,0.134,0.2997
q80,17,19,0,0,0.1111,1,0.4798,0.449,0.1091,0.2853
q80,17,20,0,0,0.0,0,0.5146,0.6077,0.1789,0.3756
q80,17,21,0,0,0.25,2,0.703,0.7007,0.1962,0.4183
q80,17,22,0,0,0.125,1,0.5931,0.6456,0.1777,0.3707
q80,17,23,0,0,0.0,0,0.4566,0.4873,0.144,0.3427
q80,17,24,0,0,0.0,0,0.4919,0.4752,0.1652,0.3838
q80,17,25,0,0,0.0,0,0.4754,0.5256,0.1718,0.3843
q80,17,26,0,0,0.1111,1,0.5715,0.491,0.1879,0.4303
q80,18,19,0,1,0.0,0,0.3604,0.3915,0.1073,0.25
q80,18,20,0,1,0.3333,3,0.6251,0.6843,0.2215,0.4479
q80,18,21,0,1,0.375,3,0.749,0.5132,0.1552,0.3641
q80,18,22,1,1,0.1111,1,0.4623,0.4765,0.1315,0.3263
q80,18,23,0,1,0.0,0,0.4056,0.4018,0.107,0.29
q80,18,24,0,1,0.1111,1,0.4541,0.4156,0.1003,0.2472
q80,18,25,1,1,0.0,0,0.3951,0.5798,0.1449,0.3166
q80,18,26,0,1,0.2222,2,0.5269,0.4512,0.119,0.2834
q80,19,20,1,1,0.0,0,0.4524,0.3635,0.1181,0.2868
q80,19,21,0,1,0.0,0,0.3515,0.3584,0.1086,0.2856
q80,19,22,0,1,0.0,0,0.4079,0.3599,0.1251,0.2945
q80,19,23,1,1,0.0,0,0.2472,0.3114,0.0985,0.2814
q80,19,24,0,1,0.0,0,0.4327,0.3266,0.0966,0.2799
q80,19,25,0,1,0.0,0,0.2552,0.3917,0.1178,0.2887
q80,19,26,0,1,0.0,0,0.3762,0.3034,0.088,0.2765
q80,20,21,0,1,0.1,1,0.4731,0.3631,0.1496,0.379
q80,20,22,0,1,0.0,0,0.4918,0.4125,0.1716,0.3877
q80,20,23,1,1,0.0,0,0.3343,0.4155,0.1608,0.3662
q80,20,24,0,1,0.0,0,0.4979,0.3202,0.1118,0.3212
q80,20,25,0,1,0.0,0,0.3607,0.4708,0.1714,0.3847
q80,20,26,0,1,0.1,1,0.473,0.347,0.1271,0.3291
q80,21,22,0,1,0.125,1,0.5013,0.3978,0.137,0.3526
q80,21,23,0,1,0.0,0,0.4436,0.3714,0.1189,0.348
q80,21,24,1,1,0.125,1,0.4891,0.4798,0.1535,0.3671
q80,21,25,0,1,0.0,0,0.4672,0.4108,0.1326,0.3617
q80,21,26,1,1,0.25,2,0.5546,0.5503,0.1755,0.3906
q80,22,23,0,1,0.0,0,0.4382,0.3756,0.15,0.3553
q80,22,24,0,1,0.1429,1,0.5459,0.3191,0.1153,0.3049
q80,22,25,1,1,0.0,0,0.476,0.5312,0.1774,0.3846
q80,22,26,0,1,0.125,1,0.528,0.3613,0.11,0.2968
q80,23,24,0,1,0.0,0,0.4028,0.2196,0.0941,0.3035
q80,23,25,0,1,0.2222,2,0.7269,0.5817,0.1943,0.4174
q80,23,26,0,1,0.0,0,0.398,0.2265,0.1103,0.3176
q80,24,25,0,1,0.0,0,0.4214,0.2851,0.1193,0.3247
q80,24,26,1,1,0.125,1,0.5754,0.5409,0.2156,0.4506
q80,25,26,0,1,0.0,0,0.3769,0.3027,0.1312,0.3338
q81,0,1,0,1,0.0,0,0.4733,0.2521,0.1041,0.3157
q81,0,2,1,1,0.0,0,0.4758,0.3752,0.1278,0.3196
q81,0,3,0,1,0.0,0,0.5012,0.335,0.1098,0.3222
q81,0,4,0,1,0.0,0,0.5094,0.4046,0.137,0.3573
q81,0,5,0,1,0.0,0,0.3701,0.3369,0.0956,0.2865
q81,0,6,0,1,0.0,0,0.3682,0.3197,0.0864,0.2767
q81,0,7,0,1,0.0,0,0.4972,0.4123,0.1002,0.3077
q81,0,8,1,1,0.0,0,0.4911,0.5386,0.1256,0.3243
q81,0,9,0,0,0.0,0,0.4853,0.273,0.0811,0.2636
q81,0,10,0,0,0.0,0,0.5206,0.2712,0.1009,0.3191
q81,0,11,0,0,0.0,0,0.3773,0.3912,0.0913,0.316
q81,0,12,0,0,0.0,0,0.4689,0.2254,0.0906,0.3028
q81,0,13,0,0,0.0,0,0.3357,0.2138,0.0799,0.3082
q81,0,14,0,0,0.0,0,0.4903,0.3765,0.0977,0.3168
q81,0,15,0,0,0.0,0,0.4975,0.3172,0.0924,0.3165
q81,0,16,0,0,0.0,0,0.4986,0.3114,0.0943,0.2873
q81,0,17,0,0,0.0,0,0.4024,0.3114,0.0865,0.295
q81,0,18,0,0,0.0,0,0.4656,0.3694,0.1224,0.3209
q81,0,19,0,0,0.0,0,0.3682,0.3318,0.0949,0.3018
q81,0,20,0,0,0.0,0,0.4593,0.3854,0.1074,0.326
q81,0,21,0,0,0.0,0,0.5046,0.3204,0.1026,0.3122
q81,0,22,0,0,0.0,0,0.457,0.4135,0.0973,0.3194
q81,0,23,0,0,0.0,0,0.5004,0.4199,0.101,0.3333
q81,0,24,0,0,0.0,0,0.4931,0.3906,0.0965,0.2911
q81,0,25,0,0,0.0,0,0.5071,0.4327,0.1157,0.3179
q81,0,26,0,0,0.0,0,0.4543,0.3816,0.0836,0.2982
q81,1,2,0,1,0.0,0,0.4719,0.2496,0.0934,0.2923
q81,1,3,0,1,0.0,0,0.4376,0.3199,0.1245,0.3305
q81,1,4,0,1,0.0,0,0.578,0.4527,0.1496,0.3746
q81,1,5,1,1,0.0,0,0.447,0.4394,0.1446,0.3252
q81,1,6,1,1,0.0,0,0.4369,0.5271,0.1658,0.3425
q81,1,7,0,1,0.0,0,0.5247,0.3264,0.1161,0.3044
q81,1,8,0,1,0.0,0,0.5268,0.38,0.1058,0.3008
q81,1,9,0,0,0.0,0,0.5087,0.3047,0.1073,0.289
q81,1,10,0,0,0.0,0,0.534,0.3091,0.1272,0.3483
q81,1,11,0,0,0.0,0,0.4171,0.3028,0.1093,0.328
q81,1,12,0,0,0.0,0,0.4962,0.3793,0.1495,0.3645
q81,1,13,0,0,0.0,0,0.346,0.3233,0.1309,0.3434
q81,1,14,0,0,0.0,0,0.5219,0.3131,0.1125,0.3487
q81,1,15,0,0,0.0,0,0.4715,0.4302,0.1416,0.354
q81,1,16,0,0,0.0,0,0.551,0.5248,0.1329,0.3301
q81,1,17,0,0,0.0,0,0.5189,0.3057,0.1028,0.3071
q81,1,18,0,0,0.0,0,0.449,0.3081,0.1141,0.3139
q81,1,19,0,0,0.0,0,0.3637,0.3835,0.1277,0.3359
q81,1,20,0,0,0.0,0,0.4391,0.2537,0.1116,0.3312
q81,1,21,0,0,0.0,0,0.5226,0.3824,0.1482,0.3697
q81,1,22,0,0,0.0,0,0.4906,0.3218,0.1238,0.3469
q81,1,23,0,0,0.0,0,0.5438,0.316,0.1123,0.3512
q81,1,24,0,0,0.0,0,0.4846,0.3264,0.1125,0.3015
q81,1,25,0,0,0.0,0,0.5495,0.4371,0.1354,0.3259
q81,1,26,0,0,0.0,0,0.5006,0.3708,0.1297,0.3411
q81,2,3,0,1,0.0,0,0.4535,0.3663,0.1133,0.3147
q81,2,4,0,1,0.0,0,0.5421,0.4461,0.1506,0.3621
q81,2,5,0,1,0.0,0,0.3951,0.2873,0.0791,0.2619
q81,2,6,0,1,0.0,0,0.435,0.2925,0.079,0.2754
q81,2,7,0,1,0.0,0,0.5294,0.4815,0.1176,0.309
q81,2,8,1,1,0.0,0,0.4666,0.4882,0.1223,0.3156
q81,2,9,0,0,0.0,0,0.3307,0.3333,0.1279,0.3075
q81,2,10,0,0,0.0,0,0.4719,0.1965,0.0972,0.3132
q81,2,11,0,0,0.0,0,0.4387,0.4254,0.1033,0.3178
q81,2,12,0,0,0.0,0,0.4256,0.2777,0.0898,0.2979
q81,2,13,0,0,0.0,0,0.2089,0.1913,0.0795,0.3005
q81,2,14,0,0,0.0,0,0.4815,0.3988,0.1085,0.3366
q81,2,15,0,0,0.0,0,0.467,0.2762,0.0917,0.3201
q81,2,16,0,0,0.0,0,0.5156,0.3301,0.098,0.2907
q81,2,17,0,0,0.0,0,0.4745,0.2858,0.0682,0.2577
q81,2,18,0,0,0.0,0,0.4489,0.2938,0.1124,0.2905
q81,2,19,0,0,0.0,0,0.1844,0.2962,0.0931,0.3052
q81,2,20,0,0,0.0,0,0.4463,0.3811,0.1125,0.3398
q81,2,21,0,0,0.0,0,0.4611,0.2038,0.0873,0.2971
q81,2,22,0,0,0.0,0,0.4841,0.4276,0.106,0.3282
q81,2,23,0,0,0.0,0,0.5025,0.4276,0.1079,0.334
q81,2,24,0,0,0.0,0,0.5206,0.4402,0.1063,0.3032
q81,2,25,0,0,0.0,0,0.506,0.4468,0.1117,0.3064
q81,2,26,0,0,0.0,0,0.4349,0.4365,0.0911,0.2873
q81,3,4,1,1,0.0,0,0.5443,0.4557,0.1621,0.3812
q81,3,5,0,1,0.0,0,0.3445,0.2945,0.1019,0.2794
q81,3,6,0,1,0.0,0,0.3209,0.3149,0.0969,0.2823
q81,3,7,1,1,0.0,0,0.5306,0.5061,0.1374,0.3387
q81,3,8,0,1,0.0,0,0.505,0.4187,0.1099,0.3096
q81,3,9,0,0,0.0,0,0.4603,0.3252,0.1091,0.301
q81,3,10,0,0,0.0,0,0.4769,0.2473,0.127,0.3558
q81,3,11,0,0,0.0,0,0.3698,0.4187,0.1148,0.3406
q81,3,12,0,0,0.0,0,0.4619,0.2552,0.0979,0.3156
q81,3,13,0,0,0.0,0,0.319,0.204,0.0818,0.2918
q81,3,14,0,0,0.0,0,0.5297,0.3824,0.1052,0.3306
q81,3,15,0,0,0.0,0,0.4963,0.3155,0.0959,0.3016
q81,3,16,0,0,0.0,0,0.4769,0.3862,0.1004,0.287
q81,3,17,0,0,0.0,0,0.4479,0.2932,0.0874,0.2922
q81,3,18,0,0,0.0,0,0.4232,0.3312,0.1046,0.2974
q81,3,19,0,0,0.0,0,0.3018,0.3123,0.1149,0.3265
q81,3,20,0,0,0.0,0,0.443,0.3684,0.1149,0.3465
q81,3,21,0,0,0.0,0,0.4691,0.2996,0.1047,0.3141
q81,3,22,0,0,0.0,0,0.4492,0.3843,0.1135,0.3302
q81,3,23,0,0,0.0,0,0.529,0.427,0.1124,0.3256
q81,3,24,0,0,0.0,0,0.5019,0.4175,0.1084,0.308
q81,3,25,0,0,0.0,0,0.553,0.4022,0.1163,0.3132
q81,3,26,0,0,0.0,0,0.4556,0.4468,0.0964,0.3008
q81,4,5,0,1,0.0,0,0.4442,0.3153,0.1138,0.3385
q81,4,6,0,1,0.0,0,0.4534,0.3895,0.125,0.3564
q81,4,7,1,1,0.0,0,0.587,0.4733,0.1653,0.3965
q81,4,8,0,1,0.0,0,0.6097,0.5212,0.1592,0.3606
q81,4,9,0,0,0.0,0,0.5594,0.5102,0.1592,0.3492
q81,4,10,0,0,0.0,0,0.6327,0.411,0.15,0.3841
q81,4,11,0,0,0.0,0,0.4747,0.4596,0.1549,0.4
q81,4,12,0,0,0.0,0,0.577,0.2954,0.1116,0.3588
q81,4,13,0,0,0.0,0,0.4407,0.244,0.112,0.3486
q81,4,14,0,0,0.0,0,0.6667,0.4359,0.1463,0.4067
q81,4,15,0,0,0.0,0,0.4485,0.3365,0.1259,0.3857
q81,4,16,0,0,0.0,0,0.5919,0.4667,0.1466,0.3688
q81,4,17,0,0,0.0,0,0.4663,0.3436,0.1039,0.3363
q81,4,18,0,0,0.0,0,0.5481,0.4817,0.1609,0.3465
q81,4,19,0,0,0.0,0,0.4398,0.3809,0.1347,0.3778
q81,4,20,0,0,0.0,0,0.5741,0.4026,0.1561,0.4027
q81,4,21,0,0,0.0,0,0.618,0.3956,0.1614,0.4146
q81,4,22,0,0,0.0,0,0.5413,0.4521,0.1415,0.4027
q81,4,23,0,0,0.0,0,0.6485,0.443,0.146,0.4062
q81,4,24,0,0,0.0,0,0.5506,0.4586,0.1413,0.3484
q81,4,25,0,0,0.0,0,0.6399,0.5081,0.1625,0.3822
q81,4,26,0,0,0.0,0,0.4942,0.4511,0.135,0.3652
q81,5,6,1,1,0.0,0,0.4067,0.4882,0.1944,0.3906
q81,5,7,0,1,0.0,0,0.4302,0.2648,0.1081,0.3356
q81,5,8,0,1,0.0,0,0.3994,0.3359,0.1197,0.3337
q81,5,9,0,0,0.0,0,0.4891,0.317,0.079,0.2394
q81,5,10,0,0,0.0,0,0.4123,0.3915,0.1379,0.3589
q81,5,11,0,0,0.0,0,0.3504,0.1807,0.083,0.2988
q81,5,12,0,0,0.0,0,0.4097,0.4924,0.1573,0.3557
q81,5,13,0,0,0.0,0,0.3964,0.4179,0.1417,0.3598
q81,5,14,0,0,0.0,0,0.4107,0.3006,0.1147,0.3577
q81,5,15,0,0,0.0,0,0.4445,0.3773,0.1422,0.3638
q81,5,16,0,0,0.0,0,0.4744,0.4736,0.1627,0.3906
q81,5,17,0,0,0.0,0,0.3971,0.3152,0.1092,0.319
q81,5,18,0,0,0.0,0,0.4641,0.4053,0.1091,0.2935
q81,5,19,0,0,0.0,0,0.3103,0.365,0.133,0.3383
q81,5,20,0,0,0.0,0,0.4289,0.2121,0.0891,0.3063
q81,5,21,0,0,0.0,0,0.4184,0.3505,0.143,0.3621
q81,5,22,0,0,0.0,0,0.3882,0.2506,0.0953,0.3259
q81,5,23,0,0,0.0,0,0.4199,0.3591,0.1292,0.3687
q81,5,24,0,0,0.0,0,0.4316,0.3461,0.1244,0.3323
q81,5,25,0,0,0.0,0,0.4471,0.424,0.1474,0.3752
q81,5,26,0,0,0.0,0,0.4889,0.4045,0.1383,0.3671
q81,6,7,0,1,0.0,0,0.4226,0.2931,0.12,0.3535
q81,6,8,0,1,0.0,0,0.4089,0.2849,0.116,0.3415
q81,6,9,0,0,0.0,0,0.4715,0.3384,0.0954,0.26
q81,6,10,0,0,0.0,0,0.4069,0.4262,0.1355,0.3236
q81,6,11,0,0,0.0,0,0.4085,0.2593,0.1015,0.3171
q81,6,12,0,0,0.0,0,0.4169,0.4279,0.1277,0.3141
q81,6,13,0,0,0.0,0,0.3499,0.3688,0.1195,0.3108
q81,6,14,0,0,0.0,0,0.4651,0.303,0.1308,0.3598
q81,6,15,0,0,0.0,0,0.4062,0.303,0.1249,0.3435
q81,6,16,0,0,0.0,0,0.4507,0.4389,0.1576,0.376
q81,6,17,0,0,0.0,0,0.396,0.3058,0.1203,0.3333
q81,6,18,0,0,0.0,0,0.4223,0.3798,0.0956,0.2708
q81,6,19,0,0,0.0,0,0.3473,0.4219,0.1417,0.3247
q81,6,20,0,0,0.0,0,0.4143,0.3186,0.1157,0.3229
q81,6,21,0,0,0.0,0,0.4119,0.3314,0.1287,0.3268
q81,6,22,0,0,0.0,0,0.4466,0.2821,0.1154,0.3482
q81,6,23,0,0,0.0,0,0.4731,0.3412,0.1405,0.3721
q81,6,24,0,0,0.0,0,0.4194,0.2888,0.1113,0.3357
q81,6,25,0,0,0.0,0,0.4307,0.368,0.1443,0.3599
q81,6,26,0,0,0.0,0,0.4193,0.355,0.1406,0.3781
q81,7,8,0,1,0.0,0,0.6037,0.4448,0.1524,0.3923
q81,7,9,0,0,0.0,0,0.5651,0.59,0.1418,0.3177
q81,7,10,0,0,0.0,0,0.5507,0.3599,0.1015,0.3128
q81,7,11,0,0,0.0,0,0.4781,0.3107,0.1324,0.3783
q81,7,12,0,0,0.0,0,0.5014,0.3419,0.1108,0.3333
q81,7,13,0,0,0.0,0,0.3722,0.2993,0.1044,0.329
q81,7,14,0,0,0.0,0,0.5615,0.3036,0.1225,0.3744
q81,7,15,0,0,0.0,0,0.4207,0.2882,0.1249,0.3707
q81,7,16,0,0,0.0,0,0.5252,0.3857,0.1504,0.3873
q81,7,17,0,0,0.0,0,0.4399,0.276,0.1065,0.3314
q81,7,18,0,0,0.0,0,0.4859,0.3917,0.0992,0.2755
q81,7,19,0,0,0.0,0,0.3725,0.2989,0.1064,0.3169
q81,7,20,0,0,0.0,0,0.5481,0.4042,0.1502,0.3915
q81,7,21,0,0,0.0,0,0.5375,0.4033,0.135,0.3583
q81,7,22,0,0,0.0,0,0.5649,0.3946,0.1463,0.3858
q81,7,23,0,0,0.0,0,0.5639,0.3636,0.1394,0.3909
q81,7,24,0,0,0.0,0,0.4865,0.3487,0.144,0.3823
q81,7,25,0,0,0.0,0,0.5433,0.3975,0.1634,0.408
q81,7,26,0,0,0.0,0,0.4529,0.497,0.1676,0.4162
q81,8,9,0,0,0.0,0,0.5325,0.4683,0.1018,0.2683
q81,8,10,0,0,0.0,0,0.5449,0.4104,0.1228,0.329
q81,8,11,0,0,0.0,0,0.4242,0.3199,0.1337,0.3647
q81,8,12,0,0,0.0,0,0.6237,0.3245,0.0985,0.292
q81,8,13,0,0,0.0,0,0.3594,0.2846,0.0936,0.3056
q81,8,14,0,0,0.0,0,0.5925,0.3355,0.1364,0.3865
q81,8,15,0,0,0.0,0,0.4554,0.2586,0.1214,0.3663
q81,8,16,0,0,0.0,0,0.525,0.4241,0.1483,0.3934
q81,8,17,0,0,0.0,0,0.4224,0.3208,0.1084,0.3164
q81,8,18,0,0,0.0,0,0.5186,0.4896,0.1173,0.2788
q81,8,19,0,0,0.0,0,0.4357,0.4065,0.1402,0.3499
q81,8,20,0,0,0.0,0,0.4974,0.3885,0.1329,0.3645
q81,8,21,0,0,0.0,0,0.5327,0.436,0.1347,0.3551
q81,8,22,0,0,0.0,0,0.5143,0.3402,0.1339,0.3687
q81,8,23,0,0,0.0,0,0.649,0.3634,0.161,0.3956
q81,8,24,0,0,0.0,0,0.4782,0.3298,0.1257,0.3517
q81,8,25,0,0,0.0,0,0.6648,0.4019,0.155,0.3917
q81,8,26,0,0,0.0,0,0.4677,0.4494,0.1439,0.3815
q81,9,10,0,1,0.0,0,0.5106,0.2382,0.0921,0.2878
q81,9,11,1,1,0.0,0,0.437,0.591,0.153,0.3243
q81,9,12,0,1,0.0,0,0.5031,0.273,0.0997,0.2884
q81,9,13,0,1,0.0,0,0.3189,0.271,0.0943,0.2882
q81,9,14,1,1,0.0,0,0.5254,0.4519,0.1183,0.3253
q81,9,15,0,1,0.0,0,0.5015,0.3548,0.1004,0.2858
q81,9,16,0,1,0.0,0,0.5428,0.3988,0.092,0.2611
q81,9,17,0,1,0.0,0,0.5098,0.3119,0.0883,0.2625
q81,9,18,0,0,0.0,0,0.4993,0.3098,0.112,0.2952
q81,9,19,0,0,0.0,0,0.4009,0.32,0.1026,0.302
q81,9,20,0,0,0.0,0,0.4969,0.4734,0.1447,0.3358
q81,9,21,0,0,0.0,0,0.5045,0.317,0.0977,0.2858
q81,9,22,0,0,0.0,0,0.52,0.4959,0.1304,0.326
q81,9,23,0,0,0.0,0,0.5322,0.5123,0.1247,0.3163
q81,9,24,0,0,0.0,0,0.5293,0.4049,0.1035,0.2595
q81,9,25,0,0,0.0,0,0.5339,0.411,0.098,0.2648
q81,9,26,0,0,0.0,0,0.5316,0.4162,0.086,0.2535
q81,10,11,0,1,0.0,0,0.3995,0.2871,0.0915,0.3074
q81,10,12,0,1,0.0,0,0.5397,0.2954,0.1321,0.3501
q81,10,13,0,1,0.0,0,0.3709,0.2987,0.1271,0.3528
q81,10,14,0,1,0.0,0,0.5747,0.422,0.1253,0.3625
q81,10,15,0,1,0.0,0,0.5128,0.372,0.1289,0.3548
q81,10,16,1,1,0.0,0,0.6159,0.6091,0.1758,0.3862
q81,10,17,1,1,0.0,0,0.5278,0.4062,0.1149,0.3222
q81,10,18,0,0,0.0,0,0.4888,0.2795,0.1034,0.3055
q81,10,19,0,0,0.0,0,0.3874,0.4742,0.1677,0.3834
q81,10,20,0,0,0.0,0,0.476,0.3309,0.1124,0.3574
q81,10,21,0,0,0.3333,2,0.9521,0.5732,0.2068,0.4505
q81,10,22,0,0,0.0,0,0.46,0.3593,0.1022,0.3423
q81,10,23,0,0,0.0,0,0.5894,0.3788,0.1146,0.3652
q81,10,24,0,0,0.0,0,0.5378,0.3419,0.1007,0.2994
q81,10,25,0,0,0.0,0,0.5992,0.4768,0.1372,0.3529
q81,10,26,0,0,0.0,0,0.527,0.3757,0.1188,0.3371
q81,11,12,0,1,0.0,0,0.4106,0.3169,0.1029,0.3291
q81,11,13,0,1,0.0,0,0.3021,0.311,0.1008,0.3371
q81,11,14,1,1,0.0,0,0.4729,0.3161,0.1328,0.3909
q81,11,15,0,1,0.0,0,0.4618,0.239,0.1256,0.3797
q81,11,16,0,1,0.0,0,0.4303,0.2902,0.1226,0.3674
q81,11,17,0,1,0.0,0,0.393,0.2712,0.0971,0.3295
q81,11,18,0,0,0.0,0,0.3949,0.3352,0.0891,0.2831
q81,11,19,0,0,0.0,0,0.2842,0.3312,0.1186,0.3422
q81,11,20,0,0,0.0,0,0.4325,0.4515,0.1706,0.4294
q81,11,21,0,0,0.0,0,0.3977,0.2958,0.1091,0.3427
q81,11,22,0,0,0.0,0,0.5286,0.4667,0.1977,0.4462
q81,11,23,0,0,0.0,0,0.5113,0.3728,0.1481,0.4117
q81,11,24,0,0,0.0,0,0.4777,0.2219,0.1112,0.3281
q81,11,25,0,0,0.0,0,0.4433,0.2735,0.1247,0.3716
q81,11,26,0,0,0.0,0,0.4152,0.2793,0.121,0.3718
q81,12,13,1,1,0.0,0,0.3833,0.4854,0.1905,0.4156
q81,12,14,0,1,0.0,0,0.5654,0.3481,0.1167,0.3616
q81,12,15,1,1,0.0,0,0.4393,0.5777,0.1794,0.4018
q81,12,16,0,1,0.0,0,0.4864,0.4847,0.1242,0.326
q81,12,17,0,1,0.0,0,0.3917,0.2545,0.0865,0.3021
q81,12,18,0,0,0.0,0,0.5003,0.3766,0.142,0.3381
q81,12,19,0,0,0.0,0,0.4163,0.3689,0.151,0.3466
q81,12,20,0,0,0.0,0,0.4689,0.2753,0.1058,0.3314
q81,12,21,0,0,0.0,0,0.5255,0.4126,0.1447,0.3672
q81,12,22,0,0,0.0,0,0.4567,0.285,0.0972,0.3316
q81,12,23,0,0,0.0,0,0.6252,0.3662,0.1139,0.3537
q81,12,24,0,0,0.0,0,0.5446,0.4445,0.1344,0.3277
q81,12,25,0,0,0.0,0,0.6573,0.4508,0.1402,0.3668
q81,12,26,0,0,0.0,0,0.5218,0.5902,0.1566,0.3685
q81,13,14,0,1,0.0,0,0.368,0.3215,0.1201,0.3743
q81,13,15,1,1,0.0,0,0.4024,0.5575,0.1914,0.4157
q81,13,16,0,1,0.0,0,0.3987,0.4069,0.1126,0.3365
q81,13,17,0,1,0.0,0,0.3382,0.2514,0.0931,0.327
q81,13,18,0,0,0.0,0,0.3896,0.3527,0.1154,0.3305
q81,13,19,0,0,0.0,0,0.2819,0.3903,0.1426,0.3727
q81,13,20,0,0,0.0,0,0.3445,0.2895,0.117,0.3583
q81,13,21,0,0,0.0,0,0.3758,0.3774,0.1343,0.3559
q81,13,22,0,0,0.0,0,0.3521,0.3356,0.119,0.3603
q81,13,23,0,0,0.0,0,0.3863,0.3479,0.1183,0.3538
q81,13,24,0,0,0.0,0,0.4119,0.4345,0.1327,0.3291
q81,13,25,0,0,0.0,0,0.3971,0.3737,0.1205,0.3331
q81,13,26,0,0,0.0,0,0.4159,0.4604,0.1294,0.3379
q81,14,15,0,1,0.0,0,0.4408,0.2344,0.1251,0.4043
q81,14,16,0,1,0.0,0,0.537,0.3693,0.1489,0.4039
q81,14,17,0,1,0.0,0,0.433,0.2343,0.1061,0.3551
q81,14,18,0,0,0.0,0,0.5139,0.4634,0.1199,0.331
q81,14,19,0,0,0.0,0,0.4119,0.351,0.134,0.3772
q81,14,20,0,0,0.1111,1,0.6306,0.5141,0.188,0.4468
q81,14,21,0,0,0.0,0,0.5584,0.3982,0.1352,0.3904
q81,14,22,0,0,0.0,0,0.5594,0.4066,0.1597,0.4211
q81,14,23,0,0,0.25,2,0.9047,0.801,0.4559,0.664
q81,14,24,0,0,0.0,0,0.4888,0.3013,0.1211,0.3629
q81,14,25,0,0,0.0,0,0.6248,0.3501,0.1454,0.3951
q81,14,26,0,0,0.0,0,0.4685,0.3361,0.1304,0.3744
q81,15,16,0,1,0.0,0,0.4711,0.3528,0.1403,0.3949
q81,15,17,0,1,0.0,0,0.3939,0.2411,0.0991,0.3319
q81,15,18,0,0,0.0,0,0.5076,0.3646,0.0998,0.3181
q81,15,19,0,0,0.0,0,0.3285,0.3399,0.1291,0.3572
q81,15,20,0,0,0.0,0,0.464,0.2429,0.1144,0.3655
q81,15,21,0,0,0.0,0,0.498,0.3725,0.1581,0.4099
q81,15,22,0,0,0.0,0,0.503,0.2412,0.1186,0.3722
q81,15,23,0,0,0.0,0,0.4453,0.2496,0.1231,0.3948
q81,15,24,0,0,0.0,0,0.5756,0.3901,0.1499,0.3756
q81,15,25,0,0,0.0,0,0.4589,0.3516,0.149,0.3898
q81,15,26,0,0,0.0,0,0.4897,0.4234,0.1664,0.4184
q81,16,17,1,1,0.0,0,0.5303,0.4423,0.1446,0.364
q81,16,18,0,0,0.0,0,0.5388,0.4371,0.0937,0.2813
q81,16,19,0,0,0.0,0,0.4319,0.4662,0.1535,0.355
q81,16,20,0,0,0.0,0,0.5301,0.382,0.1318,0.3717
q81,16,21,0,0,0.0,0,0.6045,0.5934,0.1862,0.4048
q81,16,22,0,0,0.0,0,0.5137,0.3939,0.1466,0.3937
q81,16,23,0,0,0.0,0,0.5609,0.3654,0.152,0.413
q81,16,24,0,0,0.0,0,0.4951,0.411,0.1473,0.3789
q81,16,25,0,0,0.0,0,0.5576,0.4893,0.1755,0.4064
q81,16,26,0,0,0.0,0,0.4839,0.4956,0.1674,0.4253
q81,17,18,0,0,0.0,0,0.4497,0.2763,0.0759,0.261
q81,17,19,0,0,0.0,0,0.44,0.3337,0.124,0.3379
q81,17,20,0,0,0.0,0,0.4857,0.2716,0.0999,0.3331
q81,17,21,0,0,0.0,0,0.5116,0.2911,0.1181,0.3298
q81,17,22,0,0,0.0,0,0.4706,0.2843,0.1072,0.351
q81,17,23,0,0,0.0,0,0.4558,0.3343,0.1189,0.3651
q81,17,24,0,0,0.0,0,0.4215,0.2377,0.0912,0.307
q81,17,25,0,0,0.0,0,0.4768,0.3058,0.1187,0.3341
q81,17,26,0,0,0.0,0,0.4189,0.2926,0.1104,0.3398
q81,18,19,0,1,0.0,0,0.3492,0.3662,0.1113,0.3011
q81,18,20,0,1,0.0,0,0.488,0.426,0.1184,0.3174
q81,18,21,0,1,0.0,0,0.4841,0.3694,0.1147,0.3203
q81,18,22,0,1,0.0,0,0.4799,0.3519,0.0905,0.2739
q81,18,23,0,1,0.0,0,0.5372,0.4403,0.1129,0.3046
q81,18,24,1,1,0.0,0,0.5287,0.5613,0.1468,0.3207
q81,18,25,0,1,0.0,0,0.5418,0.4204,0.1104,0.3088
q81,18,26,1,1,0.0,0,0.4987,0.5008,0.1085,0.2786
q81,19,20,0,1,0.0,0,0.3512,0.297,0.1271,0.3643
q81,19,21,1,1,0.0,0,0.395,0.4397,0.183,0.406
q81,19,22,0,1,0.0,0,0.3421,0.338,0.1229,0.3693
q81,19,23,0,1,0.0,0,0.4137,0.3814,0.136,0.381
q81,19,24,0,1,0.0,0,0.3776,0.3684,0.1217,0.318
q81,19,25,1,1,0.0,0,0.4123,0.4421,0.1568,0.3573
q81,19,26,0,1,0.0,0,0.4197,0.3568,0.1237,0.3319
q81,20,21,0,1,0.0,0,0.4717,0.2894,0.1178,0.3491
q81,20,22,1,1,0.0,0,0.5458,0.5515,0.1903,0.444
q81,20,23,1,1,0.0,0,0.6531,0.5984,0.21,0.4634
q81,20,24,0,1,0.0,0,0.5096,0.2925,0.1216,0.3476
q81,20,25,0,1,0.0,0,0.5166,0.3555,0.1329,0.3566
q81,20,26,0,1,0.0,0,0.464,0.3342,0.12,0.3648
q81,21,22,0,1,0.0,0,0.499,0.3886,0.1227,0.3705
q81,21,23,0,1,0.0,0,0.5715,0.3974,0.1373,0.3953
q81,21,24,0,1,0.0,0,0.5221,0.3934,0.1256,0.3317
q81,21,25,1,1,0.0,0,0.5863,0.5549,0.1794,0.4087
q81,21,26,0,1,0.0,0,0.5138,0.3809,0.1386,0.3792
q81,22,23,1,1,0.0,0,0.5891,0.4765,0.1857,0.4502
q81,22,24,0,1,0.0,0,0.5258,0.2691,0.1091,0.3347
q81,22,25,0,1,0.0,0,0.4906,0.3136,0.1333,0.3716
q81,22,26,0,1,0.0,0,0.4794,0.3111,0.1271,0.3657
q81,23,24,0,1,0.0,0,0.5015,0.3184,0.1232,0.3558
q81,23,25,0,1,0.0,0,0.6173,0.3227,0.1452,0.3877
q81,23,26,0,1,0.0,0,0.4751,0.325,0.1382,0.3919
q81,24,25,0,1,0.0,0,0.5307,0.4157,0.1669,0.3956
q81,24,26,1,1,0.0,0,0.5646,0.5608,0.1976,0.4178
q81,25,26,0,1,0.0,0,0.4845,0.4407,0.1638,0.4045
q82,0,1,0,1,0.1111,1,0.6392,0.4932,0.1566,0.3667
q82,0,2,0,1,0.0,0,0.4426,0.414,0.1305,0.3345
q82,0,3,0,1,0.1429,1,0.5303,0.4182,0.1393,0.35
q82,0,4,1,1,0.2857,2,0.6045,0.4816,0.1546,0.3549
q82,0,5,0,1,0.0,0,0.5819,0.524,0.1454,0.3638
q82,0,6,1,1,0.0,0,0.4627,0.558,0.1626,0.3633
q82,0,7,0,1,0.0,0,0.5236,0.5319,0.1538,0.3601
q82,0,8,0,1,0.0,0,0.5927,0.5613,0.148,0.3384
q82,0,9,0,0,0.0,0,0.3914,0.3072,0.1148,0.2914
q82,0,10,0,0,0.0,0,0.4306,0.407,0.117,0.326
q82,0,11,0,0,0.0,0,0.2729,0.3608,0.1205,0.2875
q82,0,12,0,0,0.0,0,0.4289,0.2872,0.0971,0.3073
q82,0,13,0,0,0.0,0,0.458,0.4727,0.1322,0.3337
q82,0,14,0,0,0.0,0,0.3879,0.4368,0.1516,0.3627
q82,0,15,0,0,0.0,0,0.4454,0.427,0.1142,0.3097
q82,0,16,0,0,0.0,0,0.4805,0.4956,0.1214,0.3324
q82,0,17,0,0,0.0,0,0.3705,0.5981,0.1882,0.4016
q82,0,18,0,0,0.0,0,0.3956,0.3438,0.1111,0.2993
q82,0,19,0,0,0.0,0,0.437,0.4238,0.1492,0.3439
q82,0,20,0,0,0.0,0,0.3885,0.4751,0.1604,0.3801
q82,0,21,0,0,0.0,0,0.4482,0.3189,0.1093,0.3187
q82,0,22,0,0,0.0,0,0.3963,0.3552,0.105,0.3056
q82,0,23,0,0,0.0,0,0.4276,0.4779,0.1335,0.3541
q82,0,24,0,0,0.0,0,0.4337,0.4238,0.1302,0.343
q82,0,25,0,0,0.0,0,0.5504,0.4452,0.1448,0.3541
q82,0,26,0,0,0.0,0,0.4044,0.3464,0.1145,0.3309
q82,1,2,1,1,0.125,1,0.6695,0.59,0.2237,0.4306
q82,1,3,1,1,0.0,0,0.508,0.5029,0.1801,0.4076
q82,1,4,0,1,0.0,0,0.553,0.3073,0.1184,0.3285
q82,1,5,0,1,0.0,0,0.5531,0.4417,0.1314,0.3556
q82,1,6,0,1,0.0,0,0.4666,0.3878,0.1317,0.3302
q82,1,7,0,1,0.0,0,0.5379,0.4955,0.1515,0.3789
q82,1,8,0,1,0.0,0,0.5441,0.5004,0.1571,0.3778
q82,1,9,0,0,0.0,0,0.4508,0.2582,0.0849,0.2701
q82,1,10,0,0,0.0,0,0.4365,0.2717,0.1133,0.3199
q82,1,11,0,0,0.0,0,0.3355,0.256,0.0972,0.2742
q82,1,12,0,0,0.0,0,0.4298,0.2717,0.1174,0.3281
q82,1,13,0,0,0.0,0,0.5143,0.4606,0.1407,0.3672
q82,1,14,0,0,0.0,0,0.3938,0.3455,0.1226,0.3263
q82,1,15,0,0,0.0,0,0.4918,0.4786,0.1352,0.3602
q82,1,16,0,0,0.0,0,0.5438,0.4815,0.1391,0.3382
q82,1,17,0,0,0.0,0,0.538,0.4704,0.1566,0.3732
q82,1,18,0,0,0.0,0,0.4651,0.2669,0.0894,0.2799
q82,1,19,0,0,0.0,0,0.4292,0.2707,0.0986,0.2854
q82,1,20,0,0,0.0,0,0.3946,0.401,0.1548,0.3497
q82,1,21,0,0,0.0,0,0.4653,0.348,0.1215,0.3308
q82,1,22,0,0,0.0,0,0.4064,0.334,0.1081,0.3232
q82,1,23,0,0,0.0,0,0.4663,0.3981,0.1365,0.3653
q82,1,24,0,0,0.0,0,0.4412,0.3521,0.1195,0.3397
q82,1,25,0,0,0.0,0,0.5628,0.4265,0.1543,0.3538
q82,1,26,0,0,0.0,0,0.4498,0.3755,0.1203,0.3541
q82,2,3,1,1,0.1667,1,0.5318,0.5448,0.2028,0.4198
q82,2,4,0,1,0.0,0,0.4602,0.3363,0.1331,0.3425
q82,2,5,0,1,0.0,0,0.4476,0.4194,0.1409,0.3583
q82,2,6,0,1,0.0,0,0.3758,0.3395,0.1244,0.3262
q82,2,7,0,1,0.0,0,0.4413,0.4146,0.1471,0.3707
q82,2,8,0,1,0.0,0,0.453,0.4223,0.1427,0.3605
q82,2,9,0,0,0.0,0,0.3081,0.25,0.0855,0.2637
q82,2,10,0,0,0.0,0,0.3506,0.2618,0.1039,0.3067
q82,2,11,0,0,0.0,0,0.3599,0.2729,0.1075,0.2926
q82,2,12,0,0,0.0,0,0.31,0.2111,0.0976,0.3055
q82,2,13,0,0,0.0,0,0.4652,0.3986,0.1193,0.3351
q82,2,14,0,0,0.0,0,0.4363,0.2611,0.1152,0.3067
q82,2,15,0,0,0.0,0,0.4103,0.4869,0.1561,0.3805
q82,2,16,0,0,0.0,0,0.3492,0.4279,0.1226,0.3265
q82,2,17,0,0,0.0,0,0.4573,0.4516,0.1626,0.3807
q82,2,18,0,0,0.0,0,0.4113,0.2449,0.0752,0.2637
q82,2,19,0,0,0.0,0,0.3365,0.21,0.0791,0.2596
q82,2,20,0,0,0.0,0,0.3092,0.3692,0.1467,0.3519
q82,2,21,0,0,0.0,0,0.3891,0.2921,0.1116,0.3284
q82,2,22,0,0,0.0,0,0.3628,0.2708,0.1008,0.3126
q82,2,23,0,0,0.0,0,0.4092,0.3785,0.1238,0.3454
q82,2,24,0,0,0.0,0,0.3451,0.2407,0.1076,0.3209
q82,2,25,0,0,0.0,0,0.4329,0.3909,0.1388,0.3344
q82,2,26,0,0,0.0,0,0.3775,0.2929,0.1107,0.3325
q82,3,4,0,1,0.0,0,0.4855,0.4231,0.1504,0.3633
q82,3,5,0,1,0.0,0,0.5369,0.3897,0.1226,0.3547
q82,3,6,0,1,0.0,0,0.4861,0.4289,0.1396,0.3488
q82,3,7,0,1,0.0,0,0.5132,0.4937,0.1579,0.3972
q82,3,8,0,1,0.0,0,0.5128,0.4623,0.1446,0.3785
q82,3,9,0,0,0.0,0,0.4179,0.2136,0.078,0.2607
q82,3,10,0,0,0.0,0,0.4283,0.2582,0.1101,0.3357
q82,3,11,0,0,0.0,0,0.2795,0.2555,0.1032,0.2946
q82,3,12,0,0,0.0,0,0.4173,0.2292,0.0912,0.3107
q82,3,13,0,0,0.0,0,0.4532,0.4715,0.1286,0.3651
q82,3,14,0,0,0.0,0,0.3421,0.2558,0.0955,0.3033
q82,3,15,0,0,0.0,0,0.4541,0.461,0.1186,0.3501
q82,3,16,0,0,0.0,0,0.4867,0.4497,0.1233,0.351
q82,3,17,0,0,0.0,0,0.4638,0.4719,0.1576,0.3766
q82,3,18,0,0,0.0,0,0.4201,0.3116,0.0887,0.2857
q82,3,19,0,0,0.0,0,0.4334,0.237,0.0886,0.2853
q82,3,20,0,0,0.0,0,0.3682,0.372,0.1367,0.3639
q82,3,21,0,0,0.0,0,0.4485,0.3147,0.1021,0.3315
q82,3,22,0,0,0.0,0,0.4006,0.2724,0.0878,0.3164
q82,3,23,0,0,0.0,0,0.4205,0.4228,0.1199,0.3451
q82,3,24,0,0,0.0,0,0.4297,0.2441,0.1121,0.3409
q82,3,25,0,0,0.0,0,0.4811,0.4371,0.1379,0.3528
q82,3,26,0,0,0.0,0,0.3948,0.3051,0.1041,0.3506
q82,4,5,0,1,0.0,0,0.6005,0.4203,0.1412,0.3671
q82,4,6,1,1,0.1429,1,0.8605,0.7021,0.2709,0.4721
q82,4,7,0,1,0.0,0,0.5776,0.4807,0.132,0.3588
q82,4,8,0,1,0.0,0,0.6046,0.4693,0.1364,0.3444
q82,4,9,0,0,0.2,1,0.5396,0.3461,0.1001,0.2869
q82,4,10,0,0,0.0,0,0.5678,0.3148,0.1322,0.3628
q82,4,11,0,0,0.0,0,0.399,0.4052,0.1362,0.3267
q82,4,12,0,0,0.0,0,0.5723,0.2274,0.1087,0.3331
q82,4,13,0,0,0.0,0,0.5345,0.4478,0.1366,0.3736
q82,4,14,0,0,0.0,0,0.4141,0.3122,0.113,0.3213
q82,4,15,0,0,0.0,0,0.5147,0.4475,0.1243,0.3442
q82,4,16,0,0,0.0,0,0.5737,0.523,0.1406,0.3647
q82,4,17,0,0,0.0,0,0.5049,0.5012,0.1645,0.3914
q82,4,18,0,0,0.0,0,0.5366,0.4003,0.1212,0.3161
q82,4,19,0,0,0.0,0,0.6241,0.3695,0.1298,0.3297
q82,4,20,0,0,0.0,0,0.4673,0.3794,0.1227,0.3384
q82,4,21,0,0,0.0,0,0.5518,0.368,0.1181,0.3371
q82,4,22,0,0,0.0,0,0.4921,0.2412,0.1021,0.3317
q82,4,23,0,0,0.0,0,0.5254,0.472,0.1397,0.3555
q82,4,24,0,0,0.0,0,0.6087,0.4169,0.1544,0.3866
q82,4,25,0,0,0.0,0,0.5635,0.3908,0.153,0.3663
q82,4,26,0,0,0.0,0,0.5205,0.2875,0.1054,0.3439
q82,5,6,0,1,0.0,0,0.5768,0.3818,0.1453,0.3589
q82,5,7,1,1,0.125,1,0.7145,0.6567,0.2424,0.482
q82,5,8,1,1,0.1111,1,0.6785,0.5565,0.1963,0.4249
q82,5,9,0,0,0.0,0,0.4722,0.3128,0.0899,0.2821
q82,5,10,0,0,0.0,0,0.5261,0.2944,0.1164,0.3425
q82,5,11,0,0,0.0,0,0.3759,0.2994,0.0973,0.2858
q82,5,12,0,0,0.0,0,0.4893,0.2193,0.0993,0.3171
q82,5,13,0,0,0.0,0,0.5519,0.4286,0.142,0.3795
q82,5,14,0,0,0.0,0,0.4299,0.3295,0.1015,0.3129
q82,5,15,0,0,0.0,0,0.5303,0.4064,0.1408,0.382
q82,5,16,0,0,0.0,0,0.5929,0.3758,0.1308,0.3682
q82,5,17,0,0,0.0,0,0.5431,0.5018,0.164,0.4026
q82,5,18,0,0,0.0,0,0.5048,0.3391,0.092,0.2789
q82,5,19,0,0,0.0,0,0.4788,0.257,0.0813,0.2778
q82,5,20,0,0,0.0,0,0.6032,0.4054,0.1408,0.3628
q82,5,21,0,0,0.0,0,0.5241,0.2937,0.1119,0.336
q82,5,22,0,0,0.0,0,0.4706,0.2831,0.1036,0.3312
q82,5,23,0,0,0.0,0,0.5038,0.4383,0.1473,0.3689
q82,5,24,0,0,0.0,0,0.6092,0.324,0.1166,0.3355
q82,5,25,0,0,0.0,0,0.5932,0.4479,0.1472,0.367
q82,5,26,0,0,0.0,0,0.4914,0.4159,0.1521,0.3913
q82,6,7,0,1,0.0,0,0.581,0.5096,0.1479,0.3625
q82,6,8,0,1,0.0,0,0.577,0.506,0.1482,0.3515
q82,6,9,0,0,0.0,0,0.4976,0.3907,0.1069,0.2925
q82,6,10,0,0,0.0,0,0.5936,0.3868,0.1276,0.3445
q82,6,11,0,0,0.0,0,0.4354,0.4849,0.1361,0.3207
q82,6,12,0,0,0.0,0,0.5929,0.3969,0.1251,0.3312
q82,6,13,0,0,0.0,0,0.5706,0.4712,0.1478,0.3681
q82,6,14,0,0,0.0,0,0.4357,0.3613,0.1226,0.327
q82,6,15,0,0,0.0,0,0.544,0.4393,0.1242,0.3427
q82,6,16,0,0,0.0,0,0.6142,0.4565,0.131,0.3465
q82,6,17,0,0,0.0,0,0.5042,0.4954,0.1629,0.3929
q82,6,18,0,0,0.0,0,0.5608,0.3619,0.0942,0.2731
q82,6,19,0,0,0.0,0,0.6336,0.4338,0.1235,0.3112
q82,6,20,0,0,0.0,0,0.4605,0.3385,0.1263,0.3329
q82,6,21,0,0,0.0,0,0.5809,0.3099,0.1273,0.3486
q82,6,22,0,0,0.0,0,0.5141,0.2908,0.1039,0.3204
q82,6,23,0,0,0.0,0,0.5207,0.4726,0.1385,0.3649
q82,6,24,0,0,0.0,0,0.6156,0.4311,0.1437,0.3686
q82,6,25,0,0,0.0,0,0.5282,0.3922,0.1458,0.3591
q82,6,26,0,0,0.0,0,0.5532,0.3242,0.1137,0.3423
q82,7,8,1,1,0.4,2,0.891,0.6989,0.2948,0.5257
q82,7,9,0,0,0.0,0,0.5008,0.3166,0.0878,0.2783
q82,7,10,0,0,0.0,0,0.562,0.2867,0.1098,0.3248
q82,7,11,0,0,0.0,0,0.3607,0.3669,0.1116,0.3065
q82,7,12,0,0,0.0,0,0.4754,0.2961,0.1024,0.3128
q82,7,13,0,0,0.0,0,0.5788,0.4121,0.1455,0.375
q82,7,14,0,0,0.0,0,0.4385,0.3809,0.1151,0.3209
q82,7,15,0,0,0.0,0,0.5429,0.5121,0.1595,0.3966
q82,7,16,0,0,0.0,0,0.616,0.3658,0.1282,0.3617
q82,7,17,0,0,0.0,0,0.5824,0.4716,0.1786,0.4109
q82,7,18,0,0,0.0,0,0.5373,0.2834,0.0736,0.2532
q82,7,19,0,0,0.0,0,0.6329,0.2703,0.0862,0.2768
q82,7,20,0,0,0.0,0,0.6258,0.4911,0.1581,0.3641
q82,7,21,0,0,0.0,0,0.627,0.4245,0.1367,0.364
q82,7,22,0,0,0.0,0,0.5874,0.3489,0.1203,0.3419
q82,7,23,0,0,0.0,0,0.6458,0.5128,0.1636,0.3948
q82,7,24,0,0,0.0,0,0.6414,0.3486,0.1241,0.3513
q82,7,25,0,0,0.0,0,0.5724,0.5321,0.1707,0.3949
q82,7,26,0,0,0.0,0,0.5943,0.4348,0.1356,0.3727
q82,8,9,0,0,0.0,0,0.473,0.3222,0.0762,0.2475
q82,8,10,0,0,0.0,0,0.5439,0.3261,0.1064,0.3107
q82,8,11,0,0,0.0,0,0.3586,0.3418,0.1041,0.2906
q82,8,12,0,0,0.0,0,0.4524,0.2378,0.0947,0.3046
q82,8,13,0,0,0.0,0,0.5657,0.4356,0.1541,0.3762
q82,8,14,0,0,0.0,0,0.4298,0.3694,0.1146,0.3101
q82,8,15,0,0,0.0,0,0.5379,0.5311,0.169,0.387
q82,8,16,0,0,0.0,0,0.603,0.4084,0.1382,0.359
q82,8,17,0,0,0.0,0,0.5451,0.4892,0.1667,0.3841
q82,8,18,0,0,0.0,0,0.5116,0.2959,0.0756,0.2458
q82,8,19,0,0,0.0,0,0.615,0.261,0.077,0.2482
q82,8,20,0,0,0.0,0,0.6008,0.4936,0.1485,0.3367
q82,8,21,0,0,0.0,0,0.6168,0.4165,0.132,0.3559
q82,8,22,0,0,0.0,0,0.5736,0.3213,0.1203,0.3263
q82,8,23,0,0,0.0,0,0.6443,0.4903,0.1637,0.3698
q82,8,24,0,0,0.0,0,0.6335,0.3608,0.1099,0.3257
q82,8,25,0,0,0.0,0,0.5779,0.4726,0.1536,0.3657
q82,8,26,0,0,0.0,0,0.5862,0.3927,0.1336,0.3583
q82,9,10,0,1,0.0,0,0.4987,0.3436,0.1109,0.3248
q82,9,11,0,1,0.0,0,0.3898,0.2487,0.0836,0.2746
q82,9,12,0,1,0.0,0,0.4402,0.2431,0.102,0.2949
q82,9,13,0,1,0.0,0,0.4907,0.3266,0.0911,0.2846
q82,9,14,1,1,0.0,0,0.405,0.4095,0.1538,0.3493
q82,9,15,0,1,0.0,0,0.4861,0.3442,0.1028,0.2904
q82,9,16,0,1,0.0,0,0.4397,0.3323,0.0916,0.273
q82,9,17,1,1,0.0,0,0.4895,0.4472,0.1262,0.3166
q82,9,18,0,0,0.0,0,0.5195,0.1743,0.0764,0.2909
q82,9,19,0,0,0.0,0,0.4775,0.228,0.0757,0.259
q82,9,20,0,0,0.0,0,0.3517,0.3241,0.1045,0.2974
q82,9,21,0,0,0.0,0,0.4288,0.2136,0.0845,0.2882
q82,9,22,0,0,0.0,0,0.4396,0.2462,0.0781,0.2774
q82,9,23,0,0,0.0,0,0.4641,0.3794,0.1009,0.2925
q82,9,24,0,0,0.0,0,0.4683,0.3461,0.1037,0.3096
q82,9,25,0,0,0.0,0,0.4466,0.3254,0.0978,0.3002
q82,9,26,0,0,0.0,0,0.4287,0.3354,0.1175,0.336
q82,10,11,1,1,0.0,0,0.3895,0.4257,0.121,0.3242
q82,10,12,1,1,0.0,0,0.5469,0.3533,0.1475,0.3742
q82,10,13,0,1,0.0,0,0.5461,0.3886,0.1381,0.3589
q82,10,14,0,1,0.0,0,0.4454,0.2817,0.1245,0.3472
q82,10,15,0,1,0.0,0,0.5304,0.3053,0.1202,0.3371
q82,10,16,0,1,0.0,0,0.5759,0.3333,0.1273,0.3286
q82,10,17,0,1,0.0,0,0.4785,0.3003,0.1177,0.3471
q82,10,18,0,0,0.0,0,0.5846,0.4749,0.1558,0.3768
q82,10,19,0,0,0.0,0,0.6188,0.4719,0.2014,0.4185
q82,10,20,0,0,0.0,0,0.5111,0.2486,0.1034,0.3178
q82,10,21,0,0,0.0,0,0.5564,0.2382,0.1088,0.3143
q82,10,22,0,0,0.0,0,0.5166,0.2545,0.1134,0.3354
q82,10,23,0,0,0.0,0,0.5112,0.322,0.1241,0.3449
q82,10,24,0,0,0.0,0,0.6196,0.4447,0.1825,0.4186
q82,10,25,0,0,0.0,0,0.4748,0.2554,0.102,0.3081
q82,10,26,0,0,0.0,0,0.5286,0.2994,0.1312,0.3619
q82,11,12,1,1,0.0,0,0.3925,0.3045,0.1119,0.3184
q82,11,13,0,1,0.0,0,0.2936,0.2959,0.0854,0.2827
q82,11,14,0,1,0.0,0,0.3817,0.3316,0.106,0.2926
q82,11,15,0,1,0.0,0,0.3543,0.3735,0.1048,0.2964
q82,11,16,0,1,0.0,0,0.3128,0.2856,0.0903,0.2777
q82,11,17,0,1,0.0,0,0.3087,0.3792,0.1078,0.2945
q82,11,18,0,0,0.0,0,0.3456,0.3391,0.1043,0.2822
q82,11,19,0,0,0.0,0,0.4481,0.3429,0.1037,0.2916
q82,11,20,0,0,0.0,0,0.3391,0.3286,0.1002,0.2809
q82,11,21,0,0,0.0,0,0.3489,0.1967,0.0727,0.2636
q82,11,22,0,0,0.0,0,0.3221,0.2729,0.0853,0.2688
q82,11,23,0,0,0.0,0,0.4223,0.4108,0.0996,0.3004
q82,11,24,0,0,0.0,0,0.4405,0.3945,0.1187,0.3257
q82,11,25,0,0,0.0,0,0.4345,0.3797,0.1133,0.2943
q82,11,26,0,0,0.0,0,0.3397,0.208,0.0741,0.2679
q82,12,13,0,1,0.0,0,0.5355,0.3621,0.1249,0.3474
q82,12,14,0,1,0.0,0,0.3782,0.2107,0.1039,0.3188
q82,12,15,0,1,0.0,0,0.4072,0.2586,0.1024,0.3207
q82,12,16,0,1,0.0,0,0.6047,0.3219,0.1147,0.3309
q82,12,17,0,1,0.0,0,0.4525,0.2401,0.0937,0.3148
q82,12,18,0,0,0.0,0,0.5704,0.3383,0.0961,0.2791
q82,12,19,0,0,0.0,0,0.6335,0.3354,0.105,0.3053
q82,12,20,0,0,0.0,0,0.4772,0.1908,0.0869,0.2943
q82,12,21,0,0,0.0,0,0.4761,0.2346,0.1038,0.315
q82,12,22,0,0,0.0,0,0.5372,0.2767,0.1056,0.3274
q82,12,23,0,0,0.0,0,0.4711,0.2645,0.0996,0.3259
q82,12,24,0,0,0.0,0,0.6284,0.387,0.1509,0.3834
q82,12,25,0,0,0.0,0,0.3866,0.1858,0.0807,0.2854
q82,12,26,0,0,0.0,0,0.5543,0.3196,0.119,0.3618
q82,13,14,0,1,0.0,0,0.497,0.3717,0.1229,0.3299
q82,13,15,1,1,0.0,0,0.5742,0.5081,0.1803,0.4035
q82,13,16,1,1,0.1667,1,0.7871,0.7194,0.313,0.5432
q82,13,17,0,1,0.0,0,0.4095,0.3672,0.139,0.372
q82,13,18,0,0,0.0,0,0.5212,0.3556,0.0885,0.2799
q82,13,19,0,0,0.0,0,0.5552,0.3478,0.1096,0.3073
q82,13,20,0,0,0.0,0,0.4234,0.4118,0.123,0.3399
q82,13,21,0,0,0.0,0,0.6223,0.5318,0.1777,0.4105
q82,13,22,0,0,0.0,0,0.5464,0.4197,0.1536,0.3736
q82,13,23,0,0,0.0,0,0.4861,0.3995,0.1432,0.377
q82,13,24,0,0,0.0,0,0.5572,0.4013,0.1446,0.3799
q82,13,25,0,0,0.0,0,0.4867,0.3966,0.1209,0.3307
q82,13,26,0,0,0.0,0,0.6111,0.4662,0.1837,0.4162
q82,14,15,0,1,0.0,0,0.4318,0.3962,0.1361,0.3267
q82,14,16,0,1,0.0,0,0.3808,0.3429,0.1178,0.3227
q82,14,17,1,1,0.0,0,0.3079,0.542,0.1537,0.3536
q82,14,18,0,0,0.0,0,0.4521,0.2057,0.0884,0.2796
q82,14,19,0,0,0.0,0,0.4444,0.3655,0.1301,0.3451
q82,14,20,0,0,0.0,0,0.3304,0.4419,0.1356,0.335
q82,14,21,0,0,0.0,0,0.4277,0.2727,0.117,0.3241
q82,14,22,0,0,0.0,0,0.4034,0.2831,0.1143,0.3241
q82,14,23,0,0,0.0,0,0.4457,0.4515,0.1414,0.362
q82,14,24,0,0,0.0,0,0.4453,0.3694,0.142,0.3479
q82,14,25,0,0,0.0,0,0.4237,0.4411,0.1395,0.3468
q82,14,26,0,0,0.0,0,0.4133,0.346,0.1211,0.3391
q82,15,16,1,1,0.0,0,0.5992,0.4786,0.1686,0.3864
q82,15,17,0,1,0.0,0,0.5009,0.4811,0.1641,0.393
q82,15,18,0,0,0.0,0,0.4825,0.2669,0.0802,0.2701
q82,15,19,0,0,0.0,0,0.4422,0.2291,0.0743,0.2597
q82,15,20,0,0,0.0,0,0.5469,0.457,0.1288,0.3477
q82,15,21,0,0,0.0,0,0.5078,0.4077,0.132,0.3498
q82,15,22,0,0,0.0,0,0.4828,0.368,0.1257,0.3698
q82,15,23,0,0,0.0,0,0.4918,0.5512,0.1697,0.3882
q82,15,24,0,0,0.0,0,0.5855,0.278,0.1092,0.3408
q82,15,25,0,0,0.0,0,0.5107,0.4486,0.1375,0.3438
q82,15,26,0,0,0.0,0,0.5118,0.4977,0.1628,0.3938
q82,16,17,0,1,0.0,0,0.5089,0.437,0.1444,0.3637
q82,16,18,0,0,0.0,0,0.5292,0.3234,0.0785,0.2542
q82,16,19,0,0,0.0,0,0.6134,0.2893,0.0971,0.2838
q82,16,20,0,0,0.0,0,0.4839,0.4207,0.1231,0.3412
q82,16,21,0,0,0.0,0,0.6531,0.5852,0.1742,0.3958
q82,16,22,0,0,0.0,0,0.5845,0.3937,0.1441,0.3639
q82,16,23,0,0,0.0,0,0.5172,0.4056,0.1422,0.3562
q82,16,24,0,0,0.0,0,0.6191,0.3252,0.1185,0.3587
q82,16,25,0,0,0.0,0,0.5281,0.4023,0.1128,0.3232
q82,16,26,0,0,0.0,0,0.6295,0.5825,0.1662,0.3826
q82,17,18,0,0,0.0,0,0.3613,0.3297,0.0874,0.287
q82,17,19,0,0,0.0,0,0.503,0.3199,0.1103,0.3149
q82,17,20,0,0,0.3333,1,0.9285,0.6567,0.2246,0.4427
q82,17,21,0,0,0.0,0,0.5319,0.3699,0.1329,0.3583
q82,17,22,0,0,0.0,0,0.4732,0.3147,0.1175,0.3425
q82,17,23,0,0,0.0,0,0.5268,0.5671,0.1931,0.4345
q82,17,24,0,0,0.0,0,0.4842,0.3671,0.1402,0.372
q82,17,25,0,0,0.0,0,0.5315,0.5551,0.1914,0.4082
q82,17,26,0,0,0.0,0,0.4905,0.4397,0.154,0.3877
q82,18,19,1,1,0.0,0,0.6299,0.3878,0.1357,0.3325
q82,18,20,0,1,0.0,0,0.3887,0.2606,0.0819,0.268
q82,18,21,0,1,0.0,0,0.5383,0.2779,0.0853,0.275
q82,18,22,0,1,0.0,0,0.5006,0.2276,0.0754,0.2572
q82,18,23,0,1,0.0,0,0.4546,0.2708,0.0797,0.276
q82,18,24,1,1,0.0,0,0.6251,0.4898,0.149,0.3678
q82,18,25,0,1,0.0,0,0.434,0.259,0.085,0.2752
q82,18,26,0,1,0.0,0,0.5027,0.2841,0.0891,0.3031
q82,19,20,0,1,0.0,0,0.5327,0.2455,0.0872,0.2756
q82,19,21,0,1,0.0,0,0.6357,0.2136,0.0925,0.2976
q82,19,22,0,1,0.0,0,0.5363,0.1728,0.0797,0.2736
q82,19,23,0,1,0.0,0,0.5406,0.3301,0.0909,0.2994
q82,19,24,1,1,0.2,1,0.833,0.4245,0.1696,0.389
q82,19,25,0,1,0.0,0,0.3941,0.292,0.0939,0.291
q82,19,26,0,1,0.0,0,0.5942,0.202,0.0788,0.2915
q82,20,21,0,1,0.0,0,0.5873,0.3172,0.1058,0.3261
q82,20,22,0,1,0.0,0,0.5063,0.3245,0.1034,0.3212
q82,20,23,1,1,0.0,0,0.5807,0.5882,0.1698,0.3899
q82,20,24,0,1,0.0,0,0.5359,0.3129,0.1198,0.3329
q82,20,25,1,1,0.0,0,0.5879,0.527,0.1845,0.4027
q82,20,26,0,1,0.0,0,0.5457,0.35,0.1241,0.3731
q82,21,22,1,1,0.0,0,0.6354,0.4691,0.1584,0.3804
q82,21,23,0,1,0.0,0,0.5487,0.3595,0.1204,0.3374
q82,21,24,0,1,0.0,0,0.6561,0.2884,0.1268,0.3525
q82,21,25,0,1,0.0,0,0.438,0.2525,0.09,0.3152
q82,21,26,1,1,0.0,0,0.7199,0.5356,0.1992,0.4409
q82,22,23,0,1,0.0,0,0.5382,0.3386,0.1223,0.3501
q82,22,24,0,1,0.0,0,0.5823,0.2917,0.1224,0.3467
q82,22,25,0,1,0.0,0,0.395,0.2667,0.0957,0.307
q82,22,26,1,1,0.0,0,0.6362,0.5232,0.1667,0.4018
q82,23,24,0,1,0.0,0,0.583,0.3207,0.1187,0.3502
q82,23,25,1,1,0.0,0,0.5066,0.5609,0.1697,0.3862
q82,23,26,0,1,0.0,0,0.5439,0.4139,0.1399,0.3676
q82,24,25,0,1,0.0,0,0.5417,0.3244,0.1234,0.3507
q82,24,26,0,1,0.0,0,0.6128,0.2508,0.1169,0.3544
q82,25,26,0,1,0.0,0,0.4159,0.2792,0.1078,0.3443
q83,0,1,1,1,0.0,0,0.4224,0.418,0.1845,0.3817
q83,0,2,0,1,0.0,0,0.466,0.3146,0.1184,0.312
q83,0,3,0,1,0.0,0,0.5532,0.2923,0.1114,0.3063
q83,0,4,1,1,0.0,0,0.4056,0.4023,0.1679,0.3497
q83,0,5,0,1,0.0,0,0.4321,0.1659,0.0708,0.2392
q83,0,6,0,1,0.0,0,0.4689,0.2353,0.0859,0.2627
q83,0,7,0,1,0.0,0,0.5153,0.0555,0.0334,0.1655
q83,0,8,0,1,0.0,0,0.4465,0.3186,0.1077,0.3053
q83,1,2,0,1,0.0,0,0.4446,0.2011,0.0801,0.2545
q83,1,3,0,1,0.0,0,0.5413,0.3034,0.0977,0.2837
q83,1,4,1,1,0.3333,2,0.8767,0.6551,0.2478,0.4235
q83,1,5,0,1,0.0,0,0.5169,0.1535,0.0611,0.2236
q83,1,6,0,1,0.0,0,0.5124,0.2168,0.0715,0.2279
q83,1,7,0,1,0.0,0,0.4758,0.0615,0.0401,0.164
q83,1,8,0,1,0.0,0,0.3579,0.2945,0.0839,0.2556
q83,2,3,1,1,0.0,0,0.597,0.5029,0.2062,0.4328
q83,2,4,0,1,0.0,0,0.4766,0.2505,0.0885,0.2642
q83,2,5,0,1,0.0,0,0.614,0.3585,0.1159,0.2913
q83,2,6,0,1,0.125,1,0.6799,0.4301,0.1466,0.342
q83,2,7,0,1,0.0,0,0.4922,0.2331,0.051,0.1917
q83,2,8,1,1,0.0,0,0.3899,0.5472,0.1789,0.4078
q83,3,4,0,1,0.0,0,0.5337,0.2981,0.1024,0.2884
q83,3,5,0,1,0.0,0,0.5785,0.3273,0.109,0.296
q83,3,6,0,1,0.2857,2,0.722,0.315,0.1238,0.3246
q83,3,7,0,1,0.0,0,0.552,0.2787,0.0625,0.1985
q83,3,8,1,1,0.0,0,0.5001,0.5865,0.1878,0.4094
q83,4,5,0,1,0.0,0,0.5359,0.1652,0.0727,0.2251
q83,4,6,0,1,0.0,0,0.5188,0.2165,0.079,0.2331
q83,4,7,0,1,0.0,0,0.4722,0.0578,0.0397,0.163
q83,4,8,0,1,0.0,0,0.3578,0.2637,0.0851,0.2607
q83,5,6,1,1,0.1429,1,0.6012,0.7032,0.3387,0.5156
q83,5,7,1,1,0.0,0,0.4921,0.2891,0.0898,0.2271
q83,5,8,0,1,0.0,0,0.3753,0.3395,0.0888,0.2698
q83,6,7,1,1,0.0,0,0.5377,0.49,0.0992,0.2372
q83,6,8,0,1,0.0,0,0.4146,0.3624,0.1128,0.2992
q83,7,8,0,1,0.0,0,0.526,0.2854,0.0612,0.1979
q84,0,1,1,1,0.0,0,0.4511,0.4925,0.1595,0.3359
q84,0,2,0,1,0.0,0,0.5852,0.4077,0.1197,0.3057
q84,0,3,0,1,0.0,0,0.5994,0.5,0.1344,0.3083
q84,0,4,1,1,0.0,0,0.5621,0.6259,0.1947,0.3544
q84,0,5,0,1,0.0,0,0.5833,0.5312,0.1397,0.2932
q84,0,6,0,1,0.0,0,0.5374,0.4214,0.1007,0.2592
q84,0,7,0,1,0.0,0,0.5959,0.5561,0.1261,0.289
q84,0,8,0,1,0.1429,1,0.5018,0.4277,0.1011,0.2571
q84,0,9,0,0,0.0,0,0.3696,0.3666,0.1251,0.2902
q84,0,10,0,0,0.0,0,0.508,0.318,0.1137,0.2637
q84,0,11,0,0,0.0,0,0.425,0.4776,0.1146,0.2789
q84,0,12,0,0,0.125,1,0.6635,0.6122,0.1577,0.3153
q84,0,13,0,0,0.0,0,0.5718,0.2781,0.0865,0.2411
q84,0,14,0,0,0.0,0,0.3769,0.4751,0.1189,0.2907
q84,0,15,0,0,0.0,0,0.4897,0.2955,0.0836,0.2256
q84,0,16,0,0,0.125,1,0.6221,0.6284,0.1377,0.3027
q84,0,17,0,0,0.0,0,0.4844,0.5075,0.0894,0.229
q84,0,18,0,0,0.0,0,0.4458,0.3928,0.143,0.3237
q84,0,19,0,0,0.0,0,0.325,0.4052,0.1225,0.2769
q84,0,20,0,0,0.0,0,0.4366,0.3741,0.0825,0.2422
q84,0,21,0,0,0.0,0,0.5419,0.2768,0.084,0.2412
q84,0,22,0,0,0.1429,1,0.6858,0.5773,0.1439,0.2977
q84,0,23,0,0,0.0,0,0.4823,0.3678,0.0748,0.2134
q84,0,24,0,0,0.1111,1,0.6471,0.5249,0.1332,0.3
q84,0,25,0,0,0.0,0,0.4045,0.49,0.1082,0.2656
q84,0,26,0,0,0.1429,1,0.5755,0.5798,0.1324,0.2924
q84,1,2,0,1,0.0,0,0.3744,0.2913,0.1186,0.3153
q84,1,3,0,1,0.0,0,0.3996,0.3205,0.1214,0.3298
q84,1,4,1,1,0.0,0,0.3899,0.453,0.1481,0.3328
q84,1,5,0,1,0.0,0,0.3691,0.3241,0.1116,0.2961
q84,1,6,0,1,0.0,0,0.4082,0.307,0.1112,0.306
q84,1,7,0,1,0.0,0,0.3887,0.3818,0.1117,0.3021
q84,1,8,0,1,0.0,0,0.3842,0.3198,0.1003,0.2872
q84,1,9,0,0,0.1,1,0.3906,0.3625,0.1601,0.3469
q84,1,10,0,0,0.0,0,0.4061,0.271,0.1117,0.2614
q84,1,11,0,0,0.2857,2,0.574,0.5064,0.168,0.3722
q84,1,12,0,0,0.0,0,0.3844,0.3989,0.1143,0.3054
q84,1,13,0,0,0.0,0,0.3862,0.2436,0.0946,0.2709
q84,1,14,0,0,0.2,2,0.5418,0.4808,0.153,0.3458
q84,1,15,0,0,0.0,0,0.3813,0.3113,0.1032,0.2651
q84,1,16,0,0,0.0,0,0.3665,0.4138,0.1103,0.3107
q84,1,17,0,0,0.0,0,0.3666,0.3291,0.085,0.2636
q84,1,18,0,0,0.0,0,0.3618,0.3519,0.1441,0.3352
q84,1,19,0,0,0.0,0,0.2548,0.3355,0.113,0.3112
q84,1,20,0,0,0.1,1,0.4379,0.3333,0.0989,0.2789
q84,1,21,0,0,0.0,0,0.3649,0.312,0.1062,0.3019
q84,1,22,0,0,0.0,0,0.3721,0.3255,0.104,0.2964
q84,1,23,0,0,0.0,0,0.4129,0.3504,0.0878,0.2625
q84,1,24,0,0,0.0,0,0.3666,0.334,0.0982,0.2945
q84,1,25,0,0,0.0,0,0.3644,0.4024,0.1156,0.2972
q84,1,26,0,0,0.0,0,0.352,0.3875,0.1038,0.2763
q84,2,3,0,1,0.125,1,0.6421,0.4786,0.1892,0.4005
q84,2,4,0,1,0.0,0,0.5267,0.3296,0.1416,0.3412
q84,2,5,0,1,0.0,0,0.5227,0.4475,0.1627,0.3641
q84,2,6,1,1,0.0,0,0.5931,0.4946,0.1582,0.3462
q84,2,7,0,1,0.2857,2,0.7105,0.5245,0.1908,0.3808
q84,2,8,1,1,0.0,0,0.5862,0.5152,0.1671,0.3734
q84,2,9,0,0,0.0,0,0.2905,0.2448,0.1029,0.305
q84,2,10,0,0,0.0,0,0.4725,0.271,0.0863,0.2481
q84,2,11,0,0,0.0,0,0.425,0.3054,0.1123,0.3244
q84,2,12,0,0,0.0,0,0.5991,0.4305,0.1313,0.3274
q84,2,13,0,0,0.0,0,0.6111,0.3421,0.1167,0.3168
q84,2,14,0,0,0.0,0,0.2866,0.3313,0.1076,0.3012
q84,2,15,0,0,0.0,0,0.4858,0.3354,0.1204,0.2852
q84,2,16,0,0,0.1111,1,0.64,0.4682,0.1477,0.3523
q84,2,17,0,0,0.0,0,0.4747,0.3747,0.1044,0.2854
q84,2,18,0,0,0.0,0,0.4314,0.3218,0.1341,0.3293
q84,2,19,0,0,0.0,0,0.3496,0.3424,0.121,0.3094
q84,2,20,0,0,0.0,0,0.3684,0.2718,0.1064,0.3051
q84,2,21,0,0,0.0,0,0.4615,0.2248,0.0942,0.2678
q84,2,22,0,0,0.0,0,0.5123,0.4083,0.1367,0.318
q84,2,23,0,0,0.0,0,0.503,0.2884,0.0934,0.2698
q84,2,24,0,0,0.0,0,0.5832,0.4419,0.1528,0.3408
q84,2,25,0,0,0.0,0,0.331,0.353,0.1234,0.316
q84,2,26,0,0,0.0,0,0.6023,0.3829,0.1184,0.3166
q84,3,4,0,1,0.0,0,0.5418,0.3721,0.1433,0.3366
q84,3,5,1,1,0.0,0,0.6129,0.5224,0.2214,0.4229
q84,3,6,0,1,0.0,0,0.5436,0.3949,0.1457,0.3561
q84,3,7,1,1,0.3333,2,0.7549,0.6536,0.2734,0.4853
q84,3,8,0,1,0.0,0,0.4678,0.4282,0.1445,0.369
q84,3,9,0,0,0.0,0,0.31,0.2503,0.0856,0.2759
q84,3,10,0,0,0.0,0,0.4668,0.2735,0.0842,0.2392
q84,3,11,0,0,0.0,0,0.3806,0.2614,0.1048,0.3255
q84,3,12,0,0,0.0,0,0.5443,0.4305,0.1564,0.3779
q84,3,13,0,0,0.0,0,0.6174,0.2761,0.1093,0.3033
q84,3,14,0,0,0.0,0,0.3297,0.2747,0.1117,0.3244
q84,3,15,0,0,0.0,0,0.4722,0.3154,0.1131,0.2799
q84,3,16,0,0,0.0,0,0.563,0.4863,0.1627,0.3779
q84,3,17,0,0,0.0,0,0.4621,0.4049,0.1176,0.3147
q84,3,18,0,0,0.0,0,0.4304,0.324,0.1269,0.3325
q84,3,19,0,0,0.0,0,0.3449,0.3817,0.125,0.3022
q84,3,20,0,0,0.0,0,0.3742,0.2884,0.1117,0.3255
q84,3,21,0,0,0.0,0,0.5121,0.1979,0.0914,0.2633
q84,3,22,0,0,0.0,0,0.5823,0.4817,0.1668,0.3725
q84,3,23,0,0,0.0,0,0.4562,0.2578,0.098,0.3
q84,3,24,0,0,0.0,0,0.575,0.4557,0.1512,0.3677
q84,3,25,0,0,0.0,0,0.3491,0.3158,0.122,0.3348
q84,3,26,0,0,0.0,0,0.566,0.3857,0.1269,0.338
q84,4,5,0,1,0.0,0,0.4974,0.4394,0.1644,0.3515
q84,4,6,0,1,0.0,0,0.5268,0.3996,0.1497,0.3536
q84,4,7,0,1,0.0,0,0.5361,0.3893,0.1215,0.3244
q84,4,8,0,1,0.0,0,0.4946,0.4157,0.1362,0.3444
q84,4,9,0,0,0.0,0,0.3194,0.3547,0.1228,0.3073
q84,4,10,0,0,0.0,0,0.4699,0.4081,0.1329,0.2851
q84,4,11,0,0,0.0,0,0.41,0.3893,0.1221,0.3132
q84,4,12,0,0,0.0,0,0.5714,0.4857,0.1524,0.3541
q84,4,13,0,0,0.0,0,0.5676,0.3802,0.145,0.3443
q84,4,14,0,0,0.0,0,0.3281,0.4125,0.1408,0.3404
q84,4,15,0,0,0.0,0,0.483,0.3689,0.1384,0.3214
q84,4,16,0,0,0.0,0,0.5748,0.5444,0.1696,0.3729
q84,4,17,0,0,0.0,0,0.4497,0.4265,0.1117,0.2972
q84,4,18,0,0,0.0,0,0.4818,0.4378,0.141,0.3234
q84,4,19,0,0,0.0,0,0.3058,0.3122,0.1279,0.3013
q84,4,20,0,0,0.0,0,0.4001,0.364,0.1188,0.3018
q84,4,21,0,0,0.0,0,0.5299,0.2876,0.115,0.2973
q84,4,22,0,0,0.125,1,0.6079,0.5363,0.1831,0.3914
q84,4,23,0,0,0.0,0,0.4753,0.3818,0.1061,0.2769
q84,4,24,0,0,0.0,0,0.5685,0.4222,0.1519,0.3544
q84,4,25,0,0,0.0,0,0.3831,0.4873,0.1537,0.3538
q84,4,26,0,0,0.0,0,0.5529,0.4696,0.1576,0.3589
q84,5,6,0,1,0.0,0,0.5038,0.4746,0.1769,0.3786
q84,5,7,1,1,0.0,0,0.5926,0.5536,0.2181,0.4302
q84,5,8,0,1,0.0,0,0.4721,0.402,0.1436,0.3605
q84,5,9,0,0,0.0,0,0.3363,0.2318,0.0859,0.2741
q84,5,10,0,0,0.0,0,0.4903,0.3899,0.1034,0.259
q84,5,11,0,0,0.0,0,0.3722,0.2454,0.103,0.3165
q84,5,12,0,0,0.0,0,0.5547,0.4567,0.1707,0.3784
q84,5,13,0,0,0.0,0,0.5182,0.2932,0.1169,0.3044
q84,5,14,0,0,0.0,0,0.3424,0.2702,0.1192,0.3204
q84,5,15,0,0,0.0,0,0.4743,0.312,0.1225,0.2963
q84,5,16,0,0,0.0,0,0.5252,0.4925,0.1679,0.3809
q84,5,17,0,0,0.0,0,0.4655,0.4213,0.1373,0.3463
q84,5,18,0,0,0.0,0,0.4559,0.3512,0.124,0.3117
q84,5,19,0,0,0.0,0,0.3202,0.3406,0.1084,0.2915
q84,5,20,0,0,0.0,0,0.3964,0.3542,0.1317,0.3449
q84,5,21,0,0,0.0,0,0.5117,0.1741,0.0928,0.2568
q84,5,22,0,0,0.0,0,0.5555,0.455,0.1896,0.3973
q84,5,23,0,0,0.0,0,0.4324,0.3265,0.1106,0.3121
q84,5,24,0,0,0.0,0,0.511,0.3991,0.1639,0.3699
q84,5,25,0,0,0.0,0,0.5263,0.3636,0.1414,0.3575
q84,5,26,0,0,0.0,0,0.5068,0.4289,0.1587,0.367
q84,6,7,0,1,0.0,0,0.5893,0.4406,0.1735,0.3862
q84,6,8,1,1,0.0,0,0.5308,0.5243,0.2006,0.4163
q84,6,9,0,0,0.0,0,0.3656,0.2508,0.1026,0.3004
q84,6,10,0,0,0.0,0,0.4966,0.325,0.0987,0.2536
q84,6,11,0,0,0.0,0,0.4477,0.324,0.1374,0.3407
q84,6,12,0,0,0.0,0,0.5601,0.4221,0.1729,0.384
q84,6,13,0,0,0.0,0,0.5709,0.4153,0.1581,0.3523
q84,6,14,0,0,0.0,0,0.3806,0.375,0.1418,0.3417
q84,6,15,0,0,0.0,0,0.4713,0.404,0.1441,0.332
q84,6,16,0,0,0.0,0,0.5282,0.4438,0.1694,0.3821
q84,6,17,0,0,0.0,0,0.4685,0.3762,0.1327,0.3384
q84,6,18,0,0,0.0,0,0.4264,0.3783,0.133,0.3111
q84,6,19,0,0,0.0,0,0.3455,0.2825,0.1061,0.2968
q84,6,20,0,0,0.0,0,0.4539,0.3877,0.1619,0.3742
q84,6,21,0,0,0.0,0,0.4872,0.4345,0.1255,0.3056
q84,6,22,0,0,0.0,0,0.5262,0.3727,0.167,0.374
q84,6,23,0,0,0.0,0,0.5964,0.3657,0.1371,0.3485
q84,6,24,0,0,0.0,0,0.5341,0.3475,0.1482,0.3499
q84,6,25,0,0,0.0,0,0.379,0.434,0.1618,0.3696
q84,6,26,0,0,0.0,0,0.5431,0.4004,0.1559,0.3645
q84,7,8,0,1,0.0,0,0.4707,0.4618,0.1656,0.3925
q84,7,9,0,0,0.0,0,0.3041,0.1855,0.0742,0.2657
q84,7,10,0,0,0.0,0,0.4769,0.2868,0.0758,0.2276
q84,7,11,0,0,0.0,0,0.3741,0.2473,0.1085,0.3195
q84,7,12,0,0,0.0,0,0.5743,0.4868,0.1789,0.404
q84,7,13,0,0,0.0,0,0.6211,0.3346,0.1169,0.3272
q84,7,14,0,0,0.0,0,0.3087,0.2884,0.1139,0.316
q84,7,15,0,0,0.0,0,0.483,0.3534,0.1058,0.2994
q84,7,16,0,0,0.125,1,0.5852,0.5338,0.1984,0.4184
q84,7,17,0,0,0.0,0,0.4802,0.4196,0.1461,0.3722
q84,7,18,0,0,0.0,0,0.4386,0.3843,0.1262,0.3126
q84,7,19,0,0,0.0,0,0.2909,0.3279,0.1026,0.302
q84,7,20,0,0,0.0,0,0.3688,0.3098,0.1375,0.3503
q84,7,21,0,0,0.0,0,0.5085,0.3309,0.0976,0.2776
q84,7,22,0,0,0.0,0,0.5755,0.4878,0.1852,0.3897
q84,7,23,0,0,0.0,0,0.4784,0.2848,0.1131,0.3199
q84,7,24,0,0,0.0,0,0.5726,0.4517,0.1748,0.3789
q84,7,25,0,0,0.0,0,0.3504,0.3615,0.1385,0.3388
q84,7,26,0,0,0.0,0,0.5887,0.4003,0.1444,0.3659
q84,8,9,0,0,0.0,0,0.3684,0.3123,0.0979,0.2949
q84,8,10,0,0,0.0,0,0.4474,0.335,0.0824,0.2446
q84,8,11,0,0,0.0,0,0.4466,0.2924,0.1213,0.344
q84,8,12,0,0,0.0,0,0.5174,0.5262,0.1836,0.4095
q84,8,13,0,0,0.0,0,0.4808,0.3741,0.1255,0.3319
q84,8,14,0,0,0.0,0,0.3748,0.34,0.1216,0.3195
q84,8,15,0,0,0.0,0,0.4484,0.3561,0.1062,0.2927
q84,8,16,0,0,0.0,0,0.5439,0.4606,0.1714,0.3949
q84,8,17,0,0,0.0,0,0.4725,0.4038,0.1382,0.3563
q84,8,18,0,0,0.0,0,0.399,0.3994,0.1149,0.3037
q84,8,19,0,0,0.0,0,0.3112,0.3303,0.1014,0.2816
q84,8,20,0,0,0.0,0,0.425,0.4273,0.1704,0.3848
q84,8,21,0,0,0.0,0,0.4405,0.3541,0.0966,0.2854
q84,8,22,0,0,0.0,0,0.4951,0.5301,0.1659,0.3917
q84,8,23,0,0,0.0,0,0.5017,0.3757,0.1463,0.3526
q84,8,24,0,0,0.0,0,0.5477,0.3955,0.1596,0.3797
q84,8,25,0,0,0.0,0,0.3262,0.4015,0.1711,0.3797
q84,8,26,0,0,0.0,0,0.4863,0.4894,0.1644,0.3975
q84,9,10,0,1,0.0,0,0.4109,0.2909,0.1082,0.2778
q84,9,11,1,1,0.1429,1,0.4246,0.7051,0.2428,0.454
q84,9,12,0,1,0.0,0,0.2892,0.3482,0.111,0.3042
q84,9,13,0,1,0.0,0,0.303,0.2579,0.1026,0.3
q84,9,14,1,1,0.1,1,0.5472,0.6104,0.2079,0.4266
q84,9,15,0,1,0.0,0,0.3381,0.2851,0.0955,0.2712
q84,9,16,0,1,0.0,0,0.3072,0.3439,0.1088,0.3033
q84,9,17,0,1,0.0,0,0.2938,0.3243,0.0877,0.2654
q84,9,18,0,0,0.0,0,0.3234,0.2683,0.1248,0.3058
q84,9,19,0,0,0.0,0,0.27,0.2214,0.1103,0.2963
q84,9,20,0,0,0.25,2,0.4366,0.3934,0.1268,0.3209
q84,9,21,0,0,0.0,0,0.2769,0.3188,0.1176,0.3069
q84,9,22,0,0,0.0,0,0.3084,0.2584,0.0881,0.2764
q84,9,23,0,0,0.0,0,0.4383,0.3955,0.1203,0.3144
q84,9,24,0,0,0.0,0,0.3063,0.265,0.1048,0.3105
q84,9,25,0,0,0.0,0,0.3815,0.3721,0.118,0.3083
q84,9,26,0,0,0.0,0,0.321,0.3667,0.109,0.2937
q84,10,11,0,1,0.0,0,0.3621,0.3574,0.0946,0.2404
q84,10,12,0,1,0.0,0,0.5438,0.4231,0.1109,0.2644
q84,10,13,1,1,0.0,0,0.5185,0.3508,0.1199,0.2842
q84,10,14,0,1,0.0,0,0.3818,0.3317,0.097,0.2525
q84,10,15,1,1,0.0,0,0.4822,0.4015,0.1249,0.2707
q84,10,16,0,1,0.0,0,0.4769,0.4314,0.1065,0.2555
q84,10,17,0,1,0.0,0,0.4785,0.3658,0.0708,0.2105
q84,10,18,0,0,0.0,0,0.4356,0.3824,0.1429,0.3195
q84,10,19,0,0,0.125,1,0.3568,0.4264,0.1623,0.3449
q84,10,20,0,0,0.0,0,0.4747,0.3458,0.0913,0.2459
q84,10,21,0,0,0.0,0,0.5052,0.2602,0.0858,0.2257
q84,10,22,0,0,0.0,0,0.4771,0.3965,0.1075,0.2596
q84,10,23,0,0,0.0,0,0.4493,0.3184,0.0854,0.2246
q84,10,24,0,0,0.0,0,0.4808,0.3159,0.0973,0.2591
q84,10,25,0,0,0.1667,1,0.6115,0.4406,0.1041,0.2545
q84,10,26,0,0,0.0,0,0.4746,0.4106,0.1024,0.2613
q84,11,12,0,1,0.0,0,0.4111,0.2377,0.1271,0.3344
q84,11,13,0,1,0.0,0,0.4054,0.3019,0.1286,0.3401
q84,11,14,1,1,0.2857,2,0.5141,0.66,0.2826,0.5084
q84,11,15,0,1,0.0,0,0.3807,0.2691,0.0975,0.2704
q84,11,16,0,1,0.0,0,0.4075,0.3239,0.1206,0.3382
q84,11,17,0,1,0.0,0,0.3701,0.2928,0.098,0.2964
q84,11,18,0,0,0.0,0,0.3492,0.3466,0.1144,0.3025
q84,11,19,0,0,0.0,0,0.2469,0.3569,0.1174,0.3067
q84,11,20,0,0,0.1429,1,0.4744,0.3552,0.1579,0.3609
q84,11,21,0,0,0.0,0,0.3499,0.4122,0.1414,0.3254
q84,11,22,0,0,0.0,0,0.3996,0.2423,0.0992,0.2987
q84,11,23,0,0,0.0,0,0.5339,0.4641,0.1518,0.3629
q84,11,24,0,0,0.0,0,0.4145,0.2411,0.1097,0.332
q84,11,25,0,0,0.0,0,0.313,0.4518,0.1621,0.3714
q84,11,26,0,0,0.0,0,0.4249,0.3253,0.1245,0.3162
q84,12,13,0,1,0.0,0,0.5705,0.3771,0.1367,0.3492
q84,12,14,0,1,0.0,0,0.3363,0.3138,0.1209,0.3259
q84,12,15,0,1,0.0,0,0.5379,0.4397,0.1305,0.3073
q84,12,16,1,1,0.1111,1,0.7263,0.6679,0.2715,0.4881
q84,12,17,1,1,0.0,0,0.5457,0.4964,0.1578,0.3638
q84,12,18,0,0,0.0,0,0.4226,0.4454,0.1464,0.3333
q84,12,19,0,0,0.0,0,0.3334,0.3424,0.1035,0.282
q84,12,20,0,0,0.0,0,0.4361,0.3412,0.14,0.3474
q84,12,21,0,0,0.0,0,0.4396,0.2863,0.1092,0.2903
q84,12,22,0,0,0.125,1,0.76,0.7226,0.3123,0.5319
q84,12,23,0,0,0.0,0,0.4961,0.299,0.1214,0.3302
q84,12,24,0,0,0.1,1,0.7765,0.5646,0.2321,0.4462
q84,12,25,0,0,0.0,0,0.472,0.3983,0.1635,0.3669
q84,12,26,0,0,0.125,1,0.8115,0.654,0.2922,0.5144
q84,13,14,0,1,0.0,0,0.3263,0.2879,0.1253,0.3196
q84,13,15,1,1,0.0,0,0.514,0.3847,0.1522,0.3246
q84,13,16,0,1,0.0,0,0.5808,0.4242,0.1431,0.3554
q84,13,17,0,1,0.0,0,0.4836,0.4038,0.1202,0.3118
q84,13,18,0,0,0.0,0,0.4555,0.3429,0.12,0.2976
q84,13,19,0,0,0.0,0,0.3206,0.4211,0.153,0.3352
q84,13,20,0,0,0.0,0,0.3805,0.2042,0.0943,0.2871
q84,13,21,0,0,0.0,0,0.5526,0.3966,0.1704,0.3369
q84,13,22,0,0,0.0,0,0.5546,0.3406,0.123,0.334
q84,13,23,0,0,0.0,0,0.4986,0.234,0.088,0.2801
q84,13,24,0,0,0.0,0,0.5957,0.3473,0.1389,0.3502
q84,13,25,0,0,0.0,0,0.3775,0.3851,0.1308,0.3329
q84,13,26,0,0,0.0,0,0.6176,0.3822,0.1313,0.3361
q84,14,15,0,1,0.0,0,0.3301,0.2554,0.0973,0.2707
q84,14,16,0,1,0.0,0,0.3127,0.3469,0.1205,0.3292
q84,14,17,0,1,0.0,0,0.3143,0.3331,0.1079,0.2877
q84,14,18,0,0,0.0,0,0.3135,0.3444,0.1129,0.2957
q84,14,19,0,0,0.0,0,0.2687,0.3382,0.1253,0.316
q84,14,20,0,0,0.2222,2,0.7393,0.3966,0.1536,0.357
q84,14,21,0,0,0.0,0,0.304,0.3684,0.1159,0.3106
q84,14,22,0,0,0.0,0,0.3186,0.2564,0.1026,0.3079
q84,14,23,0,0,0.0,0,0.4386,0.491,0.1473,0.3462
q84,14,24,0,0,0.0,0,0.3112,0.2749,0.1008,0.3126
q84,14,25,0,0,0.0,0,0.3499,0.4848,0.1597,0.3705
q84,14,26,0,0,0.0,0,0.3385,0.3512,0.1302,0.3256
q84,15,16,0,1,0.0,0,0.4967,0.4821,0.1307,0.3064
q84,15,17,0,1,0.0,0,0.4575,0.3962,0.0973,0.2667
q84,15,18,0,0,0.125,1,0.5974,0.5102,0.2074,0.3882
q84,15,19,0,0,0.0,0,0.305,0.3969,0.1321,0.2985
q84,15,20,0,0,0.0,0,0.4081,0.2897,0.09,0.2917
q84,15,21,0,0,0.0,0,0.4411,0.4417,0.156,0.3328
q84,15,22,0,0,0.0,0,0.482,0.4588,0.1338,0.3198
q84,15,23,0,0,0.0,0,0.4422,0.3208,0.0903,0.2639
q84,15,24,0,0,0.0,0,0.4983,0.4421,0.1321,0.3189
q84,15,25,0,0,0.1667,1,0.5899,0.528,0.1597,0.3537
q84,15,26,0,0,0.0,0,0.4971,0.4565,0.1331,0.3226
q84,16,17,1,1,0.0,0,0.503,0.5368,0.1841,0.398
q84,16,18,0,0,0.0,0,0.4769,0.4913,0.1512,0.335
q84,16,19,0,0,0.0,0,0.3232,0.4247,0.1185,0.3008
q84,16,20,0,0,0.0,0,0.37,0.2953,0.1233,0.3292
q84,16,21,0,0,0.0,0,0.5469,0.4202,0.1208,0.2991
q84,16,22,0,0,0.125,1,0.7136,0.6999,0.2661,0.4685
q84,16,23,0,0,0.0,0,0.4746,0.3123,0.1205,0.3315
q84,16,24,0,0,0.375,3,0.8819,0.6675,0.3483,0.5501
q84,16,25,0,0,0.0,0,0.3458,0.3917,0.1674,0.3641
q84,16,26,0,0,0.125,1,0.6683,0.6308,0.2288,0.4414
q84,17,18,0,0,0.0,0,0.4789,0.3971,0.1007,0.2705
q84,17,19,0,0,0.0,0,0.3085,0.3805,0.0911,0.2634
q84,17,20,0,0,0.0,0,0.3725,0.3056,0.1196,0.3128
q84,17,21,0,0,0.0,0,0.5288,0.2745,0.09,0.2582
q84,17,22,0,0,0.0,0,0.4711,0.5334,0.1623,0.3646
q84,17,23,0,0,0.0,0,0.4213,0.2503,0.0996,0.2971
q84,17,24,0,0,0.0909,1,0.5496,0.5693,0.1694,0.3651
q84,17,25,0,0,0.0,0,0.3381,0.3736,0.132,0.3219
q84,17,26,0,0,0.25,2,0.592,0.4981,0.1625,0.3727
q84,18,19,1,1,0.0,0,0.2895,0.3602,0.1419,0.3247
q84,18,20,0,1,0.0,0,0.3829,0.3994,0.1149,0.2982
q84,18,21,1,1,0.0,0,0.4388,0.361,0.1295,0.2841
q84,18,22,0,1,0.0,0,0.491,0.3866,0.1278,0.3063
q84,18,23,0,1,0.0,0,0.4195,0.3052,0.0925,0.2694
q84,18,24,0,1,0.0,0,0.485,0.364,0.1244,0.3135
q84,18,25,0,1,0.1429,1,0.5642,0.5599,0.1758,0.3691
q84,18,26,0,1,0.0,0,0.4397,0.4107,0.1247,0.3126
q84,19,20,0,1,0.0,0,0.3162,0.2547,0.0899,0.2829
q84,19,21,1,1,0.0,0,0.3109,0.294,0.1191,0.2858
q84,19,22,0,1,0.0,0,0.3155,0.3624,0.1198,0.3102
q84,19,23,0,1,0.0,0,0.2845,0.2505,0.0863,0.2694
q84,19,24,0,1,0.0,0,0.347,0.3533,0.1257,0.3127
q84,19,25,0,1,0.0,0,0.2461,0.3194,0.0993,0.2776
q84,19,26,0,1,0.0,0,0.3347,0.3291,0.1079,0.3048
q84,20,21,0,1,0.0,0,0.3525,0.1684,0.0872,0.2593
q84,20,22,0,1,0.0,0,0.3711,0.3329,0.125,0.3306
q84,20,23,1,1,0.0,0,0.4905,0.5663,0.2098,0.4145
q84,20,24,0,1,0.0,0,0.369,0.2162,0.1079,0.3191
q84,20,25,1,1,0.0,0,0.4127,0.4822,0.2055,0.3996
q84,20,26,0,1,0.0,0,0.4059,0.3409,0.1464,0.3391
q84,21,22,0,1,0.0,0,0.5378,0.2939,0.0986,0.2852
q84,21,23,0,1,0.0,0,0.4111,0.2408,0.0705,0.2476
q84,21,24,0,1,0.0,0,0.5582,0.3503,0.1202,0.3067
q84,21,25,0,1,0.0,0,0.3583,0.4059,0.1016,0.2873
q84,21,26,0,1,0.0,0,0.4831,0.352,0.1162,0.308
q84,22,23,0,1,0.0,0,0.476,0.3001,0.1079,0.3108
q84,22,24,1,1,0.1111,1,0.7228,0.6217,0.2531,0.4573
q84,22,25,0,1,0.0,0,0.3634,0.4402,0.1728,0.3622
q84,22,26,1,1,0.1429,1,0.7016,0.6628,0.2655,0.4714
q84,23,24,0,1,0.0,0,0.4896,0.3541,0.1061,0.3097
q84,23,25,1,1,0.0,0,0.3752,0.5115,0.2012,0.398
q84,23,26,0,1,0.0,0,0.5085,0.3189,0.1148,0.3086
q84,24,25,0,1,0.0,0,0.3531,0.4124,0.1386,0.3307
q84,24,26,1,1,0.25,2,0.7454,0.5513,0.2191,0.4264
q84,25,26,0,1,0.0,0,0.3375,0.4388,0.1697,0.3668
q85,0,1,1,1,0.0,0,0.378,0.4219,0.1245,0.303
q85,0,2,0,1,0.0,0,0.5172,0.4551,0.1213,0.2903
q85,0,3,0,1,0.0,0,0.5052,0.3942,0.1009,0.2785
q85,0,4,0,1,0.0,0,0.4039,0.4452,0.1032,0.2788
q85,0,5,0,1,0.0,0,0.5055,0.4241,0.0975,0.2781
q85,0,6,0,1,0.0,0,0.4991,0.4441,0.0998,0.2549
q85,0,7,1,1,0.0,0,0.5119,0.6058,0.1165,0.2835
q85,0,8,0,1,0.0,0,0.5561,0.5305,0.0989,0.2539
q85,0,9,0,0,0.0,0,0.4258,0.3256,0.1026,0.2733
q85,0,10,0,0,0.0,0,0.4151,0.3212,0.0809,0.2322
q85,0,11,0,0,0.0,0,0.3854,0.3776,0.0968,0.271
q85,0,12,0,0,0.0,0,0.5422,0.4729,0.0983,0.2537
q85,0,13,0,0,0.0,0,0.506,0.5216,0.1243,0.2841
q85,0,14,0,0,0.0,0,0.4402,0.3555,0.0799,0.2408
q85,0,15,0,0,0.0,0,0.3102,0.2979,0.0685,0.2141
q85,0,16,0,0,0.0,0,0.528,0.495,0.1039,0.259
q85,0,17,0,0,0.0,0,0.4432,0.3798,0.0941,0.2586
q85,1,2,0,1,0.0,0,0.5242,0.5512,0.1572,0.3535
q85,1,3,0,1,0.125,1,0.9147,0.6433,0.2204,0.436
q85,1,4,0,1,0.0,0,0.5124,0.5659,0.1633,0.3975
q85,1,5,0,1,0.0,0,0.4509,0.4865,0.1394,0.3653
q85,1,6,0,1,0.1429,1,0.8619,0.7281,0.2328,0.4356
q85,1,7,1,1,0.0,0,0.4823,0.6487,0.2142,0.4144
q85,1,8,0,1,0.1429,1,0.9522,0.7364,0.2038,0.4044
q85,1,9,0,0,0.0,0,0.5055,0.5541,0.192,0.3942
q85,1,10,0,0,0.0,0,0.4545,0.4302,0.1485,0.3466
q85,1,11,0,0,0.0,0,0.3399,0.5159,0.1832,0.3886
q85,1,12,0,0,0.0,0,0.5876,0.6786,0.1985,0.4193
q85,1,13,0,0,0.1667,1,0.8593,0.6835,0.2106,0.4286
q85,1,14,0,0,0.0,0,0.4978,0.585,0.1693,0.3761
q85,1,15,0,0,0.0,0,0.3222,0.5061,0.1439,0.3401
q85,1,16,0,0,0.0,0,0.4326,0.5654,0.1475,0.3562
q85,1,17,0,0,0.0,0,0.4579,0.5752,0.17,0.376
q85,2,3,0,1,0.0,0,0.5635,0.4817,0.164,0.3637
q85,2,4,1,1,0.0,0,0.5485,0.5023,0.1809,0.3854
q85,2,5,0,1,0.0,0,0.5048,0.4359,0.1455,0.3612
q85,2,6,0,1,0.0,0,0.5853,0.5225,0.1656,0.3696
q85,2,7,0,1,0.0,0,0.5498,0.5145,0.1706,0.3832
q85,2,8,1,1,0.0,0,0.5806,0.5755,0.1735,0.3752
q85,2,9,0,0,0.0,0,0.4572,0.4262,0.1348,0.3304
q85,2,10,0,0,0.0,0,0.4746,0.2843,0.1231,0.3137
q85,2,11,0,0,0.0,0,0.4338,0.3455,0.1309,0.3299
q85,2,12,0,0,0.0,0,0.5717,0.5763,0.1699,0.3718
q85,2,13,0,0,0.0,0,0.5576,0.5275,0.1698,0.3697
q85,2,14,0,0,0.0,0,0.5308,0.367,0.1319,0.33
q85,2,15,0,0,0.0,0,0.4593,0.3649,0.1219,0.3173
q85,2,16,0,0,0.0,0,0.6623,0.5044,0.1586,0.3885
q85,2,17,0,0,0.0,0,0.6349,0.4939,0.1478,0.3386
q85,3,4,0,1,0.0,0,0.5628,0.4203,0.1669,0.395
q85,3,5,1,1,0.0,0,0.4891,0.5666,0.1971,0.4339
q85,3,6,1,1,0.125,1,0.7458,0.6282,0.2313,0.4403
q85,3,7,0,1,0.0,0,0.5626,0.6314,0.2059,0.4259
q85,3,8,0,1,0.125,1,0.8182,0.6504,0.2194,0.4426
q85,3,9,0,0,0.0,0,0.4939,0.4711,0.1518,0.3593
q85,3,10,0,0,0.0,0,0.4895,0.3216,0.1419,0.3568
q85,3,11,0,0,0.0,0,0.4214,0.4342,0.1638,0.3908
q85,3,12,0,0,0.0,0,0.6269,0.6443,0.214,0.4347
q85,3,13,0,0,0.1429,1,0.7753,0.5971,0.2113,0.4469
q85,3,14,0,0,0.0,0,0.5591,0.4606,0.167,0.3774
q85,3,15,0,0,0.0,0,0.4682,0.3528,0.1297,0.3253
q85,3,16,0,0,0.1,1,0.6526,0.5781,0.1753,0.4023
q85,3,17,0,0,0.0,0,0.6347,0.4703,0.1585,0.3719
q85,4,5,0,1,0.0,0,0.4922,0.3987,0.1645,0.3925
q85,4,6,0,1,0.0,0,0.572,0.4012,0.1491,0.3633
q85,4,7,0,1,0.0,0,0.4963,0.4298,0.1761,0.4147
q85,4,8,1,1,0.0,0,0.5819,0.4671,0.1658,0.3892
q85,4,9,0,0,0.0,0,0.5533,0.544,0.1794,0.3921
q85,4,10,0,0,0.0,0,0.4976,0.464,0.18,0.3826
q85,4,11,0,0,0.0,0,0.376,0.444,0.1685,0.393
q85,4,12,0,0,0.0,0,0.5433,0.4532,0.1783,0.4108
q85,4,13,0,0,0.0,0,0.5618,0.4638,0.186,0.4083
q85,4,14,0,0,0.0,0,0.5632,0.4119,0.1681,0.3971
q85,4,15,0,0,0.0,0,0.3548,0.4393,0.1594,0.3609
q85,4,16,0,0,0.0,0,0.4203,0.3808,0.1528,0.3898
q85,4,17,0,0,0.0,0,0.5011,0.4075,0.1574,0.3692
q85,5,6,1,1,0.0,0,0.4905,0.4539,0.1637,0.3547
q85,5,7,0,1,0.0,0,0.6042,0.5547,0.2042,0.427
q85,5,8,0,1,0.0,0,0.4829,0.5,0.1533,0.3744
q85,5,9,0,0,0.0,0,0.448,0.4275,0.1447,0.3529
q85,5,10,0,0,0.0,0,0.4233,0.2778,0.1237,0.3312
q85,5,11,0,0,0.0,0,0.4297,0.4155,0.1656,0.396
q85,5,12,0,0,0.0,0,0.5007,0.5075,0.1883,0.4086
q85,5,13,0,0,0.0,0,0.474,0.5037,0.1828,0.405
q85,5,14,0,0,0.0,0,0.5067,0.3661,0.1435,0.3707
q85,5,15,0,0,0.0,0,0.4367,0.3154,0.1338,0.3504
q85,5,16,0,0,0.0,0,0.5173,0.5323,0.1929,0.4226
q85,5,17,0,0,0.0,0,0.5981,0.4031,0.1655,0.3796
q85,6,7,0,1,0.0,0,0.5418,0.5199,0.1831,0.3992
q85,6,8,0,1,0.3333,2,0.8339,0.7268,0.2507,0.4544
q85,6,9,0,0,0.0,0,0.491,0.5147,0.1685,0.358
q85,6,10,0,0,0.0,0,0.4572,0.3216,0.1321,0.3241
q85,6,11,0,0,0.0,0,0.4015,0.4547,0.151,0.3543
q85,6,12,0,0,0.1111,1,0.6794,0.5723,0.2103,0.4353
q85,6,13,0,0,0.4,2,0.9232,0.654,0.2794,0.4913
q85,6,14,0,0,0.0,0,0.5586,0.4644,0.171,0.3655
q85,6,15,0,0,0.0,0,0.4302,0.3933,0.1444,0.3337
q85,6,16,0,0,0.1111,1,0.6134,0.5655,0.1841,0.414
q85,6,17,0,0,0.0,0,0.6177,0.5128,0.1722,0.359
q85,7,8,0,1,0.0,0,0.5322,0.5279,0.1816,0.3886
q85,7,9,0,0,0.0,0,0.4559,0.5374,0.1711,0.3865
q85,7,10,0,0,0.0,0,0.4671,0.4028,0.1428,0.3782
q85,7,11,0,0,0.0,0,0.4514,0.536,0.1882,0.4163
q85,7,12,0,0,0.0,0,0.564,0.5055,0.2007,0.4213
q85,7,13,0,0,0.0,0,0.5342,0.5853,0.2023,0.4281
q85,7,14,0,0,0.0,0,0.5164,0.4274,0.18,0.4058
q85,7,15,0,0,0.0,0,0.4939,0.4358,0.1586,0.3636
q85,7,16,0,0,0.0,0,0.5998,0.4659,0.1794,0.4071
q85,7,17,0,0,0.0,0,0.5691,0.3874,0.1552,0.3642
q85,8,9,0,0,0.0,0,0.5127,0.4915,0.1349,0.3282
q85,8,10,0,0,0.0,0,0.4904,0.3077,0.11,0.3164
q85,8,11,0,0,0.0,0,0.4534,0.4464,0.1391,0.3484
q85,8,12,0,0,0.4286,3,0.8797,0.595,0.2589,0.468
q85,8,13,0,0,0.4,2,0.8475,0.5654,0.1856,0.4018
q85,8,14,0,0,0.0,0,0.5851,0.4949,0.1609,0.3951
q85,8,15,0,0,0.0,0,0.4848,0.3548,0.1316,0.343
q85,8,16,0,0,0.25,2,0.7716,0.4861,0.1963,0.4316
q85,8,17,0,0,0.0,0,0.6487,0.5554,0.1663,0.3804
q85,9,10,1,1,0.0,0,0.4328,0.5738,0.1798,0.3881
q85,9,11,0,1,0.0,0,0.3294,0.5036,0.1665,0.3853
q85,9,12,0,1,0.0,0,0.4198,0.5205,0.1499,0.3515
q85,9,13,0,1,0.0,0,0.5002,0.5222,0.1724,0.3794
q85,9,14,1,1,0.0,0,0.435,0.6281,0.2046,0.4199
q85,9,15,0,1,0.0,0,0.3356,0.4426,0.1445,0.3274
q85,9,16,0,1,0.0,0,0.3778,0.4217,0.1305,0.3499
q85,9,17,0,1,0.0,0,0.5719,0.4528,0.1412,0.3492
q85,10,11,0,1,0.0,0,0.43,0.3142,0.1366,0.3515
q85,10,12,0,1,0.0,0,0.4499,0.3359,0.1374,0.341
q85,10,13,0,1,0.0,0,0.4677,0.3789,0.1508,0.3591
q85,10,14,1,1,0.0,0,0.5258,0.3655,0.1391,0.3505
q85,10,15,0,1,0.0,0,0.4503,0.3698,0.1395,0.3382
q85,10,16,0,1,0.0,0,0.404,0.2886,0.1081,0.3244
q85,10,17,0,1,0.0,0,0.5998,0.3177,0.1147,0.3075
q85,11,12,0,1,0.0,0,0.4309,0.4835,0.1669,0.3918
q85,11,13,0,1,0.0,0,0.4118,0.5022,0.1735,0.3971
q85,11,14,0,1,0.0,0,0.4473,0.4669,0.167,0.396
q85,11,15,1,1,0.0,0,0.4302,0.4827,0.1781,0.383
q85,11,16,0,1,0.0,0,0.4109,0.4586,0.1516,0.3791
q85,11,17,1,1,0.0,0,0.4394,0.5076,0.1785,0.3873
q85,12,13,1,1,0.125,1,0.7545,0.708,0.2784,0.5164
q85,12,14,0,1,0.0,0,0.5524,0.4113,0.164,0.3959
q85,12,15,0,1,0.0,0,0.4557,0.3689,0.1463,0.3641
q85,12,16,1,1,0.2,2,0.739,0.6009,0.2538,0.4811
q85,12,17,0,1,0.0,0,0.6031,0.3815,0.1479,0.3556
q85,13,14,0,1,0.0,0,0.5622,0.4467,0.1782,0.3826
q85,13,15,0,1,0.0,0,0.4511,0.3787,0.1436,0.3413
q85,13,16,1,1,0.125,1,0.7112,0.6751,0.2426,0.4609
q85,13,17,0,1,0.0,0,0.6221,0.4114,0.1413,0.3377
q85,14,15,0,1,0.0,0,0.4762,0.4067,0.1593,0.3492
q85,14,16,0,1,0.0,0,0.4554,0.3616,0.131,0.3683
q85,14,17,0,1,0.0,0,0.6607,0.4807,0.1614,0.3772
q85,15,16,0,1,0.0,0,0.4069,0.3349,0.1254,0.3517
q85,15,17,1,1,0.0,0,0.468,0.4487,0.1522,0.3513
q85,16,17,0,1,0.0,0,0.5275,0.4377,0.143,0.3633
q86,0,1,1,1,0.2222,2,0.6355,0.5441,0.25,0.4328
q86,0,2,1,1,0.0,0,0.3755,0.4979,0.1684,0.3336
q86,0,3,0,1,0.0,0,0.5416,0.5248,0.1358,0.3042
q86,0,4,0,1,0.1111,1,0.6023,0.44,0.1059,0.2596
q86,0,5,0,1,0.0,0,0.5999,0.4761,0.1196,0.289
q86,0,6,0,1,0.0,0,0.6205,0.4744,0.1054,0.253
q86,0,7,0,1,0.0,0,0.5989,0.4265,0.1182,0.2858
q86,0,8,0,1,0.0,0,0.4705,0.5223,0.1531,0.3304
q86,1,2,1,1,0.0,0,0.4694,0.4828,0.1532,0.3026
q86,1,3,0,1,0.2,2,0.8352,0.4477,0.1217,0.283
q86,1,4,0,1,0.1,1,0.5419,0.3951,0.1107,0.2763
q86,1,5,0,1,0.2,2,0.7814,0.4413,0.1279,0.2877
q86,1,6,0,1,0.1111,1,0.5724,0.4645,0.1119,0.2591
q86,1,7,0,1,0.0,0,0.5262,0.3001,0.0891,0.2601
q86,1,8,0,1,0.0,0,0.5567,0.3775,0.1185,0.293
q86,2,3,0,1,0.0,0,0.4078,0.3276,0.1168,0.2886
q86,2,4,0,1,0.125,1,0.5299,0.5277,0.175,0.3417
q86,2,5,0,1,0.0,0,0.4119,0.3019,0.1197,0.2892
q86,2,6,0,1,0.0,0,0.3609,0.4493,0.1287,0.3027
q86,2,7,0,1,0.0,0,0.4985,0.3691,0.1179,0.2982
q86,2,8,0,1,0.0,0,0.4025,0.3407,0.1395,0.3208
q86,3,4,0,1,0.0,0,0.6198,0.3658,0.1283,0.3102
q86,3,5,1,1,0.3333,3,0.8091,0.5592,0.2333,0.4469
q86,3,6,0,1,0.25,2,0.6341,0.3842,0.1351,0.3297
q86,3,7,0,1,0.0,0,0.6554,0.3345,0.1223,0.3351
q86,3,8,1,1,0.25,2,0.7219,0.6772,0.2902,0.5046
q86,4,5,0,1,0.0,0,0.6329,0.4374,0.1592,0.3527
q86,4,6,1,1,0.0,0,0.5651,0.5064,0.1639,0.3576
q86,4,7,1,1,0.0,0,0.5479,0.412,0.1226,0.3256
q86,4,8,0,1,0.0,0,0.557,0.4896,0.1647,0.3633
q86,5,6,0,1,0.25,2,0.6546,0.446,0.1545,0.3602
q86,5,7,0,1,0.0,0,0.7069,0.3531,0.1506,0.3707
q86,5,8,1,1,0.0,0,0.5933,0.4436,0.2074,0.4316
q86,6,7,1,1,0.0,0,0.6316,0.4179,0.1528,0.3466
q86,6,8,0,1,0.0,0,0.4973,0.3805,0.1474,0.3396
q86,7,8,0,1,0.0,0,0.6169,0.3423,0.1408,0.3644
q87,0,1,0,1,0.0,0,0.4315,0.2246,0.107,0.2929
q87,0,2,0,1,0.0,0,0.3889,0.2774,0.0929,0.295
q87,0,3,0,1,0.0,0,0.414,0.2945,0.1066,0.2995
q87,0,4,0,1,0.0,0,0.5006,0.3077,0.1072,0.2884
q87,0,5,0,1,0.0,0,0.4073,0.2595,0.0996,0.2863
q87,0,6,1,1,0.1,1,0.6005,0.4716,0.161,0.3774
q87,0,7,1,1,0.0,0,0.5089,0.5501,0.151,0.3327
q87,0,8,0,1,0.0,0,0.4489,0.3497,0.0939,0.2682
q87,0,9,0,0,0.0,0,0.3236,0.1402,0.0688,0.268
q87,0,10,0,0,0.0,0,0.369,0.2486,0.0906,0.2764
q87,0,11,0,0,0.0,0,0.4775,0.2199,0.0854,0.2793
q87,0,12,0,0,0.0,0,0.4337,0.1399,0.0576,0.2319
q87,0,13,0,0,0.0,0,0.4106,0.2991,0.1051,0.3106
q87,0,14,0,0,0.0,0,0.4601,0.0754,0.0554,0.2304
q87,0,15,0,0,0.0,0,0.4345,0.1896,0.0633,0.2312
q87,0,16,0,0,0.0,0,0.454,0.331,0.0983,0.29
q87,0,17,0,0,0.0,0,0.4984,0.3162,0.0847,0.2728
q87,0,18,0,0,0.0,0,0.4523,0.4009,0.1425,0.341
q87,0,19,0,0,0.0,0,0.4213,0.2362,0.0767,0.2583
q87,0,20,0,0,0.0,0,0.4947,0.3768,0.1314,0.3345
q87,0,21,0,0,0.0,0,0.3722,0.1943,0.0723,0.2696
q87,0,22,0,0,0.1,1,0.6553,0.5618,0.1694,0.3481
q87,0,23,0,0,0.0,0,0.4454,0.2012,0.0621,0.2213
q87,1,2,1,1,0.1111,1,0.5789,0.4887,0.1793,0.4065
q87,1,3,0,1,0.1111,1,0.6071,0.4221,0.135,0.348
q87,1,4,1,1,0.0,0,0.6462,0.4929,0.176,0.3584
q87,1,5,0,1,0.1429,1,0.6176,0.4299,0.136,0.3413
q87,1,6,0,1,0.0,0,0.5757,0.4186,0.1167,0.3147
q87,1,7,0,1,0.0,0,0.5526,0.471,0.111,0.3197
q87,1,8,0,1,0.1667,1,0.8715,0.5977,0.1543,0.3492
q87,1,9,0,0,0.0,0,0.4659,0.2315,0.0946,0.301
q87,1,10,0,0,0.125,1,0.5411,0.3059,0.1203,0.3083
q87,1,11,0,0,0.1429,1,0.7983,0.478,0.1791,0.3874
q87,1,12,0,0,0.1429,1,0.8947,0.5276,0.1898,0.3712
q87,1,13,0,0,0.125,1,0.5216,0.3916,0.1253,0.3321
q87,1,14,0,0,0.0,0,0.5781,0.3336,0.1218,0.3081
q87,1,15,0,0,0.0,0,0.5884,0.4256,0.1281,0.3186
q87,1,16,0,0,0.125,1,0.8839,0.5609,0.1662,0.3708
q87,1,17,0,0,0.0,0,0.6523,0.4795,0.1286,0.3244
q87,1,18,0,0,0.0,0,0.4128,0.2203,0.0833,0.2848
q87,1,19,0,0,0.2857,2,0.9107,0.5878,0.2149,0.4202
q87,1,20,0,0,0.0,0,0.5282,0.3364,0.106,0.3203
q87,1,21,0,0,0.0,0,0.5485,0.4533,0.1434,0.3512
q87,1,22,0,0,0.0,0,0.4493,0.2712,0.095,0.2987
q87,1,23,0,0,0.0,0,0.5973,0.4164,0.1282,0.3034
q87,2,3,0,1,0.0,0,0.4697,0.3868,0.1208,0.3379
q87,2,4,1,1,0.0,0,0.6015,0.471,0.1629,0.3764
q87,2,5,0,1,0.0,0,0.5098,0.4516,0.1373,0.3405
q87,2,6,0,1,0.0,0,0.4995,0.3844,0.1083,0.3255
q87,2,7,0,1,0.0,0,0.504,0.4028,0.1129,0.3249
q87,2,8,0,1,0.0,0,0.5316,0.4816,0.1369,0.3503
q87,2,9,0,0,0.0,0,0.4147,0.3652,0.1138,0.3062
q87,2,10,0,0,0.5714,4,0.995,0.3456,0.1412,0.358
q87,2,11,0,0,0.0,0,0.5243,0.4183,0.142,0.3599
q87,2,12,0,0,0.1111,1,0.5018,0.4149,0.1291,0.3234
q87,2,13,0,0,0.1,1,0.5477,0.3835,0.126,0.3301
q87,2,14,0,0,0.0,0,0.4995,0.2979,0.105,0.2865
q87,2,15,0,0,0.1,1,0.5545,0.4487,0.1459,0.3356
q87,2,16,0,0,0.1,1,0.5828,0.4821,0.1449,0.3638
q87,2,17,0,0,0.0,0,0.5558,0.5034,0.1459,0.3498
q87,2,18,0,0,0.0,0,0.4142,0.206,0.0697,0.2692
q87,2,19,0,0,0.375,3,0.6359,0.5909,0.2197,0.41
q87,2,20,0,0,0.0,0,0.4815,0.2984,0.0992,0.321
q87,2,21,0,0,0.0,0,0.4183,0.4076,0.1272,0.3434
q87,2,22,0,0,0.0,0,0.4727,0.3187,0.1067,0.3109
q87,2,23,0,0,0.0909,1,0.5741,0.4004,0.1186,0.3217
q87,3,4,0,1,0.1,1,0.5634,0.4524,0.1907,0.4009
q87,3,5,1,1,0.1111,1,0.552,0.436,0.2118,0.4343
q87,3,6,0,1,0.0,0,0.4839,0.3312,0.1441,0.3689
q87,3,7,0,1,0.0,0,0.4729,0.343,0.1383,0.3677
q87,3,8,1,1,0.0,0,0.5203,0.6053,0.2035,0.4046
q87,3,9,0,0,0.0,0,0.4673,0.3543,0.1099,0.3094
q87,3,10,0,0,0.0,0,0.4502,0.3196,0.1333,0.3699
q87,3,11,0,0,0.0,0,0.5391,0.4238,0.1782,0.4139
q87,3,12,0,0,0.1111,1,0.546,0.2359,0.1084,0.3081
q87,3,13,0,0,0.0,0,0.4399,0.3911,0.1572,0.3873
q87,3,14,0,0,0.0,0,0.47,0.4385,0.0948,0.2596
q87,3,15,0,0,0.0,0,0.4778,0.2527,0.1122,0.2988
q87,3,16,0,0,0.2222,2,0.7057,0.4764,0.1784,0.4117
q87,3,17,0,0,0.0,0,0.5289,0.4483,0.1548,0.3673
q87,3,18,0,0,0.0,0,0.4687,0.206,0.1113,0.3204
q87,3,19,0,0,0.0,0,0.4876,0.3235,0.1283,0.3223
q87,3,20,0,0,0.0,0,0.4975,0.3716,0.1499,0.3955
q87,3,21,0,0,0.0,0,0.4608,0.4142,0.1661,0.3974
q87,3,22,0,0,0.0,0,0.4606,0.2387,0.1196,0.3369
q87,3,23,0,0,0.0,0,0.4976,0.3439,0.1285,0.3233
q87,4,5,0,1,0.125,1,0.6257,0.4091,0.1664,0.3815
q87,4,6,0,1,0.1111,1,0.6918,0.3349,0.1353,0.3588
q87,4,7,0,1,0.0,0,0.6802,0.4825,0.166,0.3769
q87,4,8,0,1,0.0,0,0.6355,0.5585,0.1748,0.3861
q87,4,9,0,0,0.0,0,0.5088,0.2793,0.0859,0.2545
q87,4,10,0,0,0.0,0,0.5696,0.3032,0.1217,0.3389
q87,4,11,0,0,0.0,0,0.6339,0.41,0.162,0.374
q87,4,12,0,0,0.0,0,0.6613,0.2659,0.104,0.2835
q87,4,13,0,0,0.0,0,0.5361,0.3785,0.1402,0.3585
q87,4,14,0,0,0.0,0,0.5989,0.3553,0.0972,0.2727
q87,4,15,0,0,0.0,0,0.6236,0.3198,0.1133,0.3085
q87,4,16,0,0,0.1111,1,0.6824,0.5662,0.1973,0.4167
q87,4,17,0,0,0.0,0,0.6309,0.5503,0.1867,0.3903
q87,4,18,0,0,0.0,0,0.4744,0.3134,0.1196,0.322
q87,4,19,0,0,0.0,0,0.6732,0.3845,0.1403,0.338
q87,4,20,0,0,0.0,0,0.6605,0.4549,0.1813,0.4055
q87,4,21,0,0,0.0,0,0.6026,0.435,0.1513,0.369
q87,4,22,0,0,0.0,0,0.5414,0.3142,0.1292,0.3383
q87,4,23,0,0,0.0,0,0.6261,0.3651,0.1387,0.3442
q87,5,6,0,1,0.0,0,0.5526,0.4047,0.1512,0.3718
q87,5,7,0,1,0.0,0,0.5175,0.4641,0.1491,0.3545
q87,5,8,1,1,0.0,0,0.5393,0.5679,0.1876,0.3781
q87,5,9,0,0,0.0,0,0.4637,0.3457,0.1174,0.3049
q87,5,10,0,0,0.0,0,0.4752,0.3196,0.1377,0.3447
q87,5,11,0,0,0.1429,1,0.7847,0.4676,0.1909,0.4149
q87,5,12,0,0,0.0,0,0.5004,0.3458,0.1226,0.3
q87,5,13,0,0,0.0,0,0.5555,0.4433,0.1487,0.3542
q87,5,14,0,0,0.0,0,0.526,0.41,0.1007,0.2762
q87,5,15,0,0,0.0,0,0.5952,0.3466,0.1198,0.2888
q87,5,16,0,0,0.0,0,0.5658,0.4695,0.1724,0.3888
q87,5,17,0,0,0.0,0,0.5781,0.4741,0.1483,0.3491
q87,5,18,0,0,0.0,0,0.4031,0.2358,0.1031,0.304
q87,5,19,0,0,0.0,0,0.5447,0.4342,0.1499,0.3288
q87,5,20,0,0,0.0,0,0.51,0.3914,0.1342,0.3729
q87,5,21,0,0,0.0,0,0.4516,0.357,0.1393,0.3524
q87,5,22,0,0,0.0,0,0.4592,0.3039,0.1154,0.3246
q87,5,23,0,0,0.0,0,0.5705,0.3703,0.1288,0.3178
q87,6,7,1,1,0.0,0,0.6238,0.6663,0.2531,0.4873
q87,6,8,0,1,0.0,0,0.5773,0.4216,0.149,0.3797
q87,6,9,0,0,0.0,0,0.4783,0.2772,0.0807,0.2645
q87,6,10,0,0,0.0,0,0.4821,0.3202,0.1177,0.341
q87,6,11,0,0,0.0,0,0.6233,0.347,0.1336,0.3594
q87,6,12,0,0,0.0,0,0.5963,0.3397,0.0943,0.2951
q87,6,13,0,0,0.0,0,0.5117,0.3518,0.1477,0.389
q87,6,14,0,0,0.0,0,0.5641,0.3458,0.0856,0.2612
q87,6,15,0,0,0.0,0,0.527,0.3004,0.0874,0.2843
q87,6,16,0,0,0.0,0,0.5695,0.3827,0.1376,0.37
q87,6,17,0,0,0.0,0,0.6093,0.3638,0.1274,0.3545
q87,6,18,0,0,0.0,0,0.4896,0.4472,0.1503,0.3764
q87,6,19,0,0,0.0,0,0.5326,0.3649,0.1142,0.3184
q87,6,20,0,0,0.0,0,0.5902,0.4223,0.1821,0.4254
q87,6,21,0,0,0.0,0,0.5511,0.2248,0.1229,0.3519
q87,6,22,0,0,0.0,0,0.5561,0.4601,0.1778,0.413
q87,6,23,0,0,0.0,0,0.5376,0.265,0.0914,0.2952
q87,7,8,0,1,0.0,0,0.6026,0.4002,0.1603,0.4042
q87,7,9,0,0,0.0,0,0.4479,0.362,0.0795,0.2492
q87,7,10,0,0,0.0,0,0.4818,0.3868,0.1268,0.3524
q87,7,11,0,0,0.0,0,0.5588,0.4169,0.1306,0.3509
q87,7,12,0,0,0.0,0,0.5758,0.3351,0.0943,0.2915
q87,7,13,0,0,0.0,0,0.4929,0.3802,0.1449,0.376
q87,7,14,0,0,0.0,0,0.562,0.3107,0.0771,0.2504
q87,7,15,0,0,0.0,0,0.5073,0.2879,0.0973,0.307
q87,7,16,0,0,0.0,0,0.55,0.4141,0.1472,0.3884
q87,7,17,0,0,0.0,0,0.5634,0.3654,0.1462,0.3849
q87,7,18,0,0,0.0,0,0.4958,0.6077,0.1685,0.3912
q87,7,19,0,0,0.0,0,0.5643,0.3675,0.1142,0.3145
q87,7,20,0,0,0.0,0,0.6722,0.5625,0.1912,0.4458
q87,7,21,0,0,0.0,0,0.5262,0.3567,0.136,0.366
q87,7,22,0,0,0.0,0,0.5561,0.5045,0.193,0.4318
q87,7,23,0,0,0.0,0,0.5192,0.2706,0.0978,0.3067
q87,8,9,0,0,0.0,0,0.5033,0.4674,0.0944,0.261
q87,8,10,0,0,0.0,0,0.5072,0.4009,0.1304,0.3529
q87,8,11,0,0,0.1667,1,0.7148,0.5881,0.1911,0.4106
q87,8,12,0,0,0.1667,1,0.9026,0.507,0.1369,0.3374
q87,8,13,0,0,0.0,0,0.5027,0.4356,0.1347,0.3512
q87,8,14,0,0,0.0,0,0.6173,0.5648,0.1008,0.268
q87,8,15,0,0,0.1429,1,0.7373,0.4865,0.137,0.3454
q87,8,16,0,0,0.1429,1,0.8377,0.6042,0.2466,0.4927
q87,8,17,0,0,0.1429,1,0.7395,0.5191,0.2318,0.4714
q87,8,18,0,0,0.0,0,0.4294,0.4245,0.1138,0.3176
q87,8,19,0,0,0.1429,1,0.8754,0.5103,0.156,0.3721
q87,8,20,0,0,0.0,0,0.5792,0.4034,0.1449,0.3834
q87,8,21,0,0,0.0,0,0.5946,0.5124,0.1652,0.3776
q87,8,22,0,0,0.0,0,0.4629,0.3567,0.1348,0.3649
q87,8,23,0,0,0.125,1,0.7425,0.5029,0.1692,0.3784
q87,9,10,1,1,0.0,0,0.4022,0.4196,0.1482,0.3396
q87,9,11,1,1,0.0,0,0.4931,0.5076,0.1566,0.3451
q87,9,12,0,1,0.0,0,0.4664,0.3098,0.0903,0.2473
q87,9,13,0,1,0.0,0,0.4655,0.237,0.0715,0.2405
q87,9,14,0,1,0.0,0,0.5282,0.2576,0.0935,0.2613
q87,9,15,0,1,0.0,0,0.5033,0.2587,0.0722,0.2313
q87,9,16,0,1,0.0,0,0.466,0.2967,0.0753,0.2524
q87,9,17,0,1,0.0,0,0.53,0.3196,0.0736,0.2291
q87,9,18,0,0,0.0,0,0.3859,0.1565,0.0568,0.2375
q87,9,19,0,0,0.0,0,0.4458,0.2859,0.0852,0.2462
q87,9,20,0,0,0.0,0,0.4545,0.2772,0.073,0.2586
q87,9,21,0,0,0.0,0,0.4644,0.2685,0.0741,0.2545
q87,9,22,0,0,0.0,0,0.431,0.2772,0.0631,0.2255
q87,9,23,0,0,0.0,0,0.5095,0.2478,0.0678,0.2129
q87,10,11,1,1,0.0,0,0.5091,0.5133,0.2302,0.4394
q87,10,12,0,1,0.125,1,0.4778,0.2349,0.0882,0.2854
q87,10,13,0,1,0.1111,1,0.5099,0.2716,0.1088,0.3222
q87,10,14,0,1,0.0,0,0.4836,0.2038,0.0898,0.2721
q87,10,15,0,1,0.1111,1,0.5237,0.2196,0.0862,0.2693
q87,10,16,0,1,0.1111,1,0.5438,0.2547,0.1098,0.3354
q87,10,17,0,1,0.0,0,0.5269,0.3857,0.1253,0.3294
q87,10,18,0,0,0.0,0,0.4149,0.1982,0.0908,0.3138
q87,10,19,0,0,0.25,2,0.5781,0.2682,0.1106,0.3134
q87,10,20,0,0,0.0,0,0.4611,0.3433,0.1261,0.3655
q87,10,21,0,0,0.0,0,0.4073,0.2445,0.1036,0.3188
q87,10,22,0,0,0.0,0,0.4689,0.3331,0.1154,0.3223
q87,10,23,0,0,0.1,1,0.5464,0.2535,0.0999,0.2924
q87,11,12,0,1,0.1429,1,0.8204,0.3125,0.1381,0.3388
q87,11,13,0,1,0.0,0,0.5441,0.3309,0.1202,0.3445
q87,11,14,0,1,0.0,0,0.5971,0.4499,0.1305,0.3194
q87,11,15,0,1,0.0,0,0.574,0.3152,0.1172,0.3147
q87,11,16,0,1,0.125,1,0.6984,0.4689,0.1709,0.4095
q87,11,17,0,1,0.0,0,0.6228,0.4602,0.1464,0.3685
q87,11,18,0,0,0.0,0,0.4857,0.2301,0.0959,0.3133
q87,11,19,0,0,0.125,1,0.7957,0.3856,0.1407,0.3372
q87,11,20,0,0,0.0,0,0.6192,0.3396,0.1229,0.3526
q87,11,21,0,0,0.0,0,0.5932,0.3401,0.1408,0.3644
q87,11,22,0,0,0.0,0,0.5106,0.3129,0.115,0.3248
q87,11,23,0,0,0.0,0,0.5678,0.3419,0.1217,0.3123
q87,12,13,0,1,0.0,0,0.451,0.2759,0.0938,0.309
q87,12,14,1,1,0.0,0,0.6466,0.6394,0.2172,0.399
q87,12,15,1,1,0.0,0,0.6131,0.5439,0.1933,0.379
q87,12,16,0,1,0.125,1,0.8978,0.471,0.1457,0.3546
q87,12,17,0,1,0.0,0,0.6728,0.3948,0.1055,0.3109
q87,12,18,0,0,0.0,0,0.4041,0.1442,0.0651,0.2426
q87,12,19,0,0,0.125,1,0.8905,0.5746,0.2234,0.4191
q87,12,20,0,0,0.0,0,0.5449,0.2374,0.0808,0.3108
q87,12,21,0,0,0.0,0,0.5544,0.42,0.1336,0.3389
q87,12,22,0,0,0.0,0,0.4443,0.1955,0.0767,0.2811
q87,12,23,0,0,0.0,0,0.6212,0.4747,0.1576,0.3412
q87,13,14,0,1,0.0,0,0.4613,0.2299,0.0712,0.2558
q87,13,15,0,1,0.0,0,0.5139,0.3196,0.1185,0.3063
q87,13,16,1,1,0.0,0,0.4889,0.4473,0.1622,0.3982
q87,13,17,1,1,0.0,0,0.5228,0.4409,0.1524,0.3791
q87,13,18,0,0,0.0,0,0.4331,0.2934,0.1115,0.3173
q87,13,19,0,0,0.1111,1,0.5135,0.3935,0.1524,0.3569
q87,13,20,0,0,0.0,0,0.4847,0.2896,0.123,0.3682
q87,13,21,0,0,0.0,0,0.4268,0.4003,0.1619,0.3952
q87,13,22,0,0,0.0,0,0.4462,0.351,0.1297,0.3612
q87,13,23,0,0,0.0,0,0.4878,0.3711,0.1273,0.3437
q87,14,15,1,1,0.0,0,0.582,0.5648,0.1378,0.3042
q87,14,16,0,1,0.0,0,0.5924,0.4266,0.0959,0.285
q87,14,17,0,1,0.0,0,0.6222,0.4019,0.0768,0.2594
q87,14,18,0,0,0.0,0,0.4077,0.1487,0.0629,0.2525
q87,14,19,0,0,0.0,0,0.5649,0.4295,0.1234,0.3068
q87,14,20,0,0,0.0,0,0.5308,0.2451,0.0752,0.2681
q87,14,21,0,0,0.0,0,0.4932,0.4736,0.1095,0.2936
q87,14,22,0,0,0.0,0,0.4621,0.2157,0.0659,0.2377
q87,14,23,0,0,0.0,0,0.5811,0.4599,0.1095,0.2728
q87,15,16,0,1,0.1111,1,0.6052,0.4044,0.13,0.335
q87,15,17,0,1,0.1111,1,0.7371,0.4397,0.1383,0.3656
q87,15,18,0,0,0.0,0,0.4017,0.1361,0.0644,0.2544
q87,15,19,0,0,0.1111,1,0.5886,0.5081,0.181,0.3797
q87,15,20,0,0,0.0,0,0.4918,0.1743,0.083,0.2914
q87,15,21,0,0,0.0,0,0.5726,0.4155,0.1419,0.3489
q87,15,22,0,0,0.0,0,0.4336,0.1784,0.0791,0.2825
q87,15,23,0,0,0.375,3,0.8364,0.5984,0.2439,0.4242
q87,16,17,1,1,0.0,0,0.6356,0.5075,0.1943,0.4291
q87,16,18,0,0,0.0,0,0.4709,0.3297,0.107,0.314
q87,16,19,0,0,0.25,2,0.9203,0.5631,0.2024,0.4316
q87,16,20,0,0,0.0,0,0.5955,0.3925,0.1465,0.3931
q87,16,21,0,0,0.0,0,0.5768,0.4428,0.1776,0.4159
q87,16,22,0,0,0.0,0,0.4733,0.3333,0.1318,0.3672
q87,16,23,0,0,0.1,1,0.6201,0.4494,0.1594,0.3601
q87,17,18,0,0,0.0,0,0.4601,0.3751,0.1101,0.3222
q87,17,19,0,0,0.0,0,0.6484,0.5512,0.163,0.3701
q87,17,20,0,0,0.0,0,0.6494,0.3749,0.1315,0.3749
q87,17,21,0,0,0.0,0,0.6141,0.4989,0.1739,0.4053
q87,17,22,0,0,0.0,0,0.5227,0.3504,0.1428,0.359
q87,17,23,0,0,0.1,1,0.7543,0.5119,0.1804,0.3814
q87,18,19,0,1,0.0,0,0.399,0.1805,0.0851,0.2794
q87,18,20,1,1,0.0,0,0.5012,0.5651,0.1955,0.4155
q87,18,21,0,1,0.0,0,0.3642,0.2526,0.0974,0.3083
q87,18,22,1,1,0.1,1,0.5573,0.566,0.1861,0.403
q87,18,23,0,1,0.0,0,0.4083,0.156,0.0689,0.2496
q87,19,20,0,1,0.0,0,0.5384,0.2673,0.0917,0.3111
q87,19,21,1,1,0.0,0,0.5547,0.481,0.1538,0.362
q87,19,22,0,1,0.0,0,0.4316,0.2575,0.1083,0.3076
q87,19,23,1,1,0.1,1,0.6456,0.5501,0.1974,0.371
q87,20,21,0,1,0.0,0,0.519,0.2649,0.1155,0.3459
q87,20,22,1,1,0.125,1,0.6128,0.4364,0.171,0.4136
q87,20,23,0,1,0.0,0,0.5079,0.228,0.0928,0.3034
q87,21,22,0,1,0.0,0,0.3868,0.3073,0.1245,0.3504
q87,21,23,1,1,0.0,0,0.5784,0.4061,0.1453,0.3487
q87,22,23,0,1,0.0,0,0.4344,0.1488,0.0849,0.284
q88,0,1,1,1,0.0,0,0.4254,0.5962,0.3019,0.4343
q88,0,2,1,1,0.2222,2,0.7476,0.5551,0.2189,0.3805
q88,0,3,0,1,0.0,0,0.2729,0.2667,0.0945,0.2631
q88,0,4,0,1,0.0,0,0.4519,0.5414,0.1549,0.3087
q88,0,5,0,1,0.2222,2,0.6416,0.563,0.1544,0.3118
q88,0,6,0,1,0.0,0,0.4211,0.4302,0.1264,0.3293
q88,0,7,0,1,0.0909,1,0.5343,0.4869,0.1167,0.2664
q88,0,8,0,1,0.1111,1,0.6461,0.5653,0.1249,0.2767
q88,1,2,1,1,0.125,1,0.4828,0.5908,0.2288,0.3584
q88,1,3,0,1,0.0,0,0.3424,0.2561,0.072,0.2228
q88,1,4,0,1,0.0,0,0.4496,0.5854,0.1653,0.3189
q88,1,5,0,1,0.125,1,0.5129,0.5122,0.1458,0.2963
q88,1,6,0,1,0.0,0,0.5079,0.4688,0.152,0.3245
q88,1,7,0,1,0.1111,1,0.4487,0.584,0.1305,0.2718
q88,1,8,0,1,0.1429,1,0.642,0.6585,0.1511,0.3013
q88,2,3,0,1,0.0,0,0.3511,0.2138,0.0825,0.2665
q88,2,4,0,1,0.0,0,0.4946,0.4885,0.1619,0.3461
q88,2,5,0,1,0.4286,3,0.8643,0.5892,0.2077,0.3879
q88,2,6,0,1,0.0,0,0.4715,0.3534,0.1398,0.3421
q88,2,7,0,1,0.1,1,0.5455,0.5062,0.1373,0.3025
q88,2,8,0,1,0.125,1,0.6423,0.5963,0.1606,0.342
q88,3,4,1,1,0.0,0,0.3767,0.3586,0.1645,0.3578
q88,3,5,0,1,0.0,0,0.3026,0.3285,0.1258,0.3305
q88,3,6,1,1,0.0,0,0.3738,0.3306,0.1334,0.323
q88,3,7,0,1,0.0,0,0.3127,0.4891,0.1565,0.3597
q88,3,8,0,1,0.0,0,0.3972,0.4728,0.1356,0.3473
q88,4,5,0,1,0.0,0,0.4884,0.5321,0.2248,0.4493
q88,4,6,1,1,0.0,0,0.4579,0.4367,0.1614,0.3708
q88,4,7,0,1,0.0,0,0.4644,0.5114,0.193,0.4104
q88,4,8,0,1,0.0,0,0.5327,0.5665,0.208,0.4559
q88,5,6,0,1,0.0,0,0.4154,0.3955,0.1506,0.3584
q88,5,7,1,1,0.0,0,0.4968,0.5393,0.2109,0.4082
q88,5,8,1,1,0.0,0,0.5515,0.6166,0.2307,0.4519
q88,6,7,0,1,0.0,0,0.4005,0.4615,0.1558,0.3623
q88,6,8,0,1,0.0,0,0.5417,0.4961,0.174,0.3834
q88,7,8,1,1,0.25,2,0.6136,0.5833,0.2621,0.4722
q89,0,1,0,1,0.0,0,0.5295,0.3782,0.164,0.3469
q89,0,2,0,1,0.0,0,0.3294,0.2777,0.1175,0.3235
q89,0,3,0,1,0.0,0,0.4296,0.3187,0.1349,0.3531
q89,0,4,0,1,0.0,0,0.4509,0.327,0.132,0.3256
q89,0,5,0,1,0.0,0,0.6313,0.4649,0.1442,0.3323
q89,0,6,0,1,0.0,0,0.508,0.4041,0.1546,0.3626
q89,0,7,1,1,0.0,0,0.5507,0.4945,0.197,0.4062
q89,0,8,1,1,0.0,0,0.5745,0.5756,0.2116,0.4147
q89,0,9,0,0,0.125,1,0.2959,0.6278,0.1522,0.2986
q89,0,10,0,0,0.0,0,0.2594,0.4081,0.1285,0.3181
q89,0,11,0,0,0.0,0,0.4684,0.3559,0.1233,0.3429
q89,0,12,0,0,0.0,0,0.3487,0.4038,0.1324,0.3502
q89,0,13,0,0,0.0,0,0.4823,0.3441,0.1243,0.3419
q89,0,14,0,0,0.0,0,0.4762,0.4225,0.1758,0.376
q89,0,15,0,0,0.0,0,0.4809,0.2832,0.1302,0.3436
q89,0,16,0,0,0.0,0,0.5469,0.4742,0.1824,0.389
q89,0,17,0,0,0.0,0,0.5745,0.327,0.1209,0.3146
q89,0,18,0,0,0.0,0,0.4111,0.3939,0.1345,0.3389
q89,0,19,0,0,0.0,0,0.4049,0.3179,0.1048,0.2963
q89,0,20,0,0,0.0,0,0.5567,0.3732,0.1263,0.3056
q89,0,21,0,0,0.0,0,0.5273,0.4027,0.1381,0.3448
q89,0,22,0,0,0.0,0,0.5742,0.3238,0.1263,0.3219
q89,0,23,0,0,0.0,0,0.4376,0.3423,0.1154,0.3079
q89,0,24,0,0,0.0,0,0.5387,0.2786,0.1126,0.3043
q89,0,25,0,0,0.0,0,0.424,0.2625,0.1162,0.3051
q89,0,26,0,0,0.0,0,0.6142,0.3367,0.1165,0.3289
q89,1,2,1,1,0.0,0,0.3101,0.3295,0.1301,0.313
q89,1,3,0,1,0.0,0,0.3965,0.339,0.1384,0.3329
q89,1,4,0,1,0.0,0,0.3984,0.3454,0.1441,0.334
q89,1,5,1,1,0.0,0,0.4936,0.499,0.167,0.346
q89,1,6,0,1,0.0,0,0.4638,0.2937,0.1163,0.3086
q89,1,7,0,1,0.0,0,0.4344,0.3936,0.1434,0.3327
q89,1,8,0,1,0.0,0,0.4517,0.4374,0.1665,0.3687
q89,1,9,0,0,0.0,0,0.3317,0.5408,0.1219,0.2592
q89,1,10,0,0,0.0,0,0.2665,0.4352,0.1158,0.2846
q89,1,11,0,0,0.0,0,0.4135,0.244,0.1154,0.3062
q89,1,12,0,0,0.0,0,0.3794,0.3332,0.1018,0.2882
q89,1,13,0,0,0.0,0,0.4115,0.252,0.1035,0.2806
q89,1,14,0,0,0.0,0,0.3499,0.2962,0.1382,0.3142
q89,1,15,0,0,0.0,0,0.3957,0.2704,0.1166,0.3096
q89,1,16,0,0,0.0,0,0.485,0.3365,0.1421,0.3276
q89,1,17,0,0,0.0,0,0.4401,0.3037,0.1099,0.2978
q89,1,18,0,0,0.0,0,0.4061,0.3647,0.113,0.2871
q89,1,19,0,0,0.0,0,0.3915,0.3898,0.1067,0.2776
q89,1,20,0,0,0.0,0,0.4802,0.3171,0.1124,0.2959
q89,1,21,0,0,0.0,0,0.4512,0.2619,0.1008,0.2929
q89,1,22,0,0,0.0,0,0.5424,0.2734,0.1104,0.2844
q89,1,23,0,0,0.0,0,0.3832,0.2092,0.0928,0.2688
q89,1,24,0,0,0.0,0,0.3838,0.335,0.1257,0.3204
q89,1,25,0,0,0.0,0,0.3687,0.2927,0.1139,0.2851
q89,1,26,0,0,0.0,0,0.4272,0.2107,0.0914,0.2919
q89,2,3,0,1,0.0,0,0.2961,0.3797,0.1347,0.3359
q89,2,4,0,1,0.0,0,0.3522,0.3619,0.1273,0.3264
q89,2,5,1,1,0.0,0,0.3458,0.4269,0.1296,0.3288
q89,2,6,0,1,0.0,0,0.3095,0.348,0.1174,0.3163
q89,2,7,0,1,0.0,0,0.3803,0.3686,0.1227,0.3297
q89,2,8,0,1,0.0,0,0.3136,0.3583,0.1058,0.308
q89,2,9,0,0,0.1111,1,0.2407,0.3548,0.079,0.2283
q89,2,10,0,0,0.0,0,0.2357,0.3935,0.1032,0.2862
q89,2,11,0,0,0.125,1,0.2858,0.4201,0.1265,0.3253
q89,2,12,0,0,0.2857,2,0.48,0.556,0.1682,0.3686
q89,2,13,0,0,0.0,0,0.3722,0.4836,0.1671,0.3869
q89,2,14,0,0,0.0,0,0.2697,0.2485,0.0918,0.2997
q89,2,15,0,0,0.1111,1,0.5155,0.3234,0.1216,0.3324
q89,2,16,0,0,0.0,0,0.3299,0.3258,0.1029,0.3096
q89,2,17,0,0,0.0,0,0.3327,0.3432,0.0992,0.2907
q89,2,18,0,0,0.25,2,0.3128,0.5605,0.1693,0.3777
q89,2,19,0,0,0.0,0,0.3439,0.4047,0.1214,0.3014
q89,2,20,0,0,0.0,0,0.4423,0.2362,0.0762,0.2605
q89,2,21,0,0,0.0,0,0.2866,0.2208,0.0883,0.3064
q89,2,22,0,0,0.0,0,0.3333,0.3639,0.1268,0.3142
q89,2,23,0,0,0.0,0,0.2675,0.2002,0.0901,0.3014
q89,2,24,0,0,0.0,0,0.353,0.3088,0.0979,0.3074
q89,2,25,0,0,0.0,0,0.2756,0.2521,0.0933,0.2948
q89,2,26,0,0,0.0,0,0.2925,0.1982,0.0903,0.3208
q89,3,4,1,1,0.0,0,0.4761,0.5352,0.1997,0.3947
q89,3,5,0,1,0.0,0,0.4782,0.341,0.135,0.3427
q89,3,6,1,1,0.0,0,0.4726,0.514,0.1747,0.3972
q89,3,7,0,1,0.0,0,0.4651,0.4358,0.1553,0.3804
q89,3,8,0,1,0.0,0,0.4494,0.4318,0.1633,0.385
q89,3,9,0,0,0.0,0,0.2902,0.3802,0.1034,0.2435
q89,3,10,0,0,0.0,0,0.2924,0.4611,0.1136,0.2955
q89,3,11,0,0,0.0,0,0.3863,0.5505,0.1569,0.3718
q89,3,12,0,0,0.0,0,0.3803,0.4404,0.1204,0.33
q89,3,13,0,0,0.0,0,0.4732,0.4322,0.1356,0.3548
q89,3,14,0,0,0.0,0,0.3176,0.2962,0.114,0.3235
q89,3,15,0,0,0.0,0,0.4731,0.4573,0.1799,0.3835
q89,3,16,0,0,0.0,0,0.4279,0.3834,0.1521,0.3611
q89,3,17,0,0,0.0,0,0.4711,0.4411,0.1474,0.37
q89,3,18,0,0,0.0,0,0.3855,0.448,0.1308,0.335
q89,3,19,0,0,0.0,0,0.4452,0.492,0.1421,0.3418
q89,3,20,0,0,0.0,0,0.4432,0.4798,0.1361,0.3256
q89,3,21,0,0,0.0,0,0.412,0.3051,0.1136,0.3428
q89,3,22,0,0,0.0,0,0.5128,0.4146,0.1395,0.3402
q89,3,23,0,0,0.0,0,0.388,0.2218,0.0984,0.313
q89,3,24,0,0,0.0,0,0.4607,0.434,0.1567,0.3695
q89,3,25,0,0,0.0,0,0.3807,0.4131,0.1457,0.3545
q89,3,26,0,0,0.0,0,0.4514,0.2333,0.1089,0.3543
q89,4,5,0,1,0.0,0,0.4276,0.2971,0.1316,0.3213
q89,4,6,1,1,0.0,0,0.491,0.4705,0.1463,0.3329
q89,4,7,0,1,0.1429,1,0.7189,0.4487,0.1961,0.3938
q89,4,8,0,1,0.0,0,0.4323,0.4328,0.1333,0.342
q89,4,9,0,0,0.0,0,0.3067,0.4284,0.1035,0.2444
q89,4,10,0,0,0.0,0,0.3469,0.4036,0.1067,0.2906
q89,4,11,0,0,0.3333,2,0.9681,0.6034,0.2137,0.4203
q89,4,12,0,0,0.0,0,0.4634,0.4236,0.1244,0.3163
q89,4,13,0,0,0.4,2,0.8697,0.4826,0.1626,0.36
q89,4,14,0,0,0.0,0,0.3686,0.4018,0.141,0.3289
q89,4,15,0,0,0.5,3,0.894,0.6896,0.2756,0.4752
q89,4,16,0,0,0.0,0,0.4676,0.3809,0.1392,0.3275
q89,4,17,0,0,0.0,0,0.4819,0.5021,0.1318,0.3241
q89,4,18,0,0,0.0,0,0.434,0.4292,0.1349,0.3213
q89,4,19,0,0,0.4,2,0.9587,0.4869,0.1624,0.3279
q89,4,20,0,0,0.0,0,0.5237,0.3881,0.1153,0.2972
q89,4,21,0,0,0.0,0,0.4065,0.3203,0.1038,0.3089
q89,4,22,0,0,0.0,0,0.542,0.4496,0.1396,0.3327
q89,4,23,0,0,0.0,0,0.3565,0.2614,0.0913,0.2883
q89,4,24,0,0,0.0,0,0.4393,0.5334,0.1541,0.3487
q89,4,25,0,0,0.0,0,0.3965,0.2684,0.12,0.3179
q89,4,26,0,0,0.0,0,0.3601,0.2259,0.0992,0.3087
q89,5,6,0,1,0.0,0,0.5302,0.2035,0.1042,0.3198
q89,5,7,0,1,0.0,0,0.5013,0.3031,0.1386,0.3696
q89,5,8,0,1,0.0,0,0.5453,0.358,0.1584,0.3789
q89,5,9,0,0,0.0,0,0.3162,0.5007,0.0971,0.2136
q89,5,10,0,0,0.0,0,0.3174,0.4769,0.1097,0.2704
q89,5,11,0,0,0.0,0,0.5203,0.3623,0.1084,0.3013
q89,5,12,0,0,0.0,0,0.3917,0.3426,0.0931,0.2838
q89,5,13,0,0,0.0,0,0.4311,0.347,0.1063,0.2944
q89,5,14,0,0,0.0,0,0.4782,0.4128,0.1228,0.3287
q89,5,15,0,0,0.0,0,0.4591,0.2558,0.1011,0.3028
q89,5,16,0,0,0.0,0,0.585,0.4294,0.1439,0.344
q89,5,17,0,0,0.0,0,0.5084,0.2386,0.104,0.3112
q89,5,18,0,0,0.0,0,0.4216,0.4195,0.1205,0.3022
q89,5,19,0,0,0.0,0,0.3862,0.4258,0.1128,0.2853
q89,5,20,0,0,0.0,0,0.587,0.2948,0.0818,0.2589
q89,5,21,0,0,0.0,0,0.5707,0.259,0.1179,0.3399
q89,5,22,0,0,0.0,0,0.5248,0.2781,0.1247,0.3213
q89,5,23,0,0,0.0,0,0.4819,0.2463,0.131,0.3415
q89,5,24,0,0,0.0,0,0.4876,0.2677,0.1057,0.312
q89,5,25,0,0,0.0,0,0.4121,0.2099,0.1045,0.305
q89,5,26,0,0,0.0,0,0.5668,0.3025,0.1322,0.3642
q89,6,7,0,1,0.0,0,0.5169,0.367,0.1332,0.3621
q89,6,8,0,1,0.0,0,0.4872,0.3296,0.1496,0.3687
q89,6,9,0,0,0.0,0,0.3566,0.506,0.1064,0.245
q89,6,10,0,0,0.0,0,0.2631,0.3867,0.0934,0.2729
q89,6,11,0,0,0.0,0,0.4883,0.4304,0.1269,0.348
q89,6,12,0,0,0.0,0,0.4083,0.3651,0.1099,0.3245
q89,6,13,0,0,0.0,0,0.5152,0.3867,0.1167,0.3277
q89,6,14,0,0,0.0,0,0.374,0.2975,0.1144,0.3174
q89,6,15,0,0,0.0,0,0.4933,0.4306,0.1358,0.3551
q89,6,16,0,0,0.0,0,0.4733,0.4337,0.1437,0.3564
q89,6,17,0,0,0.1,1,0.723,0.4641,0.1775,0.4032
q89,6,18,0,0,0.0,0,0.4936,0.3964,0.109,0.3034
q89,6,19,0,0,0.0,0,0.4552,0.3853,0.104,0.2955
q89,6,20,0,0,0.0,0,0.5026,0.4434,0.1253,0.3202
q89,6,21,0,0,0.0,0,0.4426,0.1982,0.1056,0.3475
q89,6,22,0,0,0.0,0,0.5512,0.332,0.128,0.3454
q89,6,23,0,0,0.0,0,0.4192,0.1916,0.0897,0.3049
q89,6,24,0,0,0.0,0,0.5327,0.3542,0.1305,0.3454
q89,6,25,0,0,0.0,0,0.5083,0.3337,0.1234,0.3306
q89,6,26,0,0,0.0,0,0.5172,0.1581,0.0968,0.3342
q89,7,8,1,1,0.0,0,0.4693,0.594,0.2296,0.4485
q89,7,9,0,0,0.0,0,0.3338,0.6372,0.1342,0.2894
q89,7,10,0,0,0.0,0,0.3269,0.4464,0.1162,0.3041
q89,7,11,0,0,0.1429,1,0.8925,0.6534,0.2471,0.4426
q89,7,12,0,0,0.0,0,0.4386,0.4812,0.1587,0.3646
q89,7,13,0,0,0.1667,1,0.7318,0.5198,0.1933,0.3939
q89,7,14,0,0,0.0,0,0.4153,0.5105,0.1874,0.4171
q89,7,15,0,0,0.125,1,0.7131,0.68,0.2573,0.471
q89,7,16,0,0,0.0,0,0.5298,0.5398,0.1891,0.4031
q89,7,17,0,0,0.0,0,0.5093,0.3917,0.1363,0.3571
q89,7,18,0,0,0.0,0,0.4694,0.4687,0.1455,0.3425
q89,7,19,0,0,0.1667,1,0.7758,0.4652,0.1429,0.3316
q89,7,20,0,0,0.0,0,0.5968,0.469,0.1317,0.3367
q89,7,21,0,0,0.0,0,0.4711,0.2983,0.1174,0.3465
q89,7,22,0,0,0.0,0,0.5396,0.4037,0.1676,0.3849
q89,7,23,0,0,0.0,0,0.3995,0.2103,0.0944,0.3062
q89,7,24,0,0,0.0,0,0.4396,0.4403,0.171,0.398
q89,7,25,0,0,0.0,0,0.4422,0.3303,0.1374,0.3419
q89,7,26,0,0,0.0,0,0.4544,0.2377,0.11,0.3331
q89,8,9,0,0,0.0,0,0.3288,0.7564,0.1515,0.2797
q89,8,10,0,0,0.0,0,0.3025,0.4419,0.1052,0.2853
q89,8,11,0,0,0.0,0,0.4834,0.476,0.1375,0.3511
q89,8,12,0,0,0.0,0,0.4448,0.3917,0.1146,0.3243
q89,8,13,0,0,0.0,0,0.4123,0.3984,0.12,0.3327
q89,8,14,0,0,0.0,0,0.4667,0.4908,0.1717,0.3751
q89,8,15,0,0,0.0,0,0.4223,0.3921,0.1305,0.3277
q89,8,16,0,0,0.0,0,0.5772,0.6684,0.2608,0.4884
q89,8,17,0,0,0.0,0,0.4597,0.3885,0.1473,0.3688
q89,8,18,0,0,0.1111,1,0.3853,0.434,0.12,0.3104
q89,8,19,0,0,0.0,0,0.3816,0.3784,0.103,0.2928
q89,8,20,0,0,0.0,0,0.4672,0.4319,0.1264,0.3124
q89,8,21,0,0,0.0,0,0.5483,0.4214,0.1551,0.389
q89,8,22,0,0,0.0,0,0.4866,0.3477,0.127,0.3264
q89,8,23,0,0,0.0,0,0.5349,0.3761,0.1267,0.3532
q89,8,24,0,0,0.0,0,0.4816,0.3622,0.1532,0.3675
q89,8,25,0,0,0.0,0,0.4151,0.3012,0.1356,0.3411
q89,8,26,0,0,0.0,0,0.514,0.3519,0.1344,0.3774
q89,9,10,0,1,0.0,0,0.1973,0.2236,0.1025,0.2747
q89,9,11,0,1,0.125,1,0.2984,0.3574,0.1195,0.2822
q89,9,12,0,1,0.125,1,0.248,0.3293,0.0966,0.2659
q89,9,13,0,1,0.0,0,0.3122,0.3307,0.0977,0.2667
q89,9,14,1,1,0.0,0,0.2505,0.7456,0.1859,0.328
q89,9,15,0,1,0.0,0,0.3005,0.4739,0.1089,0.2606
q89,9,16,1,1,0.0,0,0.2885,0.7992,0.2043,0.3556
q89,9,17,0,1,0.0,0,0.3429,0.4391,0.0832,0.2071
q89,9,18,0,0,0.25,2,0.5334,0.2972,0.0971,0.2653
q89,9,19,0,0,0.0,0,0.289,0.3012,0.0933,0.2577
q89,9,20,0,0,0.0,0,0.2743,0.494,0.1785,0.3425
q89,9,21,0,0,0.0,0,0.347,0.4284,0.0727,0.2143
q89,9,22,0,0,0.0,0,0.3491,0.3896,0.0925,0.2435
q89,9,23,0,0,0.0,0,0.3118,0.2878,0.0576,0.1852
q89,9,24,0,0,0.0,0,0.2847,0.4726,0.1081,0.2498
q89,9,25,0,0,0.0,0,0.336,0.4913,0.1023,0.237
q89,9,26,0,0,0.0,0,0.3585,0.336,0.0595,0.1926
q89,10,11,0,1,0.0,0,0.3035,0.4307,0.1336,0.3291
q89,10,12,1,1,0.0,0,0.2544,0.5017,0.1744,0.378
q89,10,13,1,1,0.0,0,0.3352,0.5445,0.1678,0.3576
q89,10,14,0,1,0.0,0,0.2142,0.3833,0.1122,0.2989
q89,10,15,0,1,0.0,0,0.3458,0.3935,0.1145,0.2933
q89,10,16,0,1,0.0,0,0.3374,0.3867,0.1131,0.2918
q89,10,17,0,1,0.0,0,0.2681,0.3529,0.0708,0.2284
q89,10,18,0,0,0.0,0,0.2528,0.5434,0.1849,0.3935
q89,10,19,0,0,0.0,0,0.3244,0.5265,0.1743,0.3821
q89,10,20,0,0,0.0,0,0.2495,0.3044,0.1142,0.3037
q89,10,21,0,0,0.0,0,0.3492,0.3529,0.0829,0.2724
q89,10,22,0,0,0.0,0,0.3715,0.5637,0.1365,0.3187
q89,10,23,0,0,0.0,0,0.3166,0.2255,0.0725,0.2403
q89,10,24,0,0,0.0,0,0.2737,0.2525,0.0723,0.2319
q89,10,25,0,0,0.0,0,0.2568,0.2537,0.0715,0.2355
q89,10,26,0,0,0.0,0,0.33,0.1793,0.0601,0.2358
q89,11,12,0,1,0.1429,1,0.5123,0.4838,0.1792,0.3906
q89,11,13,0,1,0.1667,1,0.9224,0.623,0.2672,0.4623
q89,11,14,0,1,0.0,0,0.2656,0.4583,0.1659,0.3837
q89,11,15,1,1,0.2857,2,0.9486,0.6221,0.2263,0.4416
q89,11,16,0,1,0.0,0,0.5106,0.4402,0.1314,0.3462
q89,11,17,1,1,0.0,0,0.4705,0.4382,0.1188,0.311
q89,11,18,0,0,0.125,1,0.3817,0.4663,0.1807,0.3879
q89,11,19,0,0,0.1667,1,0.9198,0.5108,0.1982,0.381
q89,11,20,0,0,0.0,0,0.4748,0.2981,0.1178,0.3113
q89,11,21,0,0,0.0,0,0.441,0.2338,0.0823,0.2948
q89,11,22,0,0,0.0,0,0.5535,0.5755,0.1786,0.3911
q89,11,23,0,0,0.0,0,0.3979,0.1373,0.0777,0.283
q89,11,24,0,0,0.0,0,0.5677,0.5358,0.1572,0.3623
q89,11,25,0,0,0.0,0,0.3968,0.3529,0.1087,0.3026
q89,11,26,0,0,0.0,0,0.4399,0.2147,0.0895,0.2993
q89,12,13,1,1,0.1667,1,0.5747,0.7014,0.3045,0.5486
q89,12,14,0,1,0.0,0,0.2927,0.3619,0.116,0.3175
q89,12,15,0,1,0.125,1,0.4756,0.4498,0.161,0.3688
q89,12,16,0,1,0.0,0,0.3965,0.4017,0.119,0.3202
q89,12,17,0,1,0.0,0,0.3838,0.3928,0.0906,0.2905
q89,12,18,0,0,0.2857,2,0.6753,0.6292,0.2985,0.5227
q89,12,19,0,0,0.0,0,0.394,0.4658,0.1863,0.402
q89,12,20,0,0,0.0,0,0.3501,0.2411,0.1074,0.3012
q89,12,21,0,0,0.0,0,0.3382,0.2385,0.0948,0.3087
q89,12,22,0,0,0.0,0,0.4151,0.5094,0.1601,0.371
q89,12,23,0,0,0.0,0,0.4219,0.1501,0.0742,0.2681
q89,12,24,0,0,0.0,0,0.4587,0.421,0.1192,0.3347
q89,12,25,0,0,0.0,0,0.3309,0.3562,0.1,0.2899
q89,12,26,0,0,0.0,0,0.346,0.1569,0.0725,0.2753
q89,13,14,0,1,0.0,0,0.3489,0.3583,0.1289,0.3333
q89,13,15,0,1,0.3333,2,0.8303,0.514,0.1987,0.4207
q89,13,16,0,1,0.0,0,0.4624,0.3612,0.1194,0.3213
q89,13,17,0,1,0.0,0,0.4941,0.3779,0.1063,0.3062
q89,13,18,0,0,0.1429,1,0.705,0.6729,0.3046,0.5244
q89,13,19,0,0,0.5,2,0.9191,0.5428,0.1898,0.393
q89,13,20,0,0,0.0,0,0.5425,0.256,0.1015,0.2957
q89,13,21,0,0,0.0,0,0.3934,0.2119,0.0927,0.3134
q89,13,22,0,0,0.0,0,0.5436,0.4988,0.1647,0.3709
q89,13,23,0,0,0.0,0,0.3466,0.1273,0.0735,0.274
q89,13,24,0,0,0.0,0,0.4429,0.37,0.1239,0.3342
q89,13,25,0,0,0.0,0,0.4084,0.3196,0.1121,0.3178
q89,13,26,0,0,0.0,0,0.3708,0.1894,0.079,0.2877
q89,14,15,0,1,0.0,0,0.3741,0.3418,0.1358,0.343
q89,14,16,1,1,0.0,0,0.424,0.55,0.2164,0.4128
q89,14,17,0,1,0.0,0,0.3911,0.2984,0.1085,0.2939
q89,14,18,0,0,0.0,0,0.2903,0.3793,0.1213,0.3237
q89,14,19,0,0,0.0,0,0.315,0.3447,0.1018,0.2991
q89,14,20,0,0,0.0,0,0.4006,0.3964,0.146,0.3283
q89,14,21,0,0,0.0,0,0.4635,0.3764,0.1171,0.3221
q89,14,22,0,0,0.0,0,0.4191,0.3677,0.1315,0.327
q89,14,23,0,0,0.0,0,0.4111,0.3195,0.0995,0.3036
q89,14,24,0,0,0.0,0,0.3672,0.3186,0.1358,0.3215
q89,14,25,0,0,0.0,0,0.3539,0.2989,0.1155,0.3131
q89,14,26,0,0,0.0,0,0.4285,0.3282,0.1013,0.3205
q89,15,16,0,1,0.0,0,0.4728,0.3881,0.1373,0.3364
q89,15,17,1,1,0.0,0,0.4768,0.5137,0.1362,0.35
q89,15,18,0,0,0.0,0,0.4361,0.4444,0.1482,0.3446
q89,15,19,0,0,0.3333,2,0.9258,0.4583,0.1731,0.3704
q89,15,20,0,0,0.0,0,0.5447,0.4674,0.1355,0.3463
q89,15,21,0,0,0.0,0,0.4259,0.2012,0.0844,0.3032
q89,15,22,0,0,0.0,0,0.5302,0.5173,0.1632,0.3728
q89,15,23,0,0,0.0,0,0.3691,0.162,0.0764,0.2933
q89,15,24,0,0,0.0,0,0.439,0.5812,0.1746,0.3838
q89,15,25,0,0,0.0,0,0.3848,0.4267,0.1221,0.3232
q89,15,26,0,0,0.0,0,0.3805,0.1648,0.0832,0.3087
q89,16,17,0,1,0.0,0,0.503,0.3852,0.135,0.3372
q89,16,18,0,0,0.0,0,0.4041,0.3429,0.1071,0.298
q89,16,19,0,0,0.0,0,0.4294,0.3368,0.1046,0.2918
q89,16,20,0,0,0.0,0,0.5139,0.4963,0.1531,0.3385
q89,16,21,0,0,0.0,0,0.5681,0.408,0.1378,0.3595
q89,16,22,0,0,0.0,0,0.5403,0.3407,0.1293,0.3336
q89,16,23,0,0,0.0,0,0.4901,0.3269,0.1209,0.3294
q89,16,24,0,0,0.0,0,0.4931,0.4073,0.1495,0.3319
q89,16,25,0,0,0.0,0,0.4371,0.3436,0.1359,0.3237
q89,16,26,0,0,0.0,0,0.5318,0.3429,0.1204,0.3544
q89,17,18,0,0,0.0,0,0.4915,0.3733,0.0937,0.2716
q89,17,19,0,0,0.0,0,0.4458,0.3978,0.0931,0.2786
q89,17,20,0,0,0.0,0,0.6116,0.5607,0.1276,0.2995
q89,17,21,0,0,0.0,0,0.4568,0.2238,0.1042,0.3209
q89,17,22,0,0,0.0,0,0.5111,0.3602,0.1253,0.3339
q89,17,23,0,0,0.0,0,0.3728,0.2061,0.0961,0.3088
q89,17,24,0,0,0.0,0,0.5415,0.4142,0.1804,0.3946
q89,17,25,0,0,0.0,0,0.5414,0.4682,0.1723,0.3715
q89,17,26,0,0,0.0,0,0.5045,0.2283,0.116,0.3456
q89,18,19,1,1,0.0,0,0.4207,0.5064,0.2193,0.4325
q89,18,20,0,1,0.0,0,0.3611,0.2593,0.1144,0.3047
q89,18,21,0,1,0.0,0,0.4003,0.2845,0.0928,0.2905
q89,18,22,1,1,0.0,0,0.4572,0.5502,0.1791,0.3821
q89,18,23,0,1,0.0,0,0.3733,0.1842,0.0754,0.2653
q89,18,24,0,1,0.0,0,0.4207,0.4055,0.1124,0.315
q89,18,25,0,1,0.0,0,0.3792,0.3337,0.1097,0.3009
q89,18,26,0,1,0.0,0,0.415,0.2043,0.0837,0.279
q89,19,20,0,1,0.0,0,0.4891,0.2345,0.103,0.2972
q89,19,21,0,1,0.0,0,0.357,0.2763,0.0843,0.2649
q89,19,22,1,1,0.0,0,0.5281,0.5725,0.1765,0.3736
q89,19,23,0,1,0.0,0,0.3109,0.137,0.0707,0.2395
q89,19,24,0,1,0.0,0,0.5799,0.4184,0.1148,0.3115
q89,19,25,0,1,0.0,0,0.3665,0.2723,0.0807,0.2615
q89,19,26,0,1,0.0,0,0.4155,0.165,0.0739,0.262
q89,20,21,0,1,0.0,0,0.4585,0.2494,0.0808,0.2741
q89,20,22,0,1,0.0,0,0.5858,0.3576,0.1135,0.3029
q89,20,23,0,1,0.0,0,0.3664,0.1486,0.0564,0.2233
q89,20,24,1,1,0.0,0,0.6244,0.6358,0.1775,0.3427
q89,20,25,1,1,0.0,0,0.4398,0.6053,0.1682,0.3251
q89,20,26,0,1,0.0,0,0.5662,0.2964,0.0797,0.2706
q89,21,22,0,1,0.0,0,0.5374,0.2648,0.1018,0.3139
q89,21,23,1,1,0.0,0,0.5356,0.5171,0.2129,0.4323
q89,21,24,0,1,0.0,0,0.4346,0.2121,0.0908,0.3047
q89,21,25,0,1,0.0,0,0.4051,0.1982,0.0937,0.3033
q89,21,26,1,1,0.0,0,0.5765,0.5192,0.1877,0.4104
q89,22,23,0,1,0.0,0,0.4123,0.2139,0.0989,0.286
q89,22,24,0,1,0.0,0,0.4697,0.3269,0.1254,0.3399
q89,22,25,0,1,0.0,0,0.4304,0.193,0.0993,0.3054
q89,22,26,0,1,0.0,0,0.5291,0.2016,0.0947,0.3082
q89,23,24,0,1,0.0,0,0.3843,0.1549,0.0759,0.276
q89,23,25,0,1,0.0,0,0.324,0.1355,0.0804,0.283
q89,23,26,1,1,0.0,0,0.4879,0.4754,0.1849,0.4348
q89,24,25,1,1,0.0,0,0.4793,0.5065,0.214,0.4018
q89,24,26,0,1,0.0,0,0.4348,0.2715,0.104,0.3224
q89,25,26,0,1,0.0,0,0.4119,0.2096,0.0985,0.3239
q90,0,1,1,1,0.0,0,0.6179,0.465,0.163,0.398
q90,0,2,0,1,0.0,0,0.652,0.4543,0.1408,0.364
q90,0,3,0,1,0.0,0,0.6823,0.5163,0.1607,0.3849
q90,0,4,0,1,0.0,0,0.6987,0.5158,0.1511,0.3945
q90,0,5,1,1,0.0,0,0.6269,0.3826,0.1081,0.3232
q90,0,6,0,1,0.0,0,0.7034,0.6126,0.1777,0.3855
q90,0,7,0,1,0.0,0,0.5823,0.427,0.1203,0.3237
q90,0,8,0,1,0.0,0,0.6391,0.3724,0.1325,0.354
q90,0,9,0,0,0.0,0,0.5003,0.2465,0.0888,0.2783
q90,0,10,0,0,0.0,0,0.445,0.3478,0.0975,0.3084
q90,0,11,0,0,0.0,0,0.5569,0.4072,0.1226,0.3361
q90,0,12,0,0,0.0,0,0.6009,0.4088,0.1254,0.3363
q90,0,13,0,0,0.0,0,0.6267,0.5249,0.144,0.3697
q90,0,14,0,0,0.0,0,0.4597,0.5067,0.1393,0.352
q90,0,15,0,0,0.0,0,0.6274,0.5254,0.1438,0.3707
q90,0,16,0,0,0.0,0,0.6506,0.4671,0.1092,0.3074
q90,0,17,0,0,0.0,0,0.6208,0.4318,0.1013,0.2975
q90,0,18,0,0,0.0,0,0.5361,0.2477,0.1131,0.3339
q90,0,19,0,0,0.0,0,0.5471,0.2509,0.1066,0.3047
q90,0,20,0,0,0.0,0,0.5757,0.4591,0.1338,0.3442
q90,0,21,0,0,0.0,0,0.6318,0.3874,0.1136,0.344
q90,0,22,0,0,0.0,0,0.6552,0.458,0.1427,0.3615
q90,0,23,0,0,0.0,0,0.5983,0.3852,0.1202,0.3139
q90,0,24,0,0,0.0,0,0.6381,0.4575,0.1385,0.3479
q90,0,25,0,0,0.0,0,0.5716,0.5527,0.1507,0.3675
q90,0,26,0,0,0.0,0,0.6267,0.5286,0.128,0.3381
q90,1,2,0,1,0.0,0,0.5181,0.3383,0.1141,0.3404
q90,1,3,0,1,0.0,0,0.5864,0.3321,0.1224,0.3436
q90,1,4,0,1,0.0,0,0.5782,0.315,0.1033,0.3323
q90,1,5,1,1,0.125,1,0.5975,0.4256,0.1416,0.3797
q90,1,6,0,1,0.0,0,0.6152,0.4456,0.1376,0.3597
q90,1,7,0,1,0.0,0,0.5664,0.3674,0.1181,0.3376
q90,1,8,0,1,0.0,0,0.4973,0.2306,0.112,0.3299
q90,1,9,0,0,0.0,0,0.5064,0.3124,0.0974,0.2818
q90,1,10,0,0,0.0,0,0.4197,0.2918,0.1098,0.3403
q90,1,11,0,0,0.1111,1,0.6808,0.3429,0.1292,0.3594
q90,1,12,0,0,0.0,0,0.4735,0.2993,0.1153,0.3293
q90,1,13,0,0,0.0,0,0.482,0.3483,0.1194,0.3635
q90,1,14,0,0,0.0,0,0.5103,0.4638,0.1451,0.3613
q90,1,15,0,0,0.0,0,0.6258,0.4676,0.1424,0.3752
q90,1,16,0,0,0.0,0,0.5482,0.3815,0.1174,0.3316
q90,1,17,0,0,0.0,0,0.5274,0.3229,0.1116,0.3134
q90,1,18,0,0,0.0,0,0.6167,0.2657,0.1262,0.3617
q90,1,19,0,0,0.0,0,0.5011,0.2117,0.1013,0.3036
q90,1,20,0,0,0.1,1,0.6772,0.4185,0.1447,0.3724
q90,1,21,0,0,0.0,0,0.4863,0.3283,0.1166,0.3374
q90,1,22,0,0,0.0,0,0.5833,0.3013,0.1159,0.3444
q90,1,23,0,0,0.0,0,0.6288,0.3649,0.1351,0.3556
q90,1,24,0,0,0.0,0,0.5949,0.3608,0.1259,0.3484
q90,1,25,0,0,0.0,0,0.5789,0.4447,0.1464,0.3808
q90,1,26,0,0,0.0,0,0.482,0.3508,0.1145,0.3349
q90,2,3,1,1,0.1111,1,0.6182,0.4332,0.1652,0.391
q90,2,4,0,1,0.0,0,0.5533,0.341,0.1312,0.3775
q90,2,5,0,1,0.0,0,0.5078,0.366,0.121,0.363
q90,2,6,0,1,0.1,1,0.7078,0.4766,0.1586,0.4049
q90,2,7,0,1,0.0,0,0.5856,0.4109,0.1276,0.3452
q90,2,8,1,1,0.0,0,0.5446,0.3798,0.1336,0.3706
q90,2,9,0,0,0.0,0,0.5074,0.3174,0.0938,0.2743
q90,2,10,0,0,0.0,0,0.4476,0.3779,0.137,0.3642
q90,2,11,0,0,0.0,0,0.5644,0.2565,0.112,0.3401
q90,2,12,0,0,0.0,0,0.495,0.3472,0.1297,0.3609
q90,2,13,0,0,0.0,0,0.5405,0.4355,0.1416,0.3893
q90,2,14,0,0,0.0,0,0.492,0.3671,0.1242,0.3524
q90,2,15,0,0,0.0,0,0.6384,0.4447,0.1409,0.3752
q90,2,16,0,0,0.0,0,0.5648,0.4747,0.1497,0.364
q90,2,17,0,0,0.0,0,0.5087,0.361,0.1115,0.3123
q90,2,18,0,0,0.0,0,0.5317,0.3349,0.12,0.3331
q90,2,19,0,0,0.0,0,0.4861,0.2378,0.098,0.3141
q90,2,20,0,0,0.0,0,0.5749,0.3644,0.1258,0.3577
q90,2,21,0,0,0.0,0,0.5082,0.369,0.1349,0.3631
q90,2,22,0,0,0.0,0,0.5536,0.3821,0.1388,0.3761
q90,2,23,0,0,0.0,0,0.5916,0.2969,0.1068,0.3072
q90,2,24,0,0,0.0,0,0.6121,0.4147,0.1386,0.3613
q90,2,25,0,0,0.0,0,0.5804,0.4339,0.1339,0.3783
q90,2,26,0,0,0.0,0,0.5405,0.5004,0.1547,0.3877
q90,3,4,0,1,0.375,3,0.8847,0.4753,0.1837,0.4236
q90,3,5,0,1,0.0,0,0.5071,0.3482,0.1272,0.3512
q90,3,6,0,1,0.375,3,0.8248,0.5968,0.2126,0.4577
q90,3,7,0,1,0.1111,1,0.7048,0.4463,0.1494,0.3683
q90,3,8,1,1,0.0,0,0.5693,0.5,0.1854,0.4181
q90,3,9,0,0,0.0,0,0.5539,0.4261,0.1159,0.3008
q90,3,10,0,0,0.0,0,0.4588,0.3564,0.1566,0.3832
q90,3,11,0,0,0.0,0,0.5803,0.2772,0.1159,0.354
q90,3,12,0,0,0.0,0,0.5137,0.4071,0.1477,0.3668
q90,3,13,0,0,0.0,0,0.611,0.4448,0.1401,0.3648
q90,3,14,0,0,0.1111,1,0.5407,0.4005,0.1501,0.3747
q90,3,15,0,0,0.2222,2,0.9208,0.6087,0.2166,0.4539
q90,3,16,0,0,0.0,0,0.6349,0.4963,0.1537,0.3783
q90,3,17,0,0,0.0,0,0.5752,0.3682,0.109,0.3187
q90,3,18,0,0,0.0,0,0.5843,0.4036,0.1592,0.3742
q90,3,19,0,0,0.0,0,0.5675,0.272,0.1048,0.3118
q90,3,20,0,0,0.0,0,0.6117,0.3103,0.1257,0.3551
q90,3,21,0,0,0.0,0,0.5571,0.3563,0.1331,0.3663
q90,3,22,0,0,0.4286,3,0.9196,0.5093,0.2071,0.4287
q90,3,23,0,0,0.0,0,0.6433,0.3066,0.1176,0.3251
q90,3,24,0,0,0.1111,1,0.7421,0.4336,0.1925,0.4103
q90,3,25,0,0,0.1111,1,0.6973,0.5549,0.1854,0.4337
q90,3,26,0,0,0.0,0,0.611,0.4795,0.1523,0.3812
q90,4,5,0,1,0.0,0,0.5838,0.2768,0.1199,0.3587
q90,4,6,1,1,0.2,2,0.7801,0.5083,0.2006,0.4569
q90,4,7,1,1,0.2222,2,0.7716,0.451,0.155,0.3763
q90,4,8,0,1,0.0,0,0.5877,0.3817,0.1249,0.3415
q90,4,9,0,0,0.1,1,0.6299,0.2824,0.0768,0.2514
q90,4,10,0,0,0.0,0,0.4539,0.3473,0.1319,0.3706
q90,4,11,0,0,0.0,0,0.579,0.2867,0.123,0.3707
q90,4,12,0,0,0.0,0,0.5448,0.3809,0.1372,0.373
q90,4,13,0,0,0.0,0,0.5747,0.3794,0.1488,0.4115
q90,4,14,0,0,0.1,1,0.5367,0.3642,0.1454,0.3956
q90,4,15,0,0,0.0909,1,0.7993,0.4886,0.1875,0.4388
q90,4,16,0,0,0.0,0,0.639,0.4325,0.1532,0.3988
q90,4,17,0,0,0.0,0,0.5687,0.315,0.1159,0.3713
q90,4,18,0,0,0.0,0,0.5816,0.3456,0.1191,0.3413
q90,4,19,0,0,0.0,0,0.5353,0.2464,0.1051,0.332
q90,4,20,0,0,0.0,0,0.6066,0.3186,0.128,0.396
q90,4,21,0,0,0.0,0,0.5631,0.337,0.1406,0.3803
q90,4,22,0,0,0.375,3,0.9102,0.5258,0.2094,0.4647
q90,4,23,0,0,0.0,0,0.6186,0.3108,0.1226,0.3592
q90,4,24,0,0,0.2222,2,0.7924,0.4165,0.1758,0.4175
q90,4,25,0,0,0.1,1,0.7026,0.4777,0.1684,0.4329
q90,4,26,0,0,0.0,0,0.5747,0.4064,0.1433,0.3963
q90,5,6,0,1,0.0,0,0.5727,0.3267,0.1284,0.3695
q90,5,7,0,1,0.0,0,0.5385,0.2297,0.1013,0.326
q90,5,8,0,1,0.0,0,0.5068,0.2923,0.1003,0.3223
q90,5,9,0,0,0.0,0,0.5036,0.3523,0.0847,0.2482
q90,5,10,0,0,0.0,0,0.5172,0.3239,0.1475,0.3805
q90,5,11,0,0,0.0,0,0.5499,0.4604,0.1646,0.4018
q90,5,12,0,0,0.0,0,0.5146,0.5012,0.163,0.4055
q90,5,13,0,0,0.0,0,0.5524,0.39,0.155,0.4079
q90,5,14,0,0,0.0,0,0.4749,0.3255,0.1334,0.3627
q90,5,15,0,0,0.0,0,0.5691,0.3649,0.1428,0.3938
q90,5,16,0,0,0.0,0,0.5224,0.4138,0.1573,0.4117
q90,5,17,0,0,0.0,0,0.5373,0.3352,0.1394,0.3725
q90,5,18,0,0,0.0,0,0.5201,0.353,0.1248,0.3539
q90,5,19,0,0,0.0,0,0.4751,0.3114,0.124,0.3498
q90,5,20,0,0,0.0,0,0.5657,0.4085,0.154,0.4039
q90,5,21,0,0,0.0,0,0.5684,0.4627,0.169,0.4273
q90,5,22,0,0,0.0,0,0.4988,0.3663,0.1358,0.3742
q90,5,23,0,0,0.0,0,0.5885,0.3721,0.145,0.3859
q90,5,24,0,0,0.0,0,0.5809,0.3792,0.1527,0.3981
q90,5,25,0,0,0.0,0,0.5393,0.332,0.1343,0.3942
q90,5,26,0,0,0.0,0,0.5524,0.4418,0.1511,0.3997
q90,6,7,1,1,0.2222,2,0.8208,0.433,0.1667,0.4119
q90,6,8,0,1,0.0,0,0.5978,0.3868,0.1242,0.3441
q90,6,9,0,0,0.0,0,0.5369,0.4222,0.0959,0.2615
q90,6,10,0,0,0.0,0,0.4728,0.3285,0.1287,0.3666
q90,6,11,0,0,0.0,0,0.5783,0.3742,0.1321,0.3827
q90,6,12,0,0,0.0,0,0.5463,0.454,0.1399,0.3712
q90,6,13,0,0,0.0,0,0.5717,0.3677,0.141,0.3976
q90,6,14,0,0,0.1,1,0.5386,0.4553,0.1661,0.4125
q90,6,15,0,0,0.0909,1,0.7802,0.4747,0.178,0.4382
q90,6,16,0,0,0.0,0,0.6368,0.3825,0.1431,0.3931
q90,6,17,0,0,0.0,0,0.5819,0.2768,0.1069,0.3488
q90,6,18,0,0,0.0,0,0.5644,0.4111,0.1256,0.3456
q90,6,19,0,0,0.0,0,0.5225,0.302,0.1052,0.3233
q90,6,20,0,0,0.0,0,0.5993,0.3995,0.1457,0.4026
q90,6,21,0,0,0.0,0,0.5798,0.3588,0.1306,0.3847
q90,6,22,0,0,0.1,1,0.7319,0.5747,0.2001,0.4589
q90,6,23,0,0,0.0,0,0.6199,0.3324,0.1254,0.3512
q90,6,24,0,0,0.1,1,0.7242,0.4104,0.1593,0.4031
q90,6,25,0,0,0.2222,2,0.8218,0.5244,0.2084,0.4757
q90,6,26,0,0,0.0,0,0.5717,0.4084,0.1461,0.3987
q90,7,8,0,1,0.0,0,0.5651,0.3475,0.1055,0.309
q90,7,9,0,0,0.1111,1,0.6167,0.2555,0.0655,0.2275
q90,7,10,0,0,0.0,0,0.4425,0.2567,0.0988,0.3128
q90,7,11,0,0,0.0,0,0.5686,0.3172,0.1098,0.3322
q90,7,12,0,0,0.0,0,0.5063,0.3711,0.1064,0.3222
q90,7,13,0,0,0.0,0,0.5266,0.368,0.1158,0.3344
q90,7,14,0,0,0.1111,1,0.5283,0.4209,0.1398,0.3626
q90,7,15,0,0,0.1,1,0.7487,0.4638,0.1591,0.3843
q90,7,16,0,0,0.0,0,0.6078,0.3647,0.1159,0.3402
q90,7,17,0,0,0.0,0,0.5468,0.2071,0.0835,0.2989
q90,7,18,0,0,0.0,0,0.5328,0.3695,0.1039,0.3079
q90,7,19,0,0,0.0,0,0.4778,0.2511,0.0843,0.2903
q90,7,20,0,0,0.0,0,0.5878,0.3133,0.1227,0.3388
q90,7,21,0,0,0.0,0,0.5553,0.3253,0.1125,0.3409
q90,7,22,0,0,0.25,2,0.7649,0.4295,0.1442,0.3726
q90,7,23,0,0,0.0,0,0.55,0.3035,0.1136,0.3151
q90,7,24,0,0,0.25,2,0.7532,0.304,0.1243,0.3377
q90,7,25,0,0,0.25,2,0.8119,0.4363,0.1694,0.411
q90,7,26,0,0,0.0,0,0.5266,0.3796,0.1206,0.3486
q90,8,9,0,0,0.0,0,0.493,0.4401,0.1265,0.3054
q90,8,10,0,0,0.2,1,0.5231,0.4425,0.1569,0.371
q90,8,11,0,0,0.0,0,0.4959,0.2095,0.087,0.2962
q90,8,12,0,0,0.0,0,0.6047,0.4411,0.1378,0.3381
q90,8,13,0,0,0.0,0,0.6787,0.4369,0.1328,0.3492
q90,8,14,0,0,0.0,0,0.4262,0.2582,0.0867,0.2984
q90,8,15,0,0,0.0,0,0.5576,0.3882,0.1145,0.3239
q90,8,16,0,0,0.0,0,0.6832,0.4659,0.1196,0.3198
q90,8,17,0,0,0.0,0,0.618,0.3457,0.0942,0.2867
q90,8,18,0,0,0.0,0,0.4483,0.3179,0.1396,0.3702
q90,8,19,0,0,0.0,0,0.4678,0.246,0.0885,0.2937
q90,8,20,0,0,0.0,0,0.507,0.2722,0.0839,0.2862
q90,8,21,0,0,0.0,0,0.616,0.4261,0.1353,0.342
q90,8,22,0,0,0.0,0,0.5517,0.3728,0.1249,0.3353
q90,8,23,0,0,0.0,0,0.5192,0.2502,0.0849,0.281
q90,8,24,0,0,0.0,0,0.5647,0.4471,0.1428,0.3565
q90,8,25,0,0,0.0,0,0.5588,0.4326,0.1302,0.3526
q90,8,26,0,0,0.0,0,0.6787,0.5047,0.135,0.3439
q90,9,10,1,1,0.0,0,0.4271,0.6517,0.1638,0.3357
q90,9,11,0,1,0.0,0,0.5364,0.2874,0.0761,0.2517
q90,9,12,0,1,0.0,0,0.4546,0.4032,0.1102,0.2685
q90,9,13,0,1,0.0,0,0.4941,0.4202,0.1007,0.2697
q90,9,14,0,1,0.0,0,0.4465,0.3044,0.0747,0.2276
q90,9,15,0,1,0.0,0,0.626,0.4391,0.0943,0.2687
q90,9,16,1,1,0.0,0,0.5419,0.6896,0.1386,0.2877
q90,9,17,0,1,0.0,0,0.4695,0.4341,0.086,0.2405
q90,9,18,0,0,0.0,0,0.4955,0.3743,0.1228,0.2988
q90,9,19,0,0,0.0,0,0.4357,0.2555,0.0762,0.2412
q90,9,20,0,0,0.0,0,0.4532,0.3383,0.0824,0.2598
q90,9,21,0,0,0.0,0,0.471,0.3962,0.1007,0.277
q90,9,22,0,0,0.1111,1,0.6235,0.2994,0.0837,0.2513
q90,9,23,0,0,0.0,0,0.4995,0.3054,0.0849,0.2514
q90,9,24,0,0,0.25,2,0.7238,0.5798,0.1429,0.3076
q90,9,25,0,0,0.0,0,0.5103,0.515,0.1109,0.2876
q90,9,26,0,0,0.0,0,0.4941,0.5689,0.1087,0.2641
q90,10,11,0,1,0.0,0,0.4248,0.311,0.118,0.3531
q90,10,12,0,1,0.0,0,0.4462,0.4489,0.152,0.3564
q90,10,13,0,1,0.0,0,0.5305,0.5287,0.1899,0.4127
q90,10,14,0,1,0.0,0,0.3653,0.2525,0.1121,0.3316
q90,10,15,0,1,0.0,0,0.4642,0.3814,0.1472,0.3863
q90,10,16,1,1,0.0,0,0.5186,0.5148,0.1921,0.4118
q90,10,17,0,1,0.0,0,0.4416,0.3427,0.1273,0.3466
q90,10,18,0,0,0.0,0,0.353,0.4153,0.1513,0.3852
q90,10,19,0,0,0.0,0,0.3712,0.3623,0.1287,0.3542
q90,10,20,0,0,0.0,0,0.43,0.2954,0.124,0.3729
q90,10,21,0,0,0.0,0,0.4427,0.3849,0.1655,0.3966
q90,10,22,0,0,0.0,0,0.4502,0.309,0.1233,0.3563
q90,10,23,0,0,0.0,0,0.4206,0.3592,0.1507,0.3773
q90,10,24,0,0,0.0,0,0.5168,0.4963,0.1876,0.4063
q90,10,25,0,0,0.0,0,0.4351,0.3999,0.148,0.3946
q90,10,26,0,0,0.0,0,0.5305,0.5664,0.188,0.4094
q90,11,12,0,1,0.0,0,0.4735,0.3609,0.1449,0.3615
q90,11,13,0,1,0.0,0,0.4735,0.3643,0.1347,0.3669
q90,11,14,1,1,0.0,0,0.6649,0.5803,0.2175,0.4419
q90,11,15,1,1,0.0,0,0.5313,0.5178,0.1843,0.4122
q90,11,16,0,1,0.0,0,0.5393,0.5318,0.1521,0.3793
q90,11,17,0,1,0.0,0,0.5167,0.3729,0.1454,0.3707
q90,11,18,0,0,0.0,0,0.5375,0.2694,0.1049,0.3283
q90,11,19,0,0,0.0,0,0.5497,0.3824,0.1504,0.3646
q90,11,20,0,0,0.8333,5,0.9743,0.7129,0.3242,0.541
q90,11,21,0,0,0.0,0,0.4844,0.3462,0.1247,0.3636
q90,11,22,0,0,0.0,0,0.5819,0.419,0.1829,0.4275
q90,11,23,0,0,0.0,0,0.6086,0.4114,0.1821,0.4109
q90,11,24,0,0,0.0,0,0.5657,0.3459,0.1334,0.3674
q90,11,25,0,0,0.0,0,0.5371,0.4337,0.1451,0.388
q90,11,26,0,0,0.0,0,0.4735,0.417,0.1354,0.3671
q90,12,13,1,1,0.0,0,0.5493,0.514,0.1714,0.4146
q90,12,14,0,1,0.0,0,0.393,0.3087,0.1194,0.3369
q90,12,15,0,1,0.0,0,0.5066,0.4965,0.1583,0.3864
q90,12,16,0,1,0.0,0,0.5324,0.4796,0.1466,0.3589
q90,12,17,1,1,0.0,0,0.5249,0.4132,0.1381,0.3473
q90,12,18,0,0,0.0,0,0.4119,0.3456,0.1368,0.3507
q90,12,19,0,0,0.0,0,0.3999,0.358,0.1324,0.3534
q90,12,20,0,0,0.0,0,0.4945,0.332,0.1298,0.3623
q90,12,21,0,0,0.25,1,0.7795,0.6697,0.265,0.4766
q90,12,22,0,0,0.0,0,0.5001,0.3856,0.1393,0.3688
q90,12,23,0,0,0.0,0,0.4811,0.3341,0.1287,0.3279
q90,12,24,0,0,0.0,0,0.5111,0.4756,0.1667,0.3858
q90,12,25,0,0,0.0,0,0.5005,0.4533,0.1394,0.3741
q90,12,26,0,0,0.0,0,0.5493,0.5524,0.1801,0.4195
q90,13,14,0,1,0.0,0,0.4048,0.337,0.1278,0.3819
q90,13,15,0,1,0.0,0,0.5423,0.4479,0.1511,0.4054
q90,13,16,0,1,0.0,0,0.6513,0.492,0.159,0.4067
q90,13,17,1,1,0.0,0,0.6027,0.3509,0.1362,0.3687
q90,13,18,0,0,0.0,0,0.4307,0.3711,0.1183,0.3486
q90,13,19,0,0,0.0,0,0.5221,0.4068,0.1314,0.3692
q90,13,20,0,0,0.0,0,0.4872,0.3526,0.1421,0.4012
q90,13,21,0,0,0.0,0,0.6028,0.4788,0.1718,0.4235
q90,13,22,0,0,0.0,0,0.5918,0.4221,0.1388,0.3862
q90,13,23,0,0,0.0,0,0.5094,0.3505,0.1264,0.3664
q90,13,24,0,0,0.0,0,0.5603,0.3835,0.1601,0.4025
q90,13,25,0,0,0.0,0,0.5191,0.4499,0.1374,0.3945
q90,13,26,0,0,1.0,3,1.0,0.7902,0.3506,0.567
q90,14,15,1,1,0.1,1,0.6393,0.5973,0.2164,0.459
q90,14,16,0,1,0.0,0,0.4722,0.4383,0.1426,0.3677
q90,14,17,0,1,0.0,0,0.4592,0.3154,0.1171,0.3468
q90,14,18,0,0,0.0,0,0.5346,0.4031,0.1176,0.3333
q90,14,19,0,0,0.0,0,0.4498,0.3627,0.1235,0.3357
q90,14,20,0,0,0.1,1,0.7205,0.5641,0.2185,0.4597
q90,14,21,0,0,0.0,0,0.4078,0.3083,0.1232,0.3522
q90,14,22,0,0,0.1111,1,0.5414,0.5181,0.1998,0.4538
q90,14,23,0,0,0.0,0,0.5135,0.441,0.1709,0.3916
q90,14,24,0,0,0.1111,1,0.5242,0.3446,0.1417,0.3626
q90,14,25,0,0,0.1111,1,0.5937,0.5341,0.1814,0.4276
q90,14,26,0,0,0.0,0,0.4048,0.403,0.129,0.3709
q90,15,16,0,1,0.0,0,0.6243,0.454,0.1602,0.398
q90,15,17,0,1,0.0,0,0.5679,0.3815,0.1342,0.3635
q90,15,18,0,0,0.0,0,0.5587,0.4792,0.1325,0.354
q90,15,19,0,0,0.0,0,0.5872,0.3986,0.1364,0.3577
q90,15,20,0,0,0.0,0,0.5658,0.504,0.177,0.4197
q90,15,21,0,0,0.0,0,0.5536,0.4318,0.1511,0.3977
q90,15,22,0,0,0.2222,2,0.9397,0.5933,0.2245,0.4683
q90,15,23,0,0,0.0,0,0.6586,0.5057,0.1944,0.4261
q90,15,24,0,0,0.1,1,0.7679,0.4933,0.1795,0.4126
q90,15,25,0,0,0.375,3,0.8338,0.5737,0.2321,0.4822
q90,15,26,0,0,0.0,0,0.5423,0.4631,0.1575,0.4114
q90,16,17,0,1,0.0,0,0.6469,0.4081,0.1513,0.3977
q90,16,18,0,0,0.0,0,0.4927,0.4468,0.1243,0.3252
q90,16,19,0,0,0.0,0,0.5069,0.337,0.1039,0.3044
q90,16,20,0,0,0.0,0,0.5617,0.4693,0.1535,0.3895
q90,16,21,0,0,0.0,0,0.5789,0.4488,0.1469,0.3751
q90,16,22,0,0,0.0,0,0.6193,0.4668,0.1435,0.3713
q90,16,23,0,0,0.0,0,0.5725,0.4476,0.1483,0.3654
q90,16,24,0,0,0.0,0,0.6663,0.7021,0.2951,0.5272
q90,16,25,0,0,0.0,0,0.5973,0.4579,0.1766,0.4245
q90,16,26,0,0,0.0,0,0.6513,0.4778,0.1792,0.4253
q90,17,18,0,0,0.0,0,0.4701,0.3072,0.0948,0.2928
q90,17,19,0,0,0.0,0,0.6048,0.4803,0.1468,0.3488
q90,17,20,0,0,0.0,0,0.5443,0.3668,0.1506,0.3837
q90,17,21,0,0,0.0,0,0.5752,0.3831,0.1328,0.3694
q90,17,22,0,0,0.0,0,0.5582,0.3315,0.1154,0.3393
q90,17,23,0,0,0.0,0,0.5575,0.449,0.1514,0.3686
q90,17,24,0,0,0.0,0,0.5693,0.4083,0.1384,0.3776
q90,17,25,0,0,0.0,0,0.5519,0.3224,0.1176,0.3598
q90,17,26,0,0,0.0,0,0.6027,0.3962,0.1408,0.3604
q90,18,19,0,1,0.0,0,0.5018,0.2103,0.1059,0.3305
q90,18,20,0,1,0.0,0,0.4933,0.3908,0.1345,0.3584
q90,18,21,0,1,0.0,0,0.4279,0.3227,0.1209,0.3427
q90,18,22,0,1,0.0,0,0.5838,0.3839,0.1411,0.3571
q90,18,23,0,1,0.0,0,0.6328,0.3578,0.1167,0.3213
q90,18,24,1,1,0.0,0,0.5892,0.5607,0.1887,0.3926
q90,18,25,1,1,0.0,0,0.5177,0.5628,0.1669,0.3866
q90,18,26,0,1,0.0,0,0.4307,0.4217,0.1202,0.3339
q90,19,20,0,1,0.0,0,0.5624,0.4136,0.1485,0.3578
q90,19,21,1,1,0.0,0,0.4505,0.3263,0.1264,0.3476
q90,19,22,0,1,0.0,0,0.5585,0.3067,0.1155,0.3405
q90,19,23,0,1,0.0,0,0.6127,0.4187,0.1443,0.354
q90,19,24,0,1,0.0,0,0.5357,0.3328,0.1235,0.3343
q90,19,25,0,1,0.0,0,0.5025,0.3225,0.1135,0.3521
q90,19,26,1,1,0.0,0,0.5221,0.4517,0.1341,0.3523
q90,20,21,0,1,0.0,0,0.5052,0.3364,0.1308,0.3829
q90,20,22,1,1,0.0,0,0.6132,0.4608,0.1682,0.4291
q90,20,23,1,1,0.0,0,0.6313,0.4824,0.2001,0.4164
q90,20,24,0,1,0.0,0,0.5907,0.3153,0.1323,0.3751
q90,20,25,0,1,0.0,0,0.5689,0.4085,0.144,0.3979
q90,20,26,0,1,0.0,0,0.4872,0.4491,0.1419,0.3904
q90,21,22,0,1,0.0,0,0.5535,0.3515,0.1328,0.3849
q90,21,23,0,1,0.0,0,0.4953,0.3307,0.1258,0.3553
q90,21,24,0,1,0.0,0,0.5438,0.427,0.1537,0.392
q90,21,25,0,1,0.0,0,0.5427,0.4087,0.1488,0.3935
q90,21,26,1,1,0.0,0,0.6028,0.4776,0.162,0.4066
q90,22,23,1,1,0.0,0,0.6456,0.3757,0.1407,0.3569
q90,22,24,0,1,0.25,2,0.7967,0.471,0.1795,0.409
q90,22,25,0,1,0.1111,1,0.7124,0.5775,0.1995,0.4444
q90,22,26,0,1,0.0,0,0.5918,0.4569,0.1415,0.3799
q90,23,24,0,1,0.0,0,0.6216,0.379,0.1466,0.3684
q90,23,25,0,1,0.0,0,0.5836,0.3971,0.1428,0.3757
q90,23,26,0,1,0.0,0,0.5094,0.4062,0.1223,0.3624
q90,24,25,1,1,0.1111,1,0.6859,0.5309,0.1974,0.4326
q90,24,26,0,1,0.0,0,0.5603,0.4716,0.1723,0.4184
q90,25,26,0,1,0.0,0,0.5191,0.4171,0.1476,0.4041
q91,0,1,1,1,0.0,0,0.2152,0.4735,0.1617,0.3457
q91,0,2,0,1,0.0,0,0.2641,0.3082,0.0988,0.2578
q91,0,3,0,1,0.0,0,0.3484,0.336,0.0952,0.2612
q91,0,4,1,1,0.0,0,0.2443,0.5714,0.1684,0.3426
q91,0,5,0,1,0.0,0,0.3097,0.2722,0.1052,0.2819
q91,0,6,0,1,0.0,0,0.3038,0.3711,0.1216,0.289
q91,0,7,0,1,0.0,0,0.3444,0.2138,0.0842,0.2541
q91,0,8,0,1,0.0,0,0.3556,0.2049,0.0702,0.2077
q91,0,9,0,0,0.0,0,0.1649,0.2327,0.1151,0.3037
q91,0,10,0,0,0.0,0,0.2172,0.1123,0.0603,0.23
q91,0,11,0,0,0.0,0,0.2622,0.1851,0.1047,0.3026
q91,0,12,0,0,0.0,0,0.2595,0.3324,0.1111,0.287
q91,0,13,0,0,0.0,0,0.4305,0.186,0.0741,0.2494
q91,0,14,0,0,0.0,0,0.3263,0.3181,0.1052,0.2713
q91,0,15,0,0,0.0,0,0.2909,0.2507,0.0874,0.2679
q91,0,16,0,0,0.0,0,0.4137,0.2462,0.0795,0.248
q91,0,17,0,0,0.0,0,0.3644,0.2956,0.0932,0.2857
q91,0,18,0,0,0.0,0,0.3507,0.2462,0.1162,0.3028
q91,0,19,0,0,0.0,0,0.2876,0.2812,0.1094,0.2811
q91,0,20,0,0,0.0,0,0.3059,0.3217,0.1124,0.3078
q91,0,21,0,0,0.0,0,0.1503,0.1916,0.052,0.2023
q91,0,22,0,0,0.0,0,0.3792,0.2084,0.0743,0.2534
q91,0,23,0,0,0.0,0,0.311,0.2371,0.0985,0.2739
q91,0,24,0,0,0.0,0,0.2935,0.2668,0.1007,0.27
q91,0,25,0,0,0.0,0,0.38,0.2354,0.0718,0.2455
q91,0,26,0,0,0.0,0,0.3534,0.3783,0.1226,0.3312
q91,1,2,0,1,0.0,0,0.3615,0.2496,0.0884,0.2744
q91,1,3,0,1,0.0,0,0.3986,0.288,0.0976,0.2936
q91,1,4,1,1,0.0909,1,0.3478,0.454,0.1566,0.381
q91,1,5,0,1,0.0,0,0.3669,0.2473,0.0997,0.2924
q91,1,6,0,1,0.0,0,0.3823,0.4173,0.1454,0.3304
q91,1,7,0,1,0.1111,1,0.4136,0.2733,0.1036,0.3062
q91,1,8,0,1,0.0,0,0.4361,0.2648,0.0804,0.2456
q91,1,9,0,0,0.0,0,0.2174,0.3307,0.1151,0.3173
q91,1,10,0,0,0.0,0,0.17,0.142,0.0587,0.2315
q91,1,11,0,0,0.0,0,0.2942,0.2737,0.0949,0.2996
q91,1,12,0,0,0.0,0,0.3643,0.2699,0.0981,0.3038
q91,1,13,0,0,0.0,0,0.4657,0.2242,0.0772,0.2746
q91,1,14,0,0,0.0,0,0.4261,0.367,0.126,0.3205
q91,1,15,0,0,0.0,0,0.3515,0.2434,0.0936,0.2795
q91,1,16,0,0,0.0,0,0.4746,0.2185,0.0764,0.2744
q91,1,17,0,0,0.1,1,0.9198,0.3794,0.1378,0.3533
q91,1,18,0,0,0.1,1,0.9702,0.4565,0.1763,0.3636
q91,1,19,0,0,0.0909,1,0.3525,0.4114,0.109,0.2985
q91,1,20,0,0,0.2,2,0.4485,0.2917,0.1125,0.3357
q91,1,21,0,0,0.0,0,0.2173,0.159,0.0591,0.2286
q91,1,22,0,0,0.0,0,0.4417,0.1829,0.0676,0.2611
q91,1,23,0,0,0.0,0,0.6215,0.4488,0.1385,0.3222
q91,1,24,0,0,0.0,0,0.398,0.3089,0.1179,0.3243
q91,1,25,0,0,0.0,0,0.4437,0.2208,0.0772,0.2782
q91,1,26,0,0,0.0,0,0.4554,0.3303,0.1258,0.3354
q91,2,3,1,1,0.2222,2,0.741,0.5592,0.2404,0.4401
q91,2,4,0,1,0.0,0,0.2801,0.2548,0.0966,0.3114
q91,2,5,1,1,0.0,0,0.3832,0.4832,0.1775,0.3651
q91,2,6,0,1,0.0,0,0.3637,0.2587,0.0854,0.2805
q91,2,7,0,1,0.0,0,0.3857,0.2144,0.0939,0.2768
q91,2,8,0,1,0.0,0,0.413,0.1924,0.0763,0.2455
q91,2,9,0,0,0.2857,2,0.8622,0.3969,0.116,0.2816
q91,2,10,0,0,0.0,0,0.2212,0.2674,0.0878,0.264
q91,2,11,0,0,0.0,0,0.313,0.3526,0.0908,0.2681
q91,2,12,0,0,0.0,0,0.3763,0.2933,0.0888,0.2756
q91,2,13,0,0,0.125,1,0.8904,0.2884,0.1071,0.3133
q91,2,14,0,0,0.0,0,0.4052,0.344,0.1152,0.3188
q91,2,15,0,0,0.1111,1,0.4201,0.3074,0.1018,0.2898
q91,2,16,0,0,0.125,1,0.8944,0.3681,0.1541,0.3618
q91,2,17,0,0,0.0,0,0.5017,0.3328,0.1153,0.329
q91,2,18,0,0,0.0,0,0.4624,0.2274,0.0808,0.2506
q91,2,19,0,0,0.0,0,0.3079,0.2458,0.0851,0.2612
q91,2,20,0,0,0.0,0,0.3709,0.1832,0.0736,0.269
q91,2,21,0,0,0.1,1,0.222,0.2885,0.0748,0.2317
q91,2,22,0,0,0.125,1,0.757,0.3056,0.1244,0.3394
q91,2,23,0,0,0.0,0,0.4404,0.2533,0.0837,0.2387
q91,2,24,0,0,0.0,0,0.4047,0.2695,0.0883,0.2906
q91,2,25,0,0,0.125,1,0.7657,0.3082,0.1002,0.331
q91,2,26,0,0,0.0,0,0.4744,0.2189,0.0997,0.3095
q91,3,4,0,1,0.0,0,0.2263,0.2902,0.107,0.3048
q91,3,5,1,1,0.0,0,0.3559,0.4603,0.1555,0.3546
q91,3,6,0,1,0.0,0,0.3452,0.3215,0.1154,0.3199
q91,3,7,0,1,0.0,0,0.3409,0.2002,0.0882,0.2873
q91,3,8,0,1,0.0,0,0.3869,0.2598,0.088,0.2722
q91,3,9,0,0,0.0,0,0.2895,0.3838,0.0928,0.274
q91,3,10,0,0,0.0,0,0.275,0.1794,0.0632,0.2502
q91,3,11,0,0,0.0,0,0.3822,0.4383,0.1125,0.2928
q91,3,12,0,0,0.0,0,0.3509,0.3725,0.1036,0.2938
q91,3,13,0,0,0.25,2,0.8133,0.2308,0.0927,0.2976
q91,3,14,0,0,0.0,0,0.3329,0.3563,0.1287,0.3287
q91,3,15,0,0,0.0,0,0.4275,0.2913,0.097,0.3008
q91,3,16,0,0,0.25,2,0.722,0.2813,0.1004,0.3073
q91,3,17,0,0,0.0,0,0.4109,0.3118,0.1118,0.3244
q91,3,18,0,0,0.0,0,0.3856,0.3629,0.1003,0.2748
q91,3,19,0,0,0.0,0,0.4465,0.2943,0.0776,0.2546
q91,3,20,0,0,0.0,0,0.3031,0.3154,0.1047,0.2966
q91,3,21,0,0,0.0909,1,0.204,0.2202,0.0443,0.1994
q91,3,22,0,0,0.25,2,0.6695,0.3198,0.1004,0.3221
q91,3,23,0,0,0.0,0,0.3575,0.382,0.1025,0.2752
q91,3,24,0,0,0.0,0,0.3829,0.3419,0.1079,0.3067
q91,3,25,0,0,0.4286,3,0.8591,0.3228,0.1067,0.3175
q91,3,26,0,0,0.0,0,0.414,0.272,0.1029,0.3035
q91,4,5,0,1,0.0,0,0.2116,0.2614,0.0971,0.3038
q91,4,6,0,1,0.0,0,0.2105,0.2717,0.1187,0.3345
q91,4,7,0,1,0.0,0,0.3121,0.1961,0.1027,0.2925
q91,4,8,0,1,0.0,0,0.235,0.1617,0.0635,0.2465
q91,4,9,0,0,0.0,0,0.2163,0.3821,0.1184,0.3212
q91,4,10,0,0,0.0,0,0.2278,0.2003,0.0673,0.2469
q91,4,11,0,0,0.0,0,0.2893,0.2647,0.0876,0.2869
q91,4,12,0,0,0.0,0,0.1944,0.2861,0.1001,0.3117
q91,4,13,0,0,0.0,0,0.2757,0.1575,0.0886,0.3074
q91,4,14,0,0,0.0,0,0.2265,0.3431,0.1468,0.3564
q91,4,15,0,0,0.0,0,0.1782,0.2701,0.1078,0.3128
q91,4,16,0,0,0.0,0,0.2674,0.1987,0.0939,0.3055
q91,4,17,0,0,0.0,0,0.5427,0.3079,0.1096,0.3302
q91,4,18,0,0,0.0,0,0.2597,0.3226,0.0981,0.308
q91,4,19,0,0,0.3333,3,0.5194,0.5493,0.1624,0.3571
q91,4,20,0,0,0.0909,1,0.2269,0.4727,0.1468,0.3677
q91,4,21,0,0,0.0,0,0.132,0.1794,0.0552,0.212
q91,4,22,0,0,0.0,0,0.2481,0.1802,0.0866,0.3032
q91,4,23,0,0,0.0,0,0.2435,0.3455,0.0974,0.2965
q91,4,24,0,0,0.0,0,0.215,0.2251,0.1063,0.3091
q91,4,25,0,0,0.0,0,0.2561,0.1987,0.0897,0.3143
q91,4,26,0,0,0.0,0,0.3145,0.4078,0.1504,0.3757
q91,5,6,0,1,0.0,0,0.3986,0.3418,0.1208,0.312
q91,5,7,0,1,0.0,0,0.4047,0.2826,0.0955,0.2956
q91,5,8,0,1,0.0,0,0.4243,0.2288,0.0727,0.2481
q91,5,9,0,0,0.0,0,0.3114,0.3864,0.1235,0.3251
q91,5,10,0,0,0.0,0,0.2727,0.23,0.0804,0.2543
q91,5,11,0,0,0.0,0,0.3367,0.3624,0.1092,0.2924
q91,5,12,0,0,0.0,0,0.4359,0.3092,0.1215,0.3174
q91,5,13,0,0,0.0,0,0.3434,0.2804,0.1134,0.3087
q91,5,14,0,0,0.0,0,0.3105,0.3114,0.1104,0.312
q91,5,15,0,0,0.1111,1,0.6353,0.3853,0.142,0.3444
q91,5,16,0,0,0.0,0,0.4129,0.2484,0.0937,0.2835
q91,5,17,0,0,0.0,0,0.3347,0.3043,0.1093,0.3348
q91,5,18,0,0,0.0,0,0.32,0.2573,0.1006,0.2885
q91,5,19,0,0,0.0,0,0.3179,0.3261,0.0848,0.2651
q91,5,20,0,0,0.0,0,0.3527,0.2529,0.0851,0.2745
q91,5,21,0,0,0.0,0,0.1815,0.2752,0.0698,0.245
q91,5,22,0,0,0.0,0,0.3962,0.2391,0.0832,0.3015
q91,5,23,0,0,0.0,0,0.2938,0.2553,0.0932,0.2598
q91,5,24,0,0,0.0,0,0.453,0.2864,0.1147,0.3124
q91,5,25,0,0,0.0,0,0.389,0.2755,0.0845,0.295
q91,5,26,0,0,0.0,0,0.3176,0.2489,0.1,0.2954
q91,6,7,1,1,0.0,0,0.5281,0.4089,0.1456,0.3438
q91,6,8,1,1,0.125,1,0.3951,0.4406,0.1534,0.3391
q91,6,9,0,0,0.0,0,0.3126,0.3986,0.1139,0.2752
q91,6,10,0,0,0.0,0,0.2362,0.1176,0.0508,0.2207
q91,6,11,0,0,0.0,0,0.3508,0.3098,0.1016,0.2801
q91,6,12,0,0,0.0,0,0.3378,0.2597,0.0923,0.2906
q91,6,13,0,0,0.0,0,0.2458,0.2489,0.0783,0.2709
q91,6,14,0,0,0.0,0,0.3249,0.3364,0.1199,0.3178
q91,6,15,0,0,0.0,0,0.2764,0.2744,0.0965,0.2753
q91,6,16,0,0,0.0,0,0.2459,0.3079,0.1025,0.3006
q91,6,17,0,0,0.0,0,0.2349,0.2971,0.1254,0.3139
q91,6,18,0,0,0.0,0,0.2346,0.4145,0.1459,0.3171
q91,6,19,0,0,0.0,0,0.2651,0.3587,0.0913,0.2625
q91,6,20,0,0,0.0,0,0.3402,0.2989,0.1007,0.2819
q91,6,21,0,0,0.0,0,0.1466,0.1254,0.036,0.1799
q91,6,22,0,0,0.0,0,0.2403,0.2491,0.0882,0.3048
q91,6,23,0,0,0.125,1,0.2688,0.3556,0.1168,0.2834
q91,6,24,0,0,0.0,0,0.3645,0.2523,0.1152,0.3072
q91,6,25,0,0,0.0,0,0.2327,0.2766,0.0909,0.297
q91,6,26,0,0,0.0,0,0.2131,0.2848,0.1049,0.2888
q91,7,8,1,1,0.0,0,0.4193,0.3613,0.1193,0.3184
q91,7,9,0,0,0.0,0,0.2561,0.2611,0.0792,0.251
q91,7,10,0,0,0.0,0,0.3035,0.1629,0.0588,0.2412
q91,7,11,0,0,0.0,0,0.4057,0.2774,0.0895,0.2756
q91,7,12,0,0,0.0,0,0.3207,0.2162,0.079,0.268
q91,7,13,0,0,0.0,0,0.2915,0.2401,0.0917,0.2964
q91,7,14,0,0,0.0,0,0.3343,0.2288,0.1002,0.3032
q91,7,15,0,0,0.0,0,0.2992,0.186,0.0791,0.269
q91,7,16,0,0,0.0,0,0.282,0.2859,0.0878,0.2806
q91,7,17,0,0,0.0,0,0.3229,0.2191,0.09,0.2867
q91,7,18,0,0,0.0,0,0.2711,0.2613,0.0901,0.2734
q91,7,19,0,0,0.0,0,0.3439,0.2467,0.0829,0.2575
q91,7,20,0,0,0.1111,1,0.3943,0.158,0.0791,0.2714
q91,7,21,0,0,0.0,0,0.1422,0.1376,0.0458,0.2044
q91,7,22,0,0,0.0,0,0.2676,0.1634,0.0844,0.2919
q91,7,23,0,0,0.0,0,0.3489,0.2381,0.0806,0.2537
q91,7,24,0,0,0.0,0,0.356,0.2302,0.0899,0.2927
q91,7,25,0,0,0.0,0,0.2633,0.2423,0.0814,0.2939
q91,7,26,0,0,0.0,0,0.3128,0.1854,0.0972,0.2905
q91,8,9,0,0,0.0,0,0.2958,0.1915,0.0505,0.1875
q91,8,10,0,0,0.0,0,0.2547,0.0793,0.0404,0.1873
q91,8,11,0,0,0.0,0,0.4062,0.2699,0.0728,0.2218
q91,8,12,0,0,0.0,0,0.3672,0.1764,0.0627,0.2302
q91,8,13,0,0,0.0,0,0.4824,0.1983,0.0803,0.2725
q91,8,14,0,0,0.0,0,0.3587,0.3112,0.1324,0.3247
q91,8,15,0,0,0.0,0,0.3636,0.1454,0.0602,0.226
q91,8,16,0,0,0.0,0,0.4884,0.2454,0.0842,0.2796
q91,8,17,0,0,0.0,0,0.4534,0.1725,0.0596,0.2536
q91,8,18,0,0,0.0,0,0.448,0.2234,0.0738,0.231
q91,8,19,0,0,0.0,0,0.3412,0.2249,0.0505,0.1839
q91,8,20,0,0,0.0,0,0.3988,0.1466,0.0407,0.196
q91,8,21,0,0,0.0,0,0.1966,0.1539,0.0326,0.1771
q91,8,22,0,0,0.0,0,0.4588,0.2066,0.0892,0.284
q91,8,23,0,0,0.0,0,0.4775,0.2553,0.0772,0.2415
q91,8,24,0,0,0.0,0,0.4017,0.2391,0.0734,0.2433
q91,8,25,0,0,0.0,0,0.4573,0.223,0.0832,0.2749
q91,8,26,0,0,0.0,0,0.4462,0.1515,0.0581,0.22
q91,9,10,0,1,0.0,0,0.1776,0.1037,0.064,0.2339
q91,9,11,0,1,0.1111,1,0.2399,0.2794,0.1092,0.3118
q91,9,12,0,1,0.0,0,0.2676,0.3098,0.1064,0.2786
q91,9,13,0,1,0.0,0,0.3045,0.2567,0.0787,0.2613
q91,9,14,0,1,0.1111,1,0.3039,0.4943,0.1327,0.3007
q91,9,15,1,1,0.125,1,0.3391,0.517,0.153,0.3181
q91,9,16,0,1,0.0,0,0.3408,0.228,0.0602,0.2335
q91,9,17,1,1,0.0,0,0.6649,0.5579,0.1536,0.3665
q91,9,18,0,0,0.0,0,0.2924,0.3664,0.1276,0.32
q91,9,19,0,0,0.0,0,0.252,0.3272,0.1301,0.3299
q91,9,20,0,0,0.0,0,0.2197,0.3046,0.1155,0.337
q91,9,21,0,0,0.0,0,0.0813,0.1417,0.0533,0.2306
q91,9,22,0,0,0.0,0,0.3304,0.2089,0.0528,0.2349
q91,9,23,0,0,0.0,0,0.2964,0.2573,0.1118,0.2816
q91,9,24,0,0,0.0,0,0.2624,0.3603,0.1049,0.2844
q91,9,25,0,0,0.0,0,0.3466,0.1915,0.0599,0.253
q91,9,26,0,0,0.0,0,0.3201,0.3229,0.1051,0.3051
q91,10,11,0,1,0.0,0,0.2509,0.1446,0.0757,0.2532
q91,10,12,0,1,0.0,0,0.2472,0.1707,0.0688,0.2475
q91,10,13,1,1,0.0,0,0.3463,0.2448,0.0827,0.2559
q91,10,14,0,1,0.0,0,0.2441,0.2117,0.0711,0.2464
q91,10,15,0,1,0.0,0,0.2257,0.1071,0.0534,0.2067
q91,10,16,1,1,0.0,0,0.3234,0.3528,0.1129,0.2721
q91,10,17,0,1,0.0,0,0.3792,0.1751,0.0614,0.2496
q91,10,18,0,0,0.0,0,0.2651,0.1324,0.0656,0.2465
q91,10,19,0,0,0.0,0,0.2818,0.1716,0.0689,0.2296
q91,10,20,0,0,0.0,0,0.2433,0.1481,0.0599,0.2329
q91,10,21,0,0,0.0,0,0.139,0.2773,0.1261,0.2848
q91,10,22,0,0,0.0,0,0.2918,0.2456,0.0758,0.2593
q91,10,23,0,0,0.0,0,0.1968,0.1175,0.0563,0.2178
q91,10,24,0,0,0.0,0,0.2557,0.1533,0.0583,0.2437
q91,10,25,0,0,0.0,0,0.2906,0.2605,0.0683,0.2509
q91,10,26,0,0,0.0,0,0.3116,0.1986,0.0736,0.255
q91,11,12,1,1,0.0,0,0.3295,0.4286,0.1324,0.3136
q91,11,13,0,1,0.0,0,0.4645,0.2947,0.0865,0.2794
q91,11,14,1,1,0.2,2,0.4275,0.4414,0.1089,0.2912
q91,11,15,0,1,0.0,0,0.322,0.2511,0.0709,0.2403
q91,11,16,0,1,0.0,0,0.449,0.3008,0.0823,0.2531
q91,11,17,0,1,0.0,0,0.4581,0.3662,0.1033,0.2901
q91,11,18,0,0,0.0,0,0.4481,0.3847,0.1439,0.35
q91,11,19,0,0,0.0,0,0.3514,0.1781,0.0763,0.2685
q91,11,20,0,0,0.0,0,0.3437,0.2496,0.0855,0.2847
q91,11,21,0,0,0.0,0,0.1484,0.1916,0.0611,0.216
q91,11,22,0,0,0.0,0,0.4293,0.3737,0.1069,0.2992
q91,11,23,0,0,0.0,0,0.3736,0.2391,0.0998,0.2748
q91,11,24,0,0,0.0,0,0.3518,0.5474,0.147,0.3243
q91,11,25,0,0,0.0,0,0.4144,0.291,0.0944,0.3005
q91,11,26,0,0,0.0,0,0.4419,0.288,0.1059,0.3076
q91,12,13,0,1,0.0,0,0.3693,0.1997,0.0798,0.2653
q91,12,14,1,1,0.0,0,0.319,0.4625,0.1252,0.3009
q91,12,15,0,1,0.0,0,0.4241,0.2778,0.115,0.2834
q91,12,16,0,1,0.0,0,0.4699,0.224,0.0777,0.2527
q91,12,17,0,1,0.0,0,0.358,0.327,0.1181,0.3411
q91,12,18,0,0,0.0,0,0.3493,0.3435,0.1168,0.3101
q91,12,19,0,0,0.0,0,0.2744,0.3211,0.0771,0.2546
q91,12,20,0,0,0.0,0,0.3194,0.227,0.0824,0.2761
q91,12,21,0,0,0.0,0,0.1797,0.2375,0.0681,0.239
q91,12,22,0,0,0.0,0,0.4676,0.24,0.093,0.2797
q91,12,23,0,0,0.0,0,0.3252,0.2513,0.0951,0.2743
q91,12,24,0,0,0.8333,5,0.8766,0.5799,0.2084,0.414
q91,12,25,0,0,0.0,0,0.4683,0.2261,0.0907,0.2793
q91,12,26,0,0,0.0,0,0.3256,0.2835,0.1059,0.3177
q91,13,14,0,1,0.0,0,0.432,0.2168,0.0942,0.3017
q91,13,15,0,1,0.0,0,0.4146,0.1973,0.0836,0.2755
q91,13,16,1,1,0.6,3,0.8469,0.4813,0.1868,0.4104
q91,13,17,0,1,0.0,0,0.3982,0.2176,0.0884,0.2997
q91,13,18,0,0,0.0,0,0.454,0.2202,0.0721,0.2598
q91,13,19,0,0,0.0,0,0.4556,0.1697,0.0622,0.2314
q91,13,20,0,0,0.0,0,0.4661,0.1264,0.0564,0.2424
q91,13,21,0,0,0.0,0,0.2518,0.3109,0.0852,0.2603
q91,13,22,0,0,0.3333,2,0.7196,0.3762,0.14,0.369
q91,13,23,0,0,0.0,0,0.4109,0.2452,0.0758,0.2483
q91,13,24,0,0,0.0,0,0.3997,0.2318,0.0872,0.283
q91,13,25,0,0,0.3333,2,0.705,0.3697,0.1348,0.37
q91,13,26,0,0,0.0,0,0.4253,0.2312,0.089,0.2882
q91,14,15,0,1,0.0,0,0.3162,0.28,0.092,0.2879
q91,14,16,0,1,0.0,0,0.4294,0.312,0.1155,0.3237
q91,14,17,0,1,0.0,0,0.3818,0.3376,0.1265,0.3297
q91,14,18,0,0,0.2222,2,0.6945,0.5,0.1546,0.3318
q91,14,19,0,0,0.0,0,0.2859,0.3662,0.1152,0.288
q91,14,20,0,0,0.0,0,0.3407,0.3599,0.1339,0.3125
q91,14,21,0,0,0.0,0,0.2205,0.2243,0.0504,0.2043
q91,14,22,0,0,0.0,0,0.3995,0.242,0.099,0.3097
q91,14,23,0,0,0.1,1,0.6885,0.5289,0.1515,0.3346
q91,14,24,0,0,0.0,0,0.3492,0.3961,0.1183,0.3124
q91,14,25,0,0,0.0,0,0.3918,0.242,0.0988,0.3139
q91,14,26,0,0,0.0,0,0.3547,0.3109,0.1212,0.3194
q91,15,16,0,1,0.0,0,0.5121,0.1872,0.0762,0.2629
q91,15,17,1,1,0.0,0,0.3523,0.3644,0.1347,0.3524
q91,15,18,0,0,0.0,0,0.3314,0.2702,0.0833,0.2629
q91,15,19,0,0,0.0,0,0.3794,0.357,0.0904,0.2579
q91,15,20,0,0,0.0,0,0.3586,0.329,0.0913,0.2808
q91,15,21,0,0,0.0,0,0.1978,0.1325,0.0497,0.2087
q91,15,22,0,0,0.0,0,0.4783,0.1571,0.067,0.2769
q91,15,23,0,0,0.0,0,0.3112,0.308,0.0906,0.2731
q91,15,24,0,0,0.0,0,0.4405,0.2587,0.0949,0.2955
q91,15,25,0,0,0.0,0,0.5025,0.1487,0.0739,0.2788
q91,15,26,0,0,0.0,0,0.3324,0.3119,0.0992,0.3026
q91,16,17,0,1,0.0,0,0.3978,0.1953,0.086,0.3038
q91,16,18,0,0,0.0,0,0.4598,0.2363,0.0762,0.2542
q91,16,19,0,0,0.0,0,0.4353,0.2023,0.0669,0.2321
q91,16,20,0,0,0.0,0,0.456,0.1616,0.0732,0.2557
q91,16,21,0,0,0.0,0,0.2618,0.2926,0.0616,0.2228
q91,16,22,0,0,0.6,3,0.8807,0.5388,0.2287,0.4538
q91,16,23,0,0,0.0,0,0.4346,0.2533,0.0767,0.2425
q91,16,24,0,0,0.0,0,0.4961,0.2567,0.0783,0.2761
q91,16,25,0,0,0.6,3,0.8648,0.4703,0.1705,0.4003
q91,16,26,0,0,0.0,0,0.4163,0.2455,0.1002,0.3077
q91,17,18,0,0,0.1111,1,0.5749,0.4508,0.1341,0.3309
q91,17,19,0,0,0.0,0,0.4937,0.4473,0.1099,0.3145
q91,17,20,0,0,0.0,0,0.4416,0.347,0.102,0.3233
q91,17,21,0,0,0.0,0,0.2352,0.2314,0.06,0.2323
q91,17,22,0,0,0.0,0,0.3723,0.1854,0.0833,0.3048
q91,17,23,0,0,0.0,0,0.4582,0.3759,0.1075,0.2883
q91,17,24,0,0,0.0,0,0.3718,0.3612,0.1338,0.3484
q91,17,25,0,0,0.0,0,0.4246,0.2377,0.0918,0.3035
q91,17,26,0,0,0.0,0,0.3763,0.3896,0.1377,0.3594
q91,18,19,0,1,0.0,0,0.3221,0.2316,0.0995,0.2787
q91,18,20,0,1,0.0,0,0.4806,0.329,0.1171,0.3152
q91,18,21,0,1,0.0,0,0.2632,0.1254,0.0551,0.2081
q91,18,22,0,1,0.0,0,0.4212,0.25,0.0825,0.2685
q91,18,23,1,1,0.1111,1,0.7338,0.46,0.1902,0.3718
q91,18,24,1,1,0.0,0,0.3711,0.5605,0.1768,0.3668
q91,18,25,0,1,0.0,0,0.4184,0.2153,0.0782,0.2773
q91,18,26,0,1,0.0,0,0.3612,0.3452,0.0999,0.3077
q91,19,20,1,1,0.0909,1,0.2874,0.4958,0.2038,0.4094
q91,19,21,0,1,0.0,0,0.1553,0.106,0.0493,0.2134
q91,19,22,0,1,0.0,0,0.3516,0.1246,0.0591,0.2237
q91,19,23,0,1,0.0,0,0.2922,0.1976,0.0815,0.2429
q91,19,24,0,1,0.0,0,0.2992,0.2274,0.0702,0.25
q91,19,25,0,1,0.0,0,0.4646,0.1246,0.0538,0.2359
q91,19,26,1,1,0.0909,1,0.3749,0.5778,0.1722,0.3656
q91,20,21,0,1,0.0,0,0.1932,0.1142,0.0458,0.2127
q91,20,22,0,1,0.0,0,0.4222,0.1307,0.0651,0.2583
q91,20,23,0,1,0.0,0,0.4731,0.2979,0.1095,0.2902
q91,20,24,0,1,0.0,0,0.3613,0.1681,0.0844,0.2788
q91,20,25,0,1,0.0,0,0.4252,0.1846,0.0753,0.2764
q91,20,26,1,1,0.0,0,0.4478,0.5388,0.1976,0.3998
q91,21,22,1,1,0.0,0,0.238,0.2854,0.0649,0.2171
q91,21,23,0,1,0.0,0,0.2406,0.156,0.0606,0.2054
q91,21,24,0,1,0.0,0,0.2047,0.2161,0.0604,0.2147
q91,21,25,1,1,0.0,0,0.2386,0.2915,0.0716,0.2151
q91,21,26,0,1,0.0,0,0.2342,0.1784,0.063,0.2372
q91,22,23,0,1,0.0,0,0.4043,0.2634,0.0772,0.2549
q91,22,24,0,1,0.0,0,0.4965,0.2824,0.0904,0.2912
q91,22,25,1,1,0.3333,2,0.8334,0.7007,0.3355,0.5648
q91,22,26,0,1,0.0,0,0.3938,0.2233,0.0886,0.2967
q91,23,24,1,1,0.0,0,0.3501,0.4195,0.1349,0.3127
q91,23,25,0,1,0.0,0,0.3991,0.307,0.0911,0.2591
q91,23,26,0,1,0.0,0,0.3293,0.305,0.1003,0.2842
q91,24,25,0,1,0.0,0,0.4931,0.2182,0.08,0.2804
q91,24,26,0,1,0.0,0,0.3498,0.215,0.1008,0.3211
q91,25,26,0,1,0.0,0,0.3904,0.211,0.0869,0.3083
q92,0,1,1,1,0.0,0,0.5587,0.3097,0.147,0.3583
q92,0,2,0,1,0.0,0,0.4994,0.2464,0.0946,0.2689
q92,0,3,0,1,0.0,0,0.5342,0.2767,0.108,0.3054
q92,0,4,1,1,0.0,0,0.5497,0.3937,0.1492,0.3774
q92,0,5,0,1,0.0,0,0.4329,0.2593,0.1126,0.3335
q92,0,6,0,1,0.0,0,0.578,0.2736,0.1244,0.3335
q92,0,7,0,1,0.0,0,0.5464,0.2794,0.1133,0.3315
q92,0,8,0,1,0.0,0,0.464,0.2972,0.1014,0.3152
q92,0,9,0,0,0.0,0,0.4976,0.3376,0.0918,0.2638
q92,0,10,0,0,0.0,0,0.3477,0.1687,0.0786,0.2808
q92,0,11,0,0,0.0,0,0.5943,0.3447,0.1414,0.3548
q92,0,12,0,0,0.0,0,0.5018,0.2528,0.1086,0.3159
q92,0,13,0,0,0.0,0,0.5701,0.375,0.1408,0.3468
q92,0,14,0,0,0.0,0,0.501,0.2936,0.1259,0.3546
q92,0,15,0,0,0.0,0,0.3969,0.2927,0.1342,0.352
q92,0,16,0,0,0.0,0,0.3925,0.1597,0.0755,0.2928
q92,0,17,0,0,0.0,0,0.4448,0.1606,0.0811,0.2958
q92,0,18,0,0,0.125,1,0.7911,0.5271,0.2036,0.436
q92,0,19,0,0,0.0,0,0.3356,0.1219,0.0724,0.2805
q92,0,20,0,0,0.0,0,0.4751,0.3881,0.1515,0.346
q92,0,21,0,0,0.0,0,0.3539,0.1846,0.0917,0.2998
q92,0,22,0,0,0.0,0,0.592,0.3754,0.1369,0.3469
q92,0,23,0,0,0.0,0,0.399,0.2011,0.0902,0.2951
q92,1,2,0,1,0.0,0,0.5033,0.2068,0.0814,0.2556
q92,1,3,0,1,0.0,0,0.45,0.2912,0.1014,0.2935
q92,1,4,1,1,0.0,0,0.6767,0.4895,0.1842,0.3952
q92,1,5,0,1,0.0,0,0.405,0.3157,0.1136,0.3157
q92,1,6,0,1,0.0,0,0.5561,0.3586,0.1264,0.3277
q92,1,7,0,1,0.0,0,0.5476,0.3846,0.1394,0.3378
q92,1,8,0,1,0.0,0,0.5041,0.3212,0.0998,0.2829
q92,1,9,0,0,0.0,0,0.5032,0.3538,0.1001,0.2679
q92,1,10,0,0,0.0,0,0.3264,0.1618,0.0757,0.2655
q92,1,11,0,0,0.0,0,0.4703,0.2388,0.1215,0.3171
q92,1,12,0,0,0.0,0,0.4962,0.2982,0.1299,0.3226
q92,1,13,0,0,0.0,0,0.5011,0.3237,0.1274,0.3172
q92,1,14,0,0,0.0,0,0.3782,0.3307,0.1181,0.3339
q92,1,15,0,0,0.0,0,0.4282,0.3671,0.1438,0.3446
q92,1,16,0,0,0.0,0,0.3932,0.2328,0.0822,0.2681
q92,1,17,0,0,0.0,0,0.4146,0.1823,0.0787,0.2626
q92,1,18,0,0,0.0,0,0.5221,0.3162,0.1289,0.3456
q92,1,19,0,0,0.0,0,0.4042,0.1908,0.094,0.287
q92,1,20,0,0,0.0,0,0.4341,0.3222,0.156,0.3383
q92,1,21,0,0,0.0,0,0.3409,0.2168,0.094,0.2845
q92,1,22,0,0,0.0,0,0.5181,0.3611,0.1478,0.3424
q92,1,23,0,0,0.0,0,0.348,0.2138,0.0863,0.2686
q92,2,3,0,1,0.0,0,0.4853,0.4265,0.1567,0.3393
q92,2,4,0,1,0.0,0,0.48,0.2015,0.0789,0.2691
q92,2,5,1,1,0.1111,1,0.5834,0.5666,0.1987,0.3811
q92,2,6,0,1,0.0,0,0.5684,0.4576,0.1417,0.3236
q92,2,7,0,1,0.0,0,0.5556,0.4402,0.1358,0.3179
q92,2,8,1,1,0.0,0,0.5475,0.5218,0.1759,0.3444
q92,2,9,0,0,0.0,0,0.4429,0.1868,0.0557,0.2042
q92,2,10,0,0,0.0,0,0.3807,0.3194,0.0983,0.2812
q92,2,11,0,0,0.0,0,0.4609,0.2319,0.096,0.2551
q92,2,12,0,0,0.0,0,0.4968,0.2435,0.0995,0.2665
q92,2,13,0,0,0.0,0,0.5015,0.4019,0.1329,0.3197
q92,2,14,0,0,0.0,0,0.4428,0.231,0.085,0.2746
q92,2,15,0,0,0.0,0,0.53,0.2609,0.105,0.2761
q92,2,16,0,0,0.0,0,0.3872,0.2702,0.09,0.2682
q92,2,17,0,0,0.0,0,0.4282,0.2302,0.0738,0.2407
q92,2,18,0,0,0.0,0,0.5203,0.4075,0.1231,0.3221
q92,2,19,0,0,0.0,0,0.4084,0.1624,0.0722,0.2502
q92,2,20,0,0,0.0,0,0.434,0.2831,0.1044,0.2833
q92,2,21,0,0,0.0,0,0.3939,0.2997,0.1106,0.2931
q92,2,22,0,0,0.0,0,0.5695,0.3829,0.1252,0.3114
q92,2,23,0,0,0.0,0,0.3706,0.2124,0.0787,0.2503
q92,3,4,0,1,0.0,0,0.4495,0.2852,0.1041,0.307
q92,3,5,0,1,0.0,0,0.4753,0.4226,0.1507,0.3331
q92,3,6,1,1,0.0,0,0.568,0.4891,0.1456,0.3369
q92,3,7,1,1,0.0,0,0.5165,0.5201,0.1748,0.3683
q92,3,8,0,1,0.0,0,0.5969,0.4553,0.1414,0.319
q92,3,9,0,0,0.0,0,0.4358,0.3039,0.0762,0.2234
q92,3,10,0,0,0.0,0,0.3534,0.3097,0.0931,0.2865
q92,3,11,0,0,0.0,0,0.5054,0.2739,0.1072,0.3035
q92,3,12,0,0,0.0,0,0.5194,0.2025,0.0949,0.2866
q92,3,13,0,0,0.0,0,0.5147,0.3994,0.1459,0.3405
q92,3,14,0,0,0.0,0,0.5106,0.256,0.111,0.3219
q92,3,15,0,0,0.0,0,0.4715,0.2812,0.1047,0.2964
q92,3,16,0,0,0.0,0,0.4612,0.2382,0.0825,0.2748
q92,3,17,0,0,0.0,0,0.5011,0.2264,0.0815,0.2681
q92,3,18,0,0,0.0,0,0.4744,0.3499,0.1239,0.3467
q92,3,19,0,0,0.0,0,0.4552,0.1891,0.0837,0.2645
q92,3,20,0,0,0.0,0,0.4652,0.4578,0.1726,0.3826
q92,3,21,0,0,0.0,0,0.4053,0.2777,0.1103,0.3085
q92,3,22,0,0,0.0,0,0.5678,0.4126,0.1409,0.3262
q92,3,23,0,0,0.0,0,0.4183,0.2478,0.0879,0.2644
q92,4,5,0,1,0.0,0,0.4345,0.232,0.1101,0.33
q92,4,6,0,1,0.0,0,0.5981,0.2957,0.1223,0.3495
q92,4,7,0,1,0.0,0,0.5455,0.3177,0.1311,0.3751
q92,4,8,0,1,0.0,0,0.4427,0.199,0.0944,0.3036
q92,4,9,0,0,0.125,1,0.7056,0.6589,0.1376,0.3184
q92,4,10,0,0,0.0,0,0.2937,0.1931,0.08,0.2839
q92,4,11,0,0,0.0,0,0.4487,0.3684,0.119,0.326
q92,4,12,0,0,0.0,0,0.4563,0.2454,0.102,0.3096
q92,4,13,0,0,0.0,0,0.5476,0.2993,0.1122,0.3292
q92,4,14,0,0,0.0,0,0.4063,0.3052,0.1228,0.3757
q92,4,15,0,0,0.0,0,0.467,0.3053,0.1144,0.3301
q92,4,16,0,0,0.0,0,0.3342,0.1742,0.0881,0.3108
q92,4,17,0,0,0.0,0,0.451,0.1607,0.0895,0.3138
q92,4,18,0,0,0.0,0,0.5577,0.3583,0.1456,0.3777
q92,4,19,0,0,0.0,0,0.2892,0.2062,0.0939,0.3154
q92,4,20,0,0,0.1429,1,0.574,0.5455,0.1885,0.4102
q92,4,21,0,0,0.0,0,0.3194,0.2158,0.0985,0.3236
q92,4,22,0,0,0.0,0,0.5422,0.3345,0.1272,0.3444
q92,4,23,0,0,0.0,0,0.3638,0.1846,0.1011,0.3132
q92,5,6,0,1,0.0,0,0.5959,0.4429,0.1794,0.393
q92,5,7,0,1,0.0,0,0.5567,0.3681,0.1422,0.356
q92,5,8,1,1,0.0,0,0.5219,0.5218,0.2047,0.4107
q92,5,9,0,0,0.0,0,0.4483,0.2981,0.0712,0.2257
q92,5,10,0,0,0.0,0,0.43,0.3207,0.1097,0.32
q92,5,11,0,0,0.0,0,0.3885,0.3611,0.132,0.33
q92,5,12,0,0,0.0,0,0.4974,0.3326,0.1181,0.3171
q92,5,13,0,0,0.0,0,0.482,0.3909,0.1355,0.3435
q92,5,14,0,0,0.0,0,0.4203,0.3182,0.1349,0.3737
q92,5,15,0,0,0.0,0,0.5499,0.3675,0.1296,0.3337
q92,5,16,0,0,0.0,0,0.3653,0.3356,0.121,0.3427
q92,5,17,0,0,0.0,0,0.4263,0.3173,0.1211,0.3333
q92,5,18,0,0,0.0,0,0.4267,0.344,0.137,0.3795
q92,5,19,0,0,0.0,0,0.3777,0.3171,0.1115,0.3217
q92,5,20,0,0,0.0,0,0.4028,0.3523,0.1224,0.3104
q92,5,21,0,0,0.0,0,0.3851,0.3972,0.143,0.358
q92,5,22,0,0,0.0,0,0.5581,0.398,0.1456,0.3553
q92,5,23,0,0,0.0,0,0.3983,0.3233,0.1127,0.3164
q92,6,7,1,1,0.0,0,0.6415,0.4971,0.1887,0.3998
q92,6,8,0,1,0.0,0,0.5601,0.4147,0.1599,0.3608
q92,6,9,0,0,0.0,0,0.5325,0.297,0.0734,0.2311
q92,6,10,0,0,0.0,0,0.4517,0.3751,0.1063,0.3111
q92,6,11,0,0,0.0,0,0.5364,0.4185,0.1372,0.3501
q92,6,12,0,0,0.0,0,0.5345,0.3432,0.1347,0.3326
q92,6,13,0,0,0.0,0,0.5633,0.4157,0.1458,0.3381
q92,6,14,0,0,0.0,0,0.523,0.3193,0.141,0.3751
q92,6,15,0,0,0.0,0,0.6302,0.4349,0.1534,0.3623
q92,6,16,0,0,0.0,0,0.4632,0.3221,0.1136,0.3242
q92,6,17,0,0,0.0,0,0.5637,0.3029,0.1122,0.3142
q92,6,18,0,0,0.0,0,0.5789,0.4276,0.1651,0.4007
q92,6,19,0,0,0.0,0,0.4016,0.3016,0.1171,0.3217
q92,6,20,0,0,0.0,0,0.4954,0.448,0.1475,0.345
q92,6,21,0,0,0.0,0,0.4544,0.3728,0.1297,0.3505
q92,6,22,0,0,0.0,0,0.6548,0.4998,0.1914,0.3966
q92,6,23,0,0,0.0,0,0.4453,0.3311,0.1133,0.32
q92,7,8,0,1,0.0,0,0.5378,0.3778,0.1302,0.3364
q92,7,9,0,0,0.0,0,0.5071,0.2471,0.0653,0.2325
q92,7,10,0,0,0.0,0,0.3838,0.3793,0.1115,0.3239
q92,7,11,0,0,0.0,0,0.5161,0.3529,0.1161,0.3136
q92,7,12,0,0,0.0,0,0.4904,0.3003,0.1167,0.3199
q92,7,13,0,0,0.0,0,0.5377,0.3899,0.1402,0.3461
q92,7,14,0,0,0.0,0,0.5085,0.3284,0.1358,0.3647
q92,7,15,0,0,0.0,0,0.6123,0.3743,0.1411,0.3521
q92,7,16,0,0,0.0,0,0.4622,0.2778,0.1118,0.3304
q92,7,17,0,0,0.0,0,0.4648,0.2636,0.1046,0.3114
q92,7,18,0,0,0.0,0,0.5535,0.3443,0.1518,0.3794
q92,7,19,0,0,0.0,0,0.3972,0.2824,0.1013,0.3089
q92,7,20,0,0,0.0,0,0.4679,0.3519,0.1182,0.311
q92,7,21,0,0,0.0,0,0.4186,0.3654,0.1341,0.3384
q92,7,22,0,0,0.0,0,0.72,0.5019,0.1983,0.4091
q92,7,23,0,0,0.0,0,0.458,0.3195,0.1136,0.3121
q92,8,9,0,0,0.0,0,0.474,0.1903,0.0507,0.1958
q92,8,10,0,0,0.0,0,0.4,0.3797,0.1057,0.2897
q92,8,11,0,0,0.0,0,0.5444,0.3578,0.12,0.3168
q92,8,12,0,0,0.0,0,0.5032,0.3266,0.1207,0.3118
q92,8,13,0,0,0.0,0,0.5275,0.3977,0.1338,0.3197
q92,8,14,0,0,0.0,0,0.5837,0.2982,0.1224,0.3394
q92,8,15,0,0,0.0,0,0.6065,0.3406,0.1192,0.3123
q92,8,16,0,0,0.0,0,0.4867,0.373,0.1149,0.3257
q92,8,17,0,0,0.0,0,0.5047,0.3143,0.1166,0.3181
q92,8,18,0,0,0.0,0,0.5301,0.3097,0.1254,0.3429
q92,8,19,0,0,0.0,0,0.4283,0.29,0.0977,0.3007
q92,8,20,0,0,0.0,0,0.4471,0.3015,0.1026,0.2876
q92,8,21,0,0,0.0,0,0.4643,0.4136,0.1303,0.3309
q92,8,22,0,0,0.0,0,0.5782,0.369,0.1316,0.332
q92,8,23,0,0,0.0,0,0.4909,0.2843,0.1141,0.3062
q92,9,10,0,1,0.0,0,0.335,0.1659,0.0693,0.232
q92,9,11,1,1,0.0,0,0.4324,0.3631,0.1079,0.2595
q92,9,12,0,1,0.0,0,0.4972,0.2842,0.0756,0.2291
q92,9,13,1,1,0.0,0,0.4694,0.5116,0.124,0.2887
q92,9,14,0,1,0.0,0,0.4516,0.2227,0.0595,0.2402
q92,9,15,0,1,0.0,0,0.3879,0.261,0.0722,0.2239
q92,9,16,0,1,0.0,0,0.3701,0.2227,0.0531,0.1904
q92,9,17,0,1,0.0,0,0.411,0.1833,0.0496,0.2061
q92,9,18,0,0,0.0,0,0.4647,0.4722,0.1122,0.2775
q92,9,19,0,0,0.0,0,0.388,0.1914,0.0616,0.2211
q92,9,20,0,0,0.1,1,0.7423,0.6125,0.1866,0.3455
q92,9,21,0,0,0.0,0,0.2771,0.1937,0.0697,0.2159
q92,9,22,0,0,0.0,0,0.4886,0.4223,0.1019,0.2476
q92,9,23,0,0,0.0,0,0.3765,0.2181,0.0569,0.2058
q92,10,11,0,1,0.0,0,0.4209,0.2676,0.0975,0.2769
q92,10,12,0,1,0.0,0,0.4267,0.1651,0.0936,0.2987
q92,10,13,0,1,0.0,0,0.2647,0.3018,0.0955,0.2908
q92,10,14,0,1,0.0,0,0.3531,0.2525,0.1062,0.3223
q92,10,15,0,1,0.0,0,0.3869,0.2,0.0938,0.2898
q92,10,16,1,1,0.0,0,0.342,0.4263,0.1073,0.2997
q92,10,17,1,1,0.0,0,0.3604,0.4212,0.1084,0.2948
q92,10,18,0,0,0.0,0,0.3347,0.3249,0.1,0.3148
q92,10,19,0,0,0.0,0,0.3547,0.3244,0.1027,0.2984
q92,10,20,0,0,0.0,0,0.3426,0.1837,0.0877,0.2722
q92,10,21,0,0,0.1429,1,0.5917,0.5369,0.1558,0.3484
q92,10,22,0,0,0.0,0,0.4468,0.3309,0.1021,0.306
q92,10,23,0,0,0.0,0,0.3383,0.3857,0.1117,0.3029
q92,11,12,0,1,0.0,0,0.5266,0.42,0.1507,0.352
q92,11,13,1,1,0.0,0,0.4609,0.4556,0.1506,0.3309
q92,11,14,0,1,0.0,0,0.5234,0.4041,0.1443,0.3508
q92,11,15,0,1,0.0,0,0.4293,0.4079,0.1562,0.3505
q92,11,16,0,1,0.0,0,0.4867,0.3202,0.1002,0.281
q92,11,17,0,1,0.0,0,0.4754,0.3018,0.1017,0.2774
q92,11,18,0,0,0.0,0,0.5056,0.4957,0.173,0.3809
q92,11,19,0,0,0.0,0,0.4646,0.3067,0.1135,0.3006
q92,11,20,0,0,0.0,0,0.4047,0.4725,0.1792,0.362
q92,11,21,0,0,0.0,0,0.3939,0.3737,0.1254,0.3238
q92,11,22,0,0,0.0,0,0.4938,0.4513,0.1514,0.3291
q92,11,23,0,0,0.0,0,0.4287,0.3255,0.1137,0.2954
q92,12,13,0,1,0.0,0,0.5024,0.2601,0.105,0.2952
q92,12,14,1,1,0.0,0,0.5237,0.4087,0.1447,0.3736
q92,12,15,1,1,0.0,0,0.4972,0.4202,0.1783,0.381
q92,12,16,0,1,0.0,0,0.4179,0.2744,0.1016,0.2942
q92,12,17,0,1,0.0,0,0.4704,0.2408,0.0969,0.283
q92,12,18,0,0,0.0,0,0.5116,0.2832,0.1181,0.3392
q92,12,19,0,0,0.0,0,0.3727,0.2205,0.0978,0.2952
q92,12,20,0,0,0.0,0,0.5159,0.2935,0.1167,0.3184
q92,12,21,0,0,0.0,0,0.4206,0.2837,0.119,0.3058
q92,12,22,0,0,0.0,0,0.5493,0.2546,0.1167,0.3136
q92,12,23,0,0,0.0,0,0.4388,0.2768,0.1076,0.2958
q92,13,14,0,1,0.0,0,0.4094,0.2635,0.1079,0.3258
q92,13,15,0,1,0.0,0,0.3885,0.3434,0.1158,0.32
q92,13,16,0,1,0.0,0,0.4014,0.2577,0.092,0.283
q92,13,17,0,1,0.0,0,0.4394,0.2308,0.0851,0.2832
q92,13,18,0,0,0.125,1,0.5644,0.4818,0.1841,0.397
q92,13,19,0,0,0.0,0,0.3806,0.217,0.094,0.2904
q92,13,20,0,0,0.0,0,0.4339,0.4564,0.1445,0.3277
q92,13,21,0,0,0.0,0,0.281,0.2642,0.102,0.3024
q92,13,22,0,0,0.25,2,0.7078,0.5702,0.211,0.4079
q92,13,23,0,0,0.0,0,0.3751,0.2322,0.0911,0.2785
q92,14,15,1,1,0.0,0,0.5379,0.4756,0.1736,0.3946
q92,14,16,0,1,0.0,0,0.4808,0.2944,0.1249,0.3588
q92,14,17,0,1,0.0,0,0.5047,0.2676,0.1323,0.3557
q92,14,18,0,0,0.0,0,0.4099,0.3039,0.1247,0.3673
q92,14,19,0,0,0.0,0,0.4777,0.3175,0.1222,0.3525
q92,14,20,0,0,0.0,0,0.405,0.2821,0.1126,0.339
q92,14,21,0,0,0.0,0,0.4578,0.3374,0.146,0.3768
q92,14,22,0,0,0.0,0,0.4621,0.32,0.1319,0.3395
q92,14,23,0,0,0.0,0,0.466,0.3068,0.1188,0.3399
q92,15,16,0,1,0.0,0,0.4201,0.295,0.1069,0.2948
q92,15,17,0,1,0.0,0,0.4506,0.2899,0.1134,0.3014
q92,15,18,0,0,0.0,0,0.4098,0.4242,0.1479,0.3488
q92,15,19,0,0,0.0,0,0.4372,0.3047,0.1104,0.3055
q92,15,20,0,0,0.0,0,0.4291,0.3782,0.1447,0.3439
q92,15,21,0,0,0.0,0,0.3482,0.3307,0.1374,0.3428
q92,15,22,0,0,0.0,0,0.5791,0.3758,0.135,0.3207
q92,15,23,0,0,0.0,0,0.3951,0.305,0.117,0.31
q92,16,17,1,1,0.0,0,0.5921,0.6613,0.2503,0.464
q92,16,18,0,0,0.0,0,0.4178,0.2719,0.1022,0.3278
q92,16,19,0,0,0.4286,3,0.7891,0.7563,0.3238,0.5323
q92,16,20,0,0,0.0,0,0.3549,0.2506,0.0926,0.2848
q92,16,21,0,0,0.0,0,0.4858,0.6047,0.206,0.4122
q92,16,22,0,0,0.0,0,0.4586,0.2755,0.1039,0.2999
q92,16,23,0,0,0.0,0,0.527,0.7114,0.2644,0.467
q92,17,18,0,0,0.0,0,0.4624,0.2471,0.096,0.3061
q92,17,19,0,0,0.0,0,0.5254,0.6769,0.2547,0.4612
q92,17,20,0,0,0.0,0,0.3881,0.2007,0.0813,0.2736
q92,17,21,0,0,0.0,0,0.51,0.5854,0.2211,0.4139
q92,17,22,0,0,0.0,0,0.4761,0.2851,0.0996,0.2954
q92,17,23,0,0,0.0,0,0.5834,0.7276,0.2931,0.4751
q92,18,19,0,1,0.0,0,0.4313,0.223,0.0974,0.3154
q92,18,20,1,1,0.0,0,0.4359,0.5082,0.1604,0.3555
q92,18,21,0,1,0.0,0,0.3261,0.2991,0.124,0.3368
q92,18,22,1,1,0.0,0,0.5631,0.5492,0.2056,0.432
q92,18,23,0,1,0.0,0,0.3949,0.276,0.1076,0.3199
q92,19,20,0,1,0.0,0,0.3523,0.2058,0.099,0.3015
q92,19,21,1,1,0.0,0,0.4848,0.5939,0.2169,0.4117
q92,19,22,0,1,0.0,0,0.4413,0.1963,0.0978,0.2902
q92,19,23,1,1,0.0,0,0.5132,0.6773,0.2879,0.4922
q92,20,21,0,1,0.0,0,0.3714,0.2967,0.1125,0.3097
q92,20,22,1,1,0.0,0,0.4602,0.4512,0.1676,0.3444
q92,20,23,0,1,0.0,0,0.3499,0.2431,0.0976,0.2901
q92,21,22,0,1,0.0,0,0.3966,0.3214,0.1168,0.3119
q92,21,23,1,1,0.0,0,0.4492,0.569,0.2249,0.4061
q92,22,23,0,1,0.0,0,0.4226,0.2796,0.1049,0.2941
q93,0,1,1,1,0.0,0,0.4095,0.5771,0.1794,0.3631
q93,0,2,0,1,0.0,0,0.3322,0.1688,0.0756,0.2419
q93,0,3,0,1,0.0,0,0.3586,0.1801,0.0845,0.2654
q93,0,4,0,1,0.0,0,0.444,0.4389,0.1611,0.3508
q93,0,5,0,1,0.0,0,0.3642,0.2843,0.111,0.301
q93,0,6,0,1,0.0,0,0.4364,0.4682,0.1713,0.369
q93,0,7,0,1,0.0,0,0.334,0.2867,0.1008,0.2768
q93,0,8,1,1,0.0,0,0.3733,0.7185,0.1999,0.3763
q93,1,2,0,1,0.0,0,0.7101,0.2778,0.1272,0.3075
q93,1,3,0,1,0.0,0,0.7462,0.369,0.1338,0.3255
q93,1,4,0,1,0.0,0,0.5433,0.4103,0.1615,0.3736
q93,1,5,0,1,0.3333,2,0.8699,0.3543,0.1506,0.3626
q93,1,6,0,1,0.0,0,0.4569,0.4091,0.1723,0.3795
q93,1,7,0,1,0.0,0,0.5714,0.3711,0.129,0.3188
q93,1,8,1,1,0.0,0,0.6313,0.7403,0.2697,0.4883
q93,2,3,1,1,0.0,0,0.7131,0.4753,0.1944,0.3703
q93,2,4,0,1,0.0,0,0.5247,0.3011,0.1314,0.3162
q93,2,5,1,1,0.0,0,0.6534,0.5702,0.2298,0.417
q93,2,6,0,1,0.0,0,0.3792,0.2172,0.0974,0.2879
q93,2,7,0,1,0.0,0,0.5688,0.3244,0.1134,0.2968
q93,2,8,0,1,0.0,0,0.7221,0.405,0.1464,0.3308
q93,3,4,0,1,0.0,0,0.5622,0.4049,0.143,0.3356
q93,3,5,1,1,0.0,0,0.6652,0.6435,0.2638,0.4527
q93,3,6,0,1,0.0,0,0.4344,0.3674,0.1332,0.3283
q93,3,7,0,1,0.0,0,0.5662,0.4589,0.1395,0.3153
q93,3,8,0,1,0.25,2,0.8316,0.5934,0.1908,0.3729
q93,4,5,0,1,0.0,0,0.4978,0.3938,0.165,0.3753
q93,4,6,1,1,0.0,0,0.4858,0.5446,0.2199,0.4353
q93,4,7,1,1,0.0,0,0.5751,0.5226,0.2196,0.4263
q93,4,8,0,1,0.0,0,0.6073,0.4995,0.2036,0.4156
q93,5,6,0,1,0.0,0,0.4338,0.3747,0.1575,0.3739
q93,5,7,0,1,0.0,0,0.4978,0.4373,0.1584,0.3593
q93,5,8,0,1,0.0,0,0.6018,0.5006,0.1843,0.3959
q93,6,7,1,1,0.0,0,0.3893,0.4335,0.1851,0.3971
q93,6,8,0,1,0.0,0,0.4268,0.6091,0.2212,0.4397
q93,7,8,0,1,0.0,0,0.5645,0.4503,0.1573,0.3658
q94,0,1,0,1,0.0,0,0.5385,0.4281,0.1567,0.3468
q94,0,2,1,1,0.0,0,0.6127,0.382,0.1355,0.2979
q94,0,3,0,1,0.0,0,0.4479,0.4202,0.1397,0.3383
q94,0,4,1,1,0.0,0,0.4602,0.3328,0.1151,0.2861
q94,0,5,0,1,0.0,0,0.5499,0.5338,0.173,0.3741
q94,0,6,0,1,0.0,0,0.4433,0.4106,0.1261,0.3088
q94,0,7,0,1,0.0,0,0.4333,0.4146,0.1263,0.3101
q94,0,8,0,1,0.0,0,0.5565,0.4583,0.1443,0.324
q94,1,2,0,1,0.3333,3,0.6861,0.5892,0.2491,0.4745
q94,1,3,0,1,0.0,0,0.5796,0.4709,0.1464,0.337
q94,1,4,0,1,0.1,1,0.4426,0.3974,0.1492,0.3389
q94,1,5,0,1,0.0,0,0.6119,0.5177,0.161,0.368
q94,1,6,1,1,0.0,0,0.6047,0.7052,0.3121,0.4991
q94,1,7,0,1,0.1111,1,0.5777,0.5359,0.1708,0.371
q94,1,8,1,1,0.0,0,0.6092,0.7298,0.2719,0.4477
q94,2,3,0,1,0.1,1,0.6873,0.4125,0.1397,0.318
q94,2,4,1,1,0.2222,2,0.4835,0.4573,0.2124,0.4145
q94,2,5,0,1,0.0,0,0.6856,0.4303,0.146,0.3336
q94,2,6,0,1,0.0,0,0.6644,0.4458,0.1773,0.3802
q94,2,7,0,1,0.1111,1,0.6204,0.4131,0.1323,0.3067
q94,2,8,0,1,0.0,0,0.6518,0.4664,0.1609,0.3458
q94,3,4,0,1,0.0,0,0.4535,0.308,0.1182,0.3088
q94,3,5,1,1,0.0,0,0.5469,0.4642,0.2135,0.4289
q94,3,6,0,1,0.0,0,0.5318,0.3117,0.1295,0.3264
q94,3,7,1,1,0.0,0,0.4884,0.4562,0.1859,0.4062
q94,3,8,0,1,0.0,0,0.5255,0.3557,0.1312,0.3294
q94,4,5,0,1,0.0,0,0.5481,0.3254,0.1316,0.3324
q94,4,6,0,1,0.0,0,0.4855,0.3619,0.1504,0.3566
q94,4,7,0,1,0.125,1,0.5713,0.401,0.1474,0.3326
q94,4,8,0,1,0.0,0,0.4742,0.4041,0.1512,0.3362
q94,5,6,0,1,0.0,0,0.5372,0.4494,0.1774,0.381
q94,5,7,1,1,0.1429,1,0.6683,0.5636,0.2366,0.4591
q94,5,8,0,1,0.0,0,0.6057,0.4695,0.1644,0.3726
q94,6,7,0,1,0.0,0,0.4821,0.4611,0.1611,0.3583
q94,6,8,1,1,0.0,0,0.5511,0.6793,0.2867,0.4813
q94,7,8,0,1,0.0,0,0.4738,0.4525,0.1662,0.3757
q95,0,1,0,1,0.25,2,0.8197,0.5943,0.2428,0.456
q95,0,2,0,1,0.0909,1,0.5044,0.1769,0.069,0.2534
q95,0,3,0,1,0.0,0,0.4617,0.2786,0.0868,0.2687
q95,0,4,0,1,0.0,0,0.4662,0.4364,0.1259,0.3331
q95,0,5,0,1,0.0,0,0.4522,0.2627,0.0771,0.2609
q95,0,6,0,1,0.1,1,0.5388,0.4841,0.1223,0.3206
q95,0,7,1,1,0.125,1,0.4412,0.4926,0.129,0.3198
q95,0,8,1,1,0.0,0,0.4448,0.5551,0.1329,0.3319
q95,1,2,0,1,0.1111,1,0.5344,0.2965,0.1166,0.2957
q95,1,3,0,1,0.0,0,0.5301,0.3609,0.1404,0.3336
q95,1,4,1,1,0.3333,2,0.7504,0.6329,0.2436,0.4662
q95,1,5,0,1,0.0,0,0.4807,0.348,0.1249,0.3187
q95,1,6,1,1,0.2857,2,0.7679,0.6199,0.2139,0.4199
q95,1,7,0,1,0.1667,1,0.7383,0.5439,0.176,0.3821
q95,1,8,0,1,0.0,0,0.4774,0.5501,0.1773,0.3789
q95,2,3,1,1,0.1,1,0.5553,0.6222,0.2264,0.4185
q95,2,4,0,1,0.0,0,0.4599,0.4153,0.1317,0.3221
q95,2,5,1,1,0.1,1,0.5985,0.6667,0.2348,0.4275
q95,2,6,0,1,0.1,1,0.523,0.3937,0.1207,0.3038
q95,2,7,0,1,0.0,0,0.4429,0.3778,0.1112,0.295
q95,2,8,0,1,0.2,2,0.6054,0.466,0.1319,0.3125
q95,3,4,0,1,0.0,0,0.5251,0.4533,0.1702,0.3947
q95,3,5,1,1,0.0,0,0.4968,0.6629,0.2842,0.4782
q95,3,6,0,1,0.1111,1,0.5942,0.3699,0.1378,0.3589
q95,3,7,0,1,0.0,0,0.4988,0.436,0.1473,0.3704
q95,3,8,0,1,0.1,1,0.5253,0.5203,0.1791,0.3835
q95,4,5,0,1,0.0,0,0.4727,0.4034,0.1531,0.3663
q95,4,6,1,1,0.125,1,0.8047,0.7691,0.3566,0.5854
q95,4,7,0,1,0.1667,1,0.7256,0.6172,0.2297,0.4644
q95,4,8,0,1,0.0,0,0.4814,0.605,0.2449,0.4825
q95,5,6,0,1,0.0,0,0.4922,0.357,0.134,0.3461
q95,5,7,0,1,0.0,0,0.4673,0.3951,0.1439,0.3558
q95,5,8,0,1,0.0,0,0.446,0.4627,0.1515,0.3545
q95,6,7,0,1,0.1429,1,0.7441,0.6353,0.2496,0.4793
q95,6,8,0,1,0.0,0,0.4864,0.591,0.2406,0.4694
q95,7,8,1,1,0.0,0,0.4816,0.6637,0.273,0.5239
q96,0,1,0,1,0.0,0,0.6007,0.4734,0.2064,0.4389
q96,0,2,0,1,0.1111,1,0.6067,0.5341,0.2113,0.4399
q96,0,3,0,1,0.1,1,0.4774,0.5081,0.2203,0.4516
q96,0,4,1,1,0.2222,2,0.6963,0.7059,0.355,0.5725
q96,0,5,0,1,0.0,0,0.5034,0.3545,0.1623,0.3653
q96,0,6,0,1,0.0,0,0.431,0.3019,0.1333,0.3192
q96,0,7,0,1,0.25,2,0.7126,0.6028,0.2312,0.4522
q96,0,8,1,1,0.0,0,0.5653,0.5863,0.1963,0.4036
q96,1,2,0,1,0.1111,1,0.7601,0.6388,0.3463,0.5708
q96,1,3,1,1,0.1,1,0.609,0.6724,0.3764,0.5861
q96,1,4,0,1,0.0,0,0.6276,0.4818,0.2085,0.4438
q96,1,5,0,1,0.0,0,0.5373,0.4082,0.1514,0.3514
q96,1,6,0,1,0.0,0,0.4516,0.3798,0.1239,0.3047
q96,1,7,1,1,0.0,0,0.6209,0.4326,0.1673,0.415
q96,1,8,0,1,0.1667,1,0.6363,0.5902,0.2259,0.4587
q96,2,3,0,1,0.2222,2,0.6868,0.6815,0.4165,0.6243
q96,2,4,0,1,0.1,1,0.6428,0.4752,0.2065,0.43
q96,2,5,1,1,0.0,0,0.5283,0.4945,0.1708,0.3516
q96,2,6,1,1,0.0,0,0.457,0.4678,0.15,0.3239
q96,2,7,0,1,0.25,2,0.7769,0.4617,0.165,0.402
q96,2,8,0,1,0.0,0,0.5427,0.5596,0.2012,0.4279
q96,3,4,0,1,0.0909,1,0.4778,0.4504,0.1996,0.4345
q96,3,5,0,1,0.0,0,0.406,0.3909,0.1473,0.3551
q96,3,6,0,1,0.0,0,0.3663,0.3271,0.1198,0.3092
q96,3,7,1,1,0.1,1,0.5382,0.3891,0.1599,0.4101
q96,3,8,0,1,0.0,0,0.4415,0.4732,0.1797,0.4242
q96,4,5,0,1,0.0,0,0.4955,0.3588,0.1497,0.341
q96,4,6,0,1,0.0,0,0.4165,0.3227,0.1281,0.3033
q96,4,7,0,1,0.2222,2,0.6868,0.5673,0.2235,0.4613
q96,4,8,1,1,0.0,0,0.6192,0.5808,0.2168,0.4394
q96,5,6,1,1,0.5,3,0.8322,0.7269,0.3257,0.4959
q96,5,7,0,1,0.0,0,0.4993,0.4303,0.1183,0.3142
q96,5,8,0,1,0.0,0,0.6056,0.4528,0.1601,0.3434
q96,6,7,0,1,0.0,0,0.4312,0.5078,0.1215,0.3073
q96,6,8,0,1,0.0,0,0.5631,0.501,0.1539,0.3257
q96,7,8,0,1,0.0,0,0.5444,0.5678,0.1979,0.4585
q97,0,1,0,1,0.125,1,0.4754,0.2612,0.0868,0.2473
q97,0,2,0,1,0.0,0,0.5572,0.4806,0.1472,0.3437
q97,0,3,0,1,0.0,0,0.5887,0.51,0.144,0.2863
q97,0,4,1,1,0.0,0,0.5586,0.6347,0.2418,0.3838
q97,0,5,0,1,0.1,1,0.5073,0.4839,0.1432,0.3208
q97,0,6,1,1,0.0,0,0.5431,0.5522,0.1527,0.3194
q97,0,7,0,1,0.0,0,0.5758,0.4829,0.1232,0.2841
q97,0,8,0,1,0.0,0,0.3979,0.3468,0.0775,0.2198
q97,1,2,1,1,0.0,0,0.5161,0.3251,0.118,0.3124
q97,1,3,0,1,0.0,0,0.467,0.2886,0.0857,0.2454
q97,1,4,0,1,0.0,0,0.4065,0.23,0.0806,0.2345
q97,1,5,0,1,0.1429,1,0.4328,0.3655,0.1196,0.3133
q97,1,6,0,1,0.0,0,0.5206,0.2678,0.0794,0.2639
q97,1,7,0,1,0.0,0,0.4924,0.2691,0.0772,0.249
q97,1,8,1,1,0.0,0,0.3123,0.2189,0.0662,0.2114
q97,2,3,0,1,0.2857,2,0.6956,0.5811,0.2177,0.4099
q97,2,4,0,1,0.0,0,0.6431,0.5187,0.1442,0.3294
q97,2,5,0,1,0.0,0,0.487,0.4913,0.1759,0.4036
q97,2,6,0,1,0.0,0,0.5797,0.5338,0.1641,0.3724
q97,2,7,0,1,0.2,1,0.8374,0.5329,0.1646,0.3829
q97,2,8,1,1,0.1667,1,0.3172,0.3366,0.0875,0.2527
q97,3,4,0,1,0.0,0,0.4991,0.5565,0.1538,0.2985
q97,3,5,1,1,0.0,0,0.4765,0.4947,0.1705,0.3407
q97,3,6,0,1,0.0,0,0.5941,0.5275,0.1538,0.3225
q97,3,7,1,1,0.0,0,0.5521,0.562,0.1592,0.343
q97,3,8,0,1,0.0,0,0.4271,0.2564,0.0847,0.2291
q97,4,5,0,1,0.0,0,0.4255,0.5079,0.1463,0.3234
q97,4,6,1,1,0.0,0,0.5967,0.6118,0.168,0.3512
q97,4,7,0,1,0.0,0,0.6859,0.4719,0.1246,0.2956
q97,4,8,0,1,0.0,0,0.3668,0.2919,0.0744,0.2173
q97,5,6,0,1,0.0,0,0.5097,0.5314,0.1772,0.3994
q97,5,7,1,1,0.0,0,0.4729,0.4041,0.1357,0.3495
q97,5,8,0,1,0.0,0,0.3123,0.2356,0.0902,0.2601
q97,6,7,0,1,0.0,0,0.552,0.4147,0.1306,0.3346
q97,6,8,0,1,0.0,0,0.3363,0.2668,0.0775,0.2404
q97,7,8,0,1,0.0,0,0.3597,0.2873,0.0941,0.2552
q98,0,1,1,1,0.1111,1,0.5899,0.6285,0.1883,0.3506
q98,0,2,1,1,0.1111,1,0.6844,0.6146,0.1756,0.3393
q98,0,3,0,1,0.0,0,0.4907,0.4572,0.1202,0.2839
q98,0,4,0,1,0.125,1,0.7158,0.5683,0.1485,0.311
q98,0,5,0,1,0.0,0,0.6015,0.5694,0.164,0.3267
q98,0,6,0,1,0.0,0,0.6139,0.3727,0.0967,0.2517
q98,0,7,0,1,0.0,0,0.4554,0.4676,0.107,0.2662
q98,0,8,0,1,0.0,0,0.4149,0.2697,0.0625,0.2091
q98,0,9,0,0,0.0,0,0.5205,0.3958,0.1563,0.3619
q98,0,10,0,0,0.0,0,0.4062,0.4699,0.162,0.3688
q98,0,11,0,0,0.0,0,0.4945,0.2095,0.0686,0.2484
q98,0,12,0,0,0.0,0,0.5523,0.3588,0.1336,0.3109
q98,0,13,0,0,0.0,0,0.5289,0.3738,0.1246,0.3151
q98,0,14,0,0,0.0,0,0.5478,0.4699,0.1309,0.3079
q98,0,15,0,0,0.0,0,0.4523,0.4062,0.107,0.2748
q98,0,16,0,0,0.0,0,0.4629,0.3958,0.101,0.2746
q98,0,17,0,0,0.0,0,0.3835,0.2789,0.0739,0.2493
q98,0,18,0,0,0.0,0,0.3626,0.2697,0.1014,0.2739
q98,0,19,0,0,0.0,0,0.4945,0.2662,0.0762,0.2406
q98,0,20,0,0,0.0,0,0.4515,0.2778,0.1022,0.2916
q98,0,21,0,0,0.0,0,0.3486,0.2616,0.0797,0.2236
q98,0,22,0,0,0.0,0,0.3718,0.1875,0.0664,0.2238
q98,0,23,0,0,0.0,0,0.5186,0.3067,0.0793,0.2496
q98,0,24,0,0,0.0,0,0.3099,0.2442,0.0657,0.2376
q98,0,25,0,0,0.0,0,0.5239,0.3889,0.0902,0.2616
q98,0,26,0,0,0.0,0,0.4154,0.272,0.0597,0.2155
q98,1,2,1,1,0.2,2,0.6282,0.5445,0.2314,0.4293
q98,1,3,0,1,0.0,0,0.4639,0.3897,0.1537,0.3506
q98,1,4,0,1,0.0,0,0.5625,0.458,0.1746,0.3924
q98,1,5,0,1,0.0,0,0.5203,0.5182,0.2146,0.4447
q98,1,6,0,1,0.0,0,0.5475,0.2799,0.0971,0.2975
q98,1,7,0,1,0.0,0,0.4959,0.4302,0.1435,0.3433
q98,1,8,0,1,0.0,0,0.411,0.2677,0.0801,0.2636
q98,1,9,0,0,0.0,0,0.5488,0.4889,0.1528,0.3725
q98,1,10,0,0,0.0,0,0.3808,0.3396,0.1314,0.3325
q98,1,11,0,0,0.0,0,0.4439,0.2276,0.0775,0.276
q98,1,12,0,0,0.0,0,0.4993,0.291,0.1287,0.3192
q98,1,13,0,0,0.0,0,0.3825,0.3326,0.1188,0.3299
q98,1,14,0,0,0.0,0,0.4676,0.3259,0.1319,0.3467
q98,1,15,0,0,0.0,0,0.4092,0.2758,0.1045,0.311
q98,1,16,0,0,0.0,0,0.3966,0.2368,0.0978,0.3012
q98,1,17,0,0,0.0,0,0.3076,0.2176,0.0801,0.2779
q98,1,18,0,0,0.0,0,0.3715,0.2396,0.084,0.2416
q98,1,19,0,0,0.0,0,0.4439,0.2778,0.092,0.2994
q98,1,20,0,0,0.0,0,0.4122,0.31,0.1064,0.2989
q98,1,21,0,0,0.0,0,0.3025,0.1436,0.0831,0.2681
q98,1,22,0,0,0.0,0,0.3773,0.208,0.0811,0.2608
q98,1,23,0,0,0.0,0,0.4148,0.1959,0.0799,0.2848
q98,1,24,0,0,0.0,0,0.2425,0.2242,0.0905,0.3057
q98,1,25,0,0,0.0,0,0.4793,0.2961,0.0955,0.2977
q98,1,26,0,0,0.0,0,0.3982,0.2758,0.0908,0.3012
q98,2,3,0,1,0.0,0,0.4771,0.3539,0.1405,0.3292
q98,2,4,0,1,0.0,0,0.6268,0.4647,0.173,0.3848
q98,2,5,0,1,0.0,0,0.6116,0.4526,0.1835,0.3935
q98,2,6,0,1,0.0,0,0.5971,0.3247,0.125,0.3327
q98,2,7,0,1,0.0,0,0.4843,0.4538,0.1564,0.3641
q98,2,8,0,1,0.0,0,0.4007,0.2942,0.1008,0.297
q98,2,9,0,0,0.0,0,0.6341,0.4896,0.1436,0.3485
q98,2,10,0,0,0.0,0,0.3844,0.4017,0.148,0.35
q98,2,11,0,0,0.0,0,0.4675,0.2805,0.0969,0.2975
q98,2,12,0,0,0.0,0,0.5448,0.3941,0.1354,0.3244
q98,2,13,0,0,0.0,0,0.4658,0.3484,0.1287,0.325
q98,2,14,0,0,0.0,0,0.5402,0.4094,0.1411,0.3421
q98,2,15,0,0,0.0,0,0.4565,0.3668,0.1251,0.3277
q98,2,16,0,0,0.0,0,0.4603,0.3435,0.1071,0.3053
q98,2,17,0,0,0.0,0,0.3499,0.2219,0.0822,0.2815
q98,2,18,0,0,0.0,0,0.337,0.3337,0.0944,0.2472
q98,2,19,0,0,0.0,0,0.4675,0.2791,0.1071,0.309
q98,2,20,0,0,0.0,0,0.458,0.3588,0.117,0.3138
q98,2,21,0,0,0.0,0,0.3475,0.1723,0.0956,0.2788
q98,2,22,0,0,0.0,0,0.3694,0.1524,0.0728,0.259
q98,2,23,0,0,0.0,0,0.4875,0.2294,0.0895,0.298
q98,2,24,0,0,0.0,0,0.2636,0.2081,0.0902,0.2969
q98,2,25,0,0,0.0,0,0.555,0.3051,0.1119,0.3218
q98,2,26,0,0,0.0,0,0.4043,0.3,0.1098,0.3128
q98,3,4,1,1,0.125,1,0.6421,0.6858,0.2696,0.465
q98,3,5,1,1,0.0,0,0.4815,0.4667,0.1604,0.3637
q98,3,6,0,1,0.0,0,0.4584,0.1924,0.0727,0.2424
q98,3,7,0,1,0.0,0,0.4151,0.3146,0.0952,0.2771
q98,3,8,0,1,0.0,0,0.3446,0.2539,0.0669,0.2431
q98,3,9,0,0,0.0,0,0.5152,0.3257,0.0969,0.2991
q98,3,10,0,0,0.0,0,0.2867,0.2769,0.1143,0.3099
q98,3,11,0,0,0.1111,1,0.7136,0.5058,0.1809,0.3932
q98,3,12,0,0,0.25,2,0.7819,0.6412,0.252,0.4473
q98,3,13,0,0,0.0,0,0.3915,0.257,0.0962,0.2878
q98,3,14,0,0,0.0,0,0.4828,0.3467,0.118,0.3295
q98,3,15,0,0,0.0,0,0.3691,0.2654,0.1028,0.3242
q98,3,16,0,0,0.0,0,0.3985,0.299,0.1052,0.3212
q98,3,17,0,0,0.0,0,0.4184,0.4495,0.1291,0.3258
q98,3,18,0,0,0.0,0,0.2936,0.2096,0.0668,0.2307
q98,3,19,0,0,0.1111,1,0.7136,0.4738,0.1871,0.3894
q98,3,20,0,0,0.0,0,0.3847,0.2111,0.0782,0.266
q98,3,21,0,0,0.0,0,0.3054,0.2287,0.1034,0.3125
q98,3,22,0,0,0.0,0,0.3457,0.1337,0.0624,0.2398
q98,3,23,0,0,0.0,0,0.5081,0.5138,0.1703,0.381
q98,3,24,0,0,0.0,0,0.3404,0.4703,0.1435,0.3591
q98,3,25,0,0,0.0,0,0.4855,0.416,0.1203,0.3346
q98,3,26,0,0,0.0,0,0.4248,0.3509,0.1025,0.3089
q98,4,5,1,1,0.0,0,0.6033,0.5157,0.2054,0.4157
q98,4,6,0,1,0.0,0,0.5939,0.2548,0.1064,0.3091
q98,4,7,0,1,0.125,1,0.6011,0.4496,0.1633,0.3676
q98,4,8,0,1,0.0,0,0.4026,0.3207,0.1065,0.3015
q98,4,9,0,0,0.0,0,0.5394,0.5165,0.1426,0.3635
q98,4,10,0,0,0.0,0,0.4971,0.4153,0.1431,0.3557
q98,4,11,0,0,0.0,0,0.587,0.3856,0.111,0.309
q98,4,12,0,0,0.2222,2,0.6266,0.5642,0.18,0.3643
q98,4,13,0,0,0.0,0,0.5673,0.4115,0.1419,0.3564
q98,4,14,0,0,0.0,0,0.4922,0.4456,0.1354,0.3354
q98,4,15,0,0,0.0,0,0.4599,0.3711,0.1202,0.3296
q98,4,16,0,0,0.0,0,0.4817,0.3993,0.1326,0.3488
q98,4,17,0,0,0.0,0,0.4312,0.2776,0.1029,0.3038
q98,4,18,0,0,0.0,0,0.4454,0.4417,0.1007,0.2664
q98,4,19,0,0,0.0,0,0.587,0.4149,0.1319,0.3355
q98,4,20,0,0,0.0,0,0.4812,0.4265,0.1084,0.3085
q98,4,21,0,0,0.0,0,0.3863,0.2423,0.1041,0.2945
q98,4,22,0,0,0.0,0,0.4167,0.2492,0.0832,0.2715
q98,4,23,0,0,0.0,0,0.6176,0.349,0.1225,0.3209
q98,4,24,0,0,0.0,0,0.3436,0.3369,0.1361,0.3482
q98,4,25,0,0,0.0,0,0.5442,0.3796,0.1182,0.3298
q98,4,26,0,0,0.0,0,0.4394,0.359,0.1031,0.3204
q98,5,6,0,1,0.0,0,0.5842,0.3405,0.1253,0.3269
q98,5,7,0,1,0.0,0,0.4885,0.5288,0.1818,0.3783
q98,5,8,0,1,0.0,0,0.3975,0.2749,0.0951,0.2879
q98,5,9,0,0,0.0,0,0.5394,0.4701,0.1439,0.352
q98,5,10,0,0,0.0,0,0.5211,0.4312,0.1426,0.345
q98,5,11,0,0,0.0,0,0.4857,0.2747,0.0898,0.2786
q98,5,12,0,0,0.0,0,0.5488,0.4056,0.1318,0.3303
q98,5,13,0,0,0.0,0,0.5128,0.3973,0.1307,0.3268
q98,5,14,0,0,0.0,0,0.5212,0.5333,0.1879,0.3804
q98,5,15,0,0,0.0,0,0.4557,0.3385,0.129,0.3312
q98,5,16,0,0,0.0,0,0.4593,0.3271,0.1207,0.3142
q98,5,17,0,0,0.0,0,0.3645,0.2082,0.0866,0.2792
q98,5,18,0,0,0.0,0,0.4428,0.4128,0.0959,0.2546
q98,5,19,0,0,0.0,0,0.4857,0.3081,0.0928,0.2893
q98,5,20,0,0,0.0,0,0.4839,0.401,0.1183,0.3206
q98,5,21,0,0,0.0,0,0.3527,0.3003,0.1099,0.2857
q98,5,22,0,0,0.0,0,0.4066,0.2481,0.0829,0.2585
q98,5,23,0,0,0.0,0,0.5107,0.2592,0.1022,0.3017
q98,5,24,0,0,0.0,0,0.2746,0.2531,0.095,0.3043
q98,5,25,0,0,0.0,0,0.5546,0.3712,0.1285,0.3411
q98,5,26,0,0,0.0,0,0.4287,0.3627,0.1118,0.3237
q98,6,7,1,1,0.0,0,0.4944,0.3679,0.1395,0.3415
q98,6,8,1,1,0.1429,1,0.5114,0.3088,0.1238,0.3215
q98,6,9,0,0,0.0,0,0.5855,0.3358,0.0938,0.2787
q98,6,10,0,0,0.0,0,0.4693,0.2723,0.0965,0.2912
q98,6,11,0,0,0.0,0,0.4393,0.1034,0.0482,0.2239
q98,6,12,0,0,0.0,0,0.4946,0.1384,0.0569,0.2191
q98,6,13,0,0,0.0,0,0.4662,0.3195,0.0867,0.2837
q98,6,14,0,0,0.0,0,0.5016,0.2943,0.0979,0.2946
q98,6,15,0,0,0.0,0,0.4286,0.1886,0.0689,0.2529
q98,6,16,0,0,0.0,0,0.3959,0.2512,0.0942,0.2903
q98,6,17,0,0,0.0,0,0.3464,0.0406,0.0569,0.2504
q98,6,18,0,0,0.0,0,0.4002,0.246,0.0728,0.228
q98,6,19,0,0,0.0,0,0.4393,0.1047,0.0532,0.2309
q98,6,20,0,0,0.0,0,0.4358,0.2198,0.0646,0.2507
q98,6,21,0,0,0.0,0,0.3191,0.1948,0.0731,0.2585
q98,6,22,0,0,0.0,0,0.3731,0.1754,0.0614,0.238
q98,6,23,0,0,0.0,0,0.4467,0.1068,0.064,0.2561
q98,6,24,0,0,0.0,0,0.2647,0.1376,0.0634,0.2581
q98,6,25,0,0,0.0,0,0.4863,0.2433,0.0957,0.2988
q98,6,26,0,0,0.0,0,0.4254,0.2429,0.0864,0.2782
q98,7,8,1,1,0.1429,1,0.5202,0.3976,0.1494,0.3521
q98,7,9,0,0,0.0,0,0.5056,0.4809,0.1154,0.303
q98,7,10,0,0,0.0,0,0.4064,0.4365,0.1171,0.3176
q98,7,11,0,0,0.0,0,0.3863,0.1423,0.0518,0.2276
q98,7,12,0,0,0.0,0,0.4245,0.2687,0.0771,0.2559
q98,7,13,0,0,0.0,0,0.3966,0.2916,0.0876,0.2759
q98,7,14,0,0,0.125,1,0.5069,0.3766,0.1212,0.3113
q98,7,15,0,0,0.0,0,0.3783,0.2942,0.0909,0.2686
q98,7,16,0,0,0.0,0,0.3373,0.2889,0.0932,0.2762
q98,7,17,0,0,0.0,0,0.2442,0.0756,0.0517,0.2334
q98,7,18,0,0,0.0,0,0.3826,0.4011,0.0874,0.2349
q98,7,19,0,0,0.0,0,0.3863,0.1578,0.06,0.2415
q98,7,20,0,0,0.0,0,0.421,0.4061,0.0957,0.2848
q98,7,21,0,0,0.0,0,0.3057,0.2209,0.0899,0.2675
q98,7,22,0,0,0.0,0,0.3784,0.2219,0.0695,0.2491
q98,7,23,0,0,0.0,0,0.3627,0.1033,0.0588,0.2447
q98,7,24,0,0,0.0,0,0.1786,0.1326,0.0621,0.2556
q98,7,25,0,0,0.0,0,0.4318,0.1914,0.0908,0.293
q98,7,26,0,0,0.0,0,0.4031,0.282,0.0801,0.2774
q98,8,9,0,0,0.0,0,0.3853,0.2861,0.0695,0.2531
q98,8,10,0,0,0.0,0,0.2999,0.2496,0.0738,0.2517
q98,8,11,0,0,0.0,0,0.3341,0.1278,0.0332,0.1898
q98,8,12,0,0,0.0,0,0.3635,0.231,0.0516,0.2044
q98,8,13,0,0,0.0,0,0.2889,0.2233,0.0526,0.2183
q98,8,14,0,0,0.0,0,0.3543,0.1851,0.067,0.2436
q98,8,15,0,0,0.0,0,0.2662,0.1235,0.0512,0.2236
q98,8,16,0,0,0.0,0,0.2343,0.1104,0.0479,0.2314
q98,8,17,0,0,0.0,0,0.2093,0.1057,0.0453,0.2164
q98,8,18,0,0,0.0,0,0.2852,0.2781,0.0573,0.1949
q98,8,19,0,0,0.0,0,0.3341,0.1312,0.0413,0.2044
q98,8,20,0,0,0.0,0,0.2604,0.2555,0.062,0.2336
q98,8,21,0,0,0.0,0,0.2153,0.1149,0.0577,0.2317
q98,8,22,0,0,0.0,0,0.2788,0.1316,0.0521,0.2387
q98,8,23,0,0,0.0,0,0.2793,0.1293,0.047,0.2204
q98,8,24,0,0,0.0,0,0.1348,0.1382,0.0569,0.2356
q98,8,25,0,0,0.0,0,0.347,0.1478,0.0708,0.2587
q98,8,26,0,0,0.0,0,0.3117,0.1921,0.0578,0.2344
q98,9,10,1,1,0.0,0,0.4605,0.5522,0.2382,0.5022
q98,9,11,0,1,0.0,0,0.5056,0.1585,0.0703,0.2812
q98,9,12,0,1,0.0,0,0.5167,0.2935,0.111,0.3165
q98,9,13,1,1,0.0,0,0.5218,0.5803,0.207,0.4256
q98,9,14,0,1,0.0,0,0.4474,0.3203,0.0979,0.298
q98,9,15,0,1,0.0,0,0.4877,0.368,0.11,0.317
q98,9,16,0,1,0.0,0,0.4745,0.3298,0.1145,0.3091
q98,9,17,0,1,0.0,0,0.3823,0.2243,0.0791,0.2669
q98,9,18,0,0,0.0,0,0.4325,0.4492,0.1558,0.3598
q98,9,19,0,0,0.0,0,0.5056,0.2431,0.073,0.2776
q98,9,20,0,0,0.0,0,0.5225,0.5189,0.2095,0.4354
q98,9,21,0,0,0.0,0,0.4006,0.1323,0.054,0.2178
q98,9,22,0,0,0.1,1,0.6604,0.2807,0.0876,0.2515
q98,9,23,0,0,0.0,0,0.536,0.2048,0.0787,0.275
q98,9,24,0,0,0.0,0,0.2939,0.182,0.0797,0.2821
q98,9,25,0,0,0.0,0,0.4931,0.2868,0.0708,0.2606
q98,9,26,0,0,0.0,0,0.4466,0.2767,0.0635,0.2498
q98,10,11,0,1,0.0,0,0.3325,0.1483,0.0788,0.2909
q98,10,12,0,1,0.0,0,0.3495,0.2526,0.1273,0.3403
q98,10,13,1,1,0.0,0,0.3594,0.4357,0.1677,0.3991
q98,10,14,0,1,0.0,0,0.3646,0.2708,0.1123,0.3147
q98,10,15,0,1,0.0,0,0.2972,0.2753,0.1041,0.3073
q98,10,16,0,1,0.0,0,0.2656,0.2837,0.1016,0.3132
q98,10,17,0,1,0.0,0,0.2446,0.1959,0.0725,0.2631
q98,10,18,0,0,0.3333,3,0.7166,0.5818,0.2105,0.4178
q98,10,19,0,0,0.0,0,0.3325,0.208,0.0873,0.2855
q98,10,20,0,0,0.0,0,0.3659,0.4206,0.1627,0.3961
q98,10,21,0,0,0.0,0,0.2821,0.1392,0.0596,0.2345
q98,10,22,0,0,0.0,0,0.3467,0.2383,0.0883,0.2714
q98,10,23,0,0,0.0,0,0.345,0.2322,0.0806,0.2727
q98,10,24,0,0,0.0,0,0.174,0.143,0.0648,0.2646
q98,10,25,0,0,0.0,0,0.3867,0.2269,0.0747,0.2576
q98,10,26,0,0,0.0,0,0.3495,0.2269,0.0629,0.2424
q98,11,12,1,1,0.0909,1,0.7471,0.4779,0.2104,0.4165
q98,11,13,0,1,0.0,0,0.4003,0.1452,0.0707,0.2769
q98,11,14,0,1,0.0,0,0.4935,0.1649,0.0753,0.2789
q98,11,15,0,1,0.0,0,0.3689,0.2044,0.086,0.3077
q98,11,16,0,1,0.0,0,0.3735,0.1458,0.0745,0.2899
q98,11,17,1,1,0.0,0,0.4108,0.4925,0.1571,0.3691
q98,11,18,0,0,0.0,0,0.2946,0.1294,0.0579,0.2389
q98,11,19,0,0,1.0,6,1.0,0.7857,0.4241,0.6018
q98,11,20,0,0,0.0,0,0.3802,0.1681,0.0768,0.2697
q98,11,21,0,0,0.0,0,0.3167,0.1643,0.0757,0.2628
q98,11,22,0,0,0.0,0,0.3351,0.1266,0.0546,0.2332
q98,11,23,0,0,0.0909,1,0.6777,0.6156,0.2403,0.4545
q98,11,24,0,0,0.0,0,0.3342,0.4826,0.1582,0.3561
q98,11,25,0,0,0.0,0,0.5109,0.3194,0.1007,0.298
q98,11,26,0,0,0.0,0,0.4073,0.2666,0.0888,0.2893
q98,12,13,0,1,0.0,0,0.5156,0.226,0.1125,0.3182
q98,12,14,0,1,0.0,0,0.545,0.3125,0.0982,0.2978
q98,12,15,0,1,0.0,0,0.4467,0.3085,0.0997,0.3111
q98,12,16,0,1,0.0,0,0.4419,0.2426,0.0842,0.296
q98,12,17,1,1,0.0,0,0.4826,0.5672,0.1561,0.3634
q98,12,18,0,0,0.0,0,0.3312,0.1658,0.0768,0.2642
q98,12,19,0,0,0.0909,1,0.7471,0.5878,0.1911,0.4082
q98,12,20,0,0,0.0,0,0.4684,0.2431,0.0931,0.3187
q98,12,21,0,0,0.0,0,0.3581,0.1389,0.0865,0.2618
q98,12,22,0,0,0.0,0,0.3925,0.0802,0.0542,0.2184
q98,12,23,0,0,0.0,0,0.6407,0.5808,0.1754,0.3848
q98,12,24,0,0,0.0,0,0.3799,0.5435,0.1559,0.3668
q98,12,25,0,0,0.0,0,0.5206,0.3915,0.0989,0.2917
q98,12,26,0,0,0.0,0,0.4427,0.3105,0.0813,0.2728
q98,13,14,0,1,0.0,0,0.4131,0.2911,0.1258,0.3248
q98,13,15,0,1,0.0,0,0.3654,0.2433,0.0978,0.2985
q98,13,16,0,1,0.0,0,0.3579,0.3058,0.1237,0.311
q98,13,17,0,1,0.0,0,0.3436,0.1697,0.0879,0.2878
q98,13,18,0,0,0.0,0,0.3455,0.3572,0.1194,0.3119
q98,13,19,0,0,0.0,0,0.4003,0.1944,0.0858,0.2967
q98,13,20,0,0,0.0,0,0.3758,0.4338,0.1431,0.3694
q98,13,21,0,0,0.0,0,0.2843,0.1004,0.0564,0.2342
q98,13,22,0,0,0.0,0,0.363,0.1893,0.0705,0.2504
q98,13,23,0,0,0.0,0,0.4872,0.2149,0.089,0.2951
q98,13,24,0,0,0.0,0,0.2733,0.1797,0.0895,0.2897
q98,13,25,0,0,0.0,0,0.4625,0.2528,0.0795,0.2744
q98,13,26,0,0,0.0,0,0.4363,0.2338,0.0724,0.2653
q98,14,15,1,1,0.0,0,0.4521,0.4819,0.1848,0.3825
q98,14,16,1,1,0.0,0,0.4735,0.5225,0.1982,0.4138
q98,14,17,0,1,0.0,0,0.344,0.2008,0.0751,0.2771
q98,14,18,0,0,0.0,0,0.3014,0.2214,0.0723,0.2254
q98,14,19,0,0,0.0,0,0.4935,0.1959,0.0787,0.2869
q98,14,20,0,0,0.0,0,0.4022,0.2096,0.0814,0.2822
q98,14,21,0,0,0.0,0,0.4171,0.4209,0.1423,0.3378
q98,14,22,0,0,0.0,0,0.3385,0.1529,0.0627,0.2386
q98,14,23,0,0,0.0,0,0.536,0.3026,0.1125,0.3238
q98,14,24,0,0,0.0,0,0.2956,0.3222,0.1032,0.3114
q98,14,25,0,0,0.2222,2,0.6803,0.5201,0.1584,0.3588
q98,14,26,0,0,0.0,0,0.4333,0.4682,0.1143,0.3203
q98,15,16,1,1,0.0,0,0.4402,0.4578,0.1728,0.3898
q98,15,17,0,1,0.0,0,0.2728,0.2107,0.0924,0.3039
q98,15,18,0,0,0.0,0,0.28,0.2246,0.0708,0.2296
q98,15,19,0,0,0.0,0,0.3689,0.2188,0.0969,0.3074
q98,15,20,0,0,0.0,0,0.3525,0.2991,0.1014,0.3146
q98,15,21,0,0,0.0,0,0.3832,0.2407,0.0957,0.2832
q98,15,22,0,0,0.0,0,0.3494,0.1369,0.0585,0.2314
q98,15,23,0,0,0.0,0,0.4043,0.2923,0.1182,0.3353
q98,15,24,0,0,0.0,0,0.2086,0.2334,0.0914,0.3056
q98,15,25,0,0,0.0,0,0.4641,0.3678,0.1185,0.3212
q98,15,26,0,0,0.0909,1,0.6479,0.4187,0.1315,0.3377
q98,16,17,0,1,0.0,0,0.3041,0.1728,0.0815,0.2916
q98,16,18,0,0,0.0,0,0.2812,0.2449,0.0676,0.2293
q98,16,19,0,0,0.0,0,0.3735,0.1777,0.0783,0.2932
q98,16,20,0,0,0.0,0,0.3655,0.214,0.0822,0.2743
q98,16,21,0,0,0.0909,1,0.5846,0.4997,0.2031,0.3842
q98,16,22,0,0,0.0,0,0.3576,0.1545,0.0716,0.2572
q98,16,23,0,0,0.0,0,0.3955,0.3392,0.1255,0.3685
q98,16,24,0,0,0.0,0,0.2471,0.2155,0.093,0.3162
q98,16,25,0,0,0.0,0,0.5204,0.3327,0.116,0.3285
q98,16,26,0,0,0.0,0,0.4219,0.3274,0.0969,0.3218
q98,17,18,0,0,0.0,0,0.232,0.2096,0.064,0.215
q98,17,19,0,0,0.0,0,0.4108,0.4348,0.1402,0.3672
q98,17,20,0,0,0.0,0,0.3198,0.2518,0.0825,0.2679
q98,17,21,0,0,0.0,0,0.2692,0.164,0.0819,0.2679
q98,17,22,0,0,0.0,0,0.2855,0.115,0.0641,0.2358
q98,17,23,0,0,0.1,1,0.4853,0.4759,0.16,0.3771
q98,17,24,0,0,0.25,2,0.8561,0.6198,0.2933,0.4967
q98,17,25,0,0,0.0,0,0.4412,0.2577,0.11,0.3231
q98,17,26,0,0,0.0,0,0.3536,0.2584,0.1077,0.3173
q98,18,19,0,1,0.0,0,0.2946,0.1476,0.0609,0.2201
q98,18,20,1,1,0.0,0,0.3419,0.3893,0.1217,0.3206
q98,18,21,0,1,0.0,0,0.296,0.1358,0.0426,0.1923
q98,18,22,1,1,0.0,0,0.3274,0.1508,0.0646,0.2138
q98,18,23,0,1,0.0,0,0.3036,0.2235,0.0712,0.2269
q98,18,24,0,1,0.0,0,0.1694,0.1444,0.0484,0.2008
q98,18,25,0,1,0.0,0,0.3392,0.1497,0.0509,0.1933
q98,18,26,0,1,0.0,0,0.318,0.2032,0.0454,0.1808
q98,19,20,0,1,0.0,0,0.3802,0.1776,0.0739,0.26
q98,19,21,0,1,0.0,0,0.3167,0.1426,0.08,0.2661
q98,19,22,0,1,0.0,0,0.3351,0.1005,0.0632,0.2487
q98,19,23,1,1,0.0909,1,0.6777,0.6051,0.2332,0.4625
q98,19,24,1,1,0.0,0,0.3342,0.468,0.1557,0.3808
q98,19,25,0,1,0.0,0,0.5109,0.326,0.1067,0.3154
q98,19,26,0,1,0.0,0,0.4073,0.2774,0.0866,0.2966
q98,20,21,0,1,0.0,0,0.3144,0.1674,0.0625,0.2351
q98,20,22,1,1,0.0,0,0.3899,0.2955,0.0982,0.272
q98,20,23,0,1,0.0,0,0.4233,0.1674,0.0641,0.2723
q98,20,24,0,1,0.0,0,0.2315,0.1761,0.0683,0.25
q98,20,25,0,1,0.0,0,0.5072,0.2911,0.0968,0.2702
q98,20,26,0,1,0.0,0,0.4776,0.2504,0.0737,0.2514
q98,21,22,0,1,0.0,0,0.283,0.1198,0.0614,0.2289
q98,21,23,0,1,0.0,0,0.3267,0.2193,0.1012,0.3182
q98,21,24,0,1,0.0,0,0.2057,0.283,0.1019,0.2967
q98,21,25,1,1,0.0,0,0.4413,0.4794,0.1572,0.3444
q98,21,26,1,1,0.0,0,0.3681,0.3196,0.1087,0.3054
q98,22,23,0,1,0.0,0,0.3606,0.1193,0.0629,0.2416
q98,22,24,0,1,0.0,0,0.1928,0.0936,0.0504,0.2261
q98,22,25,0,1,0.0,0,0.4043,0.1455,0.0671,0.2588
q98,22,26,0,1,0.0,0,0.3721,0.1722,0.0642,0.2432
q98,23,24,1,1,0.0,0,0.4012,0.4609,0.2171,0.4484
q98,23,25,0,1,0.0,0,0.6044,0.24,0.1194,0.3314
q98,23,26,0,1,0.0,0,0.4083,0.2627,0.0915,0.3089
q98,24,25,0,1,0.0,0,0.3581,0.3614,0.1273,0.3428
q98,24,26,0,1,0.0,0,0.2689,0.3404,0.1175,0.3346
q98,25,26,1,1,0.0,0,0.4686,0.4594,0.1688,0.3931
q99,0,1,1,1,0.1111,1,0.6054,0.5167,0.208,0.381
q99,0,2,0,1,0.0,0,0.4658,0.2119,0.1067,0.2897
q99,0,3,0,1,0.0,0,0.4414,0.2839,0.1192,0.3158
q99,0,4,0,1,0.0,0,0.4829,0.2996,0.1175,0.2898
q99,0,5,0,1,0.0,0,0.4625,0.2693,0.0848,0.2469
q99,0,6,0,1,0.0,0,0.4242,0.3215,0.0862,0.2616
q99,0,7,0,1,0.0,0,0.4442,0.2213,0.0709,0.2368
q99,0,8,1,1,0.0,0,0.5384,0.5397,0.1281,0.2836
q99,0,9,0,0,0.0,0,0.3943,0.2179,0.1093,0.2904
q99,0,10,0,0,0.0,0,0.4912,0.3152,0.0954,0.2834
q99,0,11,0,0,0.0,0,0.4029,0.2537,0.0812,0.2576
q99,0,12,0,0,0.0,0,0.4919,0.3121,0.0908,0.255
q99,0,13,0,0,0.0,0,0.3881,0.1409,0.0682,0.2407
q99,0,14,0,0,0.0,0,0.5014,0.2672,0.0858,0.2596
q99,0,15,0,0,0.0,0,0.4961,0.2965,0.0891,0.2773
q99,0,16,0,0,0.0,0,0.4263,0.1472,0.0618,0.2365
q99,0,17,0,0,0.0,0,0.3462,0.167,0.0527,0.2124
q99,1,2,0,1,0.0,0,0.5565,0.3154,0.1248,0.2986
q99,1,3,0,1,0.0,0,0.5341,0.4097,0.1489,0.3542
q99,1,4,0,1,0.0,0,0.5963,0.3369,0.1237,0.3144
q99,1,5,0,1,0.0,0,0.569,0.4124,0.1111,0.2835
q99,1,6,0,1,0.0,0,0.442,0.4492,0.1067,0.2974
q99,1,7,0,1,0.0,0,0.5398,0.3576,0.0854,0.2488
q99,1,8,1,1,0.0,0,0.6135,0.5822,0.1543,0.3187
q99,1,9,0,0,0.0,0,0.4777,0.3285,0.1155,0.3025
q99,1,10,0,0,0.0,0,0.64,0.4187,0.1252,0.3137
q99,1,11,0,0,0.0,0,0.4786,0.3953,0.1191,0.2969
q99,1,12,0,0,0.0,0,0.5499,0.2902,0.087,0.2669
q99,1,13,0,0,0.0,0,0.4284,0.2201,0.0799,0.2448
q99,1,14,0,0,0.0,0,0.6188,0.4277,0.1294,0.3115
q99,1,15,0,0,0.0,0,0.5926,0.4537,0.1209,0.3215
q99,1,16,0,0,0.0,0,0.4765,0.292,0.0825,0.2573
q99,1,17,0,0,0.0,0,0.3631,0.2381,0.0697,0.2383
q99,2,3,0,1,0.0,0,0.4916,0.3689,0.1401,0.3245
q99,2,4,0,1,0.0,0,0.603,0.3365,0.1198,0.2942
q99,2,5,1,1,0.0,0,0.5448,0.4519,0.1087,0.2712
q99,2,6,0,1,0.0,0,0.5694,0.4799,0.1152,0.2811
q99,2,7,1,1,0.0,0,0.6047,0.5437,0.1167,0.2659
q99,2,8,0,1,0.0,0,0.5611,0.3785,0.085,0.2299
q99,2,9,0,0,0.0,0,0.4722,0.2581,0.101,0.2763
q99,2,10,0,0,0.0,0,0.5288,0.2684,0.079,0.2476
q99,2,11,0,0,0.0,0,0.5469,0.3348,0.0828,0.2342
q99,2,12,0,0,0.0,0,0.465,0.2386,0.0743,0.2292
q99,2,13,0,0,0.0,0,0.5828,0.3322,0.1018,0.2559
q99,2,14,0,0,0.0,0,0.5136,0.2955,0.0922,0.2522
q99,2,15,0,0,0.0,0,0.552,0.3007,0.0879,0.2502
q99,2,16,0,0,0.0,0,0.5493,0.3523,0.0994,0.2398
q99,2,17,0,0,0.0,0,0.4188,0.3129,0.0768,0.2178
q99,3,4,1,1,0.0909,1,0.7389,0.5993,0.2828,0.4783
q99,3,5,0,1,0.0,0,0.5508,0.3768,0.1255,0.3107
q99,3,6,1,1,0.1111,1,0.6549,0.5094,0.1613,0.3663
q99,3,7,0,1,0.0,0,0.507,0.433,0.1261,0.317
q99,3,8,0,1,0.0,0,0.5307,0.4202,0.1236,0.3141
q99,3,9,0,0,0.0,0,0.4581,0.3642,0.1193,0.3194
q99,3,10,0,0,0.0,0,0.5814,0.4075,0.1489,0.366
q99,3,11,0,0,0.0,0,0.4148,0.3004,0.1039,0.2985
q99,3,12,0,0,0.0,0,0.5414,0.433,0.1436,0.3583
q99,3,13,0,0,0.0,0,0.4112,0.2674,0.1013,0.2921
q99,3,14,0,0,0.0,0,0.5041,0.439,0.1407,0.345
q99,3,15,0,0,0.0,0,0.511,0.3813,0.1216,0.3389
q99,3,16,0,0,0.0,0,0.4548,0.3536,0.1262,0.3229
q99,3,17,0,0,0.0,0,0.3813,0.2757,0.0894,0.2716
q99,4,5,0,1,0.0,0,0.6294,0.4031,0.1361,0.318
q99,4,6,1,1,0.25,2,0.699,0.529,0.1674,0.3656
q99,4,7,0,1,0.0,0,0.5497,0.439,0.1295,0.3012
q99,4,8,0,1,0.0,0,0.5176,0.4266,0.12,0.291
q99,4,9,0,0,0.0,0,0.4606,0.4056,0.1247,0.3053
q99,4,10,0,0,0.0,0,0.5162,0.3881,0.1345,0.3366
q99,4,11,0,0,0.0,0,0.5391,0.2779,0.0938,0.2947
q99,4,12,0,0,0.0,0,0.5875,0.3725,0.1281,0.3428
q99,4,13,0,0,0.0,0,0.5119,0.2635,0.093,0.2793
q99,4,14,0,0,0.0,0,0.5618,0.4194,0.1362,0.3406
q99,4,15,0,0,0.0,0,0.5725,0.4038,0.1274,0.326
q99,4,16,0,0,0.0,0,0.5604,0.334,0.1245,0.3158
q99,4,17,0,0,0.0,0,0.402,0.3066,0.0949,0.2849
q99,5,6,0,1,0.0,0,0.5541,0.3521,0.1289,0.3373
q99,5,7,1,1,0.0,0,0.6824,0.4833,0.2061,0.4127
q99,5,8,0,1,0.0,0,0.5532,0.4202,0.1561,0.3527
q99,5,9,0,0,0.0,0,0.5253,0.3709,0.0905,0.2448
q99,5,10,0,0,0.0,0,0.5307,0.2739,0.1185,0.3299
q99,5,11,0,0,0.0,0,0.4802,0.2937,0.1183,0.3074
q99,5,12,0,0,0.0,0,0.4929,0.2297,0.0976,0.2983
q99,5,13,0,0,0.0,0,0.5273,0.242,0.0851,0.2581
q99,5,14,0,0,0.0,0,0.56,0.3538,0.1495,0.3564
q99,5,15,0,0,0.0,0,0.5798,0.3434,0.1461,0.3518
q99,5,16,0,0,0.0,0,0.4886,0.2874,0.1134,0.3041
q99,5,17,0,0,0.0,0,0.3277,0.2393,0.0938,0.2929
q99,6,7,0,1,0.0,0,0.5094,0.3744,0.1501,0.3633
q99,6,8,0,1,0.0,0,0.4703,0.3612,0.1419,0.3541
q99,6,9,0,0,0.0,0,0.4143,0.4637,0.1009,0.2702
q99,6,10,0,0,0.0,0,0.4485,0.2951,0.1218,0.3486
q99,6,11,0,0,0.0,0,0.4468,0.4513,0.1438,0.3524
q99,6,12,0,0,0.0,0,0.4816,0.3185,0.1163,0.3559
q99,6,13,0,0,0.0,0,0.4952,0.3452,0.1313,0.3387
q99,6,14,0,0,0.0,0,0.4421,0.3341,0.1451,0.3644
q99,6,15,0,0,0.0,0,0.4803,0.3843,0.1751,0.4075
q99,6,16,0,0,0.0,0,0.4956,0.3513,0.1609,0.365
q99,6,17,0,0,0.0,0,0.4406,0.345,0.1383,0.3524
q99,7,8,0,1,0.0,0,0.491,0.4523,0.154,0.3594
q99,7,9,0,0,0.0,0,0.4658,0.3832,0.0758,0.2296
q99,7,10,0,0,0.0,0,0.4586,0.3124,0.1126,0.3314
q99,7,11,0,0,0.0,0,0.5826,0.4407,0.1317,0.3138
q99,7,12,0,0,0.0,0,0.503,0.2569,0.0926,0.3188
q99,7,13,0,0,0.0,0,0.5686,0.3328,0.1117,0.2968
q99,7,14,0,0,0.0,0,0.5445,0.4059,0.1423,0.3393
q99,7,15,0,0,0.0,0,0.5669,0.4088,0.1515,0.3562
q99,7,16,0,0,0.0,0,0.5811,0.4382,0.136,0.3388
q99,7,17,0,0,0.0,0,0.4235,0.3112,0.115,0.317
q99,8,9,0,0,0.0,0,0.412,0.381,0.0789,0.2363
q99,8,10,0,0,0.1111,1,0.5719,0.3412,0.1262,0.332
q99,8,11,0,0,0.0,0,0.5879,0.57,0.1672,0.3619
q99,8,12,0,0,0.0,0,0.529,0.2884,0.1045,0.3105
q99,8,13,0,0,0.0,0,0.4898,0.3409,0.1173,0.2958
q99,8,14,0,0,0.0,0,0.5535,0.6017,0.1778,0.3868
q99,8,15,0,0,0.0,0,0.5395,0.4296,0.1608,0.359
q99,8,16,0,0,0.0,0,0.5879,0.3845,0.1311,0.3355
q99,8,17,0,0,0.0,0,0.4025,0.3397,0.1136,0.314
q99,9,10,1,1,0.0,0,0.4308,0.4737,0.1297,0.3194
q99,9,11,0,1,0.0,0,0.3373,0.2771,0.0721,0.2498
q99,9,12,1,1,0.0,0,0.5626,0.5609,0.144,0.327
q99,9,13,0,1,0.0,0,0.4185,0.2916,0.0761,0.2336
q99,9,14,0,1,0.0,0,0.4243,0.343,0.0843,0.2496
q99,9,15,0,1,0.0,0,0.426,0.3709,0.0833,0.2688
q99,9,16,0,1,0.0,0,0.3693,0.3106,0.0788,0.2511
q99,9,17,0,1,0.0,0,0.3295,0.3207,0.0724,0.235
q99,10,11,0,1,0.0,0,0.531,0.1823,0.0882,0.3006
q99,10,12,1,1,0.0,0,0.4897,0.3796,0.167,0.4115
q99,10,13,0,1,0.0,0,0.4036,0.1752,0.0793,0.2724
q99,10,14,0,1,0.0,0,0.4757,0.2854,0.1337,0.3494
q99,10,15,0,1,0.0,0,0.4878,0.2748,0.1202,0.344
q99,10,16,0,1,0.0,0,0.4555,0.2204,0.0926,0.3062
q99,10,17,0,1,0.0,0,0.3404,0.2261,0.0895,0.2904
q99,11,12,0,1,0.0,0,0.3957,0.1954,0.0915,0.318
q99,11,13,0,1,0.0,0,0.5316,0.3525,0.1461,0.3323
q99,11,14,1,1,0.0,0,0.5628,0.4881,0.1733,0.3873
q99,11,15,1,1,0.0,0,0.5689,0.5435,0.2115,0.4244
q99,11,16,0,1,0.0,0,0.5762,0.3408,0.1322,0.3372
q99,11,17,0,1,0.0,0,0.4135,0.365,0.115,0.3049
q99,12,13,0,1,0.0,0,0.4294,0.2278,0.0953,0.3037
q99,12,14,0,1,0.0,0,0.5181,0.3387,0.14,0.3772
q99,12,15,0,1,0.0,0,0.5116,0.2928,0.1154,0.3467
q99,12,16,0,1,0.0,0,0.4834,0.2206,0.0999,0.3175
q99,12,17,0,1,0.0,0,0.353,0.2686,0.1076,0.3278
q99,13,14,0,1,0.0,0,0.4285,0.2321,0.1067,0.3074
q99,13,15,0,1,0.0,0,0.4751,0.2702,0.1152,0.3299
q99,13,16,1,1,0.0,0,0.6049,0.594,0.2103,0.4089
q99,13,17,1,1,0.0,0,0.4706,0.6107,0.2189,0.4123
q99,14,15,1,1,0.0,0,0.6265,0.7033,0.3142,0.5472
q99,14,16,0,1,0.0,0,0.5147,0.3453,0.1268,0.324
q99,14,17,0,1,0.0,0,0.3484,0.3215,0.1102,0.3196
q99,15,16,0,1,0.0,0,0.552,0.338,0.1509,0.3688
q99,15,17,0,1,0.0,0,0.3833,0.3723,0.132,0.3501
q99,16,17,1,1,0.0,0,0.4497,0.6923,0.2663,0.4826
q100,0,1,0,1,0.0,0,0.4981,0.4175,0.1465,0.3716
q100,0,2,0,1,0.0,0,0.4888,0.4802,0.148,0.362
q100,0,3,1,1,0.0,0,0.5664,0.623,0.2271,0.4556
q100,0,4,0,1,0.0,0,0.4513,0.4107,0.1524,0.357
q100,0,5,1,1,0.0,0,0.4885,0.4836,0.173,0.39
q100,0,6,0,1,0.0,0,0.6339,0.5932,0.1994,0.42
q100,0,7,0,1,0.0,0,0.517,0.4687,0.1521,0.372
q100,0,8,0,1,0.0,0,0.511,0.3484,0.1299,0.3534
q100,0,9,0,0,0.0,0,0.5235,0.2968,0.1248,0.315
q100,0,10,0,0,0.0,0,0.5419,0.3237,0.1332,0.3277
q100,0,11,0,0,0.0,0,0.5092,0.2836,0.1246,0.3384
q100,0,12,0,0,0.0,0,0.5095,0.3569,0.12,0.3331
q100,0,13,0,0,0.0,0,0.4878,0.4345,0.1478,0.3565
q100,0,14,0,0,0.0,0,0.533,0.4316,0.133,0.346
q100,0,15,0,0,0.0,0,0.4968,0.322,0.1088,0.3218
q100,0,16,0,0,0.0,0,0.5544,0.4162,0.1501,0.3621
q100,0,17,0,0,0.0,0,0.4822,0.4469,0.1358,0.3377
q100,0,18,0,0,0.0,0,0.6452,0.3755,0.15,0.3707
q100,0,19,0,0,0.0,0,0.533,0.4354,0.1423,0.342
q100,0,20,0,0,0.0,0,0.5286,0.2994,0.1143,0.3312
q100,0,21,0,0,0.0,0,0.4403,0.3638,0.1446,0.3455
q100,0,22,0,0,0.0,0,0.4806,0.4128,0.1394,0.3459
q100,0,23,0,0,0.0,0,0.4968,0.4196,0.1296,0.3483
q100,0,24,0,0,0.0,0,0.5602,0.4542,0.138,0.3577
q100,0,25,0,0,0.0,0,0.4657,0.4375,0.1264,0.3609
q100,0,26,0,0,0.0,0,0.5183,0.4853,0.1479,0.3842
q100,1,2,0,1,0.1429,1,0.638,0.6751,0.3082,0.5228
q100,1,3,0,1,0.0,0,0.4711,0.4246,0.1607,0.3829
q100,1,4,1,1,0.1429,1,0.6926,0.7233,0.3902,0.5957
q100,1,5,0,1,0.125,1,0.7024,0.6462,0.2638,0.4858
q100,1,6,0,1,0.1429,1,0.621,0.5086,0.182,0.416
q100,1,7,0,1,0.6667,2,0.8807,0.6743,0.2933,0.5095
q100,1,8,1,1,0.1667,1,0.5264,0.5947,0.2362,0.4736
q100,1,9,0,0,0.0,0,0.5652,0.3268,0.1265,0.3414
q100,1,10,0,0,0.0,0,0.4975,0.2875,0.109,0.3142
q100,1,11,0,0,0.0,0,0.5148,0.3411,0.1345,0.3546
q100,1,12,0,0,0.0,0,0.5332,0.3604,0.1238,0.3438
q100,1,13,0,0,0.0,0,0.4778,0.4852,0.1794,0.4229
q100,1,14,0,0,0.0,0,0.5068,0.4381,0.1484,0.3691
q100,1,15,0,0,0.0,0,0.387,0.3282,0.1278,0.3504
q100,1,16,0,0,0.0,0,0.5473,0.4775,0.1614,0.4017
q100,1,17,0,0,0.0,0,0.5157,0.4535,0.1475,0.3741
q100,1,18,0,0,0.0,0,0.4925,0.386,0.1439,0.3606
q100,1,19,0,0,0.0,0,0.5068,0.3855,0.153,0.3809
q100,1,20,0,0,0.0,0,0.5785,0.4177,0.1453,0.3854
q100,1,21,0,0,0.0,0,0.4635,0.5139,0.2053,0.4393
q100,1,22,0,0,0.0,0,0.5577,0.517,0.1814,0.3979
q100,1,23,0,0,0.0,0,0.387,0.284,0.1277,0.3538
q100,1,24,0,0,0.0,0,0.5049,0.4498,0.1588,0.3755
q100,1,25,0,0,0.0,0,0.5069,0.5068,0.1759,0.4129
q100,1,26,0,0,0.0,0,0.5389,0.5013,0.1731,0.4107
q100,2,3,0,1,0.0,0,0.3941,0.4042,0.1584,0.3888
q100,2,4,0,1,0.25,2,0.7712,0.6993,0.3348,0.5548
q100,2,5,0,1,0.2222,2,0.7725,0.6481,0.2825,0.498
q100,2,6,1,1,0.1111,1,0.5684,0.5775,0.2036,0.4477
q100,2,7,1,1,0.1667,1,0.5984,0.7168,0.3091,0.5273
q100,2,8,0,1,0.0,0,0.5058,0.5042,0.188,0.4247
q100,2,9,0,0,0.0,0,0.5053,0.377,0.1431,0.368
q100,2,10,0,0,0.0,0,0.401,0.3526,0.1371,0.3457
q100,2,11,0,0,0.0,0,0.4484,0.3627,0.1409,0.3855
q100,2,12,0,0,0.0,0,0.4762,0.3861,0.1531,0.3881
q100,2,13,0,0,0.0,0,0.4666,0.4873,0.1957,0.4371
q100,2,14,0,0,0.0,0,0.4595,0.5207,0.1795,0.4063
q100,2,15,0,0,0.0,0,0.4294,0.293,0.1309,0.3702
q100,2,16,0,0,0.0,0,0.5268,0.5039,0.1684,0.417
q100,2,17,0,0,0.0,0,0.5172,0.5333,0.1776,0.4011
q100,2,18,0,0,0.0,0,0.4575,0.4692,0.1724,0.3936
q100,2,19,0,0,0.0,0,0.4595,0.3895,0.1487,0.3847
q100,2,20,0,0,0.0,0,0.5077,0.3433,0.138,0.3885
q100,2,21,0,0,0.0,0,0.4423,0.4618,0.1837,0.4278
q100,2,22,0,0,0.0,0,0.4871,0.5544,0.1914,0.4168
q100,2,23,0,0,0.0,0,0.4294,0.2818,0.132,0.3703
q100,2,24,0,0,0.0,0,0.5256,0.487,0.1811,0.4033
q100,2,25,0,0,0.0,0,0.4722,0.5582,0.1897,0.4258
q100,2,26,0,0,0.0,0,0.4551,0.4986,0.172,0.4219
q100,3,4,0,1,0.0,0,0.5319,0.3535,0.1602,0.3769
q100,3,5,1,1,0.0,0,0.4286,0.4107,0.1611,0.385
q100,3,6,0,1,0.0,0,0.6182,0.4814,0.1773,0.4066
q100,3,7,0,1,0.0,0,0.5554,0.4078,0.1553,0.3853
q100,3,8,0,1,0.0,0,0.4349,0.3781,0.1588,0.3916
q100,3,9,0,0,0.0,0,0.5432,0.3174,0.1157,0.3156
q100,3,10,0,0,0.0,0,0.4995,0.342,0.1203,0.3063
q100,3,11,0,0,0.0,0,0.5349,0.27,0.1207,0.3543
q100,3,12,0,0,0.0,0,0.5397,0.265,0.1228,0.3371
q100,3,13,0,0,0.0,0,0.4367,0.4812,0.1829,0.3983
q100,3,14,0,0,0.0,0,0.4607,0.3949,0.137,0.3483
q100,3,15,0,0,0.0,0,0.3663,0.292,0.1223,0.358
q100,3,16,0,0,0.0,0,0.5757,0.3828,0.1483,0.3937
q100,3,17,0,0,0.0,0,0.5155,0.3846,0.1387,0.3664
q100,3,18,0,0,0.0,0,0.557,0.3994,0.1295,0.3338
q100,3,19,0,0,0.0,0,0.4607,0.366,0.1477,0.3698
q100,3,20,0,0,0.0,0,0.5337,0.3084,0.1206,0.3417
q100,3,21,0,0,0.0,0,0.3823,0.3989,0.1636,0.4045
q100,3,22,0,0,0.0,0,0.5307,0.3774,0.141,0.3564
q100,3,23,0,0,0.0,0,0.3663,0.3756,0.1376,0.3677
q100,3,24,0,0,0.0,0,0.5772,0.4121,0.1502,0.3826
q100,3,25,0,0,0.0,0,0.3942,0.4035,0.1505,0.3851
q100,3,26,0,0,0.0,0,0.6057,0.4725,0.1749,0.4142
q100,4,5,0,1,0.375,3,0.8245,0.6236,0.3193,0.5354
q100,4,6,0,1,0.0,0,0.4939,0.416,0.1777,0.391
q100,4,7,0,1,0.1667,1,0.5622,0.5544,0.2566,0.4759
q100,4,8,1,1,0.0,0,0.4611,0.5716,0.2348,0.4638
q100,4,9,0,0,0.0,0,0.5156,0.3558,0.1451,0.3501
q100,4,10,0,0,0.0,0,0.5094,0.3078,0.1214,0.3354
q100,4,11,0,0,0.0,0,0.446,0.357,0.1432,0.3735
q100,4,12,0,0,0.0,0,0.4898,0.2299,0.1208,0.3525
q100,4,13,0,0,0.0,0,0.4946,0.4736,0.1814,0.4109
q100,4,14,0,0,0.0,0,0.4866,0.3486,0.1503,0.3803
q100,4,15,0,0,0.0,0,0.3863,0.3357,0.1417,0.3699
q100,4,16,0,0,0.0,0,0.5187,0.5317,0.1793,0.4084
q100,4,17,0,0,0.0,0,0.5012,0.4897,0.1585,0.368
q100,4,18,0,0,0.0,0,0.46,0.4085,0.1466,0.3666
q100,4,19,0,0,0.0,0,0.4866,0.3156,0.1484,0.3779
q100,4,20,0,0,0.0,0,0.4771,0.354,0.1528,0.3805
q100,4,21,0,0,0.0,0,0.5108,0.476,0.1922,0.4257
q100,4,22,0,0,0.0,0,0.4621,0.4766,0.1874,0.3989
q100,4,23,0,0,0.0,0,0.3863,0.2592,0.1289,0.3581
q100,4,24,0,0,0.0,0,0.4708,0.4237,0.1723,0.3876
q100,4,25,0,0,0.0,0,0.5217,0.5037,0.1811,0.4154
q100,4,26,0,0,0.0,0,0.4506,0.4903,0.168,0.4058
q100,5,6,0,1,0.2222,2,0.6228,0.4578,0.1886,0.4382
q100,5,7,0,1,0.1429,1,0.613,0.576,0.2538,0.483
q100,5,8,0,1,0.0,0,0.4718,0.4997,0.2015,0.4276
q100,5,9,0,0,0.0,0,0.5577,0.3937,0.1446,0.3643
q100,5,10,0,0,0.0,0,0.5777,0.3329,0.1155,0.3298
q100,5,11,0,0,0.0,0,0.5095,0.3779,0.1409,0.3896
q100,5,12,0,0,0.0,0,0.5228,0.2592,0.1244,0.3527
q100,5,13,0,0,0.0,0,0.5026,0.5253,0.1986,0.4351
q100,5,14,0,0,0.0,0,0.5292,0.3381,0.1605,0.3871
q100,5,15,0,0,0.0,0,0.4073,0.3059,0.1326,0.38
q100,5,16,0,0,0.0,0,0.5717,0.4776,0.1806,0.4348
q100,5,17,0,0,0.0,0,0.4904,0.45,0.1552,0.3851
q100,5,18,0,0,0.1,1,0.5568,0.4295,0.1565,0.3874
q100,5,19,0,0,0.0,0,0.5292,0.3289,0.1448,0.383
q100,5,20,0,0,0.0,0,0.5156,0.4036,0.1546,0.3898
q100,5,21,0,0,0.0,0,0.4908,0.4655,0.1889,0.4209
q100,5,22,0,0,0.0,0,0.4849,0.4705,0.1755,0.4057
q100,5,23,0,0,0.0,0,0.4073,0.2971,0.1339,0.3892
q100,5,24,0,0,0.0,0,0.5114,0.4109,0.1627,0.3924
q100,5,25,0,0,0.0,0,0.5449,0.4991,0.179,0.4342
q100,5,26,0,0,0.0,0,0.4933,0.4379,0.1558,0.4056
q100,6,7,1,1,0.1667,1,0.5779,0.5158,0.2088,0.4646
q100,6,8,0,1,0.125,1,0.5701,0.4176,0.1801,0.4259
q100,6,9,0,0,0.0,0,0.5533,0.4178,0.1588,0.4058
q100,6,10,0,0,0.0,0,0.6238,0.4481,0.1345,0.3539
q100,6,11,0,0,0.0,0,0.5205,0.3665,0.1347,0.3829
q100,6,12,0,0,0.0,0,0.5185,0.3749,0.1402,0.3822
q100,6,13,0,0,0.0,0,0.5322,0.5054,0.2084,0.4469
q100,6,14,0,0,0.0,0,0.5753,0.4291,0.1843,0.4152
q100,6,15,0,0,0.0,0,0.5156,0.3028,0.1323,0.3801
q100,6,16,0,0,0.0,0,0.5807,0.4654,0.1916,0.4465
q100,6,17,0,0,0.0,0,0.5106,0.4211,0.1591,0.4099
q100,6,18,0,0,0.1111,1,0.7328,0.5413,0.1965,0.4306
q100,6,19,0,0,0.0,0,0.5753,0.3565,0.1622,0.3981
q100,6,20,0,0,0.0,0,0.6226,0.4108,0.1556,0.4056
q100,6,21,0,0,0.0,0,0.47,0.4176,0.1567,0.4
q100,6,22,0,0,0.0,0,0.5485,0.4858,0.1997,0.4358
q100,6,23,0,0,0.0,0,0.5156,0.4048,0.163,0.4115
q100,6,24,0,0,0.0,0,0.602,0.5098,0.1815,0.4258
q100,6,25,0,0,0.0,0,0.5046,0.4329,0.154,0.4157
q100,6,26,0,0,0.0,0,0.5469,0.4268,0.1674,0.4184
q100,7,8,0,1,0.2,1,0.5523,0.5019,0.2089,0.447
q100,7,9,0,0,0.0,0,0.575,0.3627,0.1406,0.3651
q100,7,10,0,0,0.0,0,0.5964,0.3893,0.1341,0.3624
q100,7,11,0,0,0.0,0,0.5345,0.3631,0.1337,0.3804
q100,7,12,0,0,0.0,0,0.5359,0.3308,0.1386,0.384
q100,7,13,0,0,0.0,0,0.4967,0.4718,0.1838,0.4309
q100,7,14,0,0,0.0,0,0.5538,0.4236,0.1707,0.4117
q100,7,15,0,0,0.0,0,0.4128,0.3106,0.1284,0.3685
q100,7,16,0,0,0.0,0,0.5579,0.4888,0.1726,0.4211
q100,7,17,0,0,0.0,0,0.4618,0.4207,0.148,0.3807
q100,7,18,0,0,0.0,0,0.624,0.4568,0.1644,0.4047
q100,7,19,0,0,0.0,0,0.5538,0.3449,0.1465,0.3809
q100,7,20,0,0,0.0,0,0.6435,0.384,0.1501,0.3919
q100,7,21,0,0,0.0,0,0.4698,0.5382,0.212,0.4394
q100,7,22,0,0,0.0,0,0.5824,0.5008,0.1884,0.4202
q100,7,23,0,0,0.0,0,0.4128,0.3682,0.1515,0.3992
q100,7,24,0,0,0.0,0,0.5151,0.4831,0.1851,0.4294
q100,7,25,0,0,0.0,0,0.5177,0.5184,0.1895,0.4413
q100,7,26,0,0,0.0,0,0.568,0.4678,0.1741,0.4258
q100,8,9,0,0,0.0,0,0.4931,0.4414,0.1559,0.3818
q100,8,10,0,0,0.0,0,0.4456,0.3213,0.1155,0.3231
q100,8,11,0,0,0.0,0,0.4663,0.4246,0.1584,0.3971
q100,8,12,0,0,0.0,0,0.4444,0.3294,0.1374,0.373
q100,8,13,0,0,0.0,0,0.4996,0.4902,0.1851,0.4303
q100,8,14,0,0,0.0,0,0.5309,0.3633,0.1599,0.3934
q100,8,15,0,0,0.0,0,0.4779,0.3615,0.1498,0.405
q100,8,16,0,0,0.0,0,0.517,0.4657,0.193,0.4295
q100,8,17,0,0,0.1667,1,0.8083,0.4448,0.1985,0.4434
q100,8,18,0,0,0.0,0,0.4665,0.431,0.1517,0.3845
q100,8,19,0,0,0.0,0,0.5309,0.3462,0.1537,0.3883
q100,8,20,0,0,0.0,0,0.5009,0.4379,0.1735,0.417
q100,8,21,0,0,0.0,0,0.4398,0.5217,0.1997,0.4467
q100,8,22,0,0,0.0,0,0.4814,0.4478,0.1563,0.3865
q100,8,23,0,0,0.0,0,0.4779,0.3235,0.1446,0.3898
q100,8,24,0,0,0.0,0,0.5254,0.4645,0.186,0.4119
q100,8,25,0,0,0.0,0,0.4344,0.4816,0.1733,0.4233
q100,8,26,0,0,0.0,0,0.5129,0.5223,0.1809,0.4212
q100,9,10,0,1,0.0,0,0.6144,0.247,0.1193,0.3285
q100,9,11,0,1,0.0,0,0.5493,0.3179,0.119,0.3546
q100,9,12,0,1,0.0,0,0.5792,0.3701,0.1382,0.3607
q100,9,13,1,1,0.0,0,0.5379,0.5143,0.1928,0.4254
q100,9,14,0,1,0.0,0,0.5589,0.3981,0.1411,0.3586
q100,9,15,0,1,0.0,0,0.438,0.2254,0.1005,0.3346
q100,9,16,1,1,0.1667,1,0.7943,0.659,0.2435,0.4769
q100,9,17,0,1,0.0,0,0.4511,0.4109,0.135,0.3641
q100,9,18,0,0,0.0,0,0.6735,0.3952,0.163,0.3895
q100,9,19,0,0,0.0,0,0.5589,0.3789,0.1309,0.3533
q100,9,20,0,0,0.4,2,0.7587,0.5974,0.2411,0.4823
q100,9,21,0,0,0.0,0,0.4878,0.341,0.1423,0.3588
q100,9,22,0,0,0.1429,1,0.5909,0.4719,0.1871,0.41
q100,9,23,0,0,0.0,0,0.438,0.2431,0.1124,0.3325
q100,9,24,0,0,0.0,0,0.5522,0.3647,0.1405,0.3616
q100,9,25,0,0,0.0,0,0.5696,0.4065,0.1338,0.3671
q100,9,26,0,0,0.0,0,0.5562,0.3489,0.1196,0.3325
q100,10,11,0,1,0.0,0,0.618,0.2759,0.1109,0.3268
q100,10,12,0,1,0.0,0,0.6044,0.3136,0.1272,0.3473
q100,10,13,0,1,0.0,0,0.455,0.397,0.1369,0.3495
q100,10,14,1,1,0.0,0,0.4887,0.3743,0.1388,0.3584
q100,10,15,1,1,0.0,0,0.3905,0.3854,0.1253,0.3317
q100,10,16,0,1,0.0,0,0.6322,0.4501,0.1419,0.3691
q100,10,17,0,1,0.0,0,0.539,0.3579,0.1118,0.3239
q100,10,18,0,0,0.2857,2,0.7306,0.6083,0.2523,0.4644
q100,10,19,0,0,0.0,0,0.4887,0.3512,0.122,0.3274
q100,10,20,0,0,0.0,0,0.6002,0.3222,0.1261,0.3331
q100,10,21,0,0,0.0,0,0.3835,0.2586,0.1122,0.3242
q100,10,22,0,0,0.0,0,0.5969,0.4124,0.1471,0.3639
q100,10,23,0,0,0.0,0,0.3905,0.4853,0.1491,0.3552
q100,10,24,0,0,0.0,0,0.6382,0.5683,0.1882,0.4008
q100,10,25,0,0,0.0,0,0.389,0.3975,0.1259,0.3455
q100,10,26,0,0,0.0,0,0.6248,0.4317,0.1297,0.3386
q100,11,12,1,1,0.0,0,0.5795,0.3771,0.1628,0.3944
q100,11,13,0,1,0.0,0,0.4798,0.335,0.1296,0.3641
q100,11,14,0,1,0.0,0,0.5769,0.3726,0.1412,0.3962
q100,11,15,0,1,0.0,0,0.4582,0.3635,0.1528,0.4053
q100,11,16,0,1,0.0,0,0.6463,0.3293,0.1245,0.3688
q100,11,17,1,1,0.0,0,0.4492,0.4102,0.1498,0.3854
q100,11,18,0,0,0.0,0,0.6766,0.3153,0.1191,0.3535
q100,11,19,0,0,0.0,0,0.5769,0.3756,0.1376,0.384
q100,11,20,0,0,0.0,0,0.5962,0.3145,0.113,0.3406
q100,11,21,0,0,0.0,0,0.4368,0.3407,0.1308,0.3731
q100,11,22,0,0,0.0,0,0.4957,0.2841,0.1249,0.3564
q100,11,23,0,0,0.0,0,0.4582,0.3069,0.1248,0.3734
q100,11,24,0,0,0.0,0,0.5535,0.3669,0.1328,0.3786
q100,11,25,0,0,0.0,0,0.4857,0.3202,0.1227,0.3813
q100,11,26,0,0,0.0,0,0.6019,0.3817,0.1362,0.3776
q100,12,13,0,1,0.0,0,0.484,0.4182,0.1523,0.3895
q100,12,14,0,1,0.0,0,0.5334,0.4035,0.1653,0.4058
q100,12,15,0,1,0.0,0,0.4304,0.2404,0.1091,0.3426
q100,12,16,0,1,0.0,0,0.5933,0.4508,0.1683,0.408
q100,12,17,1,1,0.0,0,0.4361,0.4241,0.1639,0.3886
q100,12,18,0,0,0.0,0,0.672,0.4028,0.1585,0.3888
q100,12,19,0,0,0.0,0,0.5334,0.3163,0.1407,0.366
q100,12,20,0,0,0.0,0,0.5895,0.3022,0.1302,0.3689
q100,12,21,0,0,0.0,0,0.4638,0.364,0.1382,0.3562
q100,12,22,0,0,0.0,0,0.5007,0.316,0.1289,0.378
q100,12,23,0,0,0.0,0,0.4304,0.3095,0.1237,0.3563
q100,12,24,0,0,0.0,0,0.5273,0.3829,0.1584,0.3822
q100,12,25,0,0,0.0,0,0.5122,0.3688,0.1419,0.3964
q100,12,26,0,0,0.0,0,0.5447,0.3221,0.1346,0.3734
q100,13,14,0,1,0.0,0,0.4945,0.45,0.1793,0.3999
q100,13,15,0,1,0.0,0,0.3947,0.2382,0.1233,0.3822
q100,13,16,1,1,0.0,0,0.5863,0.6224,0.2254,0.4578
q100,13,17,0,1,0.0,0,0.4862,0.4461,0.1663,0.4049
q100,13,18,0,0,0.0,0,0.5165,0.4658,0.1734,0.3942
q100,13,19,0,0,0.0,0,0.4945,0.3762,0.1629,0.3861
q100,13,20,0,0,0.0,0,0.5573,0.4855,0.1854,0.4339
q100,13,21,0,0,0.0,0,0.4807,0.4464,0.1775,0.4114
q100,13,22,0,0,0.1111,1,0.6015,0.5666,0.2279,0.4518
q100,13,23,0,0,0.0,0,0.3947,0.3345,0.1313,0.3686
q100,13,24,0,0,0.0,0,0.5511,0.4852,0.1886,0.4169
q100,13,25,0,0,0.0,0,0.4671,0.4587,0.167,0.4077
q100,13,26,0,0,0.0,0,0.5117,0.4399,0.1619,0.3999
q100,14,15,1,1,0.0,0,0.4733,0.3656,0.159,0.4059
q100,14,16,0,1,0.0,0,0.5973,0.4589,0.1888,0.4176
q100,14,17,0,1,0.0,0,0.5423,0.4128,0.1595,0.3991
q100,14,18,0,0,0.0,0,0.556,0.4902,0.1757,0.4056
q100,14,19,0,0,1.0,5,1.0,0.5654,0.2776,0.514
q100,14,20,0,0,0.0,0,0.5808,0.3794,0.1425,0.3645
q100,14,21,0,0,0.0,0,0.4305,0.4655,0.1724,0.3962
q100,14,22,0,0,0.0,0,0.534,0.3558,0.1608,0.3988
q100,14,23,0,0,0.0,0,0.4733,0.3804,0.1678,0.4169
q100,14,24,0,0,0.0,0,0.5598,0.3669,0.1604,0.3889
q100,14,25,0,0,0.0,0,0.4923,0.4426,0.1668,0.4195
q100,14,26,0,0,0.1429,1,0.7395,0.4537,0.1893,0.4337
q100,15,16,0,1,0.0,0,0.46,0.3111,0.1369,0.3807
q100,15,17,0,1,0.0,0,0.477,0.3758,0.1575,0.4073
q100,15,18,0,0,0.0,0,0.4271,0.4099,0.1388,0.3756
q100,15,19,0,0,0.0,0,0.4733,0.3973,0.187,0.4283
q100,15,20,0,0,0.0,0,0.4168,0.2398,0.1211,0.3705
q100,15,21,0,0,0.0,0,0.4068,0.3933,0.1603,0.3983
q100,15,22,0,0,0.0,0,0.3815,0.2798,0.1237,0.3545
q100,15,23,0,0,1.0,5,1.0,0.6718,0.3256,0.5683
q100,15,24,0,0,0.0,0,0.5336,0.3466,0.1375,0.3723
q100,15,25,0,0,0.0,0,0.3912,0.3832,0.1507,0.4091
q100,15,26,0,0,0.0,0,0.4283,0.4232,0.1544,0.3844
q100,16,17,0,1,0.0,0,0.4858,0.4281,0.157,0.3962
q100,16,18,0,0,0.0,0,0.7324,0.5681,0.1834,0.4046
q100,16,19,0,0,0.0,0,0.5973,0.398,0.1814,0.4276
q100,16,20,0,0,0.2,1,0.7636,0.5974,0.2666,0.4864
q100,16,21,0,0,0.0,0,0.505,0.4416,0.1743,0.4139
q100,16,22,0,0,0.0,0,0.5683,0.614,0.2319,0.4683
q100,16,23,0,0,0.0,0,0.46,0.2882,0.1343,0.3814
q100,16,24,0,0,0.0,0,0.613,0.4761,0.1719,0.4197
q100,16,25,0,0,0.0,0,0.558,0.47,0.1737,0.421
q100,16,26,0,0,0.0,0,0.5969,0.4201,0.1583,0.406
q100,17,18,0,0,0.0,0,0.4553,0.4658,0.1415,0.3555
q100,17,19,0,0,0.0,0,0.5423,0.3382,0.1593,0.3954
q100,17,20,0,0,0.0,0,0.4525,0.3166,0.1292,0.3771
q100,17,21,0,0,0.0,0,0.5203,0.4285,0.1576,0.3988
q100,17,22,0,0,0.0,0,0.4293,0.4855,0.1624,0.4078
q100,17,23,0,0,0.0,0,0.477,0.4243,0.1555,0.4
q100,17,24,0,0,0.0,0,0.4975,0.4076,0.1508,0.3813
q100,17,25,0,0,0.0,0,0.4469,0.4293,0.1472,0.3874
q100,17,26,0,0,0.0,0,0.4799,0.489,0.1772,0.413
q100,18,19,1,1,0.0,0,0.556,0.4768,0.1655,0.379
q100,18,20,0,1,0.0,0,0.6592,0.42,0.1527,0.3656
q100,18,21,0,1,0.0,0,0.46,0.3693,0.1412,0.3587
q100,18,22,0,1,0.0,0,0.6382,0.5002,0.1816,0.414
q100,18,23,1,1,0.0,0,0.4271,0.4826,0.1615,0.3957
q100,18,24,0,1,0.0,0,0.7467,0.6125,0.2158,0.431
q100,18,25,0,1,0.0,0,0.5078,0.4902,0.1504,0.3763
q100,18,26,0,1,0.0,0,0.6826,0.4888,0.1629,0.3818
q100,19,20,0,1,0.0,0,0.5808,0.2998,0.1384,0.3727
q100,19,21,0,1,0.0,0,0.4305,0.467,0.1821,0.4195
q100,19,22,0,1,0.0,0,0.534,0.2774,0.1393,0.3814
q100,19,23,1,1,0.0,0,0.4733,0.4233,0.1957,0.4376
q100,19,24,0,1,0.0,0,0.5598,0.31,0.1396,0.3807
q100,19,25,0,1,0.0,0,0.4923,0.3917,0.1599,0.4075
q100,19,26,0,1,0.1429,1,0.7395,0.4651,0.2017,0.4234
q100,20,21,0,1,0.0,0,0.4429,0.4228,0.1578,0.3642
q100,20,22,1,1,0.1667,1,0.7954,0.5121,0.2342,0.4709
q100,20,23,0,1,0.0,0,0.4168,0.2769,0.1218,0.3568
q100,20,24,1,1,0.0,0,0.5748,0.354,0.1493,0.3834
q100,20,25,0,1,0.0,0,0.5187,0.4247,0.1517,0.4015
q100,20,26,0,1,0.0,0,0.6079,0.3615,0.1371,0.3678
q100,21,22,0,1,0.0,0,0.4175,0.3951,0.1538,0.3778
q100,21,23,0,1,0.0,0,0.4068,0.3846,0.1565,0.3948
q100,21,24,0,1,0.0,0,0.4612,0.3966,0.147,0.372
q100,21,25,1,1,0.0,0,0.4312,0.5124,0.1831,0.4051
q100,21,26,1,1,0.0,0,0.4455,0.5431,0.1974,0.4437
q100,22,23,0,1,0.0,0,0.3815,0.277,0.1223,0.3554
q100,22,24,1,1,0.0,0,0.5289,0.4645,0.1806,0.4085
q100,22,25,0,1,0.0,0,0.4913,0.4653,0.1631,0.4041
q100,22,26,0,1,0.0,0,0.5361,0.4374,0.1499,0.3886
q100,23,24,0,1,0.0,0,0.5336,0.4176,0.1508,0.4005
q100,23,25,0,1,0.0,0,0.3912,0.3094,0.1447,0.3982
q100,23,26,0,1,0.0,0,0.4283,0.4169,0.1696,0.4091
q100,24,25,0,1,0.0,0,0.5117,0.4517,0.1589,0.3922
q100,24,26,0,1,0.0,0,0.5881,0.4783,0.1762,0.4187
q100,25,26,1,1,0.0,0,0.4575,0.5017,0.1893,0.427
