q,tag,call_idx,gen_len,prose_len,prompt_len,cov5_raw,cov8_raw,cov15_raw,cov30_raw,cov5_prose,cov8_prose,cov15_prose,cov30_prose,longest_raw,longest_prose,copied8_raw,nspans8_raw
q1,RESEARCH_SUMMARY_TEXT,0,790,688,9675,0.2278,0.0696,0.0582,0.0,0.2733,0.0799,0.0669,0.0,23,23,55,2
q1,RESEARCH_SUMMARY_TEXT,1,739,666,9525,0.3559,0.0812,0.0,0.0,0.4039,0.1021,0.0,0.0,12,12,60,6
q1,RESEARCH_SUMMARY_TEXT,2,879,700,10671,0.215,0.083,0.0262,0.0,0.2829,0.1086,0.0329,0.0,23,23,73,6
q1,RESEARCH_SUMMARY_TEXT,3,832,698,10367,0.4964,0.2512,0.0938,0.0,0.596,0.3109,0.1117,0.0,23,23,209,16
q1,RESEARCH_SUMMARY_TEXT,4,881,768,12431,0.6334,0.5221,0.3757,0.1419,0.7174,0.599,0.4297,0.1628,55,55,460,23
q1,RESEARCH_SUMMARY_TEXT,5,886,754,10976,0.4458,0.184,0.0384,0.0,0.508,0.2162,0.0451,0.0,19,19,163,15
q1,RESEARCH_SUMMARY_TEXT,6,1110,993,9710,0.4775,0.2658,0.0459,0.0,0.5408,0.288,0.0514,0.0,21,21,295,24
q1,RESEARCH_SUMMARY_TEXT,7,1433,1115,10394,0.4466,0.3015,0.1856,0.0928,0.5695,0.3857,0.2368,0.1193,36,36,432,26
q1,RESEARCH_SUMMARY_TEXT,8,1686,1312,11362,0.6026,0.4223,0.2764,0.1062,0.7386,0.5457,0.3506,0.1334,42,40,712,34
q1,RESEARCH_SUMMARY_TEXT,9,233,233,13131,0.6223,0.2661,0.0644,0.0,0.6223,0.2661,0.0644,0.0,15,15,62,5
q1,RESEARCH_SUMMARY_TEXT,10,466,463,10959,0.4807,0.1974,0.0408,0.0,0.4903,0.2009,0.041,0.0,19,19,92,9
q1,RESEARCH_SUMMARY_TEXT,11,647,598,9961,0.2025,0.0479,0.0,0.0,0.2224,0.0518,0.0,0.0,13,13,31,3
q1,RESEARCH_SUMMARY_TEXT,12,652,648,10128,0.3037,0.1181,0.0,0.0,0.2948,0.1188,0.0,0.0,13,13,77,7
q1,RESEARCH_SUMMARY_TEXT,13,1222,1030,12764,0.6097,0.4272,0.1686,0.1211,0.7019,0.5,0.1951,0.0864,106,48,522,30
q1,RESEARCH_SUMMARY_TEXT,14,757,658,10062,0.2867,0.0594,0.0489,0.0489,0.3374,0.0684,0.0562,0.0562,37,37,45,2
q1,RESEARCH_SUMMARY_TEXT,15,797,673,8498,0.4655,0.2158,0.0213,0.0,0.5646,0.2571,0.0253,0.0,17,17,172,16
q1,RESEARCH_SUMMARY_TEXT,16,960,799,10300,0.3333,0.1729,0.0344,0.0,0.3855,0.2078,0.0413,0.0,17,17,166,13
q1,RESEARCH_SUMMARY_TEXT,17,1183,1016,10485,0.2139,0.0862,0.0161,0.0,0.3169,0.1004,0.0187,0.0,19,19,102,8
q1,RESEARCH_SUMMARY_TEXT,18,143,143,10190,0.3706,0.1888,0.1049,0.0,0.3706,0.1888,0.1049,0.0,15,15,27,2
q1,RESEARCH_SUMMARY_TEXT,19,147,147,11029,0.3946,0.1701,0.0,0.0,0.3946,0.1701,0.0,0.0,9,9,25,2
q1,RESEARCH_SUMMARY_TEXT,20,573,516,12633,0.4101,0.2147,0.0925,0.0,0.4516,0.2345,0.0736,0.0,20,20,123,10
q1,RESEARCH_SUMMARY_TEXT,21,805,728,12298,0.5516,0.2696,0.072,0.0,0.5975,0.2981,0.0797,0.0,25,25,217,19
q1,RESEARCH_SUMMARY_TEXT,22,715,640,9659,0.2685,0.0909,0.021,0.0,0.3312,0.1031,0.0234,0.0,15,15,65,6
q1,RESEARCH_SUMMARY_TEXT,23,756,663,12339,0.5648,0.3148,0.1362,0.0,0.6169,0.359,0.1554,0.0,19,19,238,14
q1,RESEARCH_SUMMARY_TEXT,24,684,590,12536,0.6857,0.5175,0.2588,0.0,0.778,0.5983,0.3,0.0,26,26,354,22
q1,RESEARCH_SUMMARY_TEXT,25,1170,1026,11282,0.3077,0.1308,0.0376,0.0376,0.3596,0.1491,0.0429,0.0429,44,44,153,12
q1,RESEARCH_SUMMARY_TEXT,26,1226,972,10995,0.4478,0.2292,0.1166,0.0302,0.5947,0.3169,0.1523,0.0432,37,42,281,21
q1,FINAL_REPORT_MARKDOWN,0,12183,3171,29622,0.9583,0.9387,0.9109,0.8943,0.8739,0.8124,0.7606,0.6597,224,158,11436,157
q2,RESEARCH_SUMMARY_TEXT,0,542,452,12338,0.4004,0.2731,0.1402,0.0,0.4801,0.3319,0.1792,0.0,27,29,148,11
q2,RESEARCH_SUMMARY_TEXT,1,651,594,11796,0.2089,0.0998,0.0338,0.0,0.229,0.1094,0.037,0.0,22,22,65,5
q2,RESEARCH_SUMMARY_TEXT,2,1069,784,36491,0.3368,0.1712,0.1487,0.029,0.4872,0.236,0.2028,0.0395,31,31,183,9
q2,RESEARCH_SUMMARY_TEXT,3,808,654,11292,0.5074,0.2426,0.0804,0.0,0.6239,0.2997,0.0994,0.0,18,18,196,17
q2,RESEARCH_SUMMARY_TEXT,4,1430,1051,33537,0.2839,0.1902,0.1664,0.0699,0.3739,0.255,0.2226,0.0951,54,54,272,11
q2,RESEARCH_SUMMARY_TEXT,5,1678,1237,40535,0.2872,0.1478,0.1275,0.0596,0.3897,0.2005,0.173,0.0808,54,54,248,10
q2,RESEARCH_SUMMARY_TEXT,6,1886,1312,12670,0.3478,0.0785,0.0435,0.0,0.5221,0.1128,0.0625,0.0,25,25,148,11
q2,RESEARCH_SUMMARY_TEXT,7,1920,1508,12328,0.2708,0.1891,0.0828,0.0193,0.4058,0.2387,0.1048,0.0245,37,37,363,26
q2,RESEARCH_SUMMARY_TEXT,8,2169,1747,10653,0.3107,0.1531,0.0332,0.0,0.4035,0.1906,0.0418,0.0,25,25,332,29
q2,FINAL_REPORT_MARKDOWN,0,9151,3621,15681,0.8344,0.7581,0.6856,0.5625,0.6023,0.4391,0.3231,0.0284,172,37,6937,157
q3,RESEARCH_SUMMARY_TEXT,0,291,291,10153,0.8729,0.7251,0.2887,0.11,0.8729,0.7251,0.2887,0.11,32,32,211,11
q3,RESEARCH_SUMMARY_TEXT,1,522,467,13954,0.7107,0.6475,0.4885,0.1494,0.773,0.7238,0.546,0.167,41,41,338,14
q3,RESEARCH_SUMMARY_TEXT,2,723,676,12880,0.5062,0.2752,0.0664,0.0,0.5074,0.2929,0.071,0.0,17,17,199,15
q3,RESEARCH_SUMMARY_TEXT,3,863,782,9955,0.3975,0.1842,0.0371,0.0,0.4399,0.2033,0.0409,0.0,17,17,159,13
q3,RESEARCH_SUMMARY_TEXT,4,841,761,12628,0.5351,0.2188,0.0678,0.0,0.5572,0.2549,0.0749,0.0,22,22,184,16
q3,RESEARCH_SUMMARY_TEXT,5,1010,885,9359,0.2287,0.0554,0.0149,0.0,0.2836,0.0712,0.0169,0.0,15,15,56,5
q3,RESEARCH_SUMMARY_TEXT,6,1036,922,9877,0.5087,0.3031,0.0888,0.0309,0.5293,0.3069,0.0998,0.0347,32,32,314,22
q3,RESEARCH_SUMMARY_TEXT,7,1195,947,9576,0.6285,0.549,0.3766,0.1172,0.7835,0.6885,0.471,0.1457,42,42,656,34
q3,RESEARCH_SUMMARY_TEXT,8,1714,1509,10930,0.2585,0.0992,0.0117,0.0,0.3221,0.1133,0.0133,0.0,20,20,170,14
q3,RESEARCH_SUMMARY_TEXT,9,417,369,7588,0.2302,0.0863,0.0456,0.0,0.2629,0.0976,0.0515,0.0,19,19,36,3
q3,RESEARCH_SUMMARY_TEXT,10,700,622,12185,0.5314,0.3929,0.0986,0.0,0.582,0.4421,0.1109,0.0,21,21,275,21
q3,RESEARCH_SUMMARY_TEXT,11,692,627,8736,0.3974,0.2153,0.052,0.0,0.4402,0.2376,0.0574,0.0,19,19,149,11
q3,RESEARCH_SUMMARY_TEXT,12,1026,917,9924,0.4756,0.2661,0.1501,0.076,0.5202,0.2955,0.1668,0.084,46,45,273,16
q3,RESEARCH_SUMMARY_TEXT,13,1065,889,11174,0.4347,0.2075,0.1239,0.0,0.5152,0.2576,0.1485,0.0,28,28,221,14
q3,RESEARCH_SUMMARY_TEXT,14,1122,1008,10511,0.4759,0.2406,0.1087,0.0267,0.5129,0.2589,0.121,0.0298,30,30,270,19
q3,RESEARCH_SUMMARY_TEXT,15,740,659,11125,0.3743,0.1757,0.0581,0.0,0.4234,0.2094,0.0653,0.0,22,22,130,10
q3,RESEARCH_SUMMARY_TEXT,16,706,658,10112,0.4688,0.1969,0.0637,0.0,0.5304,0.2112,0.0684,0.0,26,26,139,10
q3,RESEARCH_SUMMARY_TEXT,17,941,860,9753,0.6472,0.4527,0.2774,0.0319,0.6849,0.4953,0.3035,0.0349,30,30,426,23
q3,RESEARCH_SUMMARY_TEXT,18,824,751,8854,0.4854,0.2864,0.0947,0.0,0.5419,0.3116,0.1039,0.0,23,23,236,17
q3,RESEARCH_SUMMARY_TEXT,19,903,838,8217,0.5404,0.2802,0.1329,0.0,0.5883,0.3019,0.1432,0.0,23,23,253,16
q3,RESEARCH_SUMMARY_TEXT,20,1005,871,11690,0.5781,0.3871,0.1821,0.0667,0.6602,0.4478,0.2101,0.0769,35,35,389,24
q3,RESEARCH_SUMMARY_TEXT,21,1295,1075,12315,0.4409,0.1938,0.0502,0.0,0.5414,0.2474,0.0605,0.0,23,23,251,21
q3,RESEARCH_SUMMARY_TEXT,22,998,882,9502,0.3657,0.2094,0.1192,0.0371,0.4082,0.237,0.1349,0.042,37,37,209,13
q3,RESEARCH_SUMMARY_TEXT,23,905,792,11293,0.4453,0.1978,0.0564,0.0,0.5126,0.226,0.0644,0.0,29,29,179,15
q3,FINAL_REPORT_MARKDOWN,0,16068,2628,30701,0.9538,0.9171,0.8837,0.8621,0.7945,0.6461,0.5384,0.3912,217,66,14736,197
q4,RESEARCH_SUMMARY_TEXT,0,788,617,10750,0.3934,0.1358,0.0457,0.0,0.5041,0.1734,0.0583,0.0,21,21,107,8
q4,RESEARCH_SUMMARY_TEXT,1,965,739,11091,0.4829,0.2041,0.0155,0.0,0.5643,0.2463,0.0203,0.0,15,15,197,18
q4,RESEARCH_SUMMARY_TEXT,2,907,788,13350,0.5645,0.3385,0.0595,0.0397,0.6523,0.3566,0.0685,0.0457,36,36,307,26
q4,RESEARCH_SUMMARY_TEXT,3,998,790,12471,0.5251,0.1513,0.0251,0.0,0.538,0.181,0.0316,0.0,25,25,151,13
q4,RESEARCH_SUMMARY_TEXT,4,1355,1035,10281,0.5188,0.2945,0.1631,0.1077,0.4783,0.3034,0.1498,0.0638,42,36,399,22
q4,RESEARCH_SUMMARY_TEXT,5,1081,943,12524,0.3321,0.1156,0.0,0.0,0.3457,0.1495,0.0,0.0,14,14,125,12
q4,RESEARCH_SUMMARY_TEXT,6,1336,1064,11274,0.2859,0.0771,0.0284,0.0,0.3806,0.0968,0.0357,0.0,19,19,103,8
q4,RESEARCH_SUMMARY_TEXT,7,1308,1076,11726,0.5084,0.3502,0.1988,0.0482,0.5929,0.408,0.2351,0.0576,32,31,458,27
q4,RESEARCH_SUMMARY_TEXT,8,1594,1309,11421,0.5025,0.0797,0.0,0.0,0.5951,0.0848,0.0,0.0,14,14,127,13
q4,FINAL_REPORT_MARKDOWN,0,10169,3376,13856,0.9119,0.8667,0.8012,0.7555,0.7313,0.6256,0.447,0.1517,150,59,8813,136
q5,RESEARCH_SUMMARY_TEXT,0,694,572,15572,0.6744,0.4669,0.2651,0.0447,0.7045,0.5787,0.3182,0.0542,31,31,324,23
q5,RESEARCH_SUMMARY_TEXT,1,961,830,10573,0.6139,0.4194,0.1436,0.0,0.7084,0.4747,0.1663,0.0,21,21,403,26
q5,RESEARCH_SUMMARY_TEXT,2,1332,1125,12905,0.6366,0.5053,0.3318,0.0,0.7484,0.5956,0.3787,0.0,27,27,673,38
q5,RESEARCH_SUMMARY_TEXT,3,1095,955,12530,0.7589,0.6904,0.59,0.3297,0.8702,0.7927,0.6754,0.378,54,54,756,24
q5,RESEARCH_SUMMARY_TEXT,4,1199,1053,9328,0.3862,0.2193,0.1184,0.0,0.4473,0.2498,0.1349,0.0,27,27,263,16
q5,RESEARCH_SUMMARY_TEXT,5,880,737,12233,0.1761,0.0989,0.0648,0.0,0.2022,0.1058,0.0773,0.0,22,22,87,6
q5,RESEARCH_SUMMARY_TEXT,6,896,791,9116,0.3895,0.1763,0.0536,0.0,0.4703,0.2073,0.0607,0.0,18,18,158,13
q5,RESEARCH_SUMMARY_TEXT,7,1025,876,8871,0.4459,0.3298,0.2507,0.1112,0.5274,0.3858,0.2934,0.1301,39,39,338,13
q5,RESEARCH_SUMMARY_TEXT,8,1101,957,9750,0.584,0.3252,0.1444,0.0,0.6771,0.3751,0.1661,0.0,27,27,358,25
q5,RESEARCH_SUMMARY_TEXT,9,619,540,13734,0.1874,0.105,0.0485,0.0,0.2556,0.15,0.0556,0.0,15,15,65,4
q5,RESEARCH_SUMMARY_TEXT,10,659,538,13673,0.5341,0.2974,0.0835,0.0,0.6561,0.3643,0.1022,0.0,22,22,196,16
q5,RESEARCH_SUMMARY_TEXT,11,852,746,11228,0.52,0.2958,0.0915,0.0,0.5979,0.3485,0.1046,0.0,22,22,252,22
q5,RESEARCH_SUMMARY_TEXT,12,970,842,12214,0.6124,0.3835,0.2825,0.1423,0.709,0.4406,0.3254,0.1639,47,47,372,18
q5,RESEARCH_SUMMARY_TEXT,13,1111,880,10696,0.3978,0.1485,0.0153,0.0,0.5193,0.1886,0.0193,0.0,17,17,165,15
q5,RESEARCH_SUMMARY_TEXT,14,1194,947,32773,0.1156,0.0653,0.0126,0.0,0.1552,0.1014,0.0158,0.0,15,15,78,7
q5,RESEARCH_SUMMARY_TEXT,15,1199,1060,10721,0.7064,0.5555,0.3878,0.1726,0.7877,0.6198,0.4387,0.1953,46,46,666,35
q5,RESEARCH_SUMMARY_TEXT,16,1414,1224,10405,0.6506,0.3996,0.2313,0.0948,0.7508,0.46,0.2672,0.1095,61,61,565,29
q5,RESEARCH_SUMMARY_TEXT,17,1680,1295,13132,0.4101,0.1768,0.0482,0.0,0.4216,0.2355,0.0625,0.0,26,26,297,23
q5,RESEARCH_SUMMARY_TEXT,18,446,431,9953,0.4978,0.287,0.0561,0.0,0.5104,0.3063,0.058,0.0,25,25,128,12
q5,RESEARCH_SUMMARY_TEXT,19,748,693,10099,0.5682,0.3382,0.1551,0.0575,0.6162,0.3665,0.1674,0.062,43,43,253,17
q5,RESEARCH_SUMMARY_TEXT,20,881,768,13674,0.681,0.5062,0.2157,0.0488,0.7682,0.5703,0.2474,0.056,43,43,446,29
q5,RESEARCH_SUMMARY_TEXT,21,942,810,11759,0.4416,0.1401,0.0382,0.0,0.5259,0.1728,0.0444,0.0,20,20,132,12
q5,RESEARCH_SUMMARY_TEXT,22,1001,835,13597,0.5435,0.3037,0.0949,0.0,0.6575,0.3689,0.1126,0.0,17,17,304,25
q5,RESEARCH_SUMMARY_TEXT,23,1007,926,12048,0.5998,0.4211,0.2681,0.1559,0.6512,0.459,0.2916,0.1695,69,69,424,19
q5,RESEARCH_SUMMARY_TEXT,24,1177,1020,11927,0.6839,0.559,0.2838,0.1054,0.7814,0.6412,0.3118,0.1216,42,42,658,42
q5,RESEARCH_SUMMARY_TEXT,25,1028,893,9614,0.4125,0.1595,0.0564,0.0418,0.4894,0.1837,0.0649,0.0482,43,43,164,13
q5,RESEARCH_SUMMARY_TEXT,26,400,358,10330,0.4775,0.37,0.195,0.0,0.5307,0.4106,0.2151,0.0,24,24,148,10
q5,FINAL_REPORT_MARKDOWN,0,10430,3127,34745,0.9452,0.9222,0.8922,0.8515,0.9005,0.8295,0.7761,0.6473,125,80,9619,120
q6,RESEARCH_SUMMARY_TEXT,0,1704,1220,11561,0.2817,0.1291,0.0833,0.0217,0.3762,0.1746,0.0943,0.0336,37,41,220,13
q6,RESEARCH_SUMMARY_TEXT,1,1510,1156,11465,0.4106,0.2238,0.0868,0.0,0.4844,0.2785,0.1133,0.0,29,29,338,25
q6,RESEARCH_SUMMARY_TEXT,2,1690,1412,11340,0.4704,0.2746,0.1142,0.0201,0.5467,0.3272,0.1353,0.0234,34,33,464,30
q6,RESEARCH_SUMMARY_TEXT,3,2105,1625,9669,0.3634,0.1743,0.0342,0.0176,0.4911,0.2338,0.0468,0.0252,37,41,367,31
q6,RESEARCH_SUMMARY_TEXT,4,2354,1801,11830,0.5072,0.2502,0.1134,0.0132,0.5536,0.2865,0.1288,0.0172,31,31,589,44
q6,RESEARCH_SUMMARY_TEXT,5,2900,2005,10354,0.41,0.2472,0.0903,0.011,0.5771,0.3401,0.1002,0.0,32,27,717,60
q6,RESEARCH_SUMMARY_TEXT,6,2496,1904,13452,0.5613,0.3213,0.226,0.1098,0.6087,0.4034,0.2878,0.1439,88,88,802,37
q6,RESEARCH_SUMMARY_TEXT,7,2268,1769,12503,0.3739,0.2041,0.0511,0.0,0.4161,0.2165,0.0656,0.0,24,24,463,40
q6,RESEARCH_SUMMARY_TEXT,8,8654,5766,11093,0.3261,0.1817,0.0771,0.009,0.3307,0.2645,0.1152,0.0135,78,78,1572,120
q6,FINAL_REPORT_MARKDOWN,0,13215,4547,29244,0.9513,0.9072,0.8459,0.6973,0.7471,0.6384,0.5366,0.2102,237,146,11988,180
q7,RESEARCH_SUMMARY_TEXT,0,329,328,10585,0.6353,0.4438,0.234,0.0,0.6311,0.4451,0.2348,0.0,26,26,146,11
q7,RESEARCH_SUMMARY_TEXT,1,214,214,10167,0.6402,0.2196,0.0,0.0,0.6402,0.2196,0.0,0.0,13,13,47,4
q7,RESEARCH_SUMMARY_TEXT,2,201,201,9970,0.6119,0.209,0.0,0.0,0.6119,0.209,0.0,0.0,14,14,42,4
q7,RESEARCH_SUMMARY_TEXT,3,255,255,11954,0.5098,0.2627,0.0588,0.0,0.5098,0.2627,0.0588,0.0,15,15,67,6
q7,RESEARCH_SUMMARY_TEXT,4,284,284,11052,0.7782,0.6197,0.1514,0.0,0.7782,0.6197,0.1514,0.0,26,26,176,12
q7,RESEARCH_SUMMARY_TEXT,5,1063,904,9144,0.3932,0.1646,0.0,0.0,0.4679,0.1936,0.0,0.0,14,14,175,17
q7,RESEARCH_SUMMARY_TEXT,6,920,732,9363,0.4652,0.3511,0.0554,0.0,0.5724,0.429,0.0697,0.0,20,20,323,24
q7,RESEARCH_SUMMARY_TEXT,7,903,773,12447,0.6589,0.4485,0.2636,0.1606,0.7594,0.5032,0.3001,0.1824,42,42,405,21
q7,RESEARCH_SUMMARY_TEXT,8,984,912,9560,0.813,0.7256,0.4411,0.187,0.8761,0.7818,0.4737,0.1996,69,67,714,35
q7,RESEARCH_SUMMARY_TEXT,9,648,567,9448,0.608,0.3611,0.0694,0.0,0.6702,0.4145,0.0794,0.0,25,25,234,21
q7,RESEARCH_SUMMARY_TEXT,10,900,776,9048,0.4256,0.2089,0.0,0.0,0.4936,0.2423,0.0,0.0,12,12,188,17
q7,RESEARCH_SUMMARY_TEXT,11,638,635,9572,0.5423,0.2461,0.0235,0.0,0.5449,0.2472,0.0236,0.0,15,15,157,15
q7,RESEARCH_SUMMARY_TEXT,12,586,522,13912,0.6348,0.4096,0.2235,0.0,0.6858,0.433,0.2203,0.0,25,25,240,15
q7,RESEARCH_SUMMARY_TEXT,13,631,566,10042,0.4517,0.2235,0.0824,0.0,0.5212,0.2491,0.0919,0.0,28,28,141,10
q7,RESEARCH_SUMMARY_TEXT,14,715,581,10128,0.4559,0.3371,0.0629,0.0629,0.5508,0.4045,0.0775,0.0775,45,45,241,22
q7,RESEARCH_SUMMARY_TEXT,15,930,782,9973,0.7473,0.5075,0.1495,0.0,0.7826,0.6202,0.1777,0.0,24,24,472,32
q7,RESEARCH_SUMMARY_TEXT,16,1095,939,9885,0.4402,0.1662,0.0283,0.0,0.5165,0.2045,0.033,0.0,16,16,182,18
q7,RESEARCH_SUMMARY_TEXT,17,1133,976,14186,0.4263,0.173,0.038,0.0,0.502,0.2018,0.0441,0.0,24,24,196,17
q7,RESEARCH_SUMMARY_TEXT,18,373,373,10670,0.563,0.2252,0.0751,0.0,0.563,0.2252,0.0751,0.0,28,28,84,7
q7,RESEARCH_SUMMARY_TEXT,19,1049,864,10247,0.4929,0.2316,0.062,0.0,0.5984,0.2812,0.0752,0.0,26,26,243,19
q7,RESEARCH_SUMMARY_TEXT,20,796,715,9833,0.3668,0.1156,0.0427,0.0,0.4084,0.1287,0.0476,0.0,19,19,92,8
q7,RESEARCH_SUMMARY_TEXT,21,781,700,10095,0.6658,0.4213,0.1805,0.0602,0.7314,0.4929,0.2014,0.0671,47,47,329,23
q7,RESEARCH_SUMMARY_TEXT,22,900,796,10225,0.7367,0.6067,0.3478,0.1278,0.8354,0.7111,0.3945,0.1445,41,41,546,25
q7,RESEARCH_SUMMARY_TEXT,23,912,801,9813,0.5373,0.2796,0.0811,0.0,0.608,0.3283,0.0924,0.0,28,28,255,20
q7,RESEARCH_SUMMARY_TEXT,24,925,844,10692,0.4476,0.2335,0.1168,0.0,0.4964,0.2559,0.128,0.0,28,28,216,15
q7,RESEARCH_SUMMARY_TEXT,25,1035,899,10373,0.3304,0.1034,0.0329,0.0,0.3882,0.119,0.0378,0.0,19,19,107,9
q7,RESEARCH_SUMMARY_TEXT,26,1117,939,9709,0.5336,0.3688,0.0886,0.0,0.6337,0.4398,0.1214,0.0,18,18,412,32
q7,FINAL_REPORT_MARKDOWN,0,4365,1897,28657,0.9359,0.8997,0.7954,0.7093,0.8972,0.8118,0.611,0.4386,244,143,3927,56
q8,RESEARCH_SUMMARY_TEXT,0,840,768,13436,0.5905,0.4226,0.2429,0.0571,0.612,0.4622,0.2656,0.0625,48,48,355,21
q8,RESEARCH_SUMMARY_TEXT,1,819,745,11570,0.5482,0.2979,0.1294,0.0696,0.6,0.3248,0.1409,0.0765,57,57,244,16
q8,RESEARCH_SUMMARY_TEXT,2,963,864,12220,0.3666,0.1225,0.0685,0.0,0.3831,0.1366,0.0764,0.0,20,20,118,9
q8,RESEARCH_SUMMARY_TEXT,3,1019,893,11228,0.4966,0.2924,0.0667,0.0334,0.5398,0.3337,0.0761,0.0381,34,34,298,25
q8,RESEARCH_SUMMARY_TEXT,4,1098,906,14739,0.653,0.5191,0.3005,0.0756,0.7815,0.6214,0.3598,0.0916,49,49,570,34
q8,RESEARCH_SUMMARY_TEXT,5,1160,940,13189,0.5724,0.419,0.1543,0.056,0.7149,0.517,0.1904,0.0691,34,34,486,35
q8,RESEARCH_SUMMARY_TEXT,6,1195,989,11587,0.3213,0.1155,0.0251,0.0,0.3761,0.1395,0.0303,0.0,15,15,138,13
q8,RESEARCH_SUMMARY_TEXT,7,1416,1205,12739,0.2112,0.077,0.0353,0.0,0.2349,0.0905,0.0415,0.0,20,20,109,9
q8,RESEARCH_SUMMARY_TEXT,8,2491,1854,14842,0.5147,0.4043,0.2654,0.0253,0.6769,0.5496,0.3549,0.034,32,32,1007,61
q8,FINAL_REPORT_MARKDOWN,0,5618,2813,13437,0.9354,0.8661,0.7969,0.6705,0.8877,0.8265,0.7216,0.4717,179,178,4866,90
q9,RESEARCH_SUMMARY_TEXT,0,215,215,9898,0.7023,0.4,0.0977,0.0,0.7023,0.4,0.0977,0.0,21,21,86,6
q9,RESEARCH_SUMMARY_TEXT,1,613,563,21357,0.1631,0.1077,0.0,0.0,0.1687,0.1172,0.0,0.0,13,13,66,6
q9,RESEARCH_SUMMARY_TEXT,2,352,340,19243,0.2784,0.2415,0.0,0.0,0.2882,0.25,0.0,0.0,13,13,85,8
q9,RESEARCH_SUMMARY_TEXT,3,409,376,13302,0.5232,0.3472,0.1834,0.0,0.5718,0.3777,0.1995,0.0,23,23,142,9
q9,RESEARCH_SUMMARY_TEXT,4,453,423,13753,0.3377,0.1987,0.0,0.0,0.3617,0.2128,0.0,0.0,13,13,90,9
q9,RESEARCH_SUMMARY_TEXT,5,681,633,9525,0.4332,0.1615,0.0308,0.0,0.4581,0.1738,0.0332,0.0,21,21,110,7
q9,RESEARCH_SUMMARY_TEXT,6,663,597,11603,0.1569,0.1222,0.0,0.0,0.1591,0.1508,0.0,0.0,11,11,81,8
q9,RESEARCH_SUMMARY_TEXT,7,749,657,14227,0.3298,0.227,0.1015,0.0801,0.3805,0.2618,0.1157,0.0913,30,30,170,11
q9,RESEARCH_SUMMARY_TEXT,8,1142,954,13717,0.5858,0.4133,0.1944,0.1042,0.6887,0.499,0.2327,0.1247,47,47,472,34
q9,RESEARCH_SUMMARY_TEXT,9,287,287,11009,0.6899,0.4355,0.1707,0.0,0.6899,0.4355,0.1707,0.0,18,18,125,10
q9,RESEARCH_SUMMARY_TEXT,10,357,325,16280,0.6723,0.3529,0.1036,0.0,0.5108,0.2554,0.1046,0.0,19,17,126,10
q9,RESEARCH_SUMMARY_TEXT,11,543,524,12189,0.4475,0.1842,0.0,0.0,0.4637,0.1908,0.0,0.0,12,12,100,9
q9,RESEARCH_SUMMARY_TEXT,12,664,625,12387,0.6235,0.2786,0.0452,0.0,0.6448,0.2928,0.048,0.0,15,15,185,16
q9,RESEARCH_SUMMARY_TEXT,13,609,544,17094,0.4713,0.3235,0.0525,0.0,0.5423,0.3658,0.1599,0.0607,17,33,197,15
q9,RESEARCH_SUMMARY_TEXT,14,641,577,15705,0.2917,0.1669,0.0437,0.0,0.331,0.1872,0.1057,0.0572,20,33,107,9
q9,RESEARCH_SUMMARY_TEXT,15,815,694,13132,0.308,0.1951,0.0601,0.038,0.3732,0.2493,0.0922,0.0447,31,31,159,12
q9,RESEARCH_SUMMARY_TEXT,16,1090,976,12102,0.5982,0.4284,0.1963,0.0651,0.6609,0.4785,0.2193,0.0727,41,41,467,31
q9,RESEARCH_SUMMARY_TEXT,17,616,575,11031,0.6282,0.4513,0.1948,0.0,0.6783,0.4991,0.2087,0.0,29,29,278,18
q9,FINAL_REPORT_MARKDOWN,0,10218,2635,16620,0.9244,0.8758,0.8161,0.7328,0.7545,0.6368,0.4622,0.2694,159,112,8949,181
q10,RESEARCH_SUMMARY_TEXT,0,545,506,12934,0.422,0.1743,0.0661,0.0,0.4545,0.1877,0.0711,0.0,21,21,95,8
q10,RESEARCH_SUMMARY_TEXT,1,750,654,11222,0.4973,0.34,0.2067,0.1347,0.5627,0.3899,0.237,0.1544,64,64,255,15
q10,RESEARCH_SUMMARY_TEXT,2,675,574,11871,0.4044,0.157,0.0859,0.0,0.4774,0.1847,0.101,0.0,21,21,106,8
q10,RESEARCH_SUMMARY_TEXT,3,769,694,12895,0.723,0.4655,0.2341,0.039,0.7939,0.5159,0.2594,0.0432,30,30,358,25
q10,RESEARCH_SUMMARY_TEXT,4,1061,858,10006,0.4779,0.3327,0.147,0.0999,0.6212,0.4231,0.1818,0.1235,62,62,353,21
q10,RESEARCH_SUMMARY_TEXT,5,898,799,10791,0.402,0.1281,0.0,0.0,0.4718,0.1439,0.0,0.0,13,13,115,10
q10,RESEARCH_SUMMARY_TEXT,6,1318,1083,10201,0.4112,0.2329,0.132,0.0592,0.5023,0.2918,0.1607,0.072,48,48,307,18
q10,RESEARCH_SUMMARY_TEXT,7,1230,1026,10319,0.4301,0.2268,0.1065,0.0748,0.5088,0.2622,0.1267,0.0897,62,62,279,19
q10,RESEARCH_SUMMARY_TEXT,8,688,544,9424,0.5465,0.3154,0.1105,0.0,0.6875,0.4173,0.2022,0.0,23,23,217,18
q10,RESEARCH_SUMMARY_TEXT,9,412,397,12177,0.6723,0.483,0.1966,0.0,0.6927,0.4987,0.204,0.0,28,28,199,14
q10,RESEARCH_SUMMARY_TEXT,10,611,461,8120,0.2586,0.0606,0.0,0.0,0.3623,0.1171,0.0,0.0,11,11,37,4
q10,RESEARCH_SUMMARY_TEXT,11,801,687,14000,0.4432,0.1973,0.1149,0.0924,0.4119,0.23,0.1339,0.1077,42,42,158,9
q10,RESEARCH_SUMMARY_TEXT,12,826,712,11521,0.5061,0.3584,0.0969,0.0593,0.5772,0.4157,0.1124,0.0688,49,49,296,22
q10,RESEARCH_SUMMARY_TEXT,13,1182,1004,11012,0.3494,0.165,0.0651,0.044,0.4382,0.2052,0.0767,0.0518,52,52,195,14
q10,RESEARCH_SUMMARY_TEXT,14,1203,947,10871,0.2976,0.1255,0.0457,0.0457,0.4277,0.1605,0.0581,0.0581,55,55,151,11
q10,RESEARCH_SUMMARY_TEXT,15,1269,984,11544,0.3247,0.1127,0.0126,0.0,0.4238,0.1545,0.0163,0.0,16,16,143,12
q10,RESEARCH_SUMMARY_TEXT,16,1245,1119,10842,0.7333,0.5566,0.4072,0.1703,0.7954,0.6113,0.4468,0.1868,55,54,693,31
q10,RESEARCH_SUMMARY_TEXT,17,1348,1105,11204,0.5838,0.4844,0.2344,0.0364,0.7303,0.6009,0.3005,0.0443,49,49,653,39
q10,RESEARCH_SUMMARY_TEXT,18,461,438,9889,0.8416,0.7722,0.5206,0.3167,0.8836,0.8105,0.5457,0.3311,64,63,356,16
q10,RESEARCH_SUMMARY_TEXT,19,858,720,12317,0.4814,0.2086,0.0664,0.0,0.4653,0.2569,0.0806,0.0,24,25,179,16
q10,RESEARCH_SUMMARY_TEXT,20,1074,933,10883,0.3734,0.1611,0.1034,0.0661,0.4244,0.2004,0.119,0.0761,37,37,173,11
q10,RESEARCH_SUMMARY_TEXT,21,883,769,10965,0.4473,0.137,0.026,0.0,0.5046,0.1547,0.0299,0.0,23,23,121,11
q10,RESEARCH_SUMMARY_TEXT,22,868,763,10196,0.4896,0.2684,0.0415,0.0,0.5478,0.3067,0.0472,0.0,20,20,233,18
q10,RESEARCH_SUMMARY_TEXT,23,794,693,15756,0.3312,0.1889,0.0957,0.0491,0.3781,0.228,0.1097,0.0563,39,39,150,8
q10,RESEARCH_SUMMARY_TEXT,24,1101,899,12139,0.4205,0.1735,0.0663,0.0527,0.4761,0.1858,0.0812,0.0645,58,58,191,13
q10,RESEARCH_SUMMARY_TEXT,25,1211,1010,11205,0.3815,0.1363,0.0718,0.0,0.4594,0.1614,0.0861,0.0,29,29,165,9
q10,RESEARCH_SUMMARY_TEXT,26,1457,1295,10752,0.5264,0.3411,0.0776,0.0261,0.6039,0.3776,0.0873,0.0293,38,38,497,39
q10,FINAL_REPORT_MARKDOWN,0,4541,2107,33924,0.8886,0.7567,0.6774,0.5928,0.7674,0.5804,0.4381,0.2833,147,64,3436,81
q11,RESEARCH_SUMMARY_TEXT,0,206,194,7553,0.5728,0.3058,0.0922,0.0,0.5928,0.2371,0.0979,0.0,19,19,63,5
q11,RESEARCH_SUMMARY_TEXT,1,315,296,16732,0.6794,0.4159,0.2032,0.0,0.6858,0.4155,0.2162,0.0,28,28,131,9
q11,RESEARCH_SUMMARY_TEXT,2,767,634,9742,0.5111,0.2034,0.0,0.0,0.6262,0.2508,0.0,0.0,14,14,156,15
q11,RESEARCH_SUMMARY_TEXT,3,880,743,7768,0.3841,0.192,0.0943,0.042,0.4401,0.2221,0.1117,0.0498,37,37,169,10
q11,RESEARCH_SUMMARY_TEXT,4,523,452,9123,0.3442,0.2027,0.0975,0.0,0.3761,0.2522,0.1128,0.0,18,18,106,8
q11,RESEARCH_SUMMARY_TEXT,5,907,768,13947,0.3087,0.086,0.0254,0.0,0.362,0.0807,0.0299,0.0,23,23,78,7
q11,RESEARCH_SUMMARY_TEXT,6,1062,757,11161,0.467,0.2345,0.1234,0.0753,0.424,0.3025,0.1731,0.1096,42,42,249,16
q11,RESEARCH_SUMMARY_TEXT,7,1134,826,14593,0.3598,0.2011,0.0168,0.0,0.4976,0.276,0.023,0.0,19,19,228,19
q11,RESEARCH_SUMMARY_TEXT,8,670,525,9351,0.4358,0.2418,0.0224,0.0,0.5429,0.2781,0.0286,0.0,15,15,162,15
q11,RESEARCH_SUMMARY_TEXT,9,121,121,9745,0.5455,0.1653,0.0,0.0,0.5455,0.1653,0.0,0.0,12,12,20,2
q11,RESEARCH_SUMMARY_TEXT,10,155,155,9816,0.5097,0.2839,0.2323,0.0,0.5097,0.2839,0.2323,0.0,19,19,44,3
q11,RESEARCH_SUMMARY_TEXT,11,202,202,11497,0.6089,0.4059,0.0842,0.0,0.6089,0.4059,0.0842,0.0,17,17,82,5
q11,RESEARCH_SUMMARY_TEXT,12,245,245,8771,0.5347,0.2939,0.0653,0.0,0.5347,0.2939,0.0653,0.0,16,16,72,7
q11,RESEARCH_SUMMARY_TEXT,13,517,494,12060,0.53,0.2921,0.0793,0.0,0.5506,0.3077,0.083,0.0,25,25,151,12
q11,RESEARCH_SUMMARY_TEXT,14,673,584,12101,0.6062,0.4814,0.3655,0.2125,0.6884,0.5479,0.4144,0.1918,46,46,324,15
q11,RESEARCH_SUMMARY_TEXT,15,764,646,10402,0.3809,0.1518,0.0196,0.0,0.4474,0.1796,0.0232,0.0,15,15,116,10
q11,RESEARCH_SUMMARY_TEXT,16,862,678,11558,0.3213,0.1206,0.0,0.0,0.4587,0.1534,0.0,0.0,11,11,104,11
q11,RESEARCH_SUMMARY_TEXT,17,759,652,12083,0.4532,0.2292,0.0,0.0,0.5291,0.2684,0.0,0.0,12,12,174,19
q11,FINAL_REPORT_MARKDOWN,0,11478,2960,16600,0.9087,0.8531,0.7949,0.7342,0.7628,0.526,0.3652,0.1497,246,44,9792,179
q12,RESEARCH_SUMMARY_TEXT,0,578,514,13156,0.1817,0.0329,0.0,0.0,0.2062,0.0389,0.0,0.0,10,11,19,2
q12,RESEARCH_SUMMARY_TEXT,1,521,482,9783,0.5739,0.2668,0.0595,0.0,0.5851,0.3091,0.0643,0.0,16,16,139,13
q12,RESEARCH_SUMMARY_TEXT,2,845,685,7538,0.5645,0.3751,0.0781,0.0,0.6964,0.4628,0.0964,0.0,17,17,317,23
q12,RESEARCH_SUMMARY_TEXT,3,813,676,10171,0.6002,0.4268,0.2435,0.0,0.7027,0.5,0.2929,0.0,29,29,347,22
q12,RESEARCH_SUMMARY_TEXT,4,859,621,12771,0.3597,0.0,0.0,0.0,0.5137,0.0,0.0,0.0,7,7,0,0
q12,RESEARCH_SUMMARY_TEXT,5,1062,920,10394,0.1827,0.0367,0.0,0.0,0.2065,0.0424,0.0,0.0,11,11,39,4
q12,RESEARCH_SUMMARY_TEXT,6,1071,893,9637,0.4174,0.1345,0.0205,0.0,0.4882,0.1613,0.0246,0.0,22,22,144,13
q12,RESEARCH_SUMMARY_TEXT,7,1167,1061,10201,0.4087,0.1714,0.0523,0.0,0.4204,0.1885,0.0575,0.0,26,26,200,15
q12,RESEARCH_SUMMARY_TEXT,8,1334,1056,10369,0.6424,0.5105,0.3471,0.1214,0.8419,0.6449,0.4384,0.1534,65,65,681,33
q12,FINAL_REPORT_MARKDOWN,0,8279,2960,11986,0.9098,0.8712,0.7893,0.6521,0.8807,0.7912,0.6328,0.3507,269,61,7213,130
q13,RESEARCH_SUMMARY_TEXT,0,251,250,15964,0.3307,0.0,0.0,0.0,0.332,0.0,0.0,0.0,7,7,0,0
q13,RESEARCH_SUMMARY_TEXT,1,409,358,16092,0.4866,0.2347,0.1296,0.0,0.5251,0.243,0.1453,0.0,20,19,96,8
q13,RESEARCH_SUMMARY_TEXT,2,626,493,15119,0.4233,0.2444,0.0559,0.0,0.5517,0.3428,0.071,0.0,19,19,153,12
q13,RESEARCH_SUMMARY_TEXT,3,722,553,13961,0.0928,0.0263,0.0263,0.0,0.0976,0.0344,0.0344,0.0,19,19,19,1
q13,RESEARCH_SUMMARY_TEXT,4,831,700,12959,0.6402,0.3947,0.2214,0.0963,0.6657,0.4686,0.2629,0.1143,46,46,328,19
q13,RESEARCH_SUMMARY_TEXT,5,900,741,12572,0.3233,0.1089,0.0589,0.0,0.3806,0.1323,0.0715,0.0,27,27,98,7
q13,RESEARCH_SUMMARY_TEXT,6,1005,821,12167,0.4139,0.207,0.1154,0.0,0.4482,0.2326,0.1096,0.0,27,27,208,15
q13,RESEARCH_SUMMARY_TEXT,7,1210,933,13216,0.2579,0.1099,0.0314,0.0,0.3483,0.1511,0.0407,0.0,19,19,133,11
q13,RESEARCH_SUMMARY_TEXT,8,1102,869,10468,0.1098,0.0762,0.0145,0.0,0.1415,0.0967,0.0184,0.0,16,16,84,7
q13,RESEARCH_SUMMARY_TEXT,9,278,278,8929,0.4856,0.3058,0.2266,0.0,0.4856,0.3058,0.2266,0.0,26,26,85,5
q13,RESEARCH_SUMMARY_TEXT,10,398,395,12139,0.6181,0.2387,0.0955,0.0,0.6076,0.2405,0.0962,0.0,23,23,95,6
q13,RESEARCH_SUMMARY_TEXT,11,509,490,12605,0.5953,0.3536,0.0334,0.0,0.5939,0.3673,0.0347,0.0,17,17,180,16
q13,RESEARCH_SUMMARY_TEXT,12,676,578,7769,0.4127,0.2678,0.0991,0.0444,0.4844,0.3131,0.1159,0.0519,30,30,181,14
q13,RESEARCH_SUMMARY_TEXT,13,200,200,8952,0.425,0.27,0.1,0.0,0.425,0.27,0.1,0.0,20,20,54,4
q13,RESEARCH_SUMMARY_TEXT,14,768,636,13824,0.2682,0.112,0.0417,0.0,0.3019,0.1211,0.0503,0.0,17,17,86,7
q13,RESEARCH_SUMMARY_TEXT,15,948,801,12851,0.3724,0.173,0.0738,0.0,0.4482,0.2047,0.0874,0.0,20,20,164,12
q13,RESEARCH_SUMMARY_TEXT,16,1179,943,10668,0.3749,0.1858,0.045,0.0,0.4496,0.2322,0.0562,0.0,21,21,219,15
q13,RESEARCH_SUMMARY_TEXT,17,650,558,13116,0.2662,0.0723,0.0,0.0,0.2527,0.0699,0.0,0.0,12,12,47,5
q13,RESEARCH_SUMMARY_TEXT,18,823,661,10114,0.367,0.1786,0.0389,0.0389,0.3964,0.2088,0.0484,0.0484,32,32,147,12
q13,RESEARCH_SUMMARY_TEXT,19,850,705,13823,0.2918,0.1471,0.0376,0.0376,0.3362,0.1645,0.0454,0.0454,32,32,125,10
q13,RESEARCH_SUMMARY_TEXT,20,859,718,12850,0.3702,0.213,0.1187,0.0373,0.4777,0.2549,0.1421,0.0446,32,32,183,12
q13,RESEARCH_SUMMARY_TEXT,21,271,246,12715,0.4207,0.1993,0.0,0.0,0.3537,0.187,0.0,0.0,14,14,54,4
q13,RESEARCH_SUMMARY_TEXT,22,466,462,16854,0.5773,0.279,0.0579,0.0,0.5606,0.2792,0.0584,0.0,27,27,130,11
q13,RESEARCH_SUMMARY_TEXT,23,359,326,11710,0.4568,0.337,0.0975,0.0,0.5061,0.3957,0.1074,0.0,18,18,121,9
q13,RESEARCH_SUMMARY_TEXT,24,514,510,15049,0.4475,0.0953,0.0623,0.0,0.4353,0.0804,0.0627,0.0,17,17,49,4
q13,RESEARCH_SUMMARY_TEXT,25,519,470,14587,0.6898,0.4778,0.2755,0.158,0.634,0.5,0.2617,0.1362,49,33,248,13
q13,RESEARCH_SUMMARY_TEXT,26,953,776,11752,0.5792,0.3033,0.1018,0.0336,0.6843,0.375,0.1289,0.0451,32,35,289,22
q13,FINAL_REPORT_MARKDOWN,0,14541,5299,28295,0.9585,0.9161,0.8575,0.7619,0.8815,0.8075,0.7094,0.3991,312,126,13321,142
q14,RESEARCH_SUMMARY_TEXT,0,991,870,46773,0.2704,0.1978,0.1342,0.0,0.3023,0.2195,0.1506,0.0,27,27,196,12
q14,RESEARCH_SUMMARY_TEXT,1,4120,3862,45441,0.9519,0.8296,0.5313,0.2063,0.9692,0.8793,0.5681,0.2131,98,98,3418,95
q14,RESEARCH_SUMMARY_TEXT,2,1672,1312,12607,0.5102,0.3301,0.1346,0.0179,0.5922,0.4207,0.1715,0.0229,30,30,552,39
q14,RESEARCH_SUMMARY_TEXT,3,1898,1245,9529,0.393,0.1754,0.0601,0.0,0.5414,0.2715,0.1044,0.0,26,26,333,26
q14,RESEARCH_SUMMARY_TEXT,4,2020,1690,44443,0.3069,0.2495,0.1856,0.045,0.3426,0.287,0.2231,0.0716,49,49,504,25
q14,RESEARCH_SUMMARY_TEXT,5,1855,1395,10119,0.4922,0.2857,0.1332,0.0167,0.6358,0.3663,0.1771,0.0222,31,31,530,37
q14,RESEARCH_SUMMARY_TEXT,6,2073,1593,12536,0.2518,0.0608,0.0227,0.0,0.3289,0.0804,0.0295,0.0,26,26,126,9
q14,RESEARCH_SUMMARY_TEXT,7,2489,2210,12986,0.7698,0.6247,0.505,0.3303,0.8538,0.6932,0.5688,0.4172,96,119,1555,61
q14,RESEARCH_SUMMARY_TEXT,8,2178,1604,11749,0.3701,0.1933,0.0523,0.0,0.48,0.2612,0.0617,0.0,29,29,421,32
q14,FINAL_REPORT_MARKDOWN,0,9554,2890,23414,0.9369,0.8895,0.7843,0.6978,0.7779,0.6381,0.3837,0.1325,214,51,8498,183
q15,RESEARCH_SUMMARY_TEXT,0,23,23,310,0.0,0.0,0.0,0.0,0.0,0.0,0.0,0.0,1,1,0,0
q15,RESEARCH_SUMMARY_TEXT,1,1661,1510,44998,0.8995,0.8085,0.6321,0.2649,0.9457,0.8914,0.6927,0.2927,54,55,1343,34
q15,RESEARCH_SUMMARY_TEXT,2,2359,2279,42531,0.9394,0.8733,0.7223,0.5269,0.9767,0.9118,0.7547,0.5489,119,119,2060,35
q15,RESEARCH_SUMMARY_TEXT,3,2920,2854,39003,0.9397,0.8716,0.6332,0.276,0.9555,0.8942,0.6479,0.2831,78,79,2545,70
q15,RESEARCH_SUMMARY_TEXT,4,893,777,11503,0.5319,0.3617,0.1881,0.0,0.619,0.4144,0.2162,0.0,23,23,323,25
q15,RESEARCH_SUMMARY_TEXT,5,1207,1024,12537,0.7017,0.5866,0.3952,0.116,0.8027,0.6621,0.4482,0.1367,40,40,708,38
q15,RESEARCH_SUMMARY_TEXT,6,5004,4563,47363,0.8925,0.8299,0.6449,0.3259,0.9693,0.8972,0.6987,0.3647,106,106,4153,110
q15,RESEARCH_SUMMARY_TEXT,7,1877,1431,12616,0.3154,0.1508,0.0384,0.0,0.4479,0.1964,0.0489,0.0,20,20,283,25
q15,RESEARCH_SUMMARY_TEXT,8,5962,5286,39969,0.8603,0.7774,0.551,0.2568,0.9423,0.8738,0.6199,0.2917,56,56,4635,177
q15,FINAL_REPORT_MARKDOWN,0,7672,2820,25210,0.8959,0.8493,0.7681,0.7078,0.7535,0.5869,0.4716,0.3277,168,73,6516,116
q16,RESEARCH_SUMMARY_TEXT,0,437,437,10074,0.524,0.1579,0.0503,0.0,0.524,0.1579,0.0503,0.0,22,22,69,6
q16,RESEARCH_SUMMARY_TEXT,1,1132,751,9949,0.1687,0.023,0.0,0.0,0.2543,0.0346,0.0,0.0,10,10,26,3
q16,RESEARCH_SUMMARY_TEXT,2,778,686,10707,0.5077,0.3059,0.1195,0.0,0.5816,0.3717,0.1356,0.0,27,27,238,18
q16,RESEARCH_SUMMARY_TEXT,3,1059,786,9420,0.3173,0.1634,0.034,0.0,0.4682,0.2354,0.0916,0.0,19,20,173,16
q16,RESEARCH_SUMMARY_TEXT,4,1181,935,13188,0.3675,0.1346,0.033,0.0,0.3701,0.1797,0.0417,0.0,22,22,159,15
q16,RESEARCH_SUMMARY_TEXT,5,1320,902,11969,0.4417,0.0621,0.0144,0.0,0.3947,0.1009,0.0211,0.0,19,19,82,7
q16,RESEARCH_SUMMARY_TEXT,6,1449,1116,11374,0.3395,0.1988,0.0297,0.0,0.4346,0.2168,0.0349,0.0,26,24,288,26
q16,RESEARCH_SUMMARY_TEXT,7,1610,1233,13014,0.6627,0.3149,0.154,0.0186,0.6983,0.4079,0.189,0.0243,30,30,507,32
q16,RESEARCH_SUMMARY_TEXT,8,1585,1376,12663,0.4221,0.2675,0.0978,0.0196,0.4898,0.3081,0.1126,0.0225,31,31,424,30
q16,FINAL_REPORT_MARKDOWN,0,7013,3132,14095,0.9053,0.8449,0.777,0.7091,0.7842,0.6727,0.6082,0.4119,222,102,5925,116
q17,RESEARCH_SUMMARY_TEXT,0,580,517,10262,0.269,0.05,0.0,0.0,0.2515,0.0561,0.0,0.0,10,10,29,3
q17,RESEARCH_SUMMARY_TEXT,1,748,674,12879,0.4385,0.1858,0.0321,0.0,0.4763,0.2092,0.0356,0.0,24,24,139,12
q17,RESEARCH_SUMMARY_TEXT,2,775,641,10061,0.489,0.2865,0.0852,0.0,0.6084,0.3479,0.103,0.0,24,24,222,18
q17,RESEARCH_SUMMARY_TEXT,3,786,712,12815,0.2341,0.1043,0.0305,0.0,0.25,0.1152,0.0337,0.0,24,24,82,7
q17,RESEARCH_SUMMARY_TEXT,4,842,744,11897,0.3325,0.1223,0.0238,0.0,0.3562,0.1384,0.0269,0.0,20,20,103,10
q17,RESEARCH_SUMMARY_TEXT,5,1181,960,10046,0.2168,0.033,0.0246,0.0,0.2208,0.0406,0.0302,0.0,29,29,39,2
q17,RESEARCH_SUMMARY_TEXT,6,878,793,13982,0.4066,0.2267,0.0513,0.0513,0.4313,0.2497,0.0567,0.0567,45,45,199,16
q17,RESEARCH_SUMMARY_TEXT,7,950,855,14252,0.2505,0.0368,0.0,0.0,0.2386,0.0421,0.0,0.0,9,10,35,4
q17,RESEARCH_SUMMARY_TEXT,8,1262,975,11436,0.4049,0.1292,0.023,0.0,0.4277,0.1436,0.0297,0.0,29,29,163,17
q17,FINAL_REPORT_MARKDOWN,0,11514,2601,12420,0.9501,0.9154,0.8656,0.8271,0.7912,0.6763,0.5467,0.4075,207,85,10540,148
q18,RESEARCH_SUMMARY_TEXT,0,295,270,4875,0.6407,0.4712,0.2,0.0,0.6704,0.5111,0.1704,0.0,28,16,139,7
q18,RESEARCH_SUMMARY_TEXT,1,546,503,6233,0.5806,0.2454,0.0586,0.0,0.5427,0.2406,0.0616,0.0,17,16,134,10
q18,RESEARCH_SUMMARY_TEXT,2,402,355,15727,0.5473,0.4104,0.2114,0.0,0.6169,0.462,0.2394,0.0,19,19,165,11
q18,RESEARCH_SUMMARY_TEXT,3,509,462,12538,0.5069,0.2829,0.1375,0.0,0.5022,0.2814,0.1385,0.0,21,17,144,11
q18,RESEARCH_SUMMARY_TEXT,4,671,538,10055,0.2906,0.1386,0.0566,0.0,0.3606,0.158,0.0706,0.0,23,23,93,5
q18,RESEARCH_SUMMARY_TEXT,5,675,646,13289,0.4548,0.1378,0.0252,0.0,0.4752,0.1563,0.0263,0.0,17,17,93,9
q18,RESEARCH_SUMMARY_TEXT,6,725,598,10542,0.2303,0.0938,0.0,0.0,0.2441,0.097,0.0,0.0,12,12,68,7
q18,RESEARCH_SUMMARY_TEXT,7,833,722,16861,0.5246,0.2845,0.1128,0.0,0.5055,0.3172,0.1302,0.0,22,22,237,18
q18,RESEARCH_SUMMARY_TEXT,8,979,843,14353,0.5414,0.3544,0.1481,0.0,0.6287,0.4093,0.172,0.0,26,26,347,22
q18,RESEARCH_SUMMARY_TEXT,9,512,507,15260,0.5781,0.291,0.1797,0.0,0.572,0.2899,0.1815,0.0,29,29,149,9
q18,RESEARCH_SUMMARY_TEXT,10,1736,1673,42665,0.9522,0.8646,0.4902,0.2293,0.9809,0.8888,0.5738,0.2887,59,59,1501,42
q18,RESEARCH_SUMMARY_TEXT,11,609,518,20551,0.5353,0.3695,0.2397,0.0,0.6042,0.417,0.2799,0.0,26,26,225,12
q18,RESEARCH_SUMMARY_TEXT,12,688,639,9811,0.6032,0.3561,0.1933,0.0,0.651,0.3834,0.2081,0.0,26,26,245,16
q18,RESEARCH_SUMMARY_TEXT,13,2371,2272,42029,0.9017,0.7824,0.407,0.0839,0.9445,0.8191,0.4313,0.0876,62,62,1855,60
q18,RESEARCH_SUMMARY_TEXT,14,905,801,32161,0.1812,0.1624,0.1215,0.0696,0.1985,0.1835,0.1373,0.0787,33,33,147,9
q18,RESEARCH_SUMMARY_TEXT,15,845,754,10287,0.3763,0.1396,0.0,0.0,0.4231,0.1777,0.0,0.0,14,14,118,11
q18,RESEARCH_SUMMARY_TEXT,16,856,745,19581,0.5129,0.3727,0.1472,0.0,0.5893,0.4295,0.1691,0.0,26,26,319,21
q18,RESEARCH_SUMMARY_TEXT,17,857,711,9426,0.3512,0.1599,0.0303,0.0,0.4388,0.1927,0.0366,0.0,26,26,137,10
q18,RESEARCH_SUMMARY_TEXT,18,692,575,18972,0.5043,0.2645,0.172,0.0,0.473,0.3183,0.207,0.0,25,25,183,12
q18,RESEARCH_SUMMARY_TEXT,19,854,721,33723,0.1077,0.0691,0.0585,0.0363,0.1207,0.0818,0.0693,0.043,31,31,59,2
q18,RESEARCH_SUMMARY_TEXT,20,852,717,13340,0.5164,0.2911,0.1408,0.0,0.5732,0.3208,0.1674,0.0,25,25,248,14
q18,RESEARCH_SUMMARY_TEXT,21,2535,2386,41845,0.9176,0.8122,0.5621,0.2465,0.9774,0.8562,0.6123,0.2619,66,66,2059,54
q18,RESEARCH_SUMMARY_TEXT,22,936,775,38798,0.1378,0.109,0.094,0.0331,0.1703,0.1161,0.0942,0.04,31,31,102,4
q18,RESEARCH_SUMMARY_TEXT,23,1250,1032,25710,0.4728,0.2656,0.2216,0.1064,0.4554,0.313,0.2684,0.1289,67,67,332,14
q18,FINAL_REPORT_MARKDOWN,0,15519,2526,29485,0.9542,0.9428,0.909,0.8892,0.8555,0.7775,0.6623,0.5281,185,80,14631,236
q19,RESEARCH_SUMMARY_TEXT,0,319,247,18896,0.2915,0.1567,0.1223,0.0,0.3806,0.2024,0.1579,0.0,22,22,50,3
q19,RESEARCH_SUMMARY_TEXT,1,952,824,15570,0.5651,0.417,0.1838,0.0315,0.6493,0.4624,0.2124,0.0364,30,30,397,26
q19,RESEARCH_SUMMARY_TEXT,2,783,749,21833,0.7931,0.6858,0.5862,0.0,0.8224,0.713,0.6088,0.0,29,29,537,20
q19,RESEARCH_SUMMARY_TEXT,3,752,670,14391,0.3883,0.2633,0.1476,0.0,0.4328,0.2925,0.1627,0.0,28,26,198,14
q19,RESEARCH_SUMMARY_TEXT,4,825,712,16959,0.5721,0.4545,0.2388,0.0412,0.6475,0.5183,0.2669,0.0449,34,32,375,19
q19,RESEARCH_SUMMARY_TEXT,5,866,786,15278,0.3764,0.224,0.1005,0.0,0.4084,0.2468,0.1107,0.0,18,18,194,14
q19,RESEARCH_SUMMARY_TEXT,6,1043,915,17960,0.6462,0.5005,0.3806,0.1093,0.7191,0.5585,0.4175,0.1246,43,43,522,24
q19,RESEARCH_SUMMARY_TEXT,7,982,877,25351,0.5611,0.4868,0.2505,0.0794,0.6078,0.5473,0.2657,0.0924,43,45,478,25
q19,RESEARCH_SUMMARY_TEXT,8,1463,1202,15408,0.7122,0.5475,0.3664,0.2495,0.7354,0.6331,0.4201,0.2496,47,45,801,39
q19,FINAL_REPORT_MARKDOWN,0,13617,3567,12150,0.9471,0.9083,0.865,0.8271,0.8267,0.7401,0.6207,0.4191,152,106,12369,179
q20,RESEARCH_SUMMARY_TEXT,0,654,573,14574,0.7278,0.5887,0.4801,0.1055,0.8482,0.7312,0.5585,0.1204,37,37,385,15
q20,RESEARCH_SUMMARY_TEXT,1,801,651,18142,0.6629,0.4157,0.2759,0.0375,0.7542,0.5146,0.3379,0.0461,30,30,333,19
q20,RESEARCH_SUMMARY_TEXT,2,836,746,15096,0.5885,0.3876,0.2464,0.0,0.5563,0.3914,0.2265,0.0,29,29,324,20
q20,RESEARCH_SUMMARY_TEXT,3,922,837,16477,0.4859,0.3254,0.231,0.0,0.5114,0.3501,0.2354,0.0,17,17,300,21
q20,RESEARCH_SUMMARY_TEXT,4,1269,1022,13100,0.6249,0.4697,0.3302,0.171,0.7397,0.5489,0.3434,0.1477,48,48,596,33
q20,RESEARCH_SUMMARY_TEXT,5,1141,1059,12089,0.5434,0.4137,0.1358,0.028,0.5949,0.4561,0.1464,0.0302,32,32,472,31
q20,RESEARCH_SUMMARY_TEXT,6,1222,977,21357,0.5622,0.4403,0.2692,0.0254,0.6274,0.4749,0.3419,0.0317,31,31,538,36
q20,RESEARCH_SUMMARY_TEXT,7,1132,955,14305,0.6802,0.5327,0.3772,0.1723,0.7665,0.6188,0.4691,0.2607,46,60,603,28
q20,RESEARCH_SUMMARY_TEXT,8,1266,1170,17823,0.5956,0.4502,0.2694,0.03,0.6094,0.4479,0.2547,0.0,38,21,570,37
q20,FINAL_REPORT_MARKDOWN,0,6149,2944,12469,0.8262,0.7661,0.6835,0.5381,0.7262,0.6114,0.4528,0.144,121,86,4711,119
q21,RESEARCH_SUMMARY_TEXT,0,371,371,11642,0.4609,0.2318,0.0782,0.0,0.4609,0.2318,0.0782,0.0,29,29,86,6
q21,RESEARCH_SUMMARY_TEXT,1,633,630,12091,0.624,0.2654,0.0537,0.0,0.6222,0.2667,0.054,0.0,18,18,168,13
q21,RESEARCH_SUMMARY_TEXT,2,842,676,12475,0.5344,0.3872,0.1948,0.0,0.679,0.4911,0.2426,0.0,27,27,326,22
q21,RESEARCH_SUMMARY_TEXT,3,771,697,9472,0.5084,0.31,0.1505,0.0,0.5567,0.3429,0.1664,0.0,26,26,239,16
q21,RESEARCH_SUMMARY_TEXT,4,1013,874,11478,0.4353,0.2142,0.0859,0.0346,0.4588,0.2483,0.0995,0.04,35,35,217,17
q21,RESEARCH_SUMMARY_TEXT,5,1031,865,9559,0.6702,0.5897,0.3143,0.0698,0.7827,0.6983,0.3699,0.0832,37,37,608,32
q21,RESEARCH_SUMMARY_TEXT,6,1204,1001,9691,0.4477,0.2724,0.0631,0.0,0.5564,0.3367,0.0759,0.0,25,25,328,25
q21,RESEARCH_SUMMARY_TEXT,7,1326,1190,13034,0.7081,0.5739,0.2805,0.0882,0.7597,0.595,0.3126,0.0983,44,44,761,45
q21,RESEARCH_SUMMARY_TEXT,8,1230,1056,9842,0.4707,0.2415,0.0886,0.0423,0.5616,0.2888,0.1032,0.0492,52,52,297,21
q21,RESEARCH_SUMMARY_TEXT,9,598,596,10318,0.4398,0.1856,0.0552,0.0552,0.4463,0.1896,0.0554,0.0554,33,33,111,9
q21,RESEARCH_SUMMARY_TEXT,10,961,829,9903,0.6254,0.4412,0.2081,0.0,0.7334,0.5308,0.2413,0.0,29,29,424,28
q21,RESEARCH_SUMMARY_TEXT,11,1076,893,35767,0.0753,0.0753,0.052,0.0,0.0907,0.0907,0.0627,0.0,29,29,81,4
q21,RESEARCH_SUMMARY_TEXT,12,968,793,12022,0.3543,0.1952,0.0186,0.0,0.4401,0.2383,0.0227,0.0,18,18,189,18
q21,RESEARCH_SUMMARY_TEXT,13,1076,958,9881,0.3504,0.1784,0.0548,0.0,0.3904,0.1921,0.0616,0.0,21,21,192,15
q21,RESEARCH_SUMMARY_TEXT,14,866,677,46412,0.1005,0.06,0.0312,0.0,0.0768,0.0768,0.0399,0.0,27,27,52,3
q21,RESEARCH_SUMMARY_TEXT,15,1259,1069,9382,0.5012,0.3217,0.1557,0.0254,0.5931,0.3779,0.1824,0.029,32,31,405,26
q21,RESEARCH_SUMMARY_TEXT,16,1238,1036,11192,0.479,0.336,0.1664,0.0,0.5801,0.4131,0.2008,0.0309,29,32,416,26
q21,RESEARCH_SUMMARY_TEXT,17,1340,1111,46883,0.0716,0.0515,0.0418,0.0,0.0729,0.0621,0.0504,0.0,29,29,69,3
q21,RESEARCH_SUMMARY_TEXT,18,579,524,8601,0.5579,0.2642,0.0864,0.0,0.6031,0.292,0.0954,0.0,18,18,153,10
q21,RESEARCH_SUMMARY_TEXT,19,648,592,9096,0.4923,0.2731,0.0926,0.0,0.5405,0.3007,0.1014,0.0,23,23,177,14
q21,RESEARCH_SUMMARY_TEXT,20,911,742,10951,0.4632,0.1471,0.0823,0.0494,0.5849,0.1914,0.1011,0.0606,45,45,134,9
q21,RESEARCH_SUMMARY_TEXT,21,901,708,10508,0.3674,0.1942,0.0,0.0,0.4831,0.2486,0.0,0.0,14,14,175,16
q21,RESEARCH_SUMMARY_TEXT,22,915,772,9472,0.3508,0.1836,0.0525,0.0339,0.4313,0.2176,0.0622,0.0402,31,31,168,13
q21,RESEARCH_SUMMARY_TEXT,23,871,791,10241,0.4879,0.3318,0.0861,0.0,0.5424,0.3654,0.0948,0.0,21,21,289,22
q21,RESEARCH_SUMMARY_TEXT,24,1105,911,8540,0.5937,0.4516,0.2489,0.0,0.6641,0.5379,0.3008,0.0,29,29,499,30
q21,RESEARCH_SUMMARY_TEXT,25,1074,912,9984,0.4106,0.2561,0.1089,0.0,0.4857,0.3026,0.1283,0.0,23,23,275,20
q21,RESEARCH_SUMMARY_TEXT,26,1343,1132,10537,0.5786,0.4125,0.1757,0.0588,0.6837,0.4841,0.2058,0.0671,40,38,554,37
q21,FINAL_REPORT_MARKDOWN,0,19353,4604,35202,0.9639,0.9522,0.903,0.8908,0.8784,0.7989,0.7035,0.5441,307,77,18427,247
q22,RESEARCH_SUMMARY_TEXT,0,249,249,10054,0.245,0.0723,0.0,0.0,0.245,0.0723,0.0,0.0,9,9,18,2
q22,RESEARCH_SUMMARY_TEXT,1,567,564,10956,0.5802,0.3404,0.0353,0.0,0.5691,0.3422,0.0355,0.0,20,20,193,20
q22,RESEARCH_SUMMARY_TEXT,2,740,683,10530,0.3649,0.1324,0.0203,0.0,0.3865,0.1435,0.022,0.0,15,15,98,8
q22,RESEARCH_SUMMARY_TEXT,3,722,611,7618,0.2825,0.1136,0.0249,0.0,0.3306,0.1195,0.0295,0.0,18,18,82,8
q22,RESEARCH_SUMMARY_TEXT,4,960,871,8550,0.2729,0.1885,0.0677,0.0312,0.2962,0.2078,0.0746,0.0344,30,30,181,14
q22,RESEARCH_SUMMARY_TEXT,5,961,840,11136,0.4381,0.2404,0.0708,0.0,0.506,0.275,0.081,0.0,18,18,231,18
q22,RESEARCH_SUMMARY_TEXT,6,641,593,9830,0.2917,0.1825,0.1076,0.1076,0.3204,0.1973,0.1164,0.1164,39,39,117,7
q22,RESEARCH_SUMMARY_TEXT,7,1082,884,8415,0.4732,0.2403,0.073,0.0,0.491,0.2941,0.0894,0.0,26,26,260,19
q22,RESEARCH_SUMMARY_TEXT,8,1308,1146,9397,0.2989,0.1292,0.0482,0.0,0.3325,0.1475,0.055,0.0,17,17,169,14
q22,RESEARCH_SUMMARY_TEXT,9,410,391,9808,0.5171,0.322,0.0805,0.0,0.5115,0.3325,0.0793,0.0,18,16,132,8
q22,RESEARCH_SUMMARY_TEXT,10,393,365,10071,0.5496,0.3995,0.0,0.0,0.5863,0.4301,0.0,0.0,14,14,157,14
q22,RESEARCH_SUMMARY_TEXT,11,821,740,9365,0.4287,0.2485,0.1181,0.0,0.4419,0.2757,0.1311,0.0,27,27,204,13
q22,RESEARCH_SUMMARY_TEXT,12,814,709,11301,0.5381,0.344,0.0909,0.0,0.6262,0.3963,0.1044,0.0,21,21,280,20
q22,RESEARCH_SUMMARY_TEXT,13,825,757,10218,0.6097,0.4679,0.2279,0.0897,0.646,0.5099,0.2483,0.0978,39,39,386,26
q22,RESEARCH_SUMMARY_TEXT,14,982,795,9578,0.5367,0.3778,0.0876,0.0,0.6654,0.4667,0.1082,0.0,18,18,371,31
q22,RESEARCH_SUMMARY_TEXT,15,1116,940,9970,0.4892,0.345,0.1505,0.0278,0.5809,0.4096,0.1787,0.033,31,31,385,24
q22,RESEARCH_SUMMARY_TEXT,16,1372,1138,8792,0.5794,0.4191,0.1589,0.0,0.6986,0.4947,0.1916,0.0,27,27,575,38
q22,RESEARCH_SUMMARY_TEXT,17,1349,1198,9440,0.745,0.6538,0.3551,0.0482,0.8347,0.7337,0.399,0.0543,35,35,882,42
q22,RESEARCH_SUMMARY_TEXT,18,553,463,7895,0.1953,0.0325,0.0,0.0,0.2333,0.0389,0.0,0.0,10,10,18,2
q22,RESEARCH_SUMMARY_TEXT,19,553,498,14751,0.3201,0.0886,0.0,0.0,0.3253,0.0984,0.0,0.0,12,12,49,5
q22,RESEARCH_SUMMARY_TEXT,20,589,509,10760,0.2037,0.0951,0.0255,0.0,0.1945,0.0786,0.0295,0.0,15,15,56,5
q22,RESEARCH_SUMMARY_TEXT,21,476,382,12206,0.2752,0.0609,0.0441,0.0,0.3429,0.0759,0.055,0.0,21,21,29,2
q22,RESEARCH_SUMMARY_TEXT,22,1145,963,11717,0.2489,0.0961,0.0314,0.0,0.2814,0.1142,0.0374,0.0,19,19,110,9
q22,RESEARCH_SUMMARY_TEXT,23,886,751,9244,0.5384,0.3894,0.228,0.1072,0.6272,0.4567,0.2663,0.1238,57,57,345,18
q22,RESEARCH_SUMMARY_TEXT,24,1184,1017,10388,0.4671,0.2432,0.1208,0.0287,0.5339,0.2832,0.1406,0.0334,34,34,288,18
q22,RESEARCH_SUMMARY_TEXT,25,1584,1361,10750,0.5208,0.2803,0.0707,0.0202,0.6231,0.3637,0.083,0.0235,32,32,444,35
q22,RESEARCH_SUMMARY_TEXT,26,1287,1113,11162,0.7358,0.481,0.3054,0.0808,0.7664,0.5553,0.3513,0.0934,37,37,619,37
q22,FINAL_REPORT_MARKDOWN,0,18500,4960,33260,0.9322,0.8923,0.8536,0.8062,0.8403,0.7427,0.6538,0.4984,319,91,16507,246
q23,RESEARCH_SUMMARY_TEXT,0,395,362,9558,0.3241,0.1949,0.0506,0.0,0.3398,0.2127,0.0552,0.0,20,20,77,6
q23,RESEARCH_SUMMARY_TEXT,1,417,343,9846,0.1607,0.0408,0.0408,0.0,0.1953,0.0496,0.0496,0.0,17,17,17,1
q23,RESEARCH_SUMMARY_TEXT,2,588,120,13513,0.6667,0.5816,0.4558,0.4235,0.4417,0.3,0.3,0.3,76,36,342,12
q23,RESEARCH_SUMMARY_TEXT,3,607,522,11187,0.173,0.1153,0.0923,0.0,0.2011,0.1341,0.1073,0.0,22,22,70,4
q23,RESEARCH_SUMMARY_TEXT,4,699,652,9150,0.578,0.4521,0.1502,0.0,0.6212,0.4862,0.1733,0.0,23,24,316,25
q23,RESEARCH_SUMMARY_TEXT,5,815,733,8694,0.4847,0.2479,0.0,0.0,0.5566,0.292,0.0,0.0,13,14,202,23
q23,RESEARCH_SUMMARY_TEXT,6,879,746,11004,0.6155,0.5017,0.2833,0.0751,0.7078,0.571,0.3257,0.0858,34,32,441,26
q23,RESEARCH_SUMMARY_TEXT,7,1088,719,12590,0.3952,0.3548,0.3015,0.1333,0.6092,0.5327,0.4339,0.2017,64,64,386,16
q23,RESEARCH_SUMMARY_TEXT,8,1200,1048,10707,0.7083,0.6242,0.4708,0.3133,0.7929,0.7176,0.5229,0.3626,72,70,749,29
q23,FINAL_REPORT_MARKDOWN,0,9212,3037,10390,0.8802,0.8051,0.7243,0.6767,0.7498,0.5973,0.4353,0.2828,367,106,7417,164
q24,RESEARCH_SUMMARY_TEXT,0,329,301,9811,0.4255,0.1064,0.0,0.0,0.4618,0.1163,0.0,0.0,9,9,35,4
q24,RESEARCH_SUMMARY_TEXT,1,482,443,10140,0.2884,0.1266,0.0,0.0,0.3296,0.158,0.0,0.0,10,10,61,6
q24,RESEARCH_SUMMARY_TEXT,2,765,631,9351,0.2993,0.1007,0.0,0.0,0.3439,0.1078,0.0,0.0,14,14,77,7
q24,RESEARCH_SUMMARY_TEXT,3,582,502,10429,0.244,0.0722,0.0,0.0,0.3048,0.0837,0.0,0.0,10,10,42,5
q24,RESEARCH_SUMMARY_TEXT,4,847,658,11087,0.1511,0.0094,0.0,0.0,0.1368,0.0122,0.0,0.0,8,8,8,1
q24,RESEARCH_SUMMARY_TEXT,5,908,695,9002,0.2511,0.0474,0.0,0.0,0.2403,0.0604,0.0,0.0,12,12,43,4
q24,RESEARCH_SUMMARY_TEXT,6,973,790,12264,0.3464,0.1757,0.075,0.0,0.4316,0.2139,0.0924,0.0,21,21,171,14
q24,RESEARCH_SUMMARY_TEXT,7,1298,989,11001,0.2781,0.0863,0.0,0.0,0.3195,0.1122,0.0,0.0,11,11,112,12
q24,RESEARCH_SUMMARY_TEXT,8,709,628,9480,0.0931,0.0437,0.0437,0.0,0.1131,0.0494,0.0494,0.0,16,16,31,2
q24,FINAL_REPORT_MARKDOWN,0,3559,1564,10646,0.7516,0.6507,0.5479,0.5018,0.4879,0.2743,0.1234,0.0192,115,30,2316,54
q25,RESEARCH_SUMMARY_TEXT,0,501,418,13278,0.4331,0.1816,0.0,0.0,0.5311,0.2177,0.0,0.0,12,12,91,8
q25,RESEARCH_SUMMARY_TEXT,1,525,457,11474,0.3638,0.0514,0.0,0.0,0.3217,0.0591,0.0,0.0,10,10,27,3
q25,RESEARCH_SUMMARY_TEXT,2,734,621,17000,0.5109,0.2766,0.0681,0.0,0.6071,0.3108,0.0564,0.0,18,18,203,16
q25,RESEARCH_SUMMARY_TEXT,3,835,732,10737,0.4874,0.206,0.0731,0.0,0.556,0.235,0.0833,0.0,24,24,172,13
q25,RESEARCH_SUMMARY_TEXT,4,814,714,11662,0.5762,0.231,0.0393,0.0,0.6541,0.2647,0.0448,0.0,17,17,188,17
q25,RESEARCH_SUMMARY_TEXT,5,916,775,13263,0.4345,0.1594,0.0426,0.0,0.5019,0.1574,0.0503,0.0,24,24,146,13
q25,RESEARCH_SUMMARY_TEXT,6,988,873,11891,0.5385,0.2571,0.1012,0.0,0.6082,0.2898,0.1134,0.0,24,24,254,20
q25,RESEARCH_SUMMARY_TEXT,7,962,832,11287,0.5925,0.3565,0.0198,0.0,0.6767,0.4123,0.0228,0.0,19,19,343,30
q25,RESEARCH_SUMMARY_TEXT,8,1183,1033,9196,0.5807,0.2308,0.0397,0.0,0.6525,0.272,0.0455,0.0,16,16,273,25
q25,RESEARCH_SUMMARY_TEXT,9,260,260,10259,0.6577,0.2385,0.0,0.0,0.6577,0.2385,0.0,0.0,13,13,62,6
q25,RESEARCH_SUMMARY_TEXT,10,258,247,2879,0.4574,0.3062,0.0581,0.0,0.4777,0.3198,0.0607,0.0,15,15,79,7
q25,RESEARCH_SUMMARY_TEXT,11,788,684,13145,0.4835,0.3401,0.1155,0.047,0.5658,0.4284,0.133,0.0541,37,37,268,21
q25,RESEARCH_SUMMARY_TEXT,12,812,704,9114,0.4421,0.2352,0.1232,0.0369,0.5227,0.2713,0.142,0.0426,30,30,191,11
q25,RESEARCH_SUMMARY_TEXT,13,900,769,10095,0.4678,0.2511,0.0633,0.0,0.5501,0.2939,0.0741,0.0,23,23,226,15
q25,RESEARCH_SUMMARY_TEXT,14,983,841,8750,0.4924,0.2899,0.06,0.0,0.5707,0.3484,0.0702,0.0,23,23,285,23
q25,RESEARCH_SUMMARY_TEXT,15,1016,905,12964,0.6161,0.4606,0.1575,0.0,0.6917,0.5171,0.1768,0.0,19,19,468,34
q25,RESEARCH_SUMMARY_TEXT,16,1067,951,31083,0.2999,0.1012,0.0637,0.0,0.326,0.1136,0.0715,0.0,23,23,108,7
q25,RESEARCH_SUMMARY_TEXT,17,1223,1061,10134,0.5993,0.2903,0.1087,0.0352,0.623,0.3402,0.1263,0.0405,43,43,355,25
q25,RESEARCH_SUMMARY_TEXT,18,414,412,13757,0.6184,0.3647,0.1884,0.0,0.6189,0.3665,0.1893,0.0,25,25,151,11
q25,RESEARCH_SUMMARY_TEXT,19,521,489,14461,0.3397,0.2438,0.1977,0.1036,0.3742,0.2618,0.2106,0.1104,54,54,127,6
q25,RESEARCH_SUMMARY_TEXT,20,1108,973,8637,0.5289,0.2807,0.0821,0.0,0.6002,0.3279,0.0935,0.0,28,28,311,23
q25,RESEARCH_SUMMARY_TEXT,21,635,604,10707,0.5921,0.3213,0.1134,0.0472,0.6242,0.3377,0.1192,0.0497,30,30,204,14
q25,RESEARCH_SUMMARY_TEXT,22,848,728,12049,0.3573,0.1875,0.0448,0.0448,0.419,0.2198,0.0522,0.0522,38,38,159,14
q25,RESEARCH_SUMMARY_TEXT,23,775,637,18761,0.5174,0.2903,0.1303,0.0,0.6484,0.3532,0.1586,0.0,20,20,225,16
q25,RESEARCH_SUMMARY_TEXT,24,821,726,9720,0.5652,0.3301,0.1011,0.0475,0.6129,0.3705,0.1143,0.0537,39,39,271,19
q25,RESEARCH_SUMMARY_TEXT,25,850,751,14775,0.62,0.3471,0.1729,0.0447,0.6378,0.3835,0.1957,0.0506,38,38,295,21
q25,RESEARCH_SUMMARY_TEXT,26,1094,975,12954,0.4872,0.2843,0.0356,0.0,0.5456,0.3292,0.04,0.0,20,20,311,30
q25,FINAL_REPORT_MARKDOWN,0,15076,2736,31119,0.9499,0.9367,0.9002,0.8634,0.8509,0.7971,0.6806,0.4759,165,64,14121,168
q26,RESEARCH_SUMMARY_TEXT,0,310,310,10123,0.7645,0.4516,0.0968,0.0,0.7645,0.4516,0.0968,0.0,15,15,140,10
q26,RESEARCH_SUMMARY_TEXT,1,351,351,18351,0.6695,0.3618,0.0427,0.0,0.6695,0.3618,0.0427,0.0,15,15,127,13
q26,RESEARCH_SUMMARY_TEXT,2,641,541,13364,0.4774,0.1856,0.0796,0.0,0.5416,0.2218,0.0943,0.0,18,18,119,9
q26,RESEARCH_SUMMARY_TEXT,3,651,520,14955,0.5745,0.3994,0.1874,0.0891,0.7192,0.5,0.2346,0.1115,58,58,260,16
q26,RESEARCH_SUMMARY_TEXT,4,754,695,11637,0.7732,0.5159,0.2228,0.0517,0.8187,0.5813,0.2417,0.0561,39,39,389,26
q26,RESEARCH_SUMMARY_TEXT,5,843,726,11555,0.6999,0.497,0.2586,0.1151,0.7466,0.5868,0.3003,0.1336,51,51,419,24
q26,RESEARCH_SUMMARY_TEXT,6,864,773,10230,0.5266,0.2407,0.0185,0.0,0.5757,0.2574,0.0207,0.0,16,16,208,22
q26,RESEARCH_SUMMARY_TEXT,7,1146,1058,12994,0.6754,0.4869,0.2234,0.075,0.7344,0.5321,0.241,0.0803,50,49,558,33
q26,RESEARCH_SUMMARY_TEXT,8,1197,1027,11246,0.6332,0.3191,0.1145,0.0,0.7371,0.372,0.1334,0.0,20,20,382,30
q26,RESEARCH_SUMMARY_TEXT,9,282,282,12934,0.7057,0.4504,0.2234,0.0,0.7057,0.4504,0.2234,0.0,27,27,127,9
q26,RESEARCH_SUMMARY_TEXT,10,832,683,11395,0.5553,0.2945,0.0661,0.0,0.6515,0.3558,0.0586,0.0,22,22,245,20
q26,RESEARCH_SUMMARY_TEXT,11,759,663,9066,0.6219,0.3702,0.1133,0.0435,0.7089,0.4223,0.1297,0.0498,33,33,281,21
q26,RESEARCH_SUMMARY_TEXT,12,881,766,11713,0.5516,0.2236,0.0636,0.0,0.6266,0.2467,0.0731,0.0,21,21,197,17
q26,RESEARCH_SUMMARY_TEXT,13,859,734,9679,0.4156,0.142,0.0,0.0,0.5,0.1989,0.0,0.0,11,11,122,13
q26,RESEARCH_SUMMARY_TEXT,14,861,760,13506,0.4239,0.2207,0.108,0.0,0.4618,0.2513,0.1224,0.0,27,27,190,13
q26,RESEARCH_SUMMARY_TEXT,15,1042,836,9133,0.5595,0.2745,0.0893,0.0528,0.6758,0.3254,0.1112,0.0658,55,55,286,23
q26,RESEARCH_SUMMARY_TEXT,16,1241,1061,14542,0.527,0.2885,0.0886,0.0,0.5957,0.3327,0.1037,0.0,27,27,358,28
q26,RESEARCH_SUMMARY_TEXT,17,1153,1006,10388,0.6167,0.3504,0.1561,0.0,0.6968,0.4046,0.1789,0.0,21,21,404,31
q26,RESEARCH_SUMMARY_TEXT,18,462,429,16687,0.5952,0.4069,0.0736,0.0,0.655,0.4825,0.0793,0.0,18,18,188,17
q26,RESEARCH_SUMMARY_TEXT,19,823,740,13638,0.5286,0.3098,0.1543,0.096,0.5905,0.3446,0.1716,0.1068,48,48,255,17
q26,RESEARCH_SUMMARY_TEXT,20,567,512,13702,0.7372,0.4515,0.157,0.0,0.793,0.4707,0.166,0.0,22,22,256,19
q26,RESEARCH_SUMMARY_TEXT,21,938,832,16744,0.4403,0.2303,0.0554,0.0,0.5144,0.2608,0.0625,0.0,29,29,216,17
q26,RESEARCH_SUMMARY_TEXT,22,968,872,10230,0.6364,0.345,0.1343,0.0,0.703,0.4014,0.1491,0.0,29,29,334,25
q26,RESEARCH_SUMMARY_TEXT,23,851,760,36629,0.3278,0.2338,0.0435,0.0,0.3684,0.2632,0.0487,0.0,22,22,199,15
q26,RESEARCH_SUMMARY_TEXT,24,1022,907,8591,0.5597,0.2466,0.0871,0.047,0.5965,0.2756,0.0981,0.0529,48,48,252,20
q26,RESEARCH_SUMMARY_TEXT,25,709,627,35922,0.3343,0.22,0.1509,0.0959,0.3764,0.2472,0.1691,0.1069,68,67,156,9
q26,RESEARCH_SUMMARY_TEXT,26,934,861,40938,0.3779,0.2634,0.1081,0.045,0.41,0.2857,0.1173,0.0488,42,42,246,17
q26,FINAL_REPORT_MARKDOWN,0,5649,2150,30625,0.9471,0.9226,0.8589,0.8299,0.9419,0.8944,0.7828,0.7065,208,105,5212,67
q27,RESEARCH_SUMMARY_TEXT,0,542,511,11071,0.548,0.3266,0.1292,0.0,0.5597,0.3249,0.137,0.0,19,19,177,13
q27,RESEARCH_SUMMARY_TEXT,1,898,756,12841,0.6236,0.3753,0.1225,0.0,0.6217,0.4458,0.1455,0.0,24,24,337,26
q27,RESEARCH_SUMMARY_TEXT,2,1036,896,11877,0.4681,0.2519,0.1071,0.0676,0.5435,0.3036,0.1239,0.0781,40,40,261,19
q27,RESEARCH_SUMMARY_TEXT,3,1037,956,10343,0.6345,0.459,0.2372,0.0289,0.704,0.5126,0.2573,0.0314,30,30,476,23
q27,RESEARCH_SUMMARY_TEXT,4,1071,929,9567,0.4594,0.2745,0.028,0.028,0.5382,0.3294,0.0323,0.0323,30,30,294,27
q27,RESEARCH_SUMMARY_TEXT,5,1178,1007,10395,0.3718,0.1791,0.0756,0.0,0.3913,0.1738,0.0884,0.0,28,28,211,16
q27,RESEARCH_SUMMARY_TEXT,6,1153,1008,10391,0.4493,0.3365,0.1336,0.0295,0.5139,0.3849,0.1528,0.0337,34,34,388,29
q27,RESEARCH_SUMMARY_TEXT,7,1329,1118,10463,0.526,0.2874,0.0783,0.0226,0.6163,0.3524,0.093,0.0268,30,30,382,31
q27,RESEARCH_SUMMARY_TEXT,8,1418,1209,10659,0.4457,0.263,0.1417,0.0,0.512,0.2953,0.1663,0.0,23,23,373,26
q27,RESEARCH_SUMMARY_TEXT,9,790,709,8644,0.5291,0.3582,0.0772,0.0,0.5698,0.3935,0.086,0.0,16,16,283,26
q27,RESEARCH_SUMMARY_TEXT,10,280,280,11459,0.525,0.3357,0.0643,0.0,0.525,0.3357,0.0643,0.0,18,18,94,8
q27,RESEARCH_SUMMARY_TEXT,11,537,474,8244,0.5047,0.2756,0.0279,0.0,0.557,0.3101,0.0316,0.0,15,15,148,13
q27,RESEARCH_SUMMARY_TEXT,12,451,396,12602,0.4479,0.2461,0.0421,0.0,0.5,0.2803,0.048,0.0,19,19,111,10
q27,RESEARCH_SUMMARY_TEXT,13,764,700,10694,0.7029,0.4921,0.1257,0.0,0.71,0.47,0.1371,0.0,21,21,376,28
q27,RESEARCH_SUMMARY_TEXT,14,1014,864,12927,0.6864,0.4635,0.3264,0.0996,0.75,0.5405,0.3785,0.081,36,36,470,25
q27,RESEARCH_SUMMARY_TEXT,15,1101,882,10701,0.3933,0.1798,0.0454,0.0,0.5204,0.2426,0.0567,0.0,19,19,198,16
q27,RESEARCH_SUMMARY_TEXT,16,1102,857,10909,0.304,0.1289,0.0218,0.0,0.3466,0.168,0.028,0.0,24,24,142,13
q27,RESEARCH_SUMMARY_TEXT,17,1330,1116,9742,0.5474,0.4075,0.2654,0.0857,0.6452,0.474,0.3145,0.1013,42,42,542,30
q27,RESEARCH_SUMMARY_TEXT,18,933,818,12938,0.7363,0.6056,0.4437,0.2487,0.8203,0.6834,0.4792,0.2421,54,52,565,25
q27,RESEARCH_SUMMARY_TEXT,19,591,544,11683,0.3655,0.1252,0.0288,0.0,0.4099,0.1471,0.0312,0.0,17,17,74,6
q27,RESEARCH_SUMMARY_TEXT,20,999,841,11258,0.4154,0.2282,0.033,0.0,0.5101,0.2782,0.0214,0.0,18,18,228,20
q27,RESEARCH_SUMMARY_TEXT,21,1030,844,9974,0.4456,0.2155,0.0563,0.0,0.5107,0.263,0.0687,0.0,22,22,222,20
q27,RESEARCH_SUMMARY_TEXT,22,1062,937,10232,0.645,0.5763,0.4623,0.2976,0.7215,0.6489,0.5219,0.3362,66,66,612,25
q27,RESEARCH_SUMMARY_TEXT,23,1196,1009,8313,0.5435,0.3227,0.1463,0.0,0.6333,0.3776,0.1705,0.0,28,26,386,27
q27,RESEARCH_SUMMARY_TEXT,24,1555,1178,11874,0.436,0.2965,0.1048,0.0,0.5119,0.3489,0.1239,0.0,28,28,461,34
q27,RESEARCH_SUMMARY_TEXT,25,1662,1362,13459,0.4669,0.2738,0.1191,0.0,0.5441,0.3326,0.1461,0.0,26,26,455,35
q27,RESEARCH_SUMMARY_TEXT,26,1767,1508,9866,0.6355,0.4222,0.1675,0.0,0.7367,0.494,0.1857,0.0,24,24,746,51
q27,FINAL_REPORT_MARKDOWN,0,12351,2364,36292,0.9318,0.9088,0.8754,0.855,0.8401,0.7407,0.643,0.5821,140,100,11225,165
q28,RESEARCH_SUMMARY_TEXT,0,296,296,12532,0.4493,0.2162,0.1216,0.0,0.4493,0.2162,0.1216,0.0,21,21,64,5
q28,RESEARCH_SUMMARY_TEXT,1,313,313,11998,0.5112,0.1565,0.0671,0.0,0.5112,0.1565,0.0671,0.0,21,21,49,4
q28,RESEARCH_SUMMARY_TEXT,2,581,577,11825,0.5404,0.253,0.0947,0.0,0.5407,0.2409,0.0953,0.0,21,21,147,9
q28,RESEARCH_SUMMARY_TEXT,3,672,616,11011,0.5461,0.25,0.0521,0.0,0.5909,0.2727,0.0568,0.0,20,20,168,14
q28,RESEARCH_SUMMARY_TEXT,4,917,722,11142,0.385,0.1668,0.0338,0.0338,0.4543,0.2119,0.0429,0.0429,31,31,153,13
q28,RESEARCH_SUMMARY_TEXT,5,851,770,9895,0.396,0.2045,0.0364,0.0364,0.4182,0.226,0.0403,0.0403,31,31,174,16
q28,RESEARCH_SUMMARY_TEXT,6,1080,944,12417,0.6556,0.4963,0.263,0.1046,0.75,0.5731,0.3008,0.1197,42,42,536,30
q28,RESEARCH_SUMMARY_TEXT,7,1086,940,9211,0.6436,0.4429,0.2864,0.1621,0.733,0.5553,0.3128,0.1872,51,50,481,21
q28,RESEARCH_SUMMARY_TEXT,8,1209,1052,16386,0.5161,0.3457,0.1671,0.0256,0.5789,0.3983,0.193,0.0295,31,31,418,27
q28,RESEARCH_SUMMARY_TEXT,9,922,857,11185,0.4718,0.2646,0.1421,0.0358,0.4959,0.294,0.1529,0.0385,33,33,244,18
q28,RESEARCH_SUMMARY_TEXT,10,573,534,12120,0.5113,0.1658,0.0297,0.0,0.5393,0.1929,0.0318,0.0,17,17,95,9
q28,RESEARCH_SUMMARY_TEXT,11,753,704,12034,0.5219,0.2616,0.0903,0.0465,0.5568,0.277,0.0753,0.0497,35,35,197,15
q28,RESEARCH_SUMMARY_TEXT,12,829,713,11607,0.6852,0.5187,0.3317,0.0905,0.7896,0.5792,0.3857,0.1052,44,44,430,23
q28,RESEARCH_SUMMARY_TEXT,13,820,695,11709,0.5585,0.2963,0.1012,0.0415,0.6777,0.3496,0.1194,0.0489,34,34,243,18
q28,RESEARCH_SUMMARY_TEXT,14,821,765,14424,0.8368,0.7406,0.6468,0.4616,0.8941,0.8052,0.6941,0.4954,89,89,608,21
q28,RESEARCH_SUMMARY_TEXT,15,958,779,12026,0.5616,0.4102,0.1639,0.0344,0.6662,0.5071,0.2028,0.0424,33,33,393,27
q28,RESEARCH_SUMMARY_TEXT,16,951,844,14092,0.53,0.2965,0.1199,0.0368,0.6066,0.3164,0.1351,0.0415,35,35,282,19
q28,RESEARCH_SUMMARY_TEXT,17,1414,1235,11102,0.6697,0.5149,0.2864,0.0474,0.7709,0.5968,0.3393,0.0526,34,33,728,42
q28,RESEARCH_SUMMARY_TEXT,18,561,505,10493,0.5579,0.385,0.2139,0.0695,0.6297,0.4297,0.2376,0.0772,39,39,216,12
q28,RESEARCH_SUMMARY_TEXT,19,691,607,12861,0.5601,0.3126,0.068,0.0,0.6211,0.3575,0.0774,0.0,16,16,216,20
q28,RESEARCH_SUMMARY_TEXT,20,691,611,10101,0.4573,0.1476,0.0709,0.0,0.5106,0.1669,0.0802,0.0,17,17,102,8
q28,RESEARCH_SUMMARY_TEXT,21,739,675,9081,0.6522,0.4154,0.1908,0.0988,0.7067,0.437,0.1867,0.1081,38,38,307,19
q28,RESEARCH_SUMMARY_TEXT,22,784,702,12495,0.4579,0.2921,0.102,0.0,0.5356,0.3333,0.114,0.0,28,28,229,18
q28,RESEARCH_SUMMARY_TEXT,23,933,852,13802,0.5145,0.2722,0.0718,0.0,0.5176,0.2969,0.0786,0.0,26,26,254,21
q28,RESEARCH_SUMMARY_TEXT,24,1094,1012,9811,0.7761,0.6563,0.4305,0.1664,0.8557,0.7352,0.4694,0.1798,59,59,718,30
q28,RESEARCH_SUMMARY_TEXT,25,1132,986,10082,0.6749,0.4549,0.2597,0.0636,0.7383,0.4746,0.2982,0.073,38,38,515,33
q28,RESEARCH_SUMMARY_TEXT,26,1709,1515,11283,0.7308,0.574,0.4043,0.1989,0.7921,0.6323,0.4535,0.2231,72,72,981,44
q28,FINAL_REPORT_MARKDOWN,0,5187,2220,32330,0.893,0.8373,0.7517,0.6935,0.8036,0.6883,0.5392,0.4167,287,93,4343,82
q29,RESEARCH_SUMMARY_TEXT,0,329,327,9703,0.3435,0.0,0.0,0.0,0.3364,0.0,0.0,0.0,7,7,0,0
q29,RESEARCH_SUMMARY_TEXT,1,468,457,8332,0.4744,0.2692,0.0726,0.0,0.4858,0.2757,0.0744,0.0,18,18,126,11
q29,RESEARCH_SUMMARY_TEXT,2,694,573,9802,0.1974,0.036,0.0,0.0,0.2391,0.0436,0.0,0.0,9,9,25,3
q29,RESEARCH_SUMMARY_TEXT,3,783,639,11708,0.2465,0.1149,0.0268,0.0,0.3052,0.1408,0.0329,0.0,21,21,90,6
q29,RESEARCH_SUMMARY_TEXT,4,694,617,8896,0.3977,0.1787,0.0274,0.0,0.4489,0.201,0.0308,0.0,19,19,124,11
q29,RESEARCH_SUMMARY_TEXT,5,823,711,9003,0.2406,0.1519,0.0377,0.0377,0.2799,0.1758,0.0436,0.0436,31,31,125,11
q29,RESEARCH_SUMMARY_TEXT,6,974,834,9316,0.3285,0.1715,0.0185,0.0,0.3657,0.2002,0.0216,0.0,18,18,167,15
q29,RESEARCH_SUMMARY_TEXT,7,1322,1186,11806,0.2769,0.1778,0.0794,0.0348,0.3094,0.199,0.0885,0.0388,46,46,235,17
q29,RESEARCH_SUMMARY_TEXT,8,2754,2107,14086,0.3282,0.2476,0.1489,0.0479,0.4324,0.3237,0.1946,0.0626,57,57,682,39
q29,RESEARCH_SUMMARY_TEXT,9,187,169,1964,0.4439,0.3636,0.0909,0.0,0.4852,0.4024,0.1006,0.0,17,17,68,4
q29,RESEARCH_SUMMARY_TEXT,10,439,420,11702,0.4806,0.2255,0.0478,0.0,0.5,0.2357,0.05,0.0,21,21,99,8
q29,RESEARCH_SUMMARY_TEXT,11,435,397,9397,0.3448,0.1448,0.0,0.0,0.3778,0.1587,0.0,0.0,13,13,63,6
q29,RESEARCH_SUMMARY_TEXT,12,671,603,11429,0.6572,0.3696,0.0805,0.0,0.6915,0.4113,0.0896,0.0,22,22,248,19
q29,RESEARCH_SUMMARY_TEXT,13,664,615,9583,0.7756,0.6265,0.3946,0.3102,0.8228,0.6764,0.426,0.335,45,45,416,15
q29,RESEARCH_SUMMARY_TEXT,14,602,563,8652,0.3787,0.1761,0.0631,0.0,0.4227,0.1918,0.0675,0.0,21,21,106,9
q29,RESEARCH_SUMMARY_TEXT,15,647,628,8916,0.493,0.3338,0.1128,0.0,0.508,0.3439,0.1162,0.0,21,21,216,15
q29,RESEARCH_SUMMARY_TEXT,16,1008,816,9042,0.2401,0.1161,0.0,0.0,0.2978,0.1434,0.0,0.0,12,12,117,12
q29,RESEARCH_SUMMARY_TEXT,17,1036,922,9084,0.4643,0.1361,0.0367,0.0,0.5141,0.1616,0.0412,0.0,19,19,141,13
q29,RESEARCH_SUMMARY_TEXT,18,502,499,8472,0.4163,0.1574,0.0398,0.0,0.4228,0.1663,0.0401,0.0,20,20,79,7
q29,RESEARCH_SUMMARY_TEXT,19,618,595,8870,0.5016,0.1586,0.0,0.0,0.5025,0.1647,0.0,0.0,14,14,98,10
q29,RESEARCH_SUMMARY_TEXT,20,730,673,8507,0.6055,0.4521,0.2781,0.0877,0.6285,0.5022,0.3016,0.0951,32,32,330,19
q29,RESEARCH_SUMMARY_TEXT,21,752,638,9645,0.2832,0.1037,0.0,0.0,0.3433,0.1348,0.0,0.0,14,14,78,7
q29,RESEARCH_SUMMARY_TEXT,22,835,712,9616,0.2647,0.1174,0.0,0.0,0.3174,0.1376,0.0,0.0,13,13,98,10
q29,RESEARCH_SUMMARY_TEXT,23,1012,891,9522,0.2125,0.0642,0.0208,0.0,0.1908,0.073,0.0236,0.0,21,21,65,4
q29,RESEARCH_SUMMARY_TEXT,24,976,859,11296,0.5922,0.3463,0.1004,0.0389,0.6601,0.4121,0.1141,0.0442,38,38,338,22
q29,RESEARCH_SUMMARY_TEXT,25,1098,964,8813,0.3279,0.1448,0.0137,0.0,0.3745,0.1649,0.0156,0.0,15,15,159,15
q29,RESEARCH_SUMMARY_TEXT,26,675,618,12047,0.237,0.0785,0.0385,0.0,0.2751,0.0858,0.0421,0.0,26,26,53,4
q29,FINAL_REPORT_MARKDOWN,0,11361,2842,28093,0.9318,0.9064,0.8638,0.8436,0.8772,0.8191,0.6992,0.64,122,101,10298,164
q30,RESEARCH_SUMMARY_TEXT,0,489,487,10015,0.5153,0.1616,0.0,0.0,0.5113,0.1622,0.0,0.0,14,14,79,8
q30,RESEARCH_SUMMARY_TEXT,1,403,401,12195,0.4442,0.1911,0.0496,0.0,0.4414,0.192,0.0499,0.0,20,20,77,7
q30,RESEARCH_SUMMARY_TEXT,2,914,785,9947,0.535,0.2724,0.0164,0.0,0.5873,0.3172,0.0191,0.0,15,15,249,25
q30,RESEARCH_SUMMARY_TEXT,3,920,800,9779,0.3815,0.1043,0.0217,0.0,0.44,0.12,0.025,0.0,20,20,96,7
q30,RESEARCH_SUMMARY_TEXT,4,1007,883,10347,0.3793,0.1132,0.0,0.0,0.436,0.1291,0.0,0.0,12,12,114,12
q30,RESEARCH_SUMMARY_TEXT,5,1053,875,9918,0.5745,0.433,0.1292,0.0285,0.688,0.5086,0.1371,0.0343,30,30,456,33
q30,RESEARCH_SUMMARY_TEXT,6,1052,970,8967,0.3137,0.0856,0.0143,0.0,0.3402,0.0928,0.0155,0.0,15,15,90,9
q30,RESEARCH_SUMMARY_TEXT,7,1164,989,9358,0.4828,0.2328,0.1366,0.0,0.5794,0.274,0.1608,0.0,29,29,271,20
q30,RESEARCH_SUMMARY_TEXT,8,1530,1397,10131,0.6935,0.4856,0.3497,0.1477,0.7473,0.5326,0.383,0.1618,73,73,743,33
q30,RESEARCH_SUMMARY_TEXT,9,257,257,8616,0.5136,0.2763,0.1284,0.0,0.5136,0.2763,0.1284,0.0,18,18,71,4
q30,RESEARCH_SUMMARY_TEXT,10,825,743,11011,0.3842,0.1248,0.0,0.0,0.4334,0.1386,0.0,0.0,14,14,103,10
q30,RESEARCH_SUMMARY_TEXT,11,885,747,10531,0.3514,0.1605,0.0565,0.0,0.4203,0.1995,0.0656,0.0,19,19,142,11
q30,RESEARCH_SUMMARY_TEXT,12,952,855,10484,0.4496,0.2185,0.0,0.0,0.476,0.2433,0.0,0.0,14,14,208,19
q30,RESEARCH_SUMMARY_TEXT,13,972,893,10166,0.6214,0.4095,0.2119,0.0381,0.6697,0.4345,0.2284,0.0414,37,37,398,25
q30,RESEARCH_SUMMARY_TEXT,14,1053,988,11273,0.4919,0.2298,0.0826,0.0351,0.5071,0.248,0.0881,0.0374,37,37,242,19
q30,RESEARCH_SUMMARY_TEXT,15,1068,919,10076,0.383,0.1451,0.0,0.0,0.4298,0.1491,0.0,0.0,13,13,155,13
q30,RESEARCH_SUMMARY_TEXT,16,1212,987,9387,0.4629,0.1526,0.0198,0.0,0.4245,0.1874,0.0243,0.0,24,24,185,14
q30,RESEARCH_SUMMARY_TEXT,17,953,824,11330,0.6411,0.5425,0.3914,0.2036,0.7354,0.6201,0.4454,0.233,43,41,517,23
q30,RESEARCH_SUMMARY_TEXT,18,639,608,8573,0.4789,0.2598,0.0532,0.0,0.5033,0.2632,0.0559,0.0,18,18,166,16
q30,RESEARCH_SUMMARY_TEXT,19,949,892,9716,0.5627,0.2287,0.0769,0.0,0.5908,0.2343,0.0818,0.0,23,23,217,19
q30,RESEARCH_SUMMARY_TEXT,20,908,762,8828,0.4196,0.1905,0.0363,0.0,0.5039,0.227,0.0433,0.0,17,17,173,16
q30,RESEARCH_SUMMARY_TEXT,21,963,859,8906,0.5981,0.3188,0.1215,0.0,0.6566,0.3551,0.1362,0.0,26,26,307,23
q30,RESEARCH_SUMMARY_TEXT,22,957,821,11903,0.3898,0.1818,0.0209,0.0,0.4458,0.2046,0.0244,0.0,20,20,174,17
q30,RESEARCH_SUMMARY_TEXT,23,1163,985,9714,0.5202,0.2803,0.0722,0.0,0.6091,0.3157,0.0853,0.0,29,29,326,26
q30,RESEARCH_SUMMARY_TEXT,24,1187,1106,10152,0.7009,0.4869,0.3395,0.0303,0.7468,0.5208,0.3644,0.0325,36,36,578,29
q30,RESEARCH_SUMMARY_TEXT,25,1145,1040,9841,0.6489,0.4472,0.2419,0.0314,0.7106,0.4904,0.2644,0.0346,36,36,512,33
q30,RESEARCH_SUMMARY_TEXT,26,1261,1119,10225,0.5218,0.2839,0.1499,0.0285,0.5961,0.3137,0.1689,0.0322,36,36,358,22
q30,FINAL_REPORT_MARKDOWN,0,7082,2698,34185,0.9137,0.8836,0.8231,0.7792,0.874,0.8024,0.6764,0.5667,343,86,6258,85
q31,RESEARCH_SUMMARY_TEXT,0,926,756,9699,0.3423,0.1382,0.0367,0.0,0.4444,0.1706,0.045,0.0,19,19,128,11
q31,RESEARCH_SUMMARY_TEXT,1,1289,1104,9811,0.3879,0.1746,0.0566,0.0,0.4692,0.2111,0.0661,0.0,23,23,225,16
q31,RESEARCH_SUMMARY_TEXT,2,1011,890,10053,0.3966,0.1424,0.0158,0.0,0.4506,0.1618,0.018,0.0,16,16,144,13
q31,RESEARCH_SUMMARY_TEXT,3,837,606,10074,0.1685,0.0346,0.0,0.0,0.1518,0.0479,0.0,0.0,12,12,29,3
q31,RESEARCH_SUMMARY_TEXT,4,1303,987,8092,0.1688,0.0307,0.0177,0.0,0.2148,0.0496,0.0233,0.0,23,23,40,3
q31,RESEARCH_SUMMARY_TEXT,5,1233,1000,8045,0.2749,0.073,0.013,0.0,0.323,0.091,0.016,0.0,16,16,90,9
q31,RESEARCH_SUMMARY_TEXT,6,1124,896,9641,0.2562,0.0756,0.0133,0.0,0.3281,0.1038,0.0167,0.0,15,15,85,8
q31,RESEARCH_SUMMARY_TEXT,7,1660,1426,8505,0.353,0.0789,0.0096,0.0,0.3015,0.0919,0.0112,0.0,16,16,131,12
q31,RESEARCH_SUMMARY_TEXT,8,1711,1444,9223,0.3232,0.0392,0.0,0.0,0.3061,0.0464,0.0,0.0,13,13,67,7
q31,FINAL_REPORT_MARKDOWN,0,12358,4659,14103,0.9667,0.9442,0.9053,0.8812,0.9099,0.8738,0.7806,0.7154,132,133,11669,158
q32,RESEARCH_SUMMARY_TEXT,0,464,435,8618,0.3319,0.125,0.0,0.0,0.3471,0.1379,0.0,0.0,11,11,58,5
q32,RESEARCH_SUMMARY_TEXT,1,1175,990,9033,0.2962,0.1311,0.0391,0.0,0.3657,0.1566,0.0475,0.0,16,16,154,15
q32,RESEARCH_SUMMARY_TEXT,2,593,507,10435,0.204,0.0506,0.0,0.0,0.144,0.0592,0.0,0.0,11,11,30,3
q32,RESEARCH_SUMMARY_TEXT,3,785,688,9480,0.3643,0.1771,0.1032,0.051,0.4317,0.202,0.1177,0.0581,40,40,139,9
q32,RESEARCH_SUMMARY_TEXT,4,871,755,9368,0.5075,0.3031,0.1183,0.0,0.5841,0.3497,0.1364,0.0,22,22,264,20
q32,RESEARCH_SUMMARY_TEXT,5,1468,1173,10446,0.3658,0.1832,0.0845,0.0,0.4544,0.2293,0.1057,0.0,28,28,269,18
q32,RESEARCH_SUMMARY_TEXT,6,236,236,9565,0.3729,0.161,0.0,0.0,0.3729,0.161,0.0,0.0,11,11,38,4
q32,RESEARCH_SUMMARY_TEXT,7,2262,1831,11508,0.527,0.4381,0.2595,0.0747,0.6494,0.5407,0.3211,0.0923,42,42,991,63
q32,RESEARCH_SUMMARY_TEXT,8,603,517,10564,0.2371,0.0945,0.0,0.0,0.2553,0.1103,0.0,0.0,10,10,57,6
q32,RESEARCH_SUMMARY_TEXT,9,465,428,10612,0.2645,0.1355,0.0538,0.0,0.2757,0.1472,0.0584,0.0,25,25,63,5
q32,RESEARCH_SUMMARY_TEXT,10,450,447,8600,0.3089,0.1489,0.0556,0.0,0.2975,0.1499,0.0559,0.0,25,25,67,6
q32,RESEARCH_SUMMARY_TEXT,11,749,695,10083,0.3632,0.1308,0.0,0.0,0.3799,0.1396,0.0,0.0,13,13,98,9
q32,RESEARCH_SUMMARY_TEXT,12,478,456,10138,0.4435,0.2197,0.0879,0.0,0.4539,0.2303,0.0921,0.0,25,25,105,8
q32,RESEARCH_SUMMARY_TEXT,13,565,489,9232,0.3027,0.092,0.0,0.0,0.3374,0.1063,0.0,0.0,14,14,52,5
q32,RESEARCH_SUMMARY_TEXT,14,1150,1008,9828,0.7061,0.6087,0.4278,0.1609,0.7986,0.6885,0.4871,0.1835,60,60,700,30
q32,RESEARCH_SUMMARY_TEXT,15,1306,1076,9747,0.3714,0.1279,0.0544,0.0398,0.3327,0.1459,0.066,0.0483,52,52,167,12
q32,RESEARCH_SUMMARY_TEXT,16,692,643,12466,0.2717,0.0723,0.0,0.0,0.3017,0.0778,0.0,0.0,12,12,50,4
q32,RESEARCH_SUMMARY_TEXT,17,878,774,9136,0.5387,0.2722,0.0877,0.0,0.5827,0.3088,0.0995,0.0,21,21,239,19
q32,RESEARCH_SUMMARY_TEXT,18,1130,946,9964,0.3681,0.0991,0.0,0.0,0.3192,0.1268,0.0,0.0,14,14,112,11
q32,RESEARCH_SUMMARY_TEXT,19,683,634,9295,0.2533,0.1083,0.0,0.0,0.2729,0.1167,0.0,0.0,12,12,74,7
q32,RESEARCH_SUMMARY_TEXT,20,497,478,9201,0.6519,0.4547,0.1992,0.0,0.6715,0.4686,0.2071,0.0,24,24,226,15
q32,RESEARCH_SUMMARY_TEXT,21,623,604,8548,0.4334,0.1236,0.0257,0.0,0.4272,0.1407,0.0265,0.0,16,16,77,7
q32,RESEARCH_SUMMARY_TEXT,22,714,687,9481,0.8473,0.7171,0.5924,0.2465,0.8748,0.7424,0.6128,0.2533,68,68,512,19
q32,RESEARCH_SUMMARY_TEXT,23,1324,1112,8832,0.6284,0.5438,0.435,0.108,0.7473,0.6484,0.5189,0.1295,41,41,720,34
q32,RESEARCH_SUMMARY_TEXT,24,1178,930,9327,0.3778,0.118,0.0263,0.0,0.3247,0.1323,0.0333,0.0,16,16,139,12
q32,RESEARCH_SUMMARY_TEXT,25,1178,1029,9578,0.3447,0.0993,0.056,0.0,0.2915,0.0982,0.0641,0.0,19,19,117,9
q32,RESEARCH_SUMMARY_TEXT,26,1374,1242,8655,0.3253,0.123,0.0269,0.0,0.3221,0.1361,0.0298,0.0,22,22,169,15
q32,FINAL_REPORT_MARKDOWN,0,4356,2689,30792,0.8152,0.7259,0.643,0.4141,0.7568,0.6322,0.4887,0.1302,261,104,3162,100
q33,RESEARCH_SUMMARY_TEXT,0,517,375,11214,0.6093,0.3482,0.0619,0.0,0.56,0.272,0.0853,0.0,17,17,180,15
q33,RESEARCH_SUMMARY_TEXT,1,528,487,9140,0.6837,0.411,0.2045,0.0568,0.7413,0.4292,0.2218,0.0616,30,30,217,15
q33,RESEARCH_SUMMARY_TEXT,2,541,420,12286,0.3956,0.2847,0.1072,0.0,0.4429,0.3214,0.1381,0.0,25,25,154,12
q33,RESEARCH_SUMMARY_TEXT,3,740,699,11144,0.7757,0.6635,0.4851,0.2189,0.8054,0.7024,0.5136,0.2318,95,95,491,21
q33,RESEARCH_SUMMARY_TEXT,4,497,473,11979,0.2233,0.0362,0.0,0.0,0.2283,0.0381,0.0,0.0,10,10,18,1
q33,RESEARCH_SUMMARY_TEXT,5,911,661,10316,0.2536,0.1273,0.0165,0.0,0.3222,0.1362,0.0227,0.0,15,15,116,12
q33,RESEARCH_SUMMARY_TEXT,6,1028,800,10360,0.4844,0.1761,0.0457,0.0,0.4375,0.21,0.0,0.0,16,13,181,16
q33,RESEARCH_SUMMARY_TEXT,7,1066,854,8452,0.1735,0.0929,0.0141,0.0,0.1932,0.1066,0.0176,0.0,15,15,99,10
q33,RESEARCH_SUMMARY_TEXT,8,1045,847,10418,0.6335,0.3349,0.0986,0.0,0.6293,0.4085,0.1216,0.0,24,24,350,26
q33,FINAL_REPORT_MARKDOWN,0,8587,2649,9883,0.8501,0.7664,0.6822,0.6206,0.5323,0.3541,0.2091,0.0925,94,61,6581,149
q34,RESEARCH_SUMMARY_TEXT,0,418,399,12356,0.7297,0.4689,0.122,0.0,0.7569,0.4912,0.1278,0.0,19,19,196,10
q34,RESEARCH_SUMMARY_TEXT,1,442,440,9502,0.681,0.4819,0.0973,0.0,0.6841,0.4841,0.0977,0.0,24,24,213,15
q34,RESEARCH_SUMMARY_TEXT,2,706,665,9857,0.6161,0.4448,0.2252,0.0453,0.6541,0.4722,0.2391,0.0481,32,32,314,22
q34,RESEARCH_SUMMARY_TEXT,3,753,696,9999,0.2125,0.077,0.0611,0.0,0.2299,0.0833,0.0661,0.0,28,28,58,3
q34,RESEARCH_SUMMARY_TEXT,4,795,707,9673,0.5547,0.3346,0.0855,0.0,0.6124,0.3762,0.0962,0.0,20,20,266,20
q34,RESEARCH_SUMMARY_TEXT,5,854,770,11560,0.6347,0.3548,0.1159,0.0,0.6649,0.3935,0.1286,0.0,24,24,303,21
q34,RESEARCH_SUMMARY_TEXT,6,975,849,10865,0.4995,0.3467,0.1282,0.0,0.5595,0.3993,0.1472,0.0,27,27,338,27
q34,RESEARCH_SUMMARY_TEXT,7,1028,947,10295,0.499,0.2977,0.0759,0.0,0.547,0.3231,0.0824,0.0,23,23,306,25
q34,RESEARCH_SUMMARY_TEXT,8,1179,1097,13207,0.5734,0.3444,0.0687,0.0,0.6062,0.371,0.0738,0.0,26,26,406,33
q34,RESEARCH_SUMMARY_TEXT,9,278,278,10164,0.6475,0.5144,0.3237,0.1367,0.6475,0.5144,0.3237,0.1367,34,34,143,7
q34,RESEARCH_SUMMARY_TEXT,10,415,413,8702,0.5494,0.2675,0.1253,0.0,0.5521,0.2688,0.1259,0.0,20,20,111,9
q34,RESEARCH_SUMMARY_TEXT,11,282,282,9224,0.8794,0.734,0.3511,0.1277,0.8794,0.734,0.3511,0.1277,36,36,207,10
q34,RESEARCH_SUMMARY_TEXT,12,309,309,7799,0.521,0.3883,0.246,0.1197,0.521,0.3883,0.246,0.1197,37,37,120,6
q34,RESEARCH_SUMMARY_TEXT,13,393,391,8816,0.8092,0.715,0.3817,0.0992,0.8056,0.6931,0.3836,0.0997,39,39,281,16
q34,RESEARCH_SUMMARY_TEXT,14,285,285,12074,0.6421,0.4632,0.2386,0.0,0.6421,0.4632,0.2386,0.0,28,28,132,6
q34,RESEARCH_SUMMARY_TEXT,15,426,423,8520,0.723,0.5258,0.223,0.1808,0.7234,0.5248,0.2246,0.182,39,39,224,13
q34,RESEARCH_SUMMARY_TEXT,16,521,487,7892,0.5298,0.2687,0.0288,0.0,0.538,0.2875,0.0308,0.0,15,15,140,12
q34,RESEARCH_SUMMARY_TEXT,17,506,475,10979,0.5277,0.3419,0.1087,0.0,0.5579,0.3642,0.1158,0.0,19,19,173,15
q34,RESEARCH_SUMMARY_TEXT,18,515,512,9084,0.7786,0.6233,0.5107,0.4738,0.7637,0.6172,0.5039,0.4668,70,67,321,11
q34,RESEARCH_SUMMARY_TEXT,19,588,523,10640,0.3095,0.1259,0.0629,0.0629,0.3518,0.1262,0.0707,0.0707,37,37,74,5
q34,RESEARCH_SUMMARY_TEXT,20,621,544,10244,0.2754,0.1111,0.0564,0.0564,0.3143,0.1268,0.0643,0.0643,35,35,69,5
q34,RESEARCH_SUMMARY_TEXT,21,662,639,8572,0.7915,0.6888,0.5891,0.3489,0.8153,0.7089,0.6072,0.3615,79,79,456,16
q34,RESEARCH_SUMMARY_TEXT,22,743,646,10992,0.5666,0.2826,0.0485,0.0,0.548,0.3251,0.0557,0.0,21,21,210,19
q34,RESEARCH_SUMMARY_TEXT,23,827,740,9589,0.6239,0.4958,0.2769,0.0859,0.6919,0.55,0.3095,0.0959,37,37,410,22
q34,FINAL_REPORT_MARKDOWN,0,7642,2188,21713,0.9347,0.9143,0.8693,0.8177,0.8633,0.7962,0.6933,0.5142,136,131,6987,120
q35,RESEARCH_SUMMARY_TEXT,0,568,488,9632,0.3785,0.1954,0.0863,0.0,0.4467,0.2582,0.1004,0.0,19,19,111,8
q35,RESEARCH_SUMMARY_TEXT,1,1110,950,8975,0.5694,0.4351,0.264,0.0396,0.6632,0.5042,0.3063,0.0463,44,44,483,27
q35,RESEARCH_SUMMARY_TEXT,2,818,738,8578,0.3007,0.0795,0.0,0.0,0.3401,0.103,0.0,0.0,11,11,65,7
q35,RESEARCH_SUMMARY_TEXT,3,995,861,8814,0.6362,0.5206,0.2402,0.0734,0.7189,0.5958,0.2578,0.0848,41,41,518,35
q35,RESEARCH_SUMMARY_TEXT,4,1078,909,9637,0.5594,0.4137,0.2532,0.0714,0.6535,0.4906,0.3003,0.0847,43,43,446,22
q35,RESEARCH_SUMMARY_TEXT,5,997,875,12749,0.7633,0.5958,0.3932,0.1785,0.784,0.6594,0.4411,0.2011,60,60,594,24
q35,RESEARCH_SUMMARY_TEXT,6,1189,980,10081,0.545,0.3339,0.1346,0.0,0.6776,0.4163,0.1633,0.0,28,28,397,27
q35,RESEARCH_SUMMARY_TEXT,7,1199,1050,10521,0.6597,0.5004,0.2761,0.0,0.7467,0.58,0.3152,0.0,29,29,600,32
q35,RESEARCH_SUMMARY_TEXT,8,1148,1012,10505,0.6646,0.5453,0.1324,0.0314,0.7579,0.6206,0.1502,0.0356,36,36,626,38
q35,RESEARCH_SUMMARY_TEXT,9,525,500,7671,0.5067,0.2629,0.0838,0.0,0.52,0.276,0.088,0.0,24,24,138,11
q35,RESEARCH_SUMMARY_TEXT,10,567,512,9200,0.5503,0.3845,0.164,0.0,0.6055,0.4219,0.1816,0.0,28,28,218,14
q35,RESEARCH_SUMMARY_TEXT,11,697,678,10576,0.9139,0.825,0.6628,0.4993,0.9204,0.8422,0.6785,0.4705,112,112,575,15
q35,RESEARCH_SUMMARY_TEXT,12,939,784,10815,0.4846,0.2588,0.1225,0.0,0.5714,0.3099,0.1467,0.0,29,29,243,17
q35,RESEARCH_SUMMARY_TEXT,13,989,805,8949,0.4317,0.2892,0.092,0.0,0.4907,0.3528,0.1106,0.0,23,23,286,21
q35,RESEARCH_SUMMARY_TEXT,14,921,785,9868,0.5461,0.3735,0.101,0.0727,0.6306,0.4369,0.1185,0.0854,35,35,344,24
q35,RESEARCH_SUMMARY_TEXT,15,1260,1053,10061,0.4262,0.2056,0.0746,0.0333,0.4919,0.246,0.0893,0.0399,42,42,259,19
q35,RESEARCH_SUMMARY_TEXT,16,1230,1148,9616,0.5756,0.4675,0.2154,0.1008,0.6063,0.5009,0.2308,0.108,53,53,575,33
q35,RESEARCH_SUMMARY_TEXT,17,1299,1097,13948,0.7637,0.4811,0.3056,0.0778,0.753,0.5606,0.3546,0.0921,35,35,625,32
q35,RESEARCH_SUMMARY_TEXT,18,1017,935,9618,0.4238,0.2665,0.0806,0.0,0.4449,0.2813,0.0877,0.0,29,29,271,21
q35,RESEARCH_SUMMARY_TEXT,19,1057,894,9856,0.5364,0.3775,0.0937,0.0,0.6051,0.4441,0.1107,0.0,26,26,399,30
q35,RESEARCH_SUMMARY_TEXT,20,1079,913,10786,0.6321,0.4171,0.1381,0.0,0.6791,0.4907,0.1632,0.0,27,27,450,30
q35,RESEARCH_SUMMARY_TEXT,21,1037,860,8951,0.4494,0.3105,0.0974,0.0,0.5128,0.3756,0.1174,0.0,23,23,322,25
q35,RESEARCH_SUMMARY_TEXT,22,1199,1022,9870,0.573,0.422,0.1802,0.1184,0.6644,0.4941,0.2114,0.1389,43,43,506,34
q35,RESEARCH_SUMMARY_TEXT,23,1039,889,10641,0.4235,0.2743,0.1184,0.0,0.4803,0.3116,0.1384,0.0,26,26,285,19
q35,FINAL_REPORT_MARKDOWN,0,16364,3127,32336,0.9322,0.9035,0.8706,0.8527,0.7899,0.6665,0.5587,0.4819,247,74,14785,221
q36,RESEARCH_SUMMARY_TEXT,0,617,536,10173,0.4036,0.2285,0.0778,0.0,0.3881,0.2388,0.0896,0.0,18,18,141,11
q36,RESEARCH_SUMMARY_TEXT,1,593,521,8666,0.5548,0.2479,0.0506,0.0,0.5605,0.2668,0.0576,0.0,15,15,147,12
q36,RESEARCH_SUMMARY_TEXT,2,650,569,9968,0.2908,0.1138,0.0231,0.0,0.2689,0.1301,0.0264,0.0,15,15,74,6
q36,RESEARCH_SUMMARY_TEXT,3,617,552,13023,0.2642,0.0486,0.0357,0.0,0.2518,0.0543,0.0399,0.0,22,22,30,2
q36,RESEARCH_SUMMARY_TEXT,4,601,520,11631,0.2845,0.0632,0.0366,0.0,0.2962,0.0731,0.0423,0.0,22,22,38,3
q36,RESEARCH_SUMMARY_TEXT,5,716,634,11508,0.3408,0.1704,0.0559,0.0,0.3139,0.153,0.0631,0.0,22,22,122,11
q36,RESEARCH_SUMMARY_TEXT,6,1006,847,11210,0.6332,0.5229,0.2664,0.0298,0.758,0.6257,0.3211,0.0354,30,30,526,33
q36,RESEARCH_SUMMARY_TEXT,7,1353,965,13023,0.439,0.3156,0.1242,0.0517,0.572,0.4259,0.1907,0.0725,38,38,427,28
q36,RESEARCH_SUMMARY_TEXT,8,1365,970,8816,0.3465,0.2051,0.0821,0.0,0.4474,0.2856,0.1351,0.0,22,22,280,18
q36,RESEARCH_SUMMARY_TEXT,9,176,176,12703,0.5511,0.3352,0.0,0.0,0.5511,0.3352,0.0,0.0,12,12,59,5
q36,RESEARCH_SUMMARY_TEXT,10,302,300,10955,0.5265,0.2649,0.0,0.0,0.4967,0.2667,0.0,0.0,14,14,80,6
q36,RESEARCH_SUMMARY_TEXT,11,446,406,13389,0.5247,0.2601,0.0,0.0,0.5197,0.3128,0.0394,0.0,14,16,116,10
q36,RESEARCH_SUMMARY_TEXT,12,547,485,14919,0.3492,0.1865,0.0274,0.0,0.3959,0.2227,0.0309,0.0,15,15,102,10
q36,RESEARCH_SUMMARY_TEXT,13,894,736,11574,0.6365,0.4441,0.2864,0.0391,0.788,0.5421,0.3478,0.0476,35,35,397,25
q36,RESEARCH_SUMMARY_TEXT,14,983,730,41170,0.1424,0.061,0.0,0.0,0.2137,0.0836,0.0,0.0,12,12,60,6
q36,RESEARCH_SUMMARY_TEXT,15,1025,855,10808,0.7122,0.5717,0.2293,0.0302,0.8105,0.6643,0.2713,0.0363,31,31,586,38
q36,RESEARCH_SUMMARY_TEXT,16,1035,893,10630,0.5952,0.4232,0.2473,0.115,0.6797,0.486,0.2833,0.1321,47,46,438,21
q36,RESEARCH_SUMMARY_TEXT,17,1418,1119,10637,0.5529,0.2581,0.0733,0.0,0.622,0.3101,0.0929,0.0,20,20,366,30
q36,FINAL_REPORT_MARKDOWN,0,7304,2742,20403,0.9548,0.9183,0.8227,0.779,0.8512,0.7888,0.6357,0.5113,298,78,6707,95
q37,RESEARCH_SUMMARY_TEXT,0,185,185,8670,0.3514,0.3027,0.2054,0.0,0.3514,0.3027,0.2054,0.0,22,22,56,4
q37,RESEARCH_SUMMARY_TEXT,1,237,237,10893,0.4979,0.2827,0.1646,0.0,0.4979,0.2827,0.1646,0.0,20,20,67,4
q37,RESEARCH_SUMMARY_TEXT,2,331,308,9810,0.3444,0.0816,0.0483,0.0,0.3831,0.0909,0.0519,0.0,16,16,27,2
q37,RESEARCH_SUMMARY_TEXT,3,636,587,8885,0.4277,0.2594,0.1116,0.0582,0.4583,0.2743,0.1141,0.0596,37,35,165,12
q37,RESEARCH_SUMMARY_TEXT,4,741,684,9816,0.3266,0.2159,0.1296,0.0,0.3465,0.2339,0.1404,0.0,25,25,160,9
q37,RESEARCH_SUMMARY_TEXT,5,785,625,10193,0.3287,0.158,0.0739,0.0548,0.2864,0.2,0.0928,0.0688,43,43,124,8
q37,RESEARCH_SUMMARY_TEXT,6,975,910,6527,0.4287,0.1877,0.1364,0.0,0.4505,0.2099,0.1462,0.0,27,27,183,11
q37,RESEARCH_SUMMARY_TEXT,7,1101,866,9872,0.3606,0.1099,0.05,0.0363,0.2413,0.1397,0.0635,0.0462,40,40,121,8
q37,RESEARCH_SUMMARY_TEXT,8,1087,927,9751,0.3137,0.1454,0.0497,0.0,0.3344,0.1704,0.0583,0.0,19,19,158,14
q37,RESEARCH_SUMMARY_TEXT,9,617,553,12074,0.2318,0.1459,0.0681,0.0,0.2351,0.179,0.0759,0.0,26,26,90,6
q37,RESEARCH_SUMMARY_TEXT,10,640,592,12401,0.2344,0.0984,0.0,0.0,0.2534,0.1064,0.0,0.0,13,13,63,4
q37,RESEARCH_SUMMARY_TEXT,11,720,632,13159,0.1375,0.0889,0.0431,0.0,0.1487,0.1013,0.0491,0.0,16,16,64,5
q37,RESEARCH_SUMMARY_TEXT,12,783,719,9150,0.5875,0.4074,0.2095,0.0,0.6398,0.4437,0.2281,0.0,27,27,319,21
q37,RESEARCH_SUMMARY_TEXT,13,777,704,11759,0.5006,0.2947,0.1776,0.0,0.5426,0.3239,0.1946,0.0,26,26,229,15
q37,RESEARCH_SUMMARY_TEXT,14,818,676,9646,0.555,0.3276,0.1027,0.0,0.682,0.3979,0.1257,0.0,26,26,268,20
q37,RESEARCH_SUMMARY_TEXT,15,937,831,14378,0.4931,0.365,0.1366,0.048,0.5644,0.4128,0.1516,0.0517,45,43,342,23
q37,RESEARCH_SUMMARY_TEXT,16,931,837,8858,0.3491,0.2352,0.0827,0.0,0.3811,0.2401,0.092,0.0,22,22,219,14
q37,RESEARCH_SUMMARY_TEXT,17,1115,945,10742,0.4628,0.2996,0.1552,0.0323,0.5143,0.3534,0.1831,0.0381,36,36,334,23
q37,RESEARCH_SUMMARY_TEXT,18,340,307,10257,0.0471,0.0,0.0,0.0,0.0521,0.0,0.0,0.0,6,6,0,0
q37,RESEARCH_SUMMARY_TEXT,19,694,671,6810,0.5634,0.3991,0.0937,0.0461,0.5469,0.3949,0.0969,0.0477,32,32,277,21
q37,RESEARCH_SUMMARY_TEXT,20,533,486,9551,0.5235,0.2777,0.1088,0.0,0.5802,0.3045,0.1193,0.0,23,23,148,11
q37,RESEARCH_SUMMARY_TEXT,21,872,746,8508,0.3968,0.2282,0.0,0.0,0.4504,0.2453,0.0,0.0,13,14,199,21
q37,RESEARCH_SUMMARY_TEXT,22,751,694,9095,0.502,0.2037,0.0519,0.0,0.5274,0.232,0.0562,0.0,22,22,153,11
q37,RESEARCH_SUMMARY_TEXT,23,859,719,8856,0.3946,0.2049,0.0384,0.0384,0.4715,0.2448,0.0459,0.0459,33,33,176,12
q37,RESEARCH_SUMMARY_TEXT,24,1173,994,12398,0.3691,0.1714,0.046,0.0,0.4054,0.2022,0.0543,0.0,22,22,201,16
q37,RESEARCH_SUMMARY_TEXT,25,1134,949,8606,0.1746,0.0838,0.037,0.0,0.2086,0.1001,0.0443,0.0,22,22,95,5
q37,RESEARCH_SUMMARY_TEXT,26,1221,1058,10500,0.3047,0.2015,0.1155,0.0,0.3573,0.2325,0.1333,0.0,24,24,246,16
q37,FINAL_REPORT_MARKDOWN,0,5777,2589,33308,0.9611,0.9095,0.8518,0.7362,0.9336,0.8613,0.7798,0.5682,116,97,5254,98
q38,RESEARCH_SUMMARY_TEXT,0,676,601,11976,0.4186,0.1731,0.0251,0.0,0.4626,0.1947,0.0283,0.0,17,17,117,11
q38,RESEARCH_SUMMARY_TEXT,1,742,648,12351,0.2615,0.1051,0.0458,0.0,0.2731,0.1204,0.0525,0.0,26,26,78,5
q38,RESEARCH_SUMMARY_TEXT,2,813,688,12710,0.2312,0.1144,0.0283,0.0,0.2718,0.1337,0.0334,0.0,23,23,93,8
q38,RESEARCH_SUMMARY_TEXT,3,850,754,12274,0.2271,0.1106,0.0176,0.0,0.248,0.1247,0.0199,0.0,15,15,94,9
q38,RESEARCH_SUMMARY_TEXT,4,935,807,9368,0.2599,0.0759,0.0396,0.0,0.3011,0.088,0.0458,0.0,18,18,71,6
q38,RESEARCH_SUMMARY_TEXT,5,976,847,10752,0.3494,0.1916,0.0348,0.0,0.3943,0.2208,0.0401,0.0,19,19,187,17
q38,RESEARCH_SUMMARY_TEXT,6,938,830,11747,0.2004,0.097,0.0,0.0,0.2169,0.1096,0.0,0.0,14,14,91,8
q38,RESEARCH_SUMMARY_TEXT,7,1143,1000,12240,0.2703,0.1269,0.0262,0.0,0.269,0.145,0.03,0.0,15,15,145,12
q38,RESEARCH_SUMMARY_TEXT,8,1333,1185,9685,0.2108,0.1208,0.06,0.0,0.2228,0.1359,0.0675,0.0,25,25,161,11
q38,FINAL_REPORT_MARKDOWN,0,5362,1559,12428,0.8667,0.8012,0.7273,0.693,0.6491,0.4189,0.263,0.145,225,49,4296,60
q39,RESEARCH_SUMMARY_TEXT,0,578,487,3570,0.2734,0.1315,0.0588,0.0,0.3244,0.1561,0.0698,0.0,18,18,76,7
q39,RESEARCH_SUMMARY_TEXT,1,537,480,9355,0.5177,0.324,0.1229,0.0,0.5417,0.3625,0.1375,0.0,19,19,174,12
q39,RESEARCH_SUMMARY_TEXT,2,505,450,9183,0.3069,0.1188,0.0673,0.0,0.3444,0.1333,0.0756,0.0,18,18,60,5
q39,RESEARCH_SUMMARY_TEXT,3,546,494,10008,0.5586,0.3425,0.1429,0.0568,0.6053,0.3745,0.1579,0.0628,31,31,187,13
q39,RESEARCH_SUMMARY_TEXT,4,901,713,12482,0.2775,0.1221,0.02,0.0,0.3548,0.1543,0.0252,0.0,18,18,110,10
q39,RESEARCH_SUMMARY_TEXT,5,838,771,11555,0.8234,0.7721,0.6671,0.3878,0.8768,0.8353,0.7211,0.4202,50,50,647,24
q39,RESEARCH_SUMMARY_TEXT,6,933,804,11390,0.3966,0.1308,0.0557,0.0,0.4465,0.1517,0.0647,0.0,19,19,122,8
q39,RESEARCH_SUMMARY_TEXT,7,895,735,8303,0.2358,0.1128,0.0201,0.0,0.2871,0.1374,0.0245,0.0,18,18,101,10
q39,RESEARCH_SUMMARY_TEXT,8,540,452,10252,0.1685,0.0241,0.0,0.0,0.2124,0.0288,0.0,0.0,13,13,13,1
q39,RESEARCH_SUMMARY_TEXT,9,671,557,22719,0.4739,0.1282,0.0224,0.0,0.5709,0.1544,0.0269,0.0,15,15,86,8
q39,RESEARCH_SUMMARY_TEXT,10,878,747,10472,0.2825,0.0786,0.0364,0.0364,0.3186,0.0924,0.0428,0.0428,32,32,69,5
q39,RESEARCH_SUMMARY_TEXT,11,540,463,9921,0.4204,0.0778,0.0593,0.0593,0.4665,0.0907,0.0691,0.0691,32,32,42,2
q39,RESEARCH_SUMMARY_TEXT,12,859,683,8420,0.2421,0.0768,0.0,0.0,0.2474,0.0937,0.0,0.0,12,10,66,6
q39,RESEARCH_SUMMARY_TEXT,13,732,593,9677,0.3989,0.1776,0.0301,0.0,0.4857,0.2209,0.0371,0.0,22,22,130,13
q39,RESEARCH_SUMMARY_TEXT,14,973,803,12176,0.2631,0.0483,0.0,0.0,0.2852,0.0585,0.0,0.0,14,14,47,4
q39,RESEARCH_SUMMARY_TEXT,15,1023,869,11118,0.2561,0.1261,0.0645,0.0342,0.313,0.1484,0.0759,0.0403,35,35,129,10
q39,RESEARCH_SUMMARY_TEXT,16,783,654,10397,0.2682,0.0447,0.0,0.0,0.3379,0.0535,0.0,0.0,11,11,35,4
q39,RESEARCH_SUMMARY_TEXT,17,1335,1071,10572,0.1625,0.0285,0.012,0.0,0.1979,0.0355,0.0149,0.0,16,16,38,3
q39,RESEARCH_SUMMARY_TEXT,18,144,144,11164,0.4514,0.2292,0.1528,0.0,0.4514,0.2292,0.1528,0.0,22,22,33,2
q39,RESEARCH_SUMMARY_TEXT,19,1045,858,12299,0.1847,0.0727,0.0364,0.0,0.2366,0.0886,0.0443,0.0,19,19,76,5
q39,RESEARCH_SUMMARY_TEXT,20,663,600,9840,0.2534,0.0769,0.0241,0.0,0.2467,0.085,0.0267,0.0,16,16,51,4
q39,RESEARCH_SUMMARY_TEXT,21,1103,912,11326,0.2094,0.0789,0.0508,0.0,0.2807,0.0954,0.0614,0.0,19,19,87,6
q39,RESEARCH_SUMMARY_TEXT,22,694,606,14375,0.3329,0.1484,0.0994,0.0432,0.3713,0.17,0.1139,0.0495,30,30,103,7
q39,RESEARCH_SUMMARY_TEXT,23,775,718,9803,0.4168,0.2142,0.0606,0.0,0.4499,0.2312,0.0655,0.0,16,16,166,14
q39,RESEARCH_SUMMARY_TEXT,24,916,732,12820,0.2773,0.1245,0.0677,0.0,0.2814,0.1339,0.0861,0.0,23,24,114,8
q39,RESEARCH_SUMMARY_TEXT,25,929,780,10678,0.4349,0.2271,0.0775,0.0,0.5308,0.2705,0.0923,0.0,19,19,211,17
q39,RESEARCH_SUMMARY_TEXT,26,1082,935,10646,0.3891,0.1488,0.0379,0.0,0.4449,0.1636,0.0439,0.0,22,22,161,12
q39,FINAL_REPORT_MARKDOWN,0,12710,4558,29654,0.8786,0.8106,0.7353,0.663,0.7527,0.6345,0.5301,0.2806,121,48,10303,193
q40,RESEARCH_SUMMARY_TEXT,0,711,616,13145,0.5457,0.3024,0.1842,0.0534,0.6282,0.3474,0.211,0.0601,38,37,215,12
q40,RESEARCH_SUMMARY_TEXT,1,753,675,12043,0.4768,0.2165,0.0744,0.0,0.5126,0.24,0.0815,0.0,29,29,163,12
q40,RESEARCH_SUMMARY_TEXT,2,833,708,11700,0.3133,0.0948,0.0,0.0,0.3672,0.1116,0.0,0.0,13,13,79,8
q40,RESEARCH_SUMMARY_TEXT,3,1112,958,10869,0.4092,0.2581,0.0872,0.0,0.4708,0.2975,0.1013,0.0,26,26,287,23
q40,RESEARCH_SUMMARY_TEXT,4,957,823,8168,0.5089,0.3062,0.0439,0.0,0.6002,0.3572,0.0522,0.0,27,27,293,26
q40,RESEARCH_SUMMARY_TEXT,5,994,879,13193,0.3471,0.1771,0.0171,0.0,0.3891,0.1957,0.0193,0.0,17,17,176,16
q40,RESEARCH_SUMMARY_TEXT,6,1185,1008,11598,0.4388,0.1797,0.0582,0.0,0.379,0.1637,0.0685,0.0,18,18,213,21
q40,RESEARCH_SUMMARY_TEXT,7,1225,1014,9666,0.3494,0.0743,0.0131,0.0,0.2899,0.0897,0.0158,0.0,16,16,91,9
q40,RESEARCH_SUMMARY_TEXT,8,1164,999,9307,0.421,0.1916,0.0773,0.0,0.4805,0.2232,0.0901,0.0,23,23,223,17
q40,RESEARCH_SUMMARY_TEXT,9,255,255,10323,0.349,0.1333,0.0588,0.0,0.349,0.1333,0.0588,0.0,15,15,34,3
q40,RESEARCH_SUMMARY_TEXT,10,230,230,10524,0.4087,0.0391,0.0,0.0,0.4087,0.0391,0.0,0.0,9,9,9,1
q40,RESEARCH_SUMMARY_TEXT,11,419,417,9755,0.3246,0.1527,0.0358,0.0,0.3261,0.1535,0.036,0.0,15,15,64,6
q40,RESEARCH_SUMMARY_TEXT,12,474,425,9852,0.4262,0.2173,0.0,0.0,0.4776,0.2424,0.0,0.0,14,14,103,9
q40,RESEARCH_SUMMARY_TEXT,13,470,429,9266,0.3532,0.117,0.0702,0.0,0.3869,0.1282,0.0769,0.0,17,17,55,4
q40,RESEARCH_SUMMARY_TEXT,14,535,478,9953,0.529,0.3047,0.1626,0.0,0.5858,0.341,0.182,0.0,22,22,163,10
q40,RESEARCH_SUMMARY_TEXT,15,613,553,11681,0.3915,0.2104,0.0848,0.062,0.4322,0.2315,0.0922,0.0669,38,37,129,8
q40,RESEARCH_SUMMARY_TEXT,16,670,622,11336,0.3493,0.1582,0.0851,0.0,0.373,0.1656,0.0916,0.0,21,21,106,8
q40,RESEARCH_SUMMARY_TEXT,17,895,789,10713,0.4145,0.1385,0.0291,0.0,0.474,0.1572,0.033,0.0,26,26,124,11
q40,RESEARCH_SUMMARY_TEXT,18,333,333,10643,0.7357,0.5345,0.1892,0.0,0.7357,0.5345,0.1892,0.0,25,25,178,14
q40,RESEARCH_SUMMARY_TEXT,19,468,404,10108,0.3846,0.1774,0.0876,0.0,0.4455,0.2054,0.1015,0.0,26,26,83,7
q40,RESEARCH_SUMMARY_TEXT,20,642,561,9541,0.4206,0.2383,0.1526,0.0607,0.4617,0.2727,0.1747,0.0695,39,39,153,9
q40,RESEARCH_SUMMARY_TEXT,21,698,628,11337,0.3797,0.2149,0.0287,0.0,0.4108,0.2389,0.0318,0.0,20,20,150,13
q40,RESEARCH_SUMMARY_TEXT,22,693,612,9432,0.404,0.189,0.062,0.0,0.4575,0.2141,0.0703,0.0,26,26,131,11
q40,RESEARCH_SUMMARY_TEXT,23,796,690,11682,0.4573,0.3191,0.098,0.0477,0.5087,0.3609,0.1116,0.0536,38,37,254,19
q40,RESEARCH_SUMMARY_TEXT,24,754,661,10720,0.3196,0.1844,0.065,0.0451,0.3722,0.2103,0.0741,0.0514,34,34,139,12
q40,RESEARCH_SUMMARY_TEXT,25,826,720,10714,0.5073,0.2615,0.0811,0.0,0.5806,0.3125,0.0931,0.0,26,26,216,13
q40,RESEARCH_SUMMARY_TEXT,26,916,823,10770,0.3832,0.1823,0.06,0.0,0.4204,0.1908,0.0668,0.0,18,18,167,14
q40,FINAL_REPORT_MARKDOWN,0,15012,2094,28138,0.9502,0.9304,0.8973,0.8711,0.8133,0.7096,0.5454,0.3567,257,73,13967,190
q41,RESEARCH_SUMMARY_TEXT,0,603,530,16916,0.2736,0.1393,0.0,0.0,0.2566,0.1604,0.0,0.0,14,14,84,8
q41,RESEARCH_SUMMARY_TEXT,1,788,652,11343,0.4365,0.2297,0.0406,0.0,0.5138,0.2776,0.0491,0.0,17,17,181,16
q41,RESEARCH_SUMMARY_TEXT,2,941,558,16845,0.1934,0.0404,0.0191,0.0,0.3459,0.1129,0.0323,0.0,18,18,38,2
q41,RESEARCH_SUMMARY_TEXT,3,1099,938,14286,0.3949,0.1829,0.0837,0.0318,0.4595,0.2143,0.0981,0.0373,35,35,201,16
q41,RESEARCH_SUMMARY_TEXT,4,1127,988,14760,0.4871,0.3283,0.142,0.0373,0.5577,0.3826,0.1468,0.0425,42,42,370,27
q41,RESEARCH_SUMMARY_TEXT,5,1398,761,14478,0.1431,0.0587,0.0143,0.0,0.3929,0.1078,0.0263,0.0,20,20,82,7
q41,RESEARCH_SUMMARY_TEXT,6,1146,809,15418,0.2653,0.1379,0.0489,0.0,0.4166,0.2719,0.0494,0.0,25,25,158,11
q41,RESEARCH_SUMMARY_TEXT,7,1487,790,15396,0.0962,0.0289,0.0,0.0,0.1861,0.0696,0.0,0.0,13,13,43,4
q41,RESEARCH_SUMMARY_TEXT,8,1394,1209,13654,0.2719,0.17,0.028,0.028,0.2771,0.1902,0.0323,0.0323,39,39,237,21
q41,FINAL_REPORT_MARKDOWN,0,7468,2463,13888,0.9213,0.8546,0.7503,0.7105,0.7629,0.5696,0.3971,0.2335,157,90,6382,134
q42,RESEARCH_SUMMARY_TEXT,0,137,137,10631,0.5693,0.2263,0.1679,0.0,0.5693,0.2263,0.1679,0.0,23,23,31,2
q42,RESEARCH_SUMMARY_TEXT,1,215,215,12189,0.5302,0.2047,0.0,0.0,0.5302,0.2047,0.0,0.0,14,14,44,4
q42,RESEARCH_SUMMARY_TEXT,2,662,573,12098,0.6057,0.5332,0.4154,0.1556,0.6998,0.6178,0.4799,0.1798,37,37,353,16
q42,RESEARCH_SUMMARY_TEXT,3,890,756,10587,0.3978,0.1079,0.0,0.0,0.4709,0.1283,0.0,0.0,13,13,96,10
q42,RESEARCH_SUMMARY_TEXT,4,961,746,16158,0.4131,0.206,0.0333,0.0,0.5308,0.2668,0.063,0.0,17,17,198,14
q42,RESEARCH_SUMMARY_TEXT,5,1026,809,9508,0.3499,0.1628,0.0634,0.0,0.4672,0.2064,0.0803,0.0,20,20,167,13
q42,RESEARCH_SUMMARY_TEXT,6,881,747,9324,0.3655,0.1464,0.0238,0.0,0.4471,0.1727,0.0281,0.0,21,21,129,12
q42,RESEARCH_SUMMARY_TEXT,7,1003,820,9845,0.5862,0.4826,0.2173,0.0977,0.7171,0.5902,0.2659,0.1195,35,35,484,32
q42,RESEARCH_SUMMARY_TEXT,8,1143,947,9293,0.5346,0.3622,0.0385,0.0,0.6346,0.4266,0.0465,0.0,27,27,414,33
q42,RESEARCH_SUMMARY_TEXT,9,545,490,7911,0.5596,0.3119,0.0954,0.0,0.5898,0.3429,0.1061,0.0,19,19,170,15
q42,RESEARCH_SUMMARY_TEXT,10,639,533,13281,0.4163,0.2551,0.0548,0.0,0.4991,0.3058,0.0657,0.0,18,18,163,12
q42,RESEARCH_SUMMARY_TEXT,11,923,754,10128,0.3229,0.1679,0.0672,0.0,0.3979,0.2056,0.0822,0.0,23,23,155,12
q42,RESEARCH_SUMMARY_TEXT,12,779,699,10198,0.2811,0.0103,0.0,0.0,0.309,0.0114,0.0,0.0,8,8,8,1
q42,RESEARCH_SUMMARY_TEXT,13,709,601,6635,0.4598,0.189,0.0226,0.0,0.5441,0.2246,0.0516,0.0,16,16,134,11
q42,RESEARCH_SUMMARY_TEXT,14,924,844,9965,0.724,0.605,0.3918,0.0758,0.7761,0.6576,0.4265,0.0829,40,40,559,31
q42,RESEARCH_SUMMARY_TEXT,15,912,751,9442,0.3586,0.1952,0.0899,0.0,0.4581,0.237,0.1092,0.0,20,20,178,13
q42,RESEARCH_SUMMARY_TEXT,16,918,819,7767,0.6427,0.4063,0.1068,0.0359,0.7009,0.4298,0.1013,0.0403,33,33,373,28
q42,RESEARCH_SUMMARY_TEXT,17,1033,846,12982,0.2894,0.1142,0.0184,0.0,0.3428,0.1395,0.0225,0.0,19,19,118,11
q42,RESEARCH_SUMMARY_TEXT,18,883,819,7696,0.299,0.111,0.0362,0.0,0.3284,0.1197,0.0391,0.0,16,16,98,10
q42,RESEARCH_SUMMARY_TEXT,19,909,777,10766,0.5391,0.3157,0.0847,0.0,0.6435,0.39,0.1004,0.0,27,27,287,22
q42,RESEARCH_SUMMARY_TEXT,20,936,812,12830,0.4626,0.2073,0.0716,0.0,0.5382,0.2426,0.101,0.0,17,17,194,15
q42,RESEARCH_SUMMARY_TEXT,21,975,838,10913,0.2574,0.0882,0.039,0.039,0.2924,0.1014,0.0453,0.0453,38,38,86,5
q42,RESEARCH_SUMMARY_TEXT,22,990,829,10907,0.2111,0.0828,0.0545,0.0,0.2714,0.0989,0.0651,0.0,27,27,82,5
q42,RESEARCH_SUMMARY_TEXT,23,1005,771,8759,0.2338,0.0776,0.0,0.0,0.3178,0.1012,0.0,0.0,13,13,78,8
q42,RESEARCH_SUMMARY_TEXT,24,1145,995,10384,0.6087,0.4786,0.2952,0.0524,0.6935,0.5548,0.3377,0.0603,30,30,548,31
q42,RESEARCH_SUMMARY_TEXT,25,1066,885,11027,0.4972,0.3105,0.0872,0.03,0.5989,0.3616,0.1051,0.0362,32,32,331,27
q42,RESEARCH_SUMMARY_TEXT,26,1074,829,9230,0.419,0.2244,0.0708,0.0,0.5585,0.2907,0.0917,0.0,21,21,241,18
q42,FINAL_REPORT_MARKDOWN,0,8116,4111,34006,0.9582,0.9325,0.8839,0.7128,0.9219,0.8613,0.7774,0.5712,90,83,7568,85
q43,RESEARCH_SUMMARY_TEXT,0,675,589,9996,0.1452,0.0652,0.0252,0.0,0.146,0.0747,0.0289,0.0,17,17,44,4
q43,RESEARCH_SUMMARY_TEXT,1,1038,899,12556,0.3728,0.158,0.0318,0.0,0.4082,0.1713,0.0367,0.0,18,18,164,14
q43,RESEARCH_SUMMARY_TEXT,2,580,495,11733,0.5086,0.2793,0.0276,0.0,0.5657,0.3273,0.0323,0.0,16,16,162,16
q43,RESEARCH_SUMMARY_TEXT,3,799,705,11492,0.3442,0.1527,0.0651,0.0,0.3106,0.1603,0.0738,0.0,19,19,122,9
q43,RESEARCH_SUMMARY_TEXT,4,980,830,13238,0.4582,0.2418,0.051,0.0,0.5446,0.3048,0.0602,0.0,18,18,237,20
q43,RESEARCH_SUMMARY_TEXT,5,1052,970,10237,0.4154,0.1806,0.0627,0.0314,0.4309,0.1938,0.0526,0.034,33,33,190,15
q43,RESEARCH_SUMMARY_TEXT,6,1306,1136,9862,0.2573,0.1217,0.049,0.0,0.3046,0.14,0.0563,0.0,18,18,159,8
q43,RESEARCH_SUMMARY_TEXT,7,1328,1124,12720,0.6694,0.5489,0.4428,0.2764,0.7722,0.6361,0.5249,0.331,54,52,729,31
q43,RESEARCH_SUMMARY_TEXT,8,683,602,11434,0.511,0.3236,0.0952,0.0,0.5664,0.3837,0.108,0.0,17,17,221,19
q43,FINAL_REPORT_MARKDOWN,0,6181,2192,11939,0.8547,0.7986,0.734,0.6944,0.6989,0.5411,0.4074,0.3225,219,55,4936,86
q44,RESEARCH_SUMMARY_TEXT,0,100,100,9926,0.75,0.7,0.46,0.46,0.75,0.7,0.46,0.46,46,46,70,3
q44,RESEARCH_SUMMARY_TEXT,1,64,64,11859,0.8438,0.8438,0.7188,0.7188,0.8438,0.8438,0.7188,0.7188,46,46,54,2
q44,RESEARCH_SUMMARY_TEXT,2,99,99,10464,0.7273,0.6768,0.4646,0.4646,0.7273,0.6768,0.4646,0.4646,46,46,67,3
q44,RESEARCH_SUMMARY_TEXT,3,463,382,13198,0.6609,0.5227,0.3175,0.0799,0.7565,0.6937,0.4503,0.0969,37,37,242,15
q44,RESEARCH_SUMMARY_TEXT,4,794,706,11361,0.2985,0.1637,0.0214,0.0,0.33,0.1841,0.0241,0.0,17,17,130,12
q44,RESEARCH_SUMMARY_TEXT,5,288,248,11187,0.5417,0.4236,0.1319,0.0,0.5968,0.379,0.1532,0.0,19,19,122,10
q44,RESEARCH_SUMMARY_TEXT,6,921,816,11600,0.3659,0.1531,0.063,0.0445,0.3529,0.163,0.0711,0.0502,41,41,141,10
q44,RESEARCH_SUMMARY_TEXT,7,1059,944,13008,0.7082,0.6761,0.5996,0.3437,0.8083,0.7648,0.6769,0.3877,72,72,716,24
q44,RESEARCH_SUMMARY_TEXT,8,688,524,11877,0.436,0.2485,0.0712,0.0,0.5153,0.3416,0.0935,0.0,19,19,171,14
q44,RESEARCH_SUMMARY_TEXT,9,116,116,11642,0.7845,0.6293,0.0,0.0,0.7845,0.6293,0.0,0.0,14,14,73,5
q44,RESEARCH_SUMMARY_TEXT,10,331,315,12977,0.6767,0.4532,0.1239,0.0,0.7111,0.4762,0.1302,0.0,25,25,150,12
q44,RESEARCH_SUMMARY_TEXT,11,89,89,12252,0.8989,0.8989,0.6742,0.0,0.8989,0.8989,0.6742,0.0,22,22,80,2
q44,RESEARCH_SUMMARY_TEXT,12,631,547,13725,0.6989,0.4342,0.206,0.0697,0.7623,0.5009,0.2377,0.0804,44,44,274,19
q44,RESEARCH_SUMMARY_TEXT,13,586,522,12393,0.4642,0.2065,0.0256,0.0,0.4885,0.2529,0.0287,0.0,15,15,121,12
q44,RESEARCH_SUMMARY_TEXT,14,689,634,9568,0.4194,0.1292,0.0363,0.0,0.4685,0.153,0.0394,0.0,25,25,89,8
q44,RESEARCH_SUMMARY_TEXT,15,860,779,11785,0.4488,0.157,0.064,0.0,0.4313,0.1733,0.0706,0.0,24,24,135,11
q44,RESEARCH_SUMMARY_TEXT,16,1089,933,10770,0.3416,0.1625,0.0799,0.0331,0.3751,0.1886,0.0932,0.0386,36,36,177,13
q44,RESEARCH_SUMMARY_TEXT,17,656,530,15314,0.593,0.3826,0.2607,0.0,0.7377,0.4509,0.3208,0.0,25,25,251,13
q44,RESEARCH_SUMMARY_TEXT,18,272,270,32670,0.1066,0.0588,0.0,0.0,0.1,0.0,0.0,0.0,8,7,16,2
q44,RESEARCH_SUMMARY_TEXT,19,369,354,12243,0.523,0.1003,0.0,0.0,0.5367,0.1045,0.0,0.0,11,11,37,4
q44,RESEARCH_SUMMARY_TEXT,20,892,763,12779,0.3913,0.1323,0.0684,0.0,0.3761,0.097,0.0799,0.0,29,29,118,7
q44,RESEARCH_SUMMARY_TEXT,21,954,804,12291,0.3375,0.1384,0.0597,0.0388,0.3955,0.1642,0.0709,0.046,37,37,132,10
q44,RESEARCH_SUMMARY_TEXT,22,1075,911,12606,0.5609,0.4065,0.2391,0.0288,0.6092,0.4676,0.281,0.034,31,31,437,23
q44,RESEARCH_SUMMARY_TEXT,23,975,828,12577,0.5856,0.4082,0.2369,0.0759,0.6908,0.4831,0.279,0.0894,38,38,398,23
q44,RESEARCH_SUMMARY_TEXT,24,173,173,12455,0.5665,0.1792,0.0,0.0,0.5665,0.1792,0.0,0.0,11,11,31,2
q44,RESEARCH_SUMMARY_TEXT,25,673,554,11798,0.3938,0.0609,0.0267,0.0,0.4693,0.0758,0.0343,0.0,18,19,41,3
q44,RESEARCH_SUMMARY_TEXT,26,666,565,12251,0.4324,0.1772,0.0856,0.0,0.5062,0.2071,0.1009,0.0,24,24,118,8
q44,FINAL_REPORT_MARKDOWN,0,4238,1913,24263,0.8065,0.6975,0.6078,0.5448,0.5944,0.3994,0.2243,0.0998,173,63,2956,65
q45,RESEARCH_SUMMARY_TEXT,0,184,184,8007,0.3152,0.1902,0.0,0.0,0.3152,0.1902,0.0,0.0,13,13,35,3
q45,RESEARCH_SUMMARY_TEXT,1,389,361,7379,0.4987,0.3033,0.108,0.0,0.5374,0.3269,0.1163,0.0,26,26,118,9
q45,RESEARCH_SUMMARY_TEXT,2,899,788,8758,0.2002,0.0178,0.0178,0.0,0.2284,0.0203,0.0203,0.0,16,16,16,1
q45,RESEARCH_SUMMARY_TEXT,3,365,344,8876,0.2438,0.1342,0.0,0.0,0.2587,0.1424,0.0,0.0,14,14,49,5
q45,RESEARCH_SUMMARY_TEXT,4,835,786,8423,0.0647,0.0,0.0,0.0,0.0687,0.0,0.0,0.0,6,6,0,0
q45,RESEARCH_SUMMARY_TEXT,5,893,805,9696,0.1792,0.0179,0.0179,0.0,0.1988,0.0199,0.0199,0.0,16,16,16,1
q45,RESEARCH_SUMMARY_TEXT,6,677,607,9719,0.2349,0.0783,0.0236,0.0,0.2619,0.0873,0.0264,0.0,16,16,53,5
q45,RESEARCH_SUMMARY_TEXT,7,784,691,12622,0.0459,0.0,0.0,0.0,0.0521,0.0,0.0,0.0,7,7,0,0
q45,RESEARCH_SUMMARY_TEXT,8,677,636,8709,0.2024,0.0148,0.0,0.0,0.2075,0.0157,0.0,0.0,10,10,10,1
q45,RESEARCH_SUMMARY_TEXT,9,248,248,9084,0.1976,0.0927,0.0605,0.0,0.1976,0.0927,0.0605,0.0,15,15,23,2
q45,RESEARCH_SUMMARY_TEXT,10,512,471,10334,0.2656,0.0996,0.0293,0.0,0.2887,0.1083,0.0318,0.0,15,15,51,5
q45,RESEARCH_SUMMARY_TEXT,11,656,615,9142,0.2119,0.0518,0.0229,0.0,0.226,0.0553,0.0244,0.0,15,15,34,3
q45,RESEARCH_SUMMARY_TEXT,12,673,624,10992,0.1278,0.0267,0.0,0.0,0.1394,0.0288,0.0,0.0,9,9,18,2
q45,RESEARCH_SUMMARY_TEXT,13,895,804,11260,0.2067,0.0615,0.0,0.0,0.2239,0.0684,0.0,0.0,11,11,55,6
q45,RESEARCH_SUMMARY_TEXT,14,864,737,8934,0.1852,0.1007,0.0185,0.0,0.2171,0.118,0.0217,0.0,16,16,87,8
q45,RESEARCH_SUMMARY_TEXT,15,1030,914,9464,0.1019,0.033,0.0146,0.0,0.1258,0.0372,0.0164,0.0,15,15,34,3
q45,RESEARCH_SUMMARY_TEXT,16,787,636,10110,0.1296,0.0229,0.0,0.0,0.1069,0.0283,0.0,0.0,9,9,18,2
q45,RESEARCH_SUMMARY_TEXT,17,766,647,7631,0.154,0.0744,0.0196,0.0,0.1824,0.0881,0.0232,0.0,15,15,57,5
q45,RESEARCH_SUMMARY_TEXT,18,277,277,9201,0.2455,0.0,0.0,0.0,0.2455,0.0,0.0,0.0,7,7,0,0
q45,RESEARCH_SUMMARY_TEXT,19,470,459,10005,0.3106,0.0638,0.0,0.0,0.3181,0.0654,0.0,0.0,14,14,30,3
q45,RESEARCH_SUMMARY_TEXT,20,219,219,9290,0.6758,0.653,0.5388,0.274,0.6758,0.653,0.5388,0.274,60,60,143,4
q45,RESEARCH_SUMMARY_TEXT,21,813,684,10152,0.2768,0.1402,0.0,0.0,0.3129,0.1535,0.0,0.0,14,14,114,11
q45,RESEARCH_SUMMARY_TEXT,22,272,272,9316,0.1728,0.0331,0.0,0.0,0.1728,0.0331,0.0,0.0,9,9,9,1
q45,RESEARCH_SUMMARY_TEXT,23,849,783,9875,0.2697,0.0742,0.0224,0.0,0.2989,0.0805,0.0243,0.0,19,19,63,5
q45,RESEARCH_SUMMARY_TEXT,24,553,514,10646,0.4647,0.3165,0.1212,0.0,0.5,0.3405,0.1304,0.0,19,19,175,12
q45,RESEARCH_SUMMARY_TEXT,25,742,701,9869,0.3491,0.1038,0.0,0.0,0.3424,0.1098,0.0,0.0,12,12,77,7
q45,RESEARCH_SUMMARY_TEXT,26,847,733,8418,0.1358,0.0307,0.0,0.0,0.1651,0.0355,0.0,0.0,9,9,26,3
q45,FINAL_REPORT_MARKDOWN,0,8171,3325,24581,0.9559,0.9329,0.8754,0.7926,0.9206,0.858,0.7516,0.6526,139,112,7623,104
q46,RESEARCH_SUMMARY_TEXT,0,631,550,10406,0.6181,0.336,0.141,0.0,0.6436,0.3818,0.1618,0.0,24,24,212,14
q46,RESEARCH_SUMMARY_TEXT,1,562,451,9826,0.3238,0.2224,0.0338,0.0,0.3925,0.2772,0.0421,0.0,19,19,125,11
q46,RESEARCH_SUMMARY_TEXT,2,572,509,8441,0.6119,0.3811,0.1346,0.0,0.6876,0.4263,0.1513,0.0,26,26,218,15
q46,RESEARCH_SUMMARY_TEXT,3,767,685,9742,0.7184,0.5632,0.3677,0.0469,0.7942,0.6175,0.4088,0.0526,36,36,432,24
q46,RESEARCH_SUMMARY_TEXT,4,950,812,11193,0.4432,0.2368,0.0916,0.0337,0.4754,0.2759,0.1071,0.0394,32,32,225,14
q46,RESEARCH_SUMMARY_TEXT,5,1002,826,10081,0.4391,0.1826,0.0629,0.0,0.5266,0.2215,0.0763,0.0,23,23,183,15
q46,RESEARCH_SUMMARY_TEXT,6,1329,1126,11199,0.3837,0.1851,0.0662,0.0,0.4467,0.2167,0.0773,0.0,20,20,246,19
q46,RESEARCH_SUMMARY_TEXT,7,1351,1158,12294,0.7032,0.5381,0.2879,0.0466,0.8195,0.6278,0.3351,0.0535,32,31,727,38
q46,RESEARCH_SUMMARY_TEXT,8,1110,918,9848,0.6405,0.4351,0.1946,0.0,0.744,0.5261,0.2342,0.0,29,29,483,28
q46,FINAL_REPORT_MARKDOWN,0,10651,4530,12074,0.9073,0.8551,0.7949,0.7378,0.8148,0.7358,0.6088,0.4574,226,75,9108,184
q47,RESEARCH_SUMMARY_TEXT,0,649,531,11080,0.319,0.1772,0.0847,0.0,0.3804,0.2166,0.1036,0.0,20,20,115,9
q47,RESEARCH_SUMMARY_TEXT,1,602,553,11644,0.2425,0.1329,0.0,0.0,0.255,0.1447,0.0,0.0,14,14,80,7
q47,RESEARCH_SUMMARY_TEXT,2,1004,862,11277,0.5319,0.3496,0.2022,0.0319,0.616,0.4026,0.2146,0.0371,32,32,351,21
q47,RESEARCH_SUMMARY_TEXT,3,1043,914,10238,0.6903,0.5446,0.349,0.1774,0.7735,0.6083,0.3939,0.2013,49,49,568,31
q47,RESEARCH_SUMMARY_TEXT,4,996,854,10934,0.6165,0.4297,0.1888,0.0853,0.7166,0.5012,0.2201,0.0995,49,49,428,25
q47,RESEARCH_SUMMARY_TEXT,5,992,863,11907,0.494,0.2399,0.0736,0.0,0.5492,0.2654,0.0846,0.0,20,20,238,20
q47,RESEARCH_SUMMARY_TEXT,6,974,820,11268,0.5452,0.422,0.2238,0.038,0.6537,0.5012,0.2659,0.0451,37,37,411,22
q47,RESEARCH_SUMMARY_TEXT,7,1147,1000,14652,0.4725,0.272,0.1168,0.0619,0.539,0.311,0.134,0.071,39,39,312,21
q47,RESEARCH_SUMMARY_TEXT,8,1466,1246,12666,0.4768,0.2306,0.0703,0.0246,0.4968,0.2648,0.0827,0.0289,36,36,338,29
q47,RESEARCH_SUMMARY_TEXT,9,500,476,11942,0.552,0.272,0.03,0.0,0.5273,0.2878,0.0315,0.0,15,15,136,13
q47,RESEARCH_SUMMARY_TEXT,10,704,606,10924,0.4645,0.2159,0.1293,0.0554,0.5231,0.2459,0.1485,0.0644,39,39,152,9
q47,RESEARCH_SUMMARY_TEXT,11,82,82,9479,0.7195,0.5366,0.4024,0.4024,0.7195,0.5366,0.4024,0.4024,33,33,44,2
q47,RESEARCH_SUMMARY_TEXT,12,770,623,11413,0.3519,0.1013,0.0429,0.0429,0.4238,0.1252,0.053,0.053,33,33,78,5
q47,RESEARCH_SUMMARY_TEXT,13,897,786,10700,0.4114,0.2163,0.0881,0.0,0.4733,0.2443,0.1005,0.0,24,24,194,14
q47,RESEARCH_SUMMARY_TEXT,14,907,758,13585,0.4631,0.1257,0.0,0.0,0.4301,0.1372,0.0,0.0,14,14,114,10
q47,RESEARCH_SUMMARY_TEXT,15,891,834,11553,0.6319,0.4063,0.2694,0.119,0.6835,0.4341,0.2878,0.1271,45,45,362,15
q47,RESEARCH_SUMMARY_TEXT,16,1017,880,9382,0.4936,0.2714,0.1219,0.0,0.5591,0.3125,0.1386,0.0,23,23,276,18
q47,RESEARCH_SUMMARY_TEXT,17,1150,975,12717,0.5017,0.2548,0.1322,0.0357,0.4831,0.2892,0.1559,0.0421,41,41,293,19
q47,RESEARCH_SUMMARY_TEXT,18,589,541,10859,0.4397,0.1935,0.0509,0.0509,0.4584,0.1959,0.0555,0.0555,30,30,114,9
q47,RESEARCH_SUMMARY_TEXT,19,586,522,10922,0.2611,0.0956,0.0256,0.0,0.2893,0.1073,0.0287,0.0,15,15,56,6
q47,RESEARCH_SUMMARY_TEXT,20,780,670,12208,0.3051,0.1077,0.0308,0.0,0.3552,0.1254,0.0358,0.0,24,24,84,7
q47,RESEARCH_SUMMARY_TEXT,21,796,700,8970,0.3995,0.2048,0.049,0.0,0.4457,0.2314,0.0557,0.0,24,24,163,13
q47,RESEARCH_SUMMARY_TEXT,22,982,871,8441,0.447,0.221,0.0855,0.0,0.5029,0.248,0.0964,0.0,21,21,217,18
q47,RESEARCH_SUMMARY_TEXT,23,882,755,14422,0.4592,0.1236,0.017,0.0,0.4583,0.1669,0.0199,0.0,15,15,109,11
q47,FINAL_REPORT_MARKDOWN,0,17184,4057,29567,0.9465,0.9325,0.9031,0.8824,0.8819,0.8358,0.7676,0.6818,226,111,16024,185
q48,RESEARCH_SUMMARY_TEXT,0,537,444,10091,0.4264,0.121,0.041,0.0,0.464,0.1464,0.0495,0.0,22,22,65,5
q48,RESEARCH_SUMMARY_TEXT,1,794,543,10814,0.1385,0.0126,0.0,0.0,0.1179,0.0331,0.0,0.0,10,10,10,1
q48,RESEARCH_SUMMARY_TEXT,2,700,611,9315,0.1414,0.0357,0.0,0.0,0.1702,0.0409,0.0,0.0,9,9,25,3
q48,RESEARCH_SUMMARY_TEXT,3,1089,823,8546,0.3462,0.1791,0.0386,0.0386,0.4496,0.2868,0.051,0.051,42,42,195,18
q48,RESEARCH_SUMMARY_TEXT,4,671,537,13913,0.2876,0.1371,0.0,0.0,0.3333,0.1564,0.0,0.0,14,14,92,8
q48,RESEARCH_SUMMARY_TEXT,5,735,583,8574,0.2871,0.0776,0.0503,0.0,0.2796,0.0978,0.0635,0.0,21,21,57,3
q48,RESEARCH_SUMMARY_TEXT,6,1124,941,9780,0.3692,0.1566,0.0391,0.0,0.4198,0.1849,0.0457,0.0,25,24,176,15
q48,RESEARCH_SUMMARY_TEXT,7,1606,1322,10227,0.3661,0.1936,0.0604,0.0,0.413,0.2557,0.0582,0.0,23,23,311,24
q48,RESEARCH_SUMMARY_TEXT,8,1661,1296,10336,0.3131,0.0969,0.0421,0.0,0.321,0.1088,0.0525,0.0,19,19,161,13
q48,FINAL_REPORT_MARKDOWN,0,3267,1746,12478,0.9311,0.8831,0.8099,0.7689,0.8207,0.7514,0.6489,0.4353,286,89,2885,47
q49,RESEARCH_SUMMARY_TEXT,0,206,190,13022,0.6845,0.3932,0.2816,0.0,0.7474,0.4263,0.3053,0.0,29,29,81,4
q49,RESEARCH_SUMMARY_TEXT,1,382,332,8522,0.2199,0.0812,0.0812,0.0812,0.238,0.0934,0.0934,0.0934,31,31,31,1
q49,RESEARCH_SUMMARY_TEXT,2,400,350,9313,0.2175,0.13,0.0775,0.0775,0.2486,0.1486,0.0886,0.0886,31,31,52,2
q49,RESEARCH_SUMMARY_TEXT,3,674,585,11504,0.4688,0.2656,0.0964,0.0549,0.5179,0.2991,0.1111,0.0632,37,37,179,13
q49,RESEARCH_SUMMARY_TEXT,4,550,534,10847,0.8127,0.5745,0.2091,0.0,0.8146,0.5899,0.2154,0.0,29,29,316,22
q49,RESEARCH_SUMMARY_TEXT,5,720,610,10090,0.4611,0.3542,0.0681,0.0,0.5443,0.418,0.0803,0.0,18,18,255,17
q49,RESEARCH_SUMMARY_TEXT,6,695,638,9731,0.2086,0.0978,0.0633,0.0,0.1959,0.1066,0.069,0.0,22,22,68,5
q49,RESEARCH_SUMMARY_TEXT,7,561,511,10199,0.287,0.1301,0.0267,0.0,0.2838,0.1429,0.0294,0.0,15,15,73,7
q49,RESEARCH_SUMMARY_TEXT,8,726,621,11847,0.4545,0.2328,0.022,0.0,0.5072,0.2721,0.0242,0.0,16,15,169,16
q49,RESEARCH_SUMMARY_TEXT,9,565,484,11373,0.469,0.2195,0.0743,0.0,0.5475,0.2562,0.0868,0.0,22,22,124,10
q49,RESEARCH_SUMMARY_TEXT,10,596,540,8378,0.3406,0.1762,0.0302,0.0,0.3759,0.1944,0.0333,0.0,18,18,105,8
q49,RESEARCH_SUMMARY_TEXT,11,703,622,9209,0.4395,0.2489,0.1337,0.0484,0.4968,0.2814,0.1511,0.0547,34,34,175,11
q49,RESEARCH_SUMMARY_TEXT,12,916,747,8140,0.2271,0.1092,0.0175,0.0,0.2771,0.1017,0.0214,0.0,16,16,100,10
q49,RESEARCH_SUMMARY_TEXT,13,3015,2904,40932,0.9449,0.8713,0.5483,0.1917,0.9811,0.9022,0.5751,0.1987,66,67,2627,58
q49,RESEARCH_SUMMARY_TEXT,14,3422,3316,44162,0.9804,0.8925,0.6683,0.3434,0.9867,0.9237,0.6918,0.3559,118,119,3054,53
q49,RESEARCH_SUMMARY_TEXT,15,3681,3561,40727,0.9525,0.8362,0.5504,0.1904,0.9694,0.8689,0.5723,0.1969,49,49,3078,69
q49,RESEARCH_SUMMARY_TEXT,16,1500,1204,10220,0.2413,0.12,0.0327,0.0,0.2483,0.1179,0.0399,0.0,17,16,180,15
q49,RESEARCH_SUMMARY_TEXT,17,1568,1017,8902,0.2073,0.0772,0.0287,0.0,0.3255,0.1386,0.06,0.0,29,29,121,10
q49,RESEARCH_SUMMARY_TEXT,18,616,559,10369,0.5763,0.3506,0.1932,0.0763,0.6208,0.3864,0.2129,0.0841,47,47,216,12
q49,RESEARCH_SUMMARY_TEXT,19,737,606,9167,0.2944,0.1411,0.0434,0.0,0.3614,0.1733,0.0528,0.0,17,17,104,10
q49,RESEARCH_SUMMARY_TEXT,20,1014,863,9985,0.2663,0.068,0.0158,0.0,0.2793,0.0707,0.0185,0.0,16,16,69,7
q49,RESEARCH_SUMMARY_TEXT,21,719,552,9235,0.2782,0.064,0.0292,0.0,0.3533,0.0833,0.038,0.0,21,21,46,4
q49,RESEARCH_SUMMARY_TEXT,22,1209,901,9461,0.129,0.0604,0.038,0.0,0.1743,0.081,0.0511,0.0,28,28,73,4
q49,RESEARCH_SUMMARY_TEXT,23,994,830,10857,0.4336,0.3139,0.161,0.1237,0.5253,0.3759,0.1928,0.1482,44,44,312,20
q49,RESEARCH_SUMMARY_TEXT,24,1009,802,9134,0.5025,0.4024,0.2725,0.1506,0.6234,0.4913,0.3404,0.187,47,46,406,20
q49,RESEARCH_SUMMARY_TEXT,25,935,847,13368,0.4,0.1594,0.0449,0.0,0.4238,0.1854,0.0496,0.0,21,21,149,13
q49,RESEARCH_SUMMARY_TEXT,26,1541,1255,9995,0.2446,0.1265,0.0337,0.0,0.2972,0.1578,0.0414,0.0,20,20,195,15
q49,FINAL_REPORT_MARKDOWN,0,18346,3632,38281,0.9568,0.9268,0.8899,0.8666,0.8469,0.7673,0.6762,0.5768,266,106,17003,248
q50,RESEARCH_SUMMARY_TEXT,0,201,178,9130,0.2388,0.0398,0.0,0.0,0.2697,0.0449,0.0,0.0,8,8,8,1
q50,RESEARCH_SUMMARY_TEXT,1,480,425,9463,0.1375,0.0458,0.0,0.0,0.1553,0.0518,0.0,0.0,13,13,22,2
q50,RESEARCH_SUMMARY_TEXT,2,536,497,9148,0.334,0.0522,0.0299,0.0,0.3541,0.0483,0.0,0.0,16,14,28,2
q50,RESEARCH_SUMMARY_TEXT,3,532,452,12087,0.2613,0.0376,0.0,0.0,0.2124,0.0177,0.0,0.0,10,8,20,2
q50,RESEARCH_SUMMARY_TEXT,4,802,721,8658,0.3267,0.0623,0.0,0.0,0.3051,0.0693,0.0,0.0,11,11,50,5
q50,RESEARCH_SUMMARY_TEXT,5,850,643,8938,0.2035,0.0671,0.0224,0.0,0.2022,0.0871,0.0295,0.0,19,19,57,4
q50,RESEARCH_SUMMARY_TEXT,6,994,786,10586,0.2998,0.0986,0.0171,0.0,0.3664,0.1209,0.0216,0.0,17,17,98,10
q50,RESEARCH_SUMMARY_TEXT,7,1144,925,10510,0.326,0.153,0.0175,0.0,0.3805,0.1924,0.0216,0.0,20,20,175,15
q50,RESEARCH_SUMMARY_TEXT,8,1268,1114,9597,0.3715,0.1617,0.0473,0.0,0.3824,0.1822,0.0539,0.0,22,22,205,17
q50,FINAL_REPORT_MARKDOWN,0,3390,1800,10670,0.6894,0.6018,0.5071,0.4637,0.4961,0.3294,0.1822,0.1,88,48,2040,53
q51,RESEARCH_SUMMARY_TEXT,0,1099,1083,38574,0.9736,0.9072,0.8253,0.3813,0.9908,0.9261,0.8393,0.3869,59,59,997,21
q51,RESEARCH_SUMMARY_TEXT,1,1703,1700,43493,0.9947,0.9419,0.596,0.2237,0.9959,0.9429,0.5982,0.2247,79,80,1604,23
q51,RESEARCH_SUMMARY_TEXT,2,1112,1023,25127,0.8318,0.7023,0.5746,0.33,0.9404,0.783,0.6432,0.3597,46,47,781,26
q51,RESEARCH_SUMMARY_TEXT,3,1300,1219,42055,0.8892,0.7731,0.4415,0.0477,0.9746,0.8228,0.4791,0.05,31,31,1005,39
q51,RESEARCH_SUMMARY_TEXT,4,2069,1981,41867,0.9319,0.7927,0.3881,0.0145,0.9717,0.8359,0.4079,0.0151,30,30,1640,46
q51,RESEARCH_SUMMARY_TEXT,5,2209,2095,38563,0.8941,0.7334,0.2214,0.0217,0.948,0.7795,0.2339,0.0229,48,48,1620,70
q51,RESEARCH_SUMMARY_TEXT,6,3035,2949,41709,0.9193,0.77,0.4606,0.1097,0.9529,0.7959,0.4744,0.1129,52,52,2337,87
q51,RESEARCH_SUMMARY_TEXT,7,3015,2913,42428,0.9423,0.8464,0.4229,0.0806,0.9739,0.8829,0.4487,0.0834,77,77,2552,79
q51,RESEARCH_SUMMARY_TEXT,8,3249,2949,42966,0.9224,0.7969,0.5355,0.2216,0.9797,0.9003,0.649,0.292,58,65,2589,90
q51,RESEARCH_SUMMARY_TEXT,9,1888,1850,33307,0.9682,0.8867,0.5154,0.1504,0.9859,0.9049,0.5189,0.1535,70,70,1674,36
q51,RESEARCH_SUMMARY_TEXT,10,1890,1852,30524,0.9693,0.881,0.6519,0.3984,0.9876,0.8969,0.6652,0.4066,58,58,1665,39
q51,RESEARCH_SUMMARY_TEXT,11,2110,2033,33444,0.9374,0.7924,0.3777,0.1815,0.9661,0.816,0.3738,0.1884,76,76,1672,55
q51,RESEARCH_SUMMARY_TEXT,12,2638,2539,47414,0.9636,0.8802,0.6676,0.207,0.9905,0.9212,0.7113,0.215,104,104,2322,50
q51,RESEARCH_SUMMARY_TEXT,13,2512,2477,46234,0.9865,0.9411,0.6764,0.2122,0.9927,0.9536,0.6799,0.2152,84,84,2364,36
q51,RESEARCH_SUMMARY_TEXT,14,3608,3414,41590,0.9559,0.8135,0.4972,0.1779,0.9824,0.8647,0.5211,0.1883,72,72,2935,87
q51,RESEARCH_SUMMARY_TEXT,15,2834,2665,33061,0.8948,0.7565,0.3518,0.0674,0.9598,0.8146,0.3854,0.0717,54,54,2144,85
q51,RESEARCH_SUMMARY_TEXT,16,3102,2848,40638,0.8956,0.8288,0.538,0.1025,0.9768,0.9084,0.6264,0.1608,53,95,2571,80
q51,RESEARCH_SUMMARY_TEXT,17,3323,2922,44356,0.8444,0.7189,0.4565,0.0475,0.9719,0.8816,0.5869,0.1389,34,58,2389,97
q51,FINAL_REPORT_MARKDOWN,0,16158,8500,49901,0.9662,0.942,0.835,0.6689,0.9841,0.9558,0.8305,0.6072,201,164,15221,219
q52,RESEARCH_SUMMARY_TEXT,0,2078,2005,48928,0.9885,0.9163,0.589,0.2445,0.9875,0.9242,0.588,0.2514,87,86,1904,31
q52,RESEARCH_SUMMARY_TEXT,1,2277,2195,43620,0.9745,0.9122,0.5929,0.1946,0.9868,0.9121,0.6123,0.2009,74,72,2077,43
q52,RESEARCH_SUMMARY_TEXT,2,2224,2142,38298,0.9483,0.7896,0.4069,0.0477,0.965,0.8095,0.4211,0.0495,38,38,1756,62
q52,RESEARCH_SUMMARY_TEXT,3,2525,2461,32362,0.9168,0.6725,0.2269,0.0816,0.9309,0.6924,0.2332,0.0837,52,52,1698,80
q52,RESEARCH_SUMMARY_TEXT,4,2573,2435,45486,0.9273,0.8204,0.4438,0.1077,0.9667,0.8772,0.492,0.1298,53,53,2111,80
q52,RESEARCH_SUMMARY_TEXT,5,2647,2556,37070,0.9305,0.7575,0.2826,0.0113,0.9671,0.8083,0.2954,0.0117,30,30,2005,76
q52,RESEARCH_SUMMARY_TEXT,6,3164,3059,40440,0.9671,0.8293,0.397,0.1052,0.9745,0.8503,0.4103,0.1092,48,49,2624,82
q52,RESEARCH_SUMMARY_TEXT,7,3514,3388,37730,0.9274,0.7328,0.2615,0.0296,0.9613,0.7754,0.2713,0.0354,67,52,2575,104
q52,RESEARCH_SUMMARY_TEXT,8,3254,3123,47560,0.9438,0.8697,0.5157,0.1632,0.9792,0.9119,0.5552,0.1726,85,85,2830,75
q52,FINAL_REPORT_MARKDOWN,0,20893,10798,28567,0.9628,0.9266,0.8148,0.5994,0.9618,0.9229,0.8146,0.6259,151,269,19359,335
q53,RESEARCH_SUMMARY_TEXT,0,2942,2877,42007,0.9592,0.881,0.5391,0.1992,0.9788,0.9016,0.552,0.2037,61,61,2592,57
q53,RESEARCH_SUMMARY_TEXT,1,2894,2812,32584,0.9368,0.8103,0.5263,0.1389,0.9563,0.8332,0.5405,0.1426,61,61,2345,71
q53,RESEARCH_SUMMARY_TEXT,2,2734,2669,46189,0.9543,0.8391,0.3753,0.0753,0.9745,0.8561,0.3822,0.0772,52,52,2294,68
q53,RESEARCH_SUMMARY_TEXT,3,3179,3097,49156,0.9522,0.8877,0.5521,0.1601,0.9829,0.9167,0.5689,0.1653,85,85,2822,53
q53,RESEARCH_SUMMARY_TEXT,4,3358,3258,46921,0.9622,0.8904,0.5471,0.1763,0.9899,0.9239,0.5712,0.1817,112,112,2990,70
q53,RESEARCH_SUMMARY_TEXT,5,3475,3393,49746,0.9801,0.8734,0.4976,0.0999,0.9894,0.8924,0.5105,0.1023,49,49,3035,70
q53,RESEARCH_SUMMARY_TEXT,6,2654,2597,46979,0.9732,0.8757,0.5505,0.1443,0.9773,0.8883,0.5614,0.1471,71,71,2324,49
q53,RESEARCH_SUMMARY_TEXT,7,3612,3486,48792,0.9549,0.8746,0.5008,0.1752,0.9862,0.9022,0.5189,0.1819,112,112,3159,78
q53,RESEARCH_SUMMARY_TEXT,8,4254,4013,49460,0.929,0.8366,0.4974,0.1302,0.9753,0.8861,0.5288,0.1463,112,112,3559,84
q53,RESEARCH_SUMMARY_TEXT,9,2198,2150,42354,0.9577,0.8476,0.4149,0.1365,0.9749,0.8726,0.4242,0.1395,87,87,1863,52
q53,RESEARCH_SUMMARY_TEXT,10,2281,2151,48016,0.929,0.8527,0.5581,0.0982,0.9828,0.92,0.5937,0.1046,87,87,1945,48
q53,RESEARCH_SUMMARY_TEXT,11,2998,2916,40797,0.9626,0.8779,0.528,0.1855,0.9832,0.9029,0.5422,0.19,72,72,2632,52
q53,RESEARCH_SUMMARY_TEXT,12,2757,2675,42551,0.9637,0.8988,0.667,0.4164,0.9895,0.9271,0.6826,0.4277,155,154,2478,41
q53,RESEARCH_SUMMARY_TEXT,13,3176,3111,43287,0.9685,0.881,0.4263,0.063,0.99,0.901,0.4401,0.0643,59,59,2798,66
q53,RESEARCH_SUMMARY_TEXT,14,3065,2841,43286,0.9455,0.8062,0.4832,0.1684,0.9866,0.8701,0.5224,0.1816,88,88,2471,75
q53,RESEARCH_SUMMARY_TEXT,15,3694,3564,50287,0.9475,0.8481,0.4534,0.0782,0.979,0.8836,0.4812,0.0811,72,72,3133,82
q53,RESEARCH_SUMMARY_TEXT,16,3680,3539,46402,0.9546,0.8834,0.5168,0.1101,0.9881,0.9265,0.5417,0.1144,70,70,3251,65
q53,RESEARCH_SUMMARY_TEXT,17,2903,2670,45972,0.8836,0.7599,0.4616,0.0875,0.9693,0.8734,0.53,0.1367,51,56,2206,89
q53,RESEARCH_SUMMARY_TEXT,18,2147,2090,39133,0.9446,0.8379,0.381,0.1369,0.9722,0.8641,0.3943,0.1407,44,44,1799,52
q53,RESEARCH_SUMMARY_TEXT,19,2120,2038,45464,0.9486,0.8693,0.5486,0.3717,0.9858,0.9087,0.5667,0.3871,109,109,1843,42
q53,RESEARCH_SUMMARY_TEXT,20,1771,1768,47829,0.9825,0.9193,0.5709,0.2112,0.9836,0.9225,0.573,0.2115,43,43,1628,30
q53,RESEARCH_SUMMARY_TEXT,21,2812,2730,50503,0.9602,0.8873,0.5576,0.2269,0.9835,0.9154,0.5755,0.2337,96,96,2495,49
q53,RESEARCH_SUMMARY_TEXT,22,2764,2682,47208,0.949,0.8502,0.5148,0.1017,0.9784,0.8833,0.5421,0.1048,60,60,2350,57
q53,RESEARCH_SUMMARY_TEXT,23,3009,2927,50955,0.9654,0.8817,0.5324,0.1396,0.9884,0.9136,0.5528,0.1435,45,45,2653,64
q53,RESEARCH_SUMMARY_TEXT,24,3163,3034,43551,0.9444,0.8615,0.4853,0.2077,0.9825,0.9018,0.5069,0.2169,80,80,2725,65
q53,RESEARCH_SUMMARY_TEXT,25,3438,3266,50868,0.9314,0.8711,0.6085,0.2816,0.9878,0.9235,0.643,0.2973,79,79,2995,58
q53,RESEARCH_SUMMARY_TEXT,26,3879,3729,52473,0.9474,0.8827,0.5447,0.1513,0.9895,0.922,0.5725,0.1577,80,80,3424,78
q53,FINAL_REPORT_MARKDOWN,0,15870,11324,91494,0.9748,0.9561,0.892,0.7336,0.9957,0.9874,0.9273,0.7874,172,320,15173,208
q54,RESEARCH_SUMMARY_TEXT,0,1800,1736,48314,0.92,0.8172,0.4961,0.0589,0.9649,0.8652,0.519,0.0611,37,37,1471,46
q54,RESEARCH_SUMMARY_TEXT,1,2336,2218,48173,0.9461,0.866,0.5454,0.1468,0.9824,0.9157,0.5753,0.1677,75,75,2023,54
q54,RESEARCH_SUMMARY_TEXT,2,2259,2129,41438,0.9172,0.8158,0.5246,0.1284,0.9728,0.8704,0.5679,0.1362,78,78,1843,56
q54,RESEARCH_SUMMARY_TEXT,3,2425,2306,47184,0.9493,0.8487,0.4272,0.0144,0.9879,0.9024,0.4523,0.0152,35,35,2058,69
q54,RESEARCH_SUMMARY_TEXT,4,2923,2803,48246,0.9312,0.8659,0.5748,0.1495,0.974,0.9108,0.6044,0.1673,57,57,2531,61
q54,RESEARCH_SUMMARY_TEXT,5,2930,2827,46340,0.9365,0.8297,0.4375,0.0638,0.9724,0.8624,0.4538,0.0665,32,33,2431,70
q54,RESEARCH_SUMMARY_TEXT,6,2976,2734,43327,0.8881,0.7409,0.3293,0.0329,0.9612,0.8157,0.3632,0.0358,33,33,2205,93
q54,RESEARCH_SUMMARY_TEXT,7,3333,3024,46112,0.8866,0.7972,0.4755,0.1236,0.9881,0.9167,0.6081,0.2242,101,102,2657,106
q54,RESEARCH_SUMMARY_TEXT,8,3357,3352,38456,0.9806,0.9121,0.5993,0.1817,0.9827,0.9135,0.6005,0.1823,87,88,3062,48
q54,RESEARCH_SUMMARY_TEXT,9,1708,1669,32219,0.9678,0.8999,0.6663,0.2237,0.9862,0.9215,0.6812,0.2295,117,117,1537,34
q54,RESEARCH_SUMMARY_TEXT,10,2670,2588,46450,0.9528,0.8846,0.5906,0.2985,0.9818,0.9154,0.6171,0.3091,100,100,2362,50
q54,RESEARCH_SUMMARY_TEXT,11,3003,2922,41674,0.9144,0.7835,0.3583,0.0932,0.9329,0.8012,0.3676,0.0958,98,98,2353,80
q54,RESEARCH_SUMMARY_TEXT,12,3132,2933,56115,0.9199,0.8627,0.6089,0.2545,0.9795,0.9298,0.658,0.2772,83,84,2702,57
q54,RESEARCH_SUMMARY_TEXT,13,3105,2797,39973,0.9105,0.8122,0.5485,0.1713,0.9921,0.9238,0.6468,0.2277,125,125,2522,83
q54,RESEARCH_SUMMARY_TEXT,14,3888,3671,40557,0.9136,0.7479,0.3915,0.0162,0.9602,0.793,0.3996,0.0174,33,33,2908,110
q54,RESEARCH_SUMMARY_TEXT,15,3663,3468,45702,0.9186,0.8245,0.5788,0.1906,0.9709,0.8731,0.622,0.2021,74,74,3020,91
q54,RESEARCH_SUMMARY_TEXT,16,3629,3533,40422,0.9589,0.9074,0.6663,0.4668,0.985,0.9357,0.685,0.4716,183,183,3293,62
q54,RESEARCH_SUMMARY_TEXT,17,5283,4933,42908,0.9512,0.8762,0.5143,0.0825,0.9807,0.9213,0.5477,0.0829,62,62,4629,103
q54,RESEARCH_SUMMARY_TEXT,18,2337,2290,37684,0.9512,0.8661,0.5926,0.2563,0.9686,0.8865,0.6044,0.2616,117,117,2024,40
q54,RESEARCH_SUMMARY_TEXT,19,2261,2151,31953,0.9253,0.8598,0.6404,0.3291,0.9716,0.9149,0.6839,0.3464,117,117,1944,42
q54,RESEARCH_SUMMARY_TEXT,20,2155,2114,40346,0.9703,0.851,0.6176,0.2942,0.9806,0.868,0.6443,0.2999,110,110,1834,38
q54,RESEARCH_SUMMARY_TEXT,21,3023,2859,39244,0.9117,0.8141,0.394,0.0652,0.9647,0.8737,0.4295,0.0588,40,40,2461,78
q54,RESEARCH_SUMMARY_TEXT,22,2774,2556,40592,0.9286,0.8688,0.7008,0.5234,0.993,0.9472,0.7539,0.5689,153,129,2410,48
q54,RESEARCH_SUMMARY_TEXT,23,3798,3582,41782,0.916,0.8117,0.3557,0.035,0.9657,0.8657,0.3822,0.0371,55,55,3083,96
q54,RESEARCH_SUMMARY_TEXT,24,3632,3314,43945,0.8882,0.7737,0.3761,0.0776,0.9825,0.8929,0.4351,0.0947,63,64,2810,111
q54,RESEARCH_SUMMARY_TEXT,25,3293,3121,40776,0.9496,0.9223,0.7528,0.352,0.9958,0.9667,0.7937,0.3781,116,116,3037,47
q54,RESEARCH_SUMMARY_TEXT,26,4505,4194,48022,0.9083,0.8355,0.5088,0.1032,0.9742,0.9053,0.5565,0.1237,82,81,3764,103
q54,FINAL_REPORT_MARKDOWN,0,23030,6732,93730,0.9736,0.964,0.9213,0.8641,0.9648,0.9485,0.8418,0.6548,270,270,22202,231
q55,RESEARCH_SUMMARY_TEXT,0,1391,1341,40357,0.9597,0.8375,0.3839,0.1395,0.9687,0.8613,0.4004,0.167,75,75,1165,35
q55,RESEARCH_SUMMARY_TEXT,1,1744,1587,42252,0.9386,0.875,0.6147,0.2626,0.9817,0.9219,0.6396,0.2861,75,75,1526,38
q55,RESEARCH_SUMMARY_TEXT,2,1680,1484,40440,0.8833,0.778,0.456,0.203,0.9751,0.8949,0.529,0.2298,102,102,1307,42
q55,RESEARCH_SUMMARY_TEXT,3,1858,1767,36787,0.9004,0.7659,0.4769,0.1954,0.9547,0.8189,0.5042,0.24,99,99,1423,40
q55,RESEARCH_SUMMARY_TEXT,4,2993,2883,35816,0.9512,0.8704,0.5643,0.2138,0.984,0.9077,0.5879,0.2324,83,83,2605,55
q55,RESEARCH_SUMMARY_TEXT,5,2781,2545,46345,0.8493,0.6688,0.2672,0.0514,0.9175,0.7269,0.2849,0.0562,40,40,1860,80
q55,RESEARCH_SUMMARY_TEXT,6,3140,3075,43658,0.9602,0.8576,0.4981,0.2213,0.9808,0.8771,0.5041,0.227,47,47,2693,72
q55,RESEARCH_SUMMARY_TEXT,7,3661,3425,40476,0.9112,0.7703,0.3417,0.0,0.9542,0.8073,0.3515,0.0,28,28,2820,109
q55,RESEARCH_SUMMARY_TEXT,8,3497,3271,41841,0.956,0.8482,0.4913,0.1773,0.9869,0.9046,0.5191,0.1892,64,59,2966,85
q55,RESEARCH_SUMMARY_TEXT,9,2074,1992,48437,0.9822,0.9127,0.6027,0.1905,0.9814,0.9041,0.5853,0.1978,48,48,1893,43
q55,RESEARCH_SUMMARY_TEXT,10,2294,2132,41262,0.9433,0.8579,0.5567,0.1752,0.9794,0.9076,0.583,0.1881,72,72,1968,54
q55,RESEARCH_SUMMARY_TEXT,11,2588,2419,39885,0.9285,0.8068,0.4957,0.1426,0.9793,0.8673,0.5333,0.1525,77,77,2088,62
q55,RESEARCH_SUMMARY_TEXT,12,2875,2569,39618,0.9155,0.8532,0.5753,0.2237,0.9864,0.9292,0.638,0.2526,59,75,2453,61
q55,RESEARCH_SUMMARY_TEXT,13,3063,2865,37643,0.9442,0.8769,0.5939,0.2968,0.9745,0.9023,0.6182,0.326,106,107,2686,74
q55,RESEARCH_SUMMARY_TEXT,14,3320,3132,42401,0.9187,0.8199,0.5361,0.2108,0.9796,0.8752,0.5702,0.2238,67,67,2722,70
q55,RESEARCH_SUMMARY_TEXT,15,3550,3194,31950,0.8732,0.7746,0.487,0.2079,0.958,0.8538,0.5238,0.2226,115,115,2750,101
q55,RESEARCH_SUMMARY_TEXT,16,4551,4424,46162,0.9593,0.8969,0.6284,0.3419,0.986,0.9247,0.6469,0.3454,162,162,4082,76
q55,RESEARCH_SUMMARY_TEXT,17,3098,2989,44732,0.9567,0.8951,0.5155,0.1695,0.9849,0.9354,0.5366,0.1756,123,123,2773,54
q55,RESEARCH_SUMMARY_TEXT,18,2299,2182,37681,0.9522,0.7782,0.3854,0.0983,0.9656,0.8176,0.3978,0.1164,108,108,1789,70
q55,RESEARCH_SUMMARY_TEXT,19,2624,2496,38550,0.9379,0.8651,0.5465,0.1631,0.9848,0.9175,0.5757,0.1719,53,53,2270,50
q55,RESEARCH_SUMMARY_TEXT,20,2623,2523,37883,0.9657,0.883,0.5524,0.3481,0.9711,0.8847,0.5636,0.302,108,108,2316,54
q55,RESEARCH_SUMMARY_TEXT,21,3700,3360,34616,0.8822,0.7595,0.3076,0.0686,0.9622,0.8411,0.3408,0.0756,63,63,2810,91
q55,RESEARCH_SUMMARY_TEXT,22,4797,4347,40825,0.9108,0.8013,0.4649,0.1144,0.9586,0.8774,0.5197,0.1067,49,49,3844,116
q55,RESEARCH_SUMMARY_TEXT,23,4815,4393,47309,0.9094,0.7907,0.5109,0.1734,0.9784,0.88,0.5573,0.1898,87,88,3807,116
q55,FINAL_REPORT_MARKDOWN,0,13586,9939,80722,0.9899,0.9621,0.9108,0.8221,0.9871,0.9747,0.9116,0.7663,347,348,13071,95
q56,RESEARCH_SUMMARY_TEXT,0,904,904,27451,0.9801,0.9004,0.5564,0.1925,0.9801,0.9004,0.5564,0.1925,62,62,814,12
q56,RESEARCH_SUMMARY_TEXT,1,1743,1740,43139,0.9885,0.9398,0.7401,0.3041,0.9908,0.9425,0.7425,0.3046,62,62,1638,26
q56,RESEARCH_SUMMARY_TEXT,2,2321,2264,31616,0.9431,0.8246,0.5554,0.1736,0.9726,0.8498,0.5746,0.178,74,74,1914,49
q56,RESEARCH_SUMMARY_TEXT,3,2643,2543,41313,0.9391,0.8846,0.5827,0.1812,0.9799,0.9237,0.6123,0.1884,62,62,2338,49
q56,RESEARCH_SUMMARY_TEXT,4,2753,2633,45520,0.923,0.8681,0.6647,0.3411,0.9666,0.9161,0.6996,0.3593,68,68,2390,51
q56,RESEARCH_SUMMARY_TEXT,5,3097,3032,39961,0.9577,0.9044,0.6267,0.3084,0.9802,0.9281,0.6428,0.3268,88,88,2801,61
q56,RESEARCH_SUMMARY_TEXT,6,2900,2770,32995,0.9121,0.791,0.4738,0.0921,0.9606,0.8426,0.5047,0.0968,41,42,2294,69
q56,RESEARCH_SUMMARY_TEXT,7,3159,3020,44233,0.9471,0.8759,0.5986,0.2362,0.9944,0.9232,0.6311,0.2599,76,82,2767,69
q56,RESEARCH_SUMMARY_TEXT,8,3034,2923,37791,0.9314,0.8303,0.5188,0.1533,0.9699,0.8666,0.5392,0.1594,53,53,2519,70
q56,FINAL_REPORT_MARKDOWN,0,9902,6662,26229,0.9566,0.9232,0.8322,0.7214,0.9719,0.9325,0.8254,0.7127,308,340,9142,134
q57,RESEARCH_SUMMARY_TEXT,0,2367,2257,45027,0.9392,0.8602,0.5471,0.1394,0.9774,0.9056,0.5813,0.1471,56,56,2036,66
q57,RESEARCH_SUMMARY_TEXT,1,2584,2340,41349,0.9532,0.8216,0.4737,0.1455,0.9833,0.8765,0.4932,0.0714,65,37,2123,83
q57,RESEARCH_SUMMARY_TEXT,2,3077,2786,41909,0.8538,0.6536,0.2346,0.0227,0.9497,0.7606,0.2732,0.037,36,36,2011,90
q57,RESEARCH_SUMMARY_TEXT,3,3633,3494,31307,0.9323,0.7903,0.3559,0.0804,0.9605,0.822,0.3752,0.0836,68,68,2871,89
q57,RESEARCH_SUMMARY_TEXT,4,3679,3198,53163,0.8568,0.7836,0.58,0.2946,0.9837,0.9265,0.6739,0.3487,159,159,2883,78
q57,RESEARCH_SUMMARY_TEXT,5,3383,3077,48456,0.9022,0.8037,0.5805,0.107,0.9639,0.8814,0.6432,0.118,81,81,2719,75
q57,RESEARCH_SUMMARY_TEXT,6,3469,3182,48358,0.8991,0.8138,0.5241,0.2055,0.9686,0.8759,0.5713,0.2234,60,60,2823,88
q57,RESEARCH_SUMMARY_TEXT,7,3765,3249,38218,0.8162,0.6778,0.327,0.0895,0.9511,0.7812,0.3764,0.1037,49,49,2552,120
q57,RESEARCH_SUMMARY_TEXT,8,6428,5874,53328,0.9284,0.8429,0.7302,0.5622,0.9753,0.9025,0.7423,0.5603,149,138,5418,84
q57,FINAL_REPORT_MARKDOWN,0,18206,11103,37412,0.9793,0.9302,0.7863,0.5915,0.9824,0.9193,0.7132,0.4451,146,149,16935,292
q58,RESEARCH_SUMMARY_TEXT,0,866,866,35448,0.9792,0.9007,0.5092,0.1605,0.9792,0.9007,0.5092,0.1605,37,37,780,12
q58,RESEARCH_SUMMARY_TEXT,1,1121,1120,36677,0.9741,0.8617,0.4478,0.0919,0.9777,0.8625,0.4482,0.092,36,36,966,23
q58,RESEARCH_SUMMARY_TEXT,2,1388,1388,37188,0.9805,0.853,0.5367,0.1643,0.9805,0.853,0.5367,0.1643,56,56,1184,29
q58,RESEARCH_SUMMARY_TEXT,3,1593,1591,41780,0.9755,0.8613,0.4576,0.1174,0.9767,0.8611,0.4582,0.1175,54,54,1372,42
q58,RESEARCH_SUMMARY_TEXT,4,2247,2164,40349,0.9381,0.8015,0.3445,0.0356,0.9792,0.8577,0.3845,0.037,44,44,1801,65
q58,RESEARCH_SUMMARY_TEXT,5,2261,2128,32096,0.8585,0.7373,0.4401,0.2127,0.9196,0.7956,0.468,0.226,75,75,1667,60
q58,RESEARCH_SUMMARY_TEXT,6,2902,2844,39613,0.9493,0.8315,0.3632,0.0334,0.9694,0.8485,0.3653,0.0341,34,34,2413,69
q58,RESEARCH_SUMMARY_TEXT,7,3499,3285,40656,0.9211,0.8417,0.5724,0.2424,0.9836,0.8992,0.6301,0.2594,88,89,2945,67
q58,RESEARCH_SUMMARY_TEXT,8,2436,2298,35631,0.9171,0.8284,0.5895,0.3194,0.9765,0.8886,0.6327,0.3438,118,118,2018,55
q58,RESEARCH_SUMMARY_TEXT,9,1162,1162,26688,0.9329,0.7917,0.3614,0.1575,0.9329,0.7917,0.3614,0.1575,43,43,920,30
q58,RESEARCH_SUMMARY_TEXT,10,1022,1022,33729,0.9863,0.8562,0.411,0.0411,0.9863,0.8562,0.411,0.0411,42,42,875,27
q58,RESEARCH_SUMMARY_TEXT,11,1309,1273,40044,0.9381,0.7907,0.4225,0.0489,0.9717,0.8162,0.4344,0.0503,32,32,1035,34
q58,RESEARCH_SUMMARY_TEXT,12,1905,1888,28773,0.9449,0.8026,0.401,0.0808,0.956,0.8114,0.4057,0.0816,49,49,1529,56
q58,RESEARCH_SUMMARY_TEXT,13,2546,2481,32400,0.9246,0.7863,0.3755,0.0994,0.9553,0.8134,0.399,0.102,52,52,2002,77
q58,RESEARCH_SUMMARY_TEXT,14,3062,3011,38020,0.9579,0.856,0.5967,0.2077,0.9738,0.8718,0.6174,0.2112,64,64,2621,62
q58,RESEARCH_SUMMARY_TEXT,15,3333,3247,39100,0.9592,0.8641,0.5386,0.2328,0.9821,0.8864,0.5467,0.239,79,79,2880,66
q58,RESEARCH_SUMMARY_TEXT,16,3773,3691,37018,0.961,0.8627,0.453,0.1553,0.9843,0.8865,0.4804,0.1588,102,102,3255,78
q58,RESEARCH_SUMMARY_TEXT,17,3539,3271,36139,0.8921,0.82,0.5519,0.2481,0.9612,0.9022,0.6041,0.2693,99,99,2902,90
q58,RESEARCH_SUMMARY_TEXT,18,1202,1202,30589,0.9376,0.7246,0.2454,0.0,0.9376,0.7246,0.2454,0.0,29,29,871,36
q58,RESEARCH_SUMMARY_TEXT,19,1775,1767,35681,0.9837,0.9279,0.5887,0.2597,0.9875,0.9304,0.6095,0.2609,81,81,1647,30
q58,RESEARCH_SUMMARY_TEXT,20,1559,1557,34045,0.9775,0.8435,0.4606,0.2136,0.9775,0.8446,0.4618,0.2139,50,50,1315,35
q58,RESEARCH_SUMMARY_TEXT,21,2548,2466,33623,0.8976,0.7571,0.3383,0.0699,0.9335,0.7863,0.3548,0.0714,39,39,1929,74
q58,RESEARCH_SUMMARY_TEXT,22,2758,2592,41277,0.9104,0.802,0.4627,0.1139,0.9711,0.858,0.4988,0.1219,48,48,2212,63
q58,RESEARCH_SUMMARY_TEXT,23,3436,3351,35578,0.9598,0.8801,0.608,0.2407,0.9851,0.9048,0.6318,0.2566,77,77,3024,68
q58,RESEARCH_SUMMARY_TEXT,24,3517,3344,42271,0.9184,0.8047,0.3571,0.0404,0.9644,0.8508,0.3804,0.0425,71,71,2830,89
q58,RESEARCH_SUMMARY_TEXT,25,3275,3059,36696,0.8867,0.7481,0.3841,0.135,0.9441,0.8052,0.4126,0.1448,110,111,2450,96
q58,RESEARCH_SUMMARY_TEXT,26,3515,3192,42602,0.8777,0.7394,0.3263,0.0819,0.9458,0.8299,0.3882,0.1003,74,81,2599,121
q58,FINAL_REPORT_MARKDOWN,0,15123,10819,72485,0.9855,0.9664,0.8992,0.7611,0.9915,0.9676,0.8775,0.6597,240,226,14615,124
q59,RESEARCH_SUMMARY_TEXT,0,1128,1069,35006,0.9406,0.8759,0.4814,0.0293,0.9869,0.928,0.5575,0.0309,33,33,988,30
q59,RESEARCH_SUMMARY_TEXT,1,1605,1559,35340,0.9489,0.8318,0.5352,0.1981,0.9865,0.8691,0.5619,0.204,60,60,1335,36
q59,RESEARCH_SUMMARY_TEXT,2,1891,1842,35165,0.9424,0.8588,0.5003,0.0883,0.9723,0.8882,0.5152,0.0907,37,37,1624,44
q59,RESEARCH_SUMMARY_TEXT,3,1830,1781,39447,0.953,0.8536,0.4372,0.118,0.9753,0.8815,0.4497,0.1213,67,67,1562,43
q59,RESEARCH_SUMMARY_TEXT,4,2076,1952,28759,0.8988,0.7707,0.4513,0.1816,0.9513,0.8212,0.4795,0.1921,51,50,1600,57
q59,RESEARCH_SUMMARY_TEXT,5,2377,2254,33617,0.9188,0.8073,0.3997,0.0732,0.9654,0.8518,0.4148,0.0772,41,41,1919,58
q59,RESEARCH_SUMMARY_TEXT,6,2212,2101,34580,0.9299,0.7907,0.4078,0.1153,0.9767,0.8363,0.4331,0.1223,50,51,1749,62
q59,RESEARCH_SUMMARY_TEXT,7,2200,2135,43803,0.9618,0.8541,0.4359,0.0477,0.9822,0.874,0.4464,0.0492,40,40,1879,46
q59,RESEARCH_SUMMARY_TEXT,8,2714,2657,40463,0.9573,0.8604,0.4749,0.0999,0.9782,0.8773,0.4851,0.102,42,42,2335,59
q59,RESEARCH_SUMMARY_TEXT,9,854,854,38333,0.9871,0.9368,0.6639,0.137,0.9871,0.9368,0.6639,0.137,45,45,800,14
q59,RESEARCH_SUMMARY_TEXT,10,1028,1028,35747,0.9669,0.8453,0.3998,0.0,0.9669,0.8453,0.3998,0.0,28,28,869,30
q59,RESEARCH_SUMMARY_TEXT,11,1405,1383,33023,0.9758,0.9117,0.7445,0.4021,0.9884,0.9299,0.757,0.4093,75,75,1281,25
q59,RESEARCH_SUMMARY_TEXT,12,1227,1209,36344,0.9853,0.9014,0.749,0.2453,0.9942,0.9206,0.7618,0.2481,63,63,1106,22
q59,RESEARCH_SUMMARY_TEXT,13,1377,1375,38175,0.9789,0.8954,0.5091,0.0654,0.9789,0.8975,0.5098,0.0655,46,46,1233,27
q59,RESEARCH_SUMMARY_TEXT,14,1810,1782,39175,0.9851,0.9475,0.8061,0.5646,1.0,0.9663,0.8244,0.596,150,150,1715,24
q59,RESEARCH_SUMMARY_TEXT,15,1943,1894,33161,0.9434,0.8523,0.4508,0.1163,0.9683,0.8722,0.463,0.1193,69,69,1656,47
q59,RESEARCH_SUMMARY_TEXT,16,2689,2555,41589,0.92,0.82,0.4552,0.1015,0.9679,0.8755,0.4888,0.1198,137,137,2205,61
q59,RESEARCH_SUMMARY_TEXT,17,1280,1280,46641,0.9906,0.9039,0.518,0.0859,0.9906,0.9039,0.518,0.0859,41,41,1157,22
q59,FINAL_REPORT_MARKDOWN,0,21420,9012,38236,0.9634,0.9328,0.8368,0.699,0.9714,0.9441,0.7924,0.5406,183,284,19981,365
q60,RESEARCH_SUMMARY_TEXT,0,2231,2060,36554,0.8839,0.7754,0.4917,0.1376,0.9602,0.849,0.5442,0.1505,54,54,1730,54
q60,RESEARCH_SUMMARY_TEXT,1,2739,2576,35528,0.9211,0.8394,0.5141,0.1577,0.9798,0.8948,0.5509,0.1673,73,73,2299,57
q60,RESEARCH_SUMMARY_TEXT,2,3176,3030,37048,0.9364,0.8372,0.4679,0.1467,0.9779,0.8842,0.4861,0.1538,81,81,2659,77
q60,RESEARCH_SUMMARY_TEXT,3,3014,2869,48133,0.9436,0.8918,0.6052,0.2651,0.9937,0.9407,0.6448,0.2795,90,90,2688,50
q60,RESEARCH_SUMMARY_TEXT,4,3210,3102,31226,0.9439,0.8754,0.6221,0.2626,0.9781,0.9133,0.646,0.2718,86,85,2810,71
q60,RESEARCH_SUMMARY_TEXT,5,3590,3393,36073,0.924,0.8599,0.6253,0.2911,0.9752,0.9131,0.6702,0.3077,64,63,3087,69
q60,RESEARCH_SUMMARY_TEXT,6,3910,3727,44828,0.9327,0.8363,0.4775,0.2271,0.9823,0.8921,0.5076,0.2431,64,64,3270,79
q60,RESEARCH_SUMMARY_TEXT,7,3705,3357,38718,0.8826,0.7798,0.4853,0.1978,0.9812,0.9074,0.5862,0.2657,81,95,2889,111
q60,RESEARCH_SUMMARY_TEXT,8,5808,5682,50504,0.9721,0.9492,0.8695,0.7908,0.9937,0.9727,0.8948,0.8092,297,298,5513,52
q60,RESEARCH_SUMMARY_TEXT,9,1719,1717,31457,0.9686,0.872,0.5154,0.0867,0.9715,0.873,0.5084,0.0868,40,40,1499,38
q60,RESEARCH_SUMMARY_TEXT,10,1286,1272,31087,0.9767,0.9114,0.7294,0.4533,0.989,0.9222,0.7516,0.4583,97,97,1172,24
q60,RESEARCH_SUMMARY_TEXT,11,2340,2336,41333,0.9744,0.8705,0.6167,0.2393,0.9773,0.8729,0.6173,0.2397,49,49,2037,50
q60,RESEARCH_SUMMARY_TEXT,12,2210,2169,45513,0.9647,0.9122,0.6462,0.376,0.9848,0.9327,0.6602,0.3831,128,128,2016,36
q60,RESEARCH_SUMMARY_TEXT,13,3160,2984,40039,0.9184,0.8316,0.5089,0.1611,0.9755,0.882,0.5426,0.1716,93,94,2628,66
q60,RESEARCH_SUMMARY_TEXT,14,3635,3411,49123,0.9392,0.8911,0.6157,0.1651,0.993,0.9531,0.6626,0.1941,55,55,3239,54
q60,RESEARCH_SUMMARY_TEXT,15,4469,4339,43109,0.9508,0.8888,0.6362,0.3294,0.9799,0.9223,0.6591,0.3464,122,122,3972,74
q60,RESEARCH_SUMMARY_TEXT,16,4153,4025,43933,0.9396,0.8406,0.5112,0.221,0.9677,0.8693,0.5294,0.2283,109,109,3491,82
q60,RESEARCH_SUMMARY_TEXT,17,3442,3294,41480,0.9468,0.885,0.6949,0.3475,0.9894,0.9326,0.7359,0.3734,119,119,3046,58
q60,RESEARCH_SUMMARY_TEXT,18,1085,1085,33393,0.988,0.9576,0.7622,0.3954,0.988,0.9576,0.7622,0.3954,146,146,1039,12
q60,RESEARCH_SUMMARY_TEXT,19,2468,2344,45087,0.9348,0.8432,0.6037,0.2751,0.9838,0.8968,0.6421,0.2905,75,75,2081,43
q60,RESEARCH_SUMMARY_TEXT,20,3175,3093,45034,0.96,0.8854,0.4954,0.1883,0.9715,0.9082,0.5076,0.1933,93,93,2811,60
q60,RESEARCH_SUMMARY_TEXT,21,3110,3010,41754,0.9392,0.8444,0.5064,0.1952,0.9761,0.8821,0.5339,0.202,66,66,2626,67
q60,RESEARCH_SUMMARY_TEXT,22,3109,3027,49938,0.9646,0.8868,0.6002,0.2245,0.9815,0.9055,0.6178,0.2309,76,76,2757,60
q60,RESEARCH_SUMMARY_TEXT,23,3214,3086,48525,0.9564,0.9088,0.7131,0.3892,0.9961,0.9572,0.7434,0.396,88,88,2921,50
q60,RESEARCH_SUMMARY_TEXT,24,3342,3181,31810,0.9246,0.833,0.5952,0.2307,0.9755,0.8919,0.6356,0.2433,176,176,2784,77
q60,RESEARCH_SUMMARY_TEXT,25,3332,3251,38831,0.9484,0.8779,0.5132,0.1702,0.972,0.9003,0.5263,0.1744,176,176,2925,66
q60,RESEARCH_SUMMARY_TEXT,26,3601,3457,43197,0.9406,0.8659,0.5982,0.3027,0.98,0.906,0.6187,0.3159,146,146,3118,57
q60,FINAL_REPORT_MARKDOWN,0,21549,10881,94172,0.9743,0.967,0.9427,0.8828,0.995,0.9857,0.9415,0.7898,243,243,20838,182
q61,RESEARCH_SUMMARY_TEXT,0,1066,1066,28147,0.9681,0.8152,0.425,0.1557,0.9681,0.8152,0.425,0.1557,39,39,869,34
q61,RESEARCH_SUMMARY_TEXT,1,1701,1696,32220,0.9565,0.8542,0.515,0.2581,0.9623,0.8591,0.5165,0.2588,81,81,1453,38
q61,RESEARCH_SUMMARY_TEXT,2,2324,2178,34507,0.935,0.8649,0.614,0.1971,0.9871,0.9261,0.6589,0.2107,73,73,2010,45
q61,RESEARCH_SUMMARY_TEXT,3,3157,3046,42649,0.9633,0.8996,0.5961,0.2765,0.9898,0.9317,0.6182,0.2863,84,84,2840,51
q61,RESEARCH_SUMMARY_TEXT,4,2556,2455,31480,0.9331,0.8556,0.6796,0.3103,0.9739,0.8953,0.7108,0.3238,73,73,2187,44
q61,RESEARCH_SUMMARY_TEXT,5,3109,2970,40176,0.9505,0.8813,0.6491,0.2004,0.9882,0.9266,0.6862,0.2121,81,81,2740,57
q61,RESEARCH_SUMMARY_TEXT,6,3500,3404,40375,0.9471,0.8449,0.5206,0.1357,0.9753,0.8722,0.5449,0.1395,158,158,2957,72
q61,RESEARCH_SUMMARY_TEXT,7,4228,4064,48787,0.957,0.9146,0.7235,0.3881,0.9934,0.9537,0.7682,0.4055,158,158,3867,59
q61,RESEARCH_SUMMARY_TEXT,8,3615,3551,45659,0.9873,0.9372,0.6888,0.4523,0.9941,0.9507,0.7085,0.4776,272,277,3388,47
q61,RESEARCH_SUMMARY_TEXT,9,1254,1251,39520,0.9904,0.9226,0.6427,0.3285,0.9904,0.9257,0.6427,0.3277,81,81,1157,22
q61,RESEARCH_SUMMARY_TEXT,10,1235,1235,38103,0.9879,0.8818,0.4964,0.2081,0.9879,0.8818,0.4964,0.2081,85,85,1089,24
q61,RESEARCH_SUMMARY_TEXT,11,1735,1730,38593,0.9839,0.9141,0.6288,0.1827,0.9879,0.9179,0.6306,0.1832,52,52,1586,28
q61,RESEARCH_SUMMARY_TEXT,12,1466,1395,29891,0.912,0.8274,0.5914,0.208,0.9599,0.8774,0.6251,0.2194,88,88,1213,32
q61,RESEARCH_SUMMARY_TEXT,13,2139,2030,31535,0.9238,0.8368,0.6064,0.2225,0.9744,0.8803,0.6384,0.2345,88,88,1790,36
q61,RESEARCH_SUMMARY_TEXT,14,2959,2895,43300,0.9716,0.8969,0.5455,0.174,0.9879,0.9244,0.5568,0.1772,63,63,2654,56
q61,RESEARCH_SUMMARY_TEXT,15,3078,2940,46105,0.9448,0.8515,0.4922,0.1413,0.9895,0.8925,0.5153,0.1473,63,63,2621,62
q61,RESEARCH_SUMMARY_TEXT,16,3148,2886,41242,0.9076,0.8018,0.5184,0.1366,0.9903,0.9155,0.5922,0.2328,79,79,2524,88
q61,RESEARCH_SUMMARY_TEXT,17,3515,3304,37697,0.9155,0.829,0.625,0.2578,0.9803,0.9007,0.6786,0.2875,82,82,2914,76
q61,RESEARCH_SUMMARY_TEXT,18,831,831,31870,0.9639,0.8556,0.639,0.2503,0.9639,0.8556,0.639,0.2503,77,77,711,13
q61,RESEARCH_SUMMARY_TEXT,19,1494,1490,39559,0.9926,0.9552,0.6928,0.3561,0.9926,0.957,0.7027,0.3557,108,108,1427,22
q61,RESEARCH_SUMMARY_TEXT,20,1978,1930,39228,0.958,0.8645,0.5976,0.2872,0.9793,0.886,0.6135,0.2948,107,108,1710,39
q61,RESEARCH_SUMMARY_TEXT,21,1990,1987,46723,0.9839,0.8809,0.4744,0.2241,0.9849,0.8878,0.4751,0.2245,75,75,1753,39
q61,RESEARCH_SUMMARY_TEXT,22,2624,2512,42989,0.955,0.8937,0.6242,0.2309,0.9908,0.9399,0.6632,0.2404,96,96,2345,44
q61,RESEARCH_SUMMARY_TEXT,23,2699,2642,41186,0.9707,0.8907,0.6647,0.2427,0.9875,0.9145,0.6862,0.2483,83,83,2404,47
q61,RESEARCH_SUMMARY_TEXT,24,2798,2689,36539,0.9453,0.8385,0.5061,0.0858,0.9836,0.8769,0.5277,0.0893,61,61,2346,67
q61,RESEARCH_SUMMARY_TEXT,25,3514,3408,43303,0.9488,0.8401,0.4732,0.1429,0.9774,0.8697,0.4894,0.1476,135,135,2952,78
q61,RESEARCH_SUMMARY_TEXT,26,3253,3143,36551,0.9437,0.8318,0.5051,0.2017,0.973,0.8632,0.5231,0.2084,75,75,2706,69
q61,FINAL_REPORT_MARKDOWN,0,23857,11563,76316,0.985,0.9804,0.9583,0.9174,0.9954,0.9841,0.9491,0.8316,451,448,23390,139
q62,RESEARCH_SUMMARY_TEXT,0,1313,1313,35445,0.9901,0.9231,0.6489,0.1995,0.9901,0.9231,0.6489,0.1995,70,70,1212,24
q62,RESEARCH_SUMMARY_TEXT,1,1847,1845,43817,0.9892,0.9372,0.6004,0.2214,0.9892,0.9382,0.6011,0.2217,63,63,1731,29
q62,RESEARCH_SUMMARY_TEXT,2,2796,2739,39130,0.9642,0.8856,0.5626,0.2625,0.981,0.9007,0.5681,0.2673,81,81,2476,64
q62,RESEARCH_SUMMARY_TEXT,3,2844,2771,35372,0.9342,0.7866,0.3956,0.1076,0.9596,0.812,0.4074,0.1104,91,91,2237,81
q62,RESEARCH_SUMMARY_TEXT,4,3467,3346,36924,0.9478,0.8711,0.5365,0.2155,0.9833,0.9044,0.5568,0.2233,97,97,3020,77
q62,RESEARCH_SUMMARY_TEXT,5,3746,3524,46085,0.9098,0.7808,0.4479,0.067,0.9651,0.8363,0.4745,0.0854,55,55,2925,96
q62,RESEARCH_SUMMARY_TEXT,6,3735,3537,38309,0.895,0.7523,0.3224,0.0693,0.9565,0.7993,0.3404,0.0732,69,69,2810,105
q62,RESEARCH_SUMMARY_TEXT,7,3858,3731,44090,0.95,0.8784,0.5899,0.2372,0.9804,0.9164,0.6173,0.2455,122,122,3389,68
q62,RESEARCH_SUMMARY_TEXT,8,4676,4421,41440,0.9147,0.8291,0.4989,0.2549,0.9772,0.8815,0.5311,0.2694,71,71,3877,110
q62,FINAL_REPORT_MARKDOWN,0,21558,14004,31953,0.979,0.9605,0.887,0.8264,0.9814,0.9623,0.852,0.7578,290,261,20706,203
q63,RESEARCH_SUMMARY_TEXT,0,1272,1268,32176,0.9489,0.7995,0.2649,0.0259,0.9511,0.8013,0.2658,0.026,33,33,1017,39
q63,RESEARCH_SUMMARY_TEXT,1,1265,1249,32284,0.9439,0.8356,0.4498,0.1075,0.9616,0.8487,0.4668,0.1089,41,41,1057,32
q63,RESEARCH_SUMMARY_TEXT,2,2086,2022,34147,0.9473,0.8044,0.4957,0.127,0.9773,0.8338,0.5109,0.1301,95,95,1678,50
q63,RESEARCH_SUMMARY_TEXT,3,2725,2668,28386,0.938,0.8018,0.4646,0.0594,0.9591,0.8212,0.4756,0.0607,99,99,2185,64
q63,RESEARCH_SUMMARY_TEXT,4,2349,2159,31793,0.8689,0.6897,0.3759,0.083,0.9495,0.7675,0.434,0.0903,60,60,1620,65
q63,RESEARCH_SUMMARY_TEXT,5,1998,1894,35748,0.9084,0.7868,0.4214,0.0706,0.9567,0.8263,0.4456,0.0744,36,36,1572,50
q63,RESEARCH_SUMMARY_TEXT,6,3404,3322,35622,0.9639,0.8942,0.6049,0.2271,0.9859,0.9175,0.6216,0.233,82,82,3044,64
q63,RESEARCH_SUMMARY_TEXT,7,2585,2507,37989,0.9563,0.8584,0.576,0.2692,0.9801,0.8895,0.5868,0.2776,124,124,2219,51
q63,RESEARCH_SUMMARY_TEXT,8,3132,2952,35262,0.8981,0.7379,0.424,0.1708,0.9543,0.8072,0.456,0.1819,55,55,2311,84
q63,RESEARCH_SUMMARY_TEXT,9,208,208,441,0.7933,0.75,0.5577,0.2644,0.7933,0.75,0.5577,0.2644,55,55,156,5
q63,RESEARCH_SUMMARY_TEXT,10,1276,1241,36397,0.9303,0.8158,0.4271,0.0588,0.9654,0.8501,0.4521,0.0604,42,42,1041,32
q63,RESEARCH_SUMMARY_TEXT,11,2126,2076,24032,0.9182,0.7681,0.2879,0.0437,0.9412,0.7972,0.2938,0.0448,59,59,1633,63
q63,RESEARCH_SUMMARY_TEXT,12,889,889,34050,1.0,0.9708,0.8256,0.3948,1.0,0.9708,0.8256,0.3948,82,82,863,9
q63,RESEARCH_SUMMARY_TEXT,13,1933,1861,38416,0.9229,0.8003,0.3885,0.1055,0.9597,0.8366,0.4116,0.1096,134,134,1547,48
q63,RESEARCH_SUMMARY_TEXT,14,2656,2536,41055,0.9416,0.8791,0.509,0.1898,0.9826,0.9255,0.5363,0.1991,158,158,2335,50
q63,RESEARCH_SUMMARY_TEXT,15,2873,2785,35804,0.945,0.8298,0.3822,0.1023,0.9799,0.8636,0.4057,0.1056,50,50,2384,70
q63,RESEARCH_SUMMARY_TEXT,16,3397,3251,41533,0.9352,0.8175,0.5269,0.111,0.9779,0.8702,0.5555,0.116,53,53,2777,85
q63,RESEARCH_SUMMARY_TEXT,17,5282,4942,39604,0.9118,0.8438,0.6321,0.4231,0.9769,0.9071,0.6793,0.4557,147,148,4457,92
q63,RESEARCH_SUMMARY_TEXT,18,1829,1780,38822,0.9497,0.8781,0.556,0.2521,0.9758,0.9067,0.5713,0.2579,79,79,1606,37
q63,RESEARCH_SUMMARY_TEXT,19,1740,1711,27486,0.9046,0.7448,0.3718,0.0868,0.9229,0.761,0.3787,0.0883,60,60,1296,50
q63,RESEARCH_SUMMARY_TEXT,20,2181,2043,29658,0.9143,0.8313,0.5841,0.2921,0.9755,0.8938,0.6324,0.2991,88,88,1813,46
q63,RESEARCH_SUMMARY_TEXT,21,1948,1828,30144,0.8871,0.7659,0.4851,0.1396,0.9551,0.8222,0.5186,0.1488,68,68,1492,50
q63,RESEARCH_SUMMARY_TEXT,22,1980,1860,33465,0.9116,0.8308,0.5207,0.2419,0.9726,0.8887,0.557,0.2575,88,88,1645,45
q63,RESEARCH_SUMMARY_TEXT,23,1859,1681,30104,0.8505,0.7047,0.4255,0.192,0.9566,0.837,0.4985,0.2582,140,140,1310,51
q63,RESEARCH_SUMMARY_TEXT,24,2473,2358,34086,0.9135,0.8071,0.5014,0.1444,0.9593,0.8511,0.5322,0.1514,171,171,1996,55
q63,RESEARCH_SUMMARY_TEXT,25,2438,2329,33735,0.913,0.7966,0.3934,0.0353,0.9592,0.8343,0.4109,0.0369,48,48,1942,64
q63,RESEARCH_SUMMARY_TEXT,26,2690,2494,34289,0.8721,0.7587,0.4877,0.174,0.9519,0.8428,0.5449,0.2041,171,171,2041,66
q63,FINAL_REPORT_MARKDOWN,0,15338,8616,70449,0.985,0.9736,0.9137,0.8373,0.9814,0.9625,0.856,0.6632,507,201,14933,148
q64,RESEARCH_SUMMARY_TEXT,0,1300,1296,33105,0.9562,0.7708,0.4069,0.1623,0.9614,0.7739,0.409,0.1628,84,84,1002,36
q64,RESEARCH_SUMMARY_TEXT,1,2224,2158,41545,0.9438,0.7986,0.3701,0.1016,0.9652,0.8202,0.3679,0.1047,157,157,1776,52
q64,RESEARCH_SUMMARY_TEXT,2,2038,1989,34026,0.9607,0.8651,0.6124,0.2237,0.9754,0.8829,0.6285,0.2443,104,104,1763,41
q64,RESEARCH_SUMMARY_TEXT,3,2802,2721,46107,0.9504,0.904,0.6517,0.2113,0.9791,0.9338,0.6803,0.2286,104,104,2533,42
q64,RESEARCH_SUMMARY_TEXT,4,2771,2622,37065,0.934,0.8455,0.5305,0.0891,0.9798,0.8963,0.5629,0.1064,104,104,2343,61
q64,RESEARCH_SUMMARY_TEXT,5,3189,3124,43314,0.9671,0.8997,0.5415,0.1471,0.9821,0.9193,0.5535,0.1495,57,57,2869,56
q64,RESEARCH_SUMMARY_TEXT,6,3145,3042,49870,0.9603,0.932,0.6566,0.1984,0.9911,0.9645,0.6851,0.2058,87,87,2931,42
q64,RESEARCH_SUMMARY_TEXT,7,3410,3328,51979,0.9628,0.9155,0.6751,0.2152,0.9856,0.9417,0.698,0.2203,157,157,3122,58
q64,RESEARCH_SUMMARY_TEXT,8,3565,3494,46170,0.9742,0.9086,0.5633,0.1635,0.9865,0.927,0.5844,0.1666,48,48,3239,70
q64,RESEARCH_SUMMARY_TEXT,9,83,83,456,0.759,0.5663,0.2048,0.0,0.759,0.5663,0.2048,0.0,16,16,47,2
q64,RESEARCH_SUMMARY_TEXT,10,2304,2255,40210,0.9679,0.8989,0.5747,0.1632,0.9916,0.9237,0.6133,0.1667,74,74,2071,38
q64,RESEARCH_SUMMARY_TEXT,11,891,891,20609,0.9607,0.8485,0.7059,0.4377,0.9607,0.8485,0.7059,0.4377,75,75,756,17
q64,RESEARCH_SUMMARY_TEXT,12,1111,1111,36100,0.982,0.9325,0.5212,0.171,0.982,0.9325,0.5212,0.171,74,74,1036,18
q64,RESEARCH_SUMMARY_TEXT,13,2695,2613,40108,0.9429,0.8783,0.587,0.1955,0.9755,0.9101,0.6093,0.2143,91,91,2367,54
q64,RESEARCH_SUMMARY_TEXT,14,4730,4351,47348,0.8647,0.759,0.408,0.0786,0.9554,0.8393,0.4601,0.0862,56,57,3590,122
q64,RESEARCH_SUMMARY_TEXT,15,2169,2073,45724,0.887,0.7612,0.3633,0.0,0.9469,0.8032,0.4047,0.0,29,29,1651,53
q64,RESEARCH_SUMMARY_TEXT,16,3380,3173,39839,0.924,0.8559,0.5388,0.195,0.9814,0.9168,0.5903,0.2077,103,103,2893,68
q64,RESEARCH_SUMMARY_TEXT,17,3650,3441,31767,0.8263,0.5989,0.1699,0.0,0.8832,0.6417,0.1796,0.0,28,28,2186,122
q64,FINAL_REPORT_MARKDOWN,0,23430,15147,52441,0.9741,0.9656,0.9224,0.8222,0.9945,0.9822,0.9259,0.7743,480,479,22625,187
q65,RESEARCH_SUMMARY_TEXT,0,1495,1454,23951,0.9458,0.8388,0.598,0.311,0.9656,0.8735,0.6162,0.3198,76,76,1254,32
q65,RESEARCH_SUMMARY_TEXT,1,2310,2229,37409,0.9216,0.8074,0.4675,0.1857,0.9556,0.8362,0.4917,0.1925,110,110,1865,58
q65,RESEARCH_SUMMARY_TEXT,2,2925,2852,39047,0.9709,0.9221,0.5662,0.1925,0.9919,0.945,0.581,0.1978,66,66,2697,48
q65,RESEARCH_SUMMARY_TEXT,3,3279,3137,44064,0.9543,0.8442,0.5651,0.2373,0.9774,0.8872,0.5926,0.249,125,125,2768,62
q65,RESEARCH_SUMMARY_TEXT,4,3632,3440,36772,0.913,0.8144,0.4788,0.1517,0.9651,0.8637,0.5137,0.1602,125,125,2958,73
q65,RESEARCH_SUMMARY_TEXT,5,3775,3635,45359,0.9523,0.8874,0.4678,0.0832,0.9851,0.9241,0.4916,0.0864,69,69,3350,70
q65,RESEARCH_SUMMARY_TEXT,6,3860,3611,29341,0.9036,0.7956,0.4067,0.0705,0.9709,0.8543,0.4353,0.0756,53,53,3071,95
q65,RESEARCH_SUMMARY_TEXT,7,3914,3732,40278,0.9272,0.8781,0.5294,0.2039,0.9732,0.9202,0.5571,0.2141,149,149,3437,70
q65,RESEARCH_SUMMARY_TEXT,8,3037,2844,42395,0.8943,0.7978,0.4475,0.0889,0.9669,0.8695,0.4824,0.0949,72,72,2423,67
q65,RESEARCH_SUMMARY_TEXT,9,1094,1094,14585,0.979,0.8565,0.489,0.2605,0.979,0.8565,0.489,0.2605,115,115,937,27
q65,RESEARCH_SUMMARY_TEXT,10,2389,2332,30048,0.9485,0.8476,0.4002,0.1189,0.97,0.8688,0.4099,0.1222,115,115,2025,60
q65,RESEARCH_SUMMARY_TEXT,11,2551,2501,32920,0.9577,0.8389,0.4779,0.145,0.9796,0.8589,0.4878,0.1479,115,115,2140,62
q65,RESEARCH_SUMMARY_TEXT,12,2235,2186,28619,0.9454,0.8546,0.5244,0.183,0.9716,0.8765,0.5371,0.1871,103,103,1910,50
q65,RESEARCH_SUMMARY_TEXT,13,3052,2971,34882,0.9708,0.922,0.7605,0.3811,0.9953,0.9539,0.7917,0.4009,140,140,2814,44
q65,RESEARCH_SUMMARY_TEXT,14,2611,2554,33093,0.9441,0.8261,0.4803,0.2011,0.964,0.8438,0.4969,0.2056,122,122,2157,50
q65,RESEARCH_SUMMARY_TEXT,15,2843,2778,49209,0.969,0.9209,0.6634,0.3767,0.9838,0.9327,0.6757,0.3737,140,140,2618,35
q65,RESEARCH_SUMMARY_TEXT,16,3243,3102,40745,0.9479,0.8986,0.7009,0.3608,0.991,0.9478,0.7353,0.3791,88,88,2914,53
q65,RESEARCH_SUMMARY_TEXT,17,3637,3444,41765,0.9381,0.8732,0.6475,0.3456,0.9887,0.9228,0.6928,0.3656,112,113,3176,61
q65,FINAL_REPORT_MARKDOWN,0,13278,6818,59320,0.9729,0.9559,0.8931,0.7889,0.9935,0.9638,0.8599,0.6506,269,241,12693,130
q66,RESEARCH_SUMMARY_TEXT,0,1152,1111,34729,0.908,0.7405,0.4071,0.2031,0.9478,0.7831,0.4383,0.2106,87,87,853,29
q66,RESEARCH_SUMMARY_TEXT,1,1205,1170,36618,0.9635,0.8166,0.3643,0.1776,0.9803,0.8462,0.4051,0.1829,66,66,984,38
q66,RESEARCH_SUMMARY_TEXT,2,2516,2419,36748,0.9249,0.7369,0.2758,0.0,0.9479,0.7549,0.2914,0.0,26,26,1854,80
q66,RESEARCH_SUMMARY_TEXT,3,2673,2580,41955,0.9289,0.7613,0.2959,0.0,0.9655,0.7996,0.3298,0.0,28,28,2035,90
q66,RESEARCH_SUMMARY_TEXT,4,3325,2689,31668,0.7594,0.5976,0.2244,0.0144,0.9301,0.733,0.2704,0.0179,48,48,1987,110
q66,RESEARCH_SUMMARY_TEXT,5,4028,3632,38099,0.8744,0.7376,0.2753,0.0395,0.9546,0.8175,0.3221,0.0619,43,44,2971,114
q66,RESEARCH_SUMMARY_TEXT,6,4066,3666,38970,0.8571,0.6945,0.2607,0.0307,0.9487,0.7897,0.2905,0.0341,44,44,2824,137
q66,RESEARCH_SUMMARY_TEXT,7,3711,2676,37643,0.7844,0.6723,0.388,0.2177,0.917,0.7395,0.3438,0.1155,70,70,2495,81
q66,RESEARCH_SUMMARY_TEXT,8,4626,4282,41764,0.8586,0.645,0.1788,0.0242,0.9381,0.7186,0.195,0.0262,45,44,2984,163
q66,FINAL_REPORT_MARKDOWN,0,14204,7260,31381,0.9784,0.9483,0.8455,0.7127,0.9694,0.924,0.7324,0.4931,226,226,13469,155
q67,RESEARCH_SUMMARY_TEXT,0,1183,1141,30358,0.9535,0.869,0.5123,0.1817,0.9667,0.8896,0.5443,0.1884,77,77,1028,27
q67,RESEARCH_SUMMARY_TEXT,1,2067,2011,29828,0.9269,0.8273,0.492,0.2008,0.9567,0.8553,0.5137,0.2064,77,77,1710,43
q67,RESEARCH_SUMMARY_TEXT,2,2050,1994,33714,0.9678,0.8644,0.539,0.222,0.987,0.8902,0.5537,0.2282,72,72,1772,53
q67,RESEARCH_SUMMARY_TEXT,3,2503,2374,35292,0.9173,0.811,0.4914,0.2082,0.9726,0.8677,0.5522,0.2532,94,94,2030,67
q67,RESEARCH_SUMMARY_TEXT,4,2455,2407,35719,0.9658,0.8521,0.5075,0.224,0.9759,0.8666,0.511,0.2289,62,62,2092,60
q67,RESEARCH_SUMMARY_TEXT,5,3398,3317,33374,0.9197,0.8014,0.475,0.1151,0.943,0.8224,0.4751,0.1182,147,147,2723,87
q67,RESEARCH_SUMMARY_TEXT,6,3395,3239,30943,0.9532,0.8445,0.6236,0.311,0.9694,0.8771,0.6487,0.327,148,150,2867,64
q67,RESEARCH_SUMMARY_TEXT,7,4432,4204,38183,0.9213,0.7741,0.4569,0.1117,0.9684,0.8271,0.4931,0.118,78,78,3431,110
q67,RESEARCH_SUMMARY_TEXT,8,11183,10517,37960,0.9127,0.8128,0.4883,0.0921,0.9771,0.8678,0.5232,0.1009,67,67,9089,320
q67,FINAL_REPORT_MARKDOWN,0,17830,14411,36468,0.9766,0.9621,0.8973,0.8056,0.9928,0.9753,0.899,0.772,354,354,17155,131
q68,RESEARCH_SUMMARY_TEXT,0,2300,2211,36277,0.9409,0.84,0.5435,0.2265,0.976,0.8779,0.5717,0.2356,102,102,1932,50
q68,RESEARCH_SUMMARY_TEXT,1,2208,2063,38260,0.904,0.832,0.4647,0.1241,0.968,0.904,0.4998,0.1328,91,91,1837,49
q68,RESEARCH_SUMMARY_TEXT,2,2612,2463,39696,0.9387,0.8641,0.5605,0.294,0.985,0.92,0.5899,0.324,86,86,2257,59
q68,RESEARCH_SUMMARY_TEXT,3,2942,2860,42112,0.9708,0.9232,0.6251,0.2403,0.9923,0.9483,0.6399,0.2462,92,92,2716,47
q68,RESEARCH_SUMMARY_TEXT,4,2949,2770,48123,0.9176,0.802,0.4727,0.116,0.9635,0.8477,0.5094,0.1339,91,91,2365,64
q68,RESEARCH_SUMMARY_TEXT,5,4158,3882,51009,0.9192,0.8045,0.4452,0.0637,0.9737,0.865,0.4776,0.0683,42,42,3345,97
q68,RESEARCH_SUMMARY_TEXT,6,4022,3701,49921,0.9177,0.7989,0.4267,0.0587,0.9797,0.8703,0.4796,0.0705,56,56,3213,112
q68,RESEARCH_SUMMARY_TEXT,7,4754,4408,49666,0.9081,0.8239,0.476,0.1464,0.9739,0.8873,0.5002,0.1579,49,49,3917,116
q68,RESEARCH_SUMMARY_TEXT,8,4865,4428,51918,0.9046,0.8277,0.6076,0.3355,0.9835,0.9345,0.6949,0.4033,95,95,4027,106
q68,FINAL_REPORT_MARKDOWN,0,19918,13166,35250,0.9739,0.9625,0.9052,0.8363,0.9906,0.9705,0.8811,0.7614,490,184,19172,166
q69,RESEARCH_SUMMARY_TEXT,0,1269,1268,38729,0.9905,0.9015,0.6273,0.2403,0.9905,0.9022,0.6278,0.2405,66,66,1144,23
q69,RESEARCH_SUMMARY_TEXT,1,3396,3090,46507,0.9441,0.8531,0.4915,0.1693,0.9822,0.9175,0.5725,0.1676,58,58,2897,86
q69,RESEARCH_SUMMARY_TEXT,2,3273,3013,47836,0.9306,0.817,0.5176,0.1231,0.9811,0.8882,0.5646,0.1338,50,50,2674,67
q69,RESEARCH_SUMMARY_TEXT,3,3787,3502,42738,0.92,0.7993,0.4254,0.1315,0.9634,0.8524,0.4549,0.1228,130,129,3027,82
q69,RESEARCH_SUMMARY_TEXT,4,3581,3311,47199,0.9428,0.8785,0.5317,0.1541,0.9783,0.9037,0.569,0.1767,66,66,3146,90
q69,RESEARCH_SUMMARY_TEXT,5,5334,5053,44896,0.9618,0.8631,0.3984,0.0776,0.9812,0.8815,0.4144,0.0819,70,70,4604,117
q69,RESEARCH_SUMMARY_TEXT,6,5997,5634,49081,0.945,0.8441,0.4432,0.1227,0.9819,0.8908,0.4689,0.1299,70,70,5062,132
q69,RESEARCH_SUMMARY_TEXT,7,5993,5726,50394,0.9643,0.8952,0.5128,0.0868,0.9925,0.9275,0.5363,0.091,62,62,5365,123
q69,RESEARCH_SUMMARY_TEXT,8,5395,4714,50658,0.8871,0.7665,0.3742,0.0651,0.9758,0.8831,0.5138,0.0876,48,63,4135,160
q69,FINAL_REPORT_MARKDOWN,0,18079,10732,41617,0.9793,0.9269,0.7636,0.5385,0.9758,0.9255,0.762,0.5009,255,193,16758,310
q70,RESEARCH_SUMMARY_TEXT,0,1831,1745,16965,0.7925,0.4522,0.136,0.0,0.8344,0.4762,0.1433,0.0,28,28,828,50
q70,RESEARCH_SUMMARY_TEXT,1,1583,1547,40854,0.9488,0.7776,0.343,0.0449,0.9612,0.7912,0.3626,0.0459,38,38,1231,47
q70,RESEARCH_SUMMARY_TEXT,2,1930,1801,44794,0.8813,0.7922,0.4731,0.1166,0.9545,0.8579,0.5308,0.126,52,53,1529,54
q70,RESEARCH_SUMMARY_TEXT,3,1744,1700,40232,0.9622,0.8698,0.5361,0.133,0.9818,0.8882,0.5518,0.1371,36,36,1517,37
q70,RESEARCH_SUMMARY_TEXT,4,2182,2073,22682,0.9258,0.7388,0.3575,0.0509,0.9296,0.7771,0.3825,0.054,46,46,1612,63
q70,RESEARCH_SUMMARY_TEXT,5,2355,2202,42128,0.896,0.8174,0.5197,0.0718,0.9655,0.8833,0.5618,0.0908,48,49,1925,61
q70,RESEARCH_SUMMARY_TEXT,6,2235,2100,33168,0.881,0.6975,0.2582,0.0595,0.9462,0.7376,0.2757,0.0633,40,40,1559,67
q70,RESEARCH_SUMMARY_TEXT,7,3017,2825,36473,0.9009,0.7925,0.4385,0.0759,0.9529,0.8386,0.4743,0.0913,59,59,2391,82
q70,RESEARCH_SUMMARY_TEXT,8,2869,2775,41892,0.9397,0.8599,0.5737,0.2844,0.9694,0.893,0.5971,0.2966,73,73,2467,55
q70,FINAL_REPORT_MARKDOWN,0,22490,11313,24507,0.9703,0.946,0.8651,0.7627,0.9606,0.9164,0.7733,0.5807,359,306,21276,287
q71,RESEARCH_SUMMARY_TEXT,0,2014,1895,30493,0.9201,0.8312,0.649,0.422,0.9836,0.895,0.7029,0.4491,109,109,1674,35
q71,RESEARCH_SUMMARY_TEXT,1,2657,2499,37330,0.9161,0.8092,0.3929,0.0719,0.9796,0.8735,0.4178,0.0764,47,47,2150,61
q71,RESEARCH_SUMMARY_TEXT,2,2549,2432,27819,0.9278,0.8415,0.4174,0.0922,0.9716,0.882,0.4453,0.097,72,71,2145,68
q71,RESEARCH_SUMMARY_TEXT,3,3121,2910,54295,0.9161,0.8465,0.4806,0.0692,0.9883,0.9179,0.5196,0.0735,44,42,2642,61
q71,RESEARCH_SUMMARY_TEXT,4,3099,2694,40431,0.8625,0.6454,0.2591,0.0465,0.9462,0.7509,0.3059,0.0535,50,50,2000,87
q71,RESEARCH_SUMMARY_TEXT,5,4210,4027,44112,0.9485,0.8356,0.3556,0.0416,0.9804,0.8686,0.3772,0.0435,39,39,3518,98
q71,RESEARCH_SUMMARY_TEXT,6,4681,4389,50602,0.9131,0.824,0.3399,0.047,0.9713,0.8808,0.3696,0.0501,72,72,3857,110
q71,RESEARCH_SUMMARY_TEXT,7,4692,4163,36120,0.8372,0.6468,0.1937,0.0507,0.9505,0.7538,0.222,0.0572,60,60,3035,144
q71,RESEARCH_SUMMARY_TEXT,8,4775,4491,42326,0.9493,0.7747,0.3793,0.1657,0.9688,0.8265,0.3997,0.1766,110,111,3699,114
q71,FINAL_REPORT_MARKDOWN,0,21957,15234,37111,0.9746,0.9374,0.8272,0.732,0.9795,0.9395,0.7848,0.6503,201,173,20583,206
q72,RESEARCH_SUMMARY_TEXT,0,2626,2541,43880,0.9692,0.9082,0.6295,0.3073,0.9945,0.9469,0.6501,0.318,85,86,2385,35
q72,RESEARCH_SUMMARY_TEXT,1,2416,2281,48051,0.9226,0.8042,0.4818,0.1693,0.9698,0.8558,0.5112,0.1797,63,63,1943,56
q72,RESEARCH_SUMMARY_TEXT,2,3398,3316,43301,0.9659,0.9026,0.5851,0.2828,0.9879,0.9258,0.6019,0.2916,70,70,3067,72
q72,RESEARCH_SUMMARY_TEXT,3,3868,3656,42838,0.8922,0.7035,0.2032,0.0533,0.9582,0.75,0.2153,0.0563,55,55,2721,104
q72,RESEARCH_SUMMARY_TEXT,4,3819,3738,41989,0.9704,0.9254,0.8143,0.6258,0.9944,0.9492,0.8373,0.641,206,206,3534,47
q72,RESEARCH_SUMMARY_TEXT,5,3379,3197,43873,0.9441,0.8414,0.5803,0.383,0.9884,0.8927,0.619,0.4051,117,117,2843,67
q72,RESEARCH_SUMMARY_TEXT,6,4171,4002,44410,0.9413,0.8633,0.65,0.2505,0.9773,0.901,0.6802,0.2611,72,72,3601,83
q72,RESEARCH_SUMMARY_TEXT,7,4829,4496,49008,0.929,0.8596,0.4663,0.1487,0.986,0.9155,0.4869,0.1593,73,73,4151,103
q72,RESEARCH_SUMMARY_TEXT,8,4959,4683,47679,0.9433,0.8937,0.7631,0.5104,0.9908,0.9554,0.8127,0.5496,140,140,4432,70
q72,FINAL_REPORT_MARKDOWN,0,14956,8682,37761,0.9904,0.9687,0.9379,0.8978,0.994,0.9727,0.9119,0.825,368,369,14488,107
q73,RESEARCH_SUMMARY_TEXT,0,2393,2312,33840,0.934,0.8245,0.4091,0.1621,0.9715,0.8599,0.4278,0.1838,77,77,1973,59
q73,RESEARCH_SUMMARY_TEXT,1,2139,2090,38055,0.9579,0.8303,0.3876,0.1379,0.9833,0.8632,0.3967,0.1411,61,61,1776,48
q73,RESEARCH_SUMMARY_TEXT,2,1992,1894,21304,0.8855,0.7134,0.3981,0.0321,0.9261,0.7645,0.4187,0.0496,32,32,1421,56
q73,RESEARCH_SUMMARY_TEXT,3,3066,2834,40056,0.9015,0.834,0.472,0.104,0.9735,0.9139,0.5187,0.1235,67,68,2557,72
q73,RESEARCH_SUMMARY_TEXT,4,3203,3036,46882,0.9344,0.8589,0.5101,0.1592,0.9891,0.9209,0.5504,0.1845,72,72,2751,67
q73,RESEARCH_SUMMARY_TEXT,5,3399,3268,38511,0.9309,0.8417,0.3863,0.083,0.9709,0.8822,0.4088,0.0961,54,54,2861,92
q73,RESEARCH_SUMMARY_TEXT,6,4274,4007,46286,0.9226,0.8486,0.3774,0.0508,0.979,0.9072,0.403,0.0544,59,59,3627,103
q73,RESEARCH_SUMMARY_TEXT,7,4042,3697,49327,0.857,0.7449,0.3243,0.0354,0.9362,0.8193,0.3568,0.039,41,41,3011,111
q73,RESEARCH_SUMMARY_TEXT,8,4580,4297,50136,0.9288,0.8919,0.6319,0.2299,0.9839,0.9537,0.6777,0.253,80,79,4085,71
q73,FINAL_REPORT_MARKDOWN,0,21403,11824,33651,0.9693,0.9322,0.803,0.6493,0.9694,0.9014,0.6839,0.3951,186,186,19952,274
q74,RESEARCH_SUMMARY_TEXT,0,2178,2130,35845,0.9555,0.8673,0.5964,0.3044,0.9779,0.892,0.6103,0.3113,76,76,1889,41
q74,RESEARCH_SUMMARY_TEXT,1,2889,2824,41702,0.9768,0.9058,0.5607,0.198,0.9865,0.9196,0.5683,0.2025,75,75,2617,47
q74,RESEARCH_SUMMARY_TEXT,2,3052,2949,38114,0.9469,0.8526,0.382,0.0518,0.9773,0.8806,0.3889,0.0539,80,80,2602,81
q74,RESEARCH_SUMMARY_TEXT,3,2931,2805,38379,0.9365,0.8792,0.6332,0.346,0.9822,0.9241,0.6635,0.3733,126,127,2577,49
q74,RESEARCH_SUMMARY_TEXT,4,2931,2846,31109,0.9614,0.8748,0.4661,0.0693,0.9831,0.9041,0.4733,0.0717,66,66,2564,68
q74,RESEARCH_SUMMARY_TEXT,5,3344,3244,32402,0.93,0.8376,0.4522,0.1705,0.9642,0.8718,0.4661,0.1751,87,87,2801,74
q74,RESEARCH_SUMMARY_TEXT,6,3500,3354,41424,0.9594,0.892,0.6443,0.4997,0.9714,0.9174,0.6509,0.4946,255,217,3122,61
q74,RESEARCH_SUMMARY_TEXT,7,3595,3304,40015,0.8815,0.7594,0.3861,0.0854,0.9546,0.8254,0.4125,0.1114,52,58,2730,98
q74,RESEARCH_SUMMARY_TEXT,8,4466,4071,45955,0.8777,0.7792,0.3854,0.1182,0.9671,0.8629,0.4309,0.1368,54,64,3480,116
q74,RESEARCH_SUMMARY_TEXT,9,1060,1060,40258,0.9934,0.95,0.667,0.2585,0.9934,0.95,0.667,0.2585,126,126,1007,11
q74,RESEARCH_SUMMARY_TEXT,10,1315,1315,45327,0.9909,0.9589,0.8426,0.6023,0.9909,0.9589,0.8426,0.6023,122,122,1261,15
q74,RESEARCH_SUMMARY_TEXT,11,3117,3035,37859,0.9564,0.8688,0.513,0.2066,0.9839,0.8962,0.5433,0.2125,95,95,2708,64
q74,RESEARCH_SUMMARY_TEXT,12,2652,2530,48698,0.9284,0.8352,0.477,0.1836,0.9759,0.8854,0.5067,0.2012,131,143,2215,60
q74,RESEARCH_SUMMARY_TEXT,13,2830,2617,50320,0.9131,0.8357,0.4371,0.0477,0.9866,0.9079,0.4807,0.052,40,40,2365,70
q74,RESEARCH_SUMMARY_TEXT,14,3041,2665,38622,0.8777,0.8066,0.509,0.2401,0.9779,0.9167,0.5846,0.2612,79,132,2453,77
q74,RESEARCH_SUMMARY_TEXT,15,4041,3919,43520,0.9087,0.6813,0.1829,0.0099,0.9385,0.7063,0.1886,0.0102,40,40,2753,112
q74,RESEARCH_SUMMARY_TEXT,16,4924,4568,47191,0.8822,0.7468,0.2924,0.0766,0.9529,0.8159,0.3148,0.0823,55,53,3677,139
q74,RESEARCH_SUMMARY_TEXT,17,2876,2730,45271,0.9336,0.8873,0.5515,0.2368,0.985,0.9366,0.5762,0.2498,71,71,2552,46
q74,RESEARCH_SUMMARY_TEXT,18,3277,3066,39523,0.8941,0.7714,0.4217,0.1773,0.9609,0.8301,0.4527,0.1895,75,75,2528,79
q74,RESEARCH_SUMMARY_TEXT,19,2198,2073,43682,0.9263,0.8726,0.6556,0.4072,0.987,0.9354,0.7091,0.4332,109,109,1918,48
q74,RESEARCH_SUMMARY_TEXT,20,2443,2314,39795,0.9124,0.8223,0.5403,0.2141,0.9685,0.8738,0.5722,0.2264,82,82,2009,48
q74,RESEARCH_SUMMARY_TEXT,21,2049,2001,37526,0.9556,0.8648,0.4768,0.0874,0.9785,0.8891,0.4893,0.0895,114,114,1772,37
q74,RESEARCH_SUMMARY_TEXT,22,2721,2639,41094,0.9824,0.9019,0.6487,0.3032,0.9905,0.9208,0.6635,0.3119,123,123,2454,53
q74,RESEARCH_SUMMARY_TEXT,23,2742,2588,37553,0.9252,0.8381,0.4891,0.2042,0.9826,0.8995,0.5425,0.2349,69,69,2298,70
q74,RESEARCH_SUMMARY_TEXT,24,3319,3134,48777,0.9214,0.8448,0.6005,0.2591,0.9796,0.9033,0.6311,0.2747,123,123,2804,70
q74,RESEARCH_SUMMARY_TEXT,25,2946,2846,39733,0.942,0.8578,0.5316,0.1612,0.9779,0.8932,0.5534,0.1676,123,123,2527,72
q74,RESEARCH_SUMMARY_TEXT,26,3757,3570,44473,0.9417,0.8573,0.5842,0.156,0.9762,0.9028,0.605,0.1644,100,100,3221,71
q74,FINAL_REPORT_MARKDOWN,0,25385,13438,89628,0.9814,0.974,0.929,0.869,0.9945,0.9795,0.8949,0.7616,393,353,24725,191
q75,RESEARCH_SUMMARY_TEXT,0,1029,1029,33571,0.9825,0.9291,0.6142,0.3168,0.9825,0.9291,0.6142,0.3168,69,69,956,19
q75,RESEARCH_SUMMARY_TEXT,1,1957,1860,27119,0.8927,0.7384,0.4844,0.1262,0.9446,0.7828,0.5108,0.1328,56,56,1445,50
q75,RESEARCH_SUMMARY_TEXT,2,3183,3015,37454,0.879,0.7914,0.4116,0.1115,0.9333,0.8454,0.4561,0.1177,83,83,2519,68
q75,RESEARCH_SUMMARY_TEXT,3,3054,2871,36888,0.9037,0.8196,0.5547,0.1713,0.9655,0.8791,0.6026,0.1933,65,65,2503,66
q75,RESEARCH_SUMMARY_TEXT,4,2572,2344,33206,0.8729,0.7348,0.4553,0.1058,0.9654,0.8409,0.526,0.1898,46,62,1890,77
q75,RESEARCH_SUMMARY_TEXT,5,3516,3365,36811,0.8831,0.7528,0.4152,0.1109,0.9266,0.7952,0.436,0.1174,68,68,2647,90
q75,RESEARCH_SUMMARY_TEXT,6,3588,3467,40198,0.9384,0.8035,0.4501,0.1179,0.9498,0.8333,0.4756,0.122,68,68,2883,93
q75,RESEARCH_SUMMARY_TEXT,7,3684,3504,35355,0.8876,0.7663,0.487,0.1792,0.9389,0.8122,0.5128,0.1972,68,68,2823,94
q75,RESEARCH_SUMMARY_TEXT,8,4394,4193,32669,0.8924,0.8097,0.5146,0.1532,0.9389,0.8533,0.544,0.1607,83,83,3558,100
q75,RESEARCH_SUMMARY_TEXT,9,1628,1626,28305,0.9785,0.8569,0.5086,0.1714,0.9785,0.8536,0.5092,0.1716,65,65,1395,44
q75,RESEARCH_SUMMARY_TEXT,10,1570,1570,36145,0.9962,0.9433,0.5809,0.0694,0.9962,0.9433,0.5809,0.0694,45,45,1481,21
q75,RESEARCH_SUMMARY_TEXT,11,1963,1854,19832,0.8945,0.8074,0.6011,0.3581,0.9342,0.8625,0.6397,0.3889,81,82,1585,43
q75,RESEARCH_SUMMARY_TEXT,12,2934,2797,35021,0.9039,0.7723,0.4076,0.0607,0.946,0.8166,0.4401,0.0636,51,51,2266,77
q75,RESEARCH_SUMMARY_TEXT,13,1696,1619,42729,0.9363,0.8662,0.5996,0.1392,0.9685,0.9006,0.6609,0.1464,46,46,1469,40
q75,RESEARCH_SUMMARY_TEXT,14,2414,2367,38342,0.9565,0.8447,0.5207,0.1355,0.9785,0.8652,0.5319,0.1381,47,47,2039,52
q75,RESEARCH_SUMMARY_TEXT,15,2235,2196,33678,0.9615,0.8837,0.6488,0.3579,0.9781,0.9016,0.6617,0.3648,100,100,1975,41
q75,RESEARCH_SUMMARY_TEXT,16,2786,2698,30904,0.9401,0.8205,0.5312,0.2042,0.9718,0.8462,0.5545,0.2109,87,87,2286,59
q75,RESEARCH_SUMMARY_TEXT,17,3080,2897,39545,0.8912,0.788,0.4883,0.1308,0.9451,0.8526,0.523,0.1391,85,85,2427,79
q75,RESEARCH_SUMMARY_TEXT,18,897,856,42654,0.9298,0.8606,0.5753,0.1182,0.9766,0.9147,0.625,0.125,44,44,772,20
q75,RESEARCH_SUMMARY_TEXT,19,826,826,28686,0.9964,0.9262,0.7724,0.5169,0.9964,0.9262,0.7724,0.5169,153,153,765,9
q75,RESEARCH_SUMMARY_TEXT,20,1057,1028,33920,0.929,0.8165,0.5137,0.2148,0.9543,0.8414,0.5311,0.2208,59,59,863,24
q75,RESEARCH_SUMMARY_TEXT,21,1896,1814,39003,0.9225,0.8671,0.5596,0.1034,0.9686,0.909,0.5849,0.108,37,37,1644,39
q75,RESEARCH_SUMMARY_TEXT,22,2399,2350,31313,0.9596,0.8237,0.5286,0.1842,0.9757,0.8434,0.5396,0.1881,78,78,1976,54
q75,RESEARCH_SUMMARY_TEXT,23,2107,1980,38036,0.8828,0.7807,0.3963,0.1006,0.9434,0.8333,0.4313,0.1076,51,51,1645,55
q75,RESEARCH_SUMMARY_TEXT,24,2714,2557,33679,0.9016,0.7896,0.4164,0.133,0.9679,0.853,0.4587,0.1654,53,53,2143,70
q75,RESEARCH_SUMMARY_TEXT,25,2725,2514,36999,0.8998,0.7791,0.4668,0.0782,0.961,0.8516,0.5263,0.1225,41,67,2123,75
q75,RESEARCH_SUMMARY_TEXT,26,3659,3556,38950,0.9626,0.9016,0.6196,0.1954,0.9854,0.9277,0.6375,0.2011,144,144,3299,67
q75,FINAL_REPORT_MARKDOWN,0,18599,7678,74617,0.9741,0.966,0.905,0.8182,0.976,0.9573,0.8312,0.6407,200,201,17967,189
q76,RESEARCH_SUMMARY_TEXT,0,2030,1869,38407,0.8857,0.8084,0.4833,0.1365,0.9636,0.8892,0.5457,0.168,42,42,1641,59
q76,RESEARCH_SUMMARY_TEXT,1,1777,1650,35660,0.8796,0.7884,0.5357,0.0743,0.9436,0.8455,0.5764,0.0812,39,39,1401,49
q76,RESEARCH_SUMMARY_TEXT,2,2457,2372,31048,0.9296,0.8535,0.5889,0.2202,0.9616,0.8904,0.6109,0.2521,65,66,2097,55
q76,RESEARCH_SUMMARY_TEXT,3,3252,3105,36985,0.9382,0.8453,0.4483,0.0403,0.971,0.8882,0.475,0.0422,34,34,2749,68
q76,RESEARCH_SUMMARY_TEXT,4,3465,3264,46452,0.9111,0.8317,0.5253,0.112,0.9571,0.8824,0.5386,0.1072,62,62,2882,73
q76,RESEARCH_SUMMARY_TEXT,5,3511,3180,30183,0.82,0.6705,0.4027,0.1025,0.911,0.7459,0.4472,0.1129,42,42,2354,104
q76,RESEARCH_SUMMARY_TEXT,6,4292,4125,39685,0.9362,0.8609,0.4886,0.1156,0.9767,0.9021,0.5113,0.1205,54,54,3695,99
q76,RESEARCH_SUMMARY_TEXT,7,3419,3249,39963,0.9406,0.8421,0.5107,0.148,0.9717,0.8775,0.5282,0.1348,50,50,2879,76
q76,RESEARCH_SUMMARY_TEXT,8,3495,3233,36655,0.897,0.7951,0.4392,0.0747,0.9728,0.8741,0.4819,0.081,42,42,2779,85
q76,FINAL_REPORT_MARKDOWN,0,21612,12561,32178,0.9777,0.9477,0.8826,0.7824,0.9719,0.9264,0.8174,0.619,390,219,20481,213
q77,RESEARCH_SUMMARY_TEXT,0,1056,1056,27291,0.9773,0.9091,0.6828,0.3305,0.9773,0.9091,0.6828,0.3305,44,44,960,18
q77,RESEARCH_SUMMARY_TEXT,1,1379,1375,36773,0.9768,0.897,0.6128,0.227,0.9833,0.8996,0.6145,0.2276,106,106,1237,27
q77,RESEARCH_SUMMARY_TEXT,2,1936,1888,39619,0.9551,0.8063,0.4985,0.1973,0.9735,0.8342,0.5122,0.2023,100,100,1561,39
q77,RESEARCH_SUMMARY_TEXT,3,2043,2039,40439,0.9834,0.814,0.4048,0.1346,0.9843,0.8146,0.4056,0.1349,72,72,1663,49
q77,RESEARCH_SUMMARY_TEXT,4,2298,2241,34633,0.9408,0.7415,0.4238,0.1332,0.9634,0.7653,0.4342,0.1365,45,45,1704,70
q77,RESEARCH_SUMMARY_TEXT,5,2337,2280,33309,0.9294,0.7321,0.4223,0.1207,0.9535,0.7596,0.4404,0.1237,68,68,1711,69
q77,RESEARCH_SUMMARY_TEXT,6,2422,2418,39191,0.9847,0.9116,0.5937,0.2576,0.9876,0.914,0.5947,0.2581,76,76,2208,40
q77,RESEARCH_SUMMARY_TEXT,7,2577,2520,45553,0.9616,0.8704,0.4932,0.1653,0.9833,0.8865,0.5095,0.1683,71,69,2243,53
q77,RESEARCH_SUMMARY_TEXT,8,2560,2456,39439,0.9293,0.741,0.3879,0.032,0.9678,0.7789,0.4047,0.0334,47,47,1897,71
q77,RESEARCH_SUMMARY_TEXT,9,947,947,45587,0.9916,0.9567,0.7624,0.4256,0.9916,0.9567,0.7624,0.4256,69,69,906,8
q77,RESEARCH_SUMMARY_TEXT,10,914,914,31545,0.9869,0.895,0.6696,0.3665,0.9869,0.895,0.6696,0.3665,61,61,818,16
q77,RESEARCH_SUMMARY_TEXT,11,1184,1184,30321,0.9916,0.9088,0.6647,0.2348,0.9916,0.9088,0.6647,0.2348,51,51,1076,23
q77,RESEARCH_SUMMARY_TEXT,12,3060,3003,37300,0.9634,0.8732,0.6317,0.2219,0.9837,0.8894,0.6444,0.2261,77,77,2672,61
q77,RESEARCH_SUMMARY_TEXT,13,2991,2816,40131,0.9157,0.8185,0.5052,0.216,0.9741,0.8768,0.5352,0.2298,145,145,2448,73
q77,RESEARCH_SUMMARY_TEXT,14,3662,3587,39078,0.9618,0.8766,0.5565,0.1628,0.9822,0.8968,0.5696,0.1662,77,77,3210,80
q77,RESEARCH_SUMMARY_TEXT,15,3457,3313,45869,0.9369,0.8542,0.5178,0.12,0.978,0.8938,0.543,0.1253,63,63,2953,75
q77,RESEARCH_SUMMARY_TEXT,16,3560,3373,50029,0.9303,0.8126,0.4197,0.1441,0.9766,0.8577,0.4471,0.1521,82,82,2893,84
q77,RESEARCH_SUMMARY_TEXT,17,3808,3682,47986,0.9504,0.8789,0.5402,0.2269,0.9804,0.9125,0.5589,0.2341,133,133,3347,82
q77,FINAL_REPORT_MARKDOWN,0,14259,8576,48679,0.9745,0.9576,0.8688,0.6991,0.9941,0.9653,0.8291,0.5401,206,206,13654,145
q78,RESEARCH_SUMMARY_TEXT,0,1596,1532,42622,0.9279,0.7901,0.4148,0.114,0.9602,0.8283,0.4432,0.1384,40,40,1261,46
q78,RESEARCH_SUMMARY_TEXT,1,928,884,41963,0.9407,0.9149,0.6907,0.3017,0.9876,0.9593,0.7285,0.3167,54,54,849,26
q78,RESEARCH_SUMMARY_TEXT,2,2654,2572,45511,0.9465,0.8323,0.4228,0.1413,0.967,0.8631,0.4362,0.1458,112,112,2209,56
q78,RESEARCH_SUMMARY_TEXT,3,2971,2773,41232,0.8963,0.7866,0.482,0.0979,0.9675,0.8428,0.5171,0.1053,38,38,2337,71
q78,RESEARCH_SUMMARY_TEXT,4,1744,1678,47121,0.9455,0.8549,0.5241,0.1359,0.9732,0.8963,0.5429,0.1406,42,42,1491,43
q78,RESEARCH_SUMMARY_TEXT,5,1982,1832,47349,0.8814,0.7442,0.3527,0.0812,0.9307,0.8188,0.4279,0.1234,34,35,1475,62
q78,RESEARCH_SUMMARY_TEXT,6,2600,2474,44597,0.9565,0.8635,0.4992,0.2035,0.9778,0.9034,0.538,0.213,40,40,2245,62
q78,RESEARCH_SUMMARY_TEXT,7,2748,2479,42865,0.8806,0.7118,0.2704,0.0459,0.9641,0.7959,0.3267,0.0516,35,36,1956,77
q78,RESEARCH_SUMMARY_TEXT,8,3354,3165,37966,0.9162,0.7692,0.4168,0.1163,0.969,0.8224,0.443,0.1283,41,41,2580,90
q78,FINAL_REPORT_MARKDOWN,0,14999,7587,25321,0.9597,0.9094,0.7755,0.5907,0.9748,0.9029,0.6795,0.3642,133,144,13640,265
q79,RESEARCH_SUMMARY_TEXT,0,2100,2069,35096,0.9629,0.8176,0.2481,0.0686,0.9734,0.8342,0.2518,0.0696,42,42,1717,60
q79,RESEARCH_SUMMARY_TEXT,1,944,944,41351,0.9947,0.9004,0.3909,0.1737,0.9947,0.9004,0.3909,0.1737,93,93,850,19
q79,RESEARCH_SUMMARY_TEXT,2,2030,2023,39361,0.9571,0.7867,0.3276,0.0709,0.957,0.7865,0.3208,0.0559,43,43,1597,56
q79,RESEARCH_SUMMARY_TEXT,3,2372,2308,36316,0.9347,0.8019,0.3765,0.0978,0.9584,0.825,0.3873,0.1005,93,93,1902,71
q79,RESEARCH_SUMMARY_TEXT,4,1938,1935,37726,0.9711,0.8751,0.5366,0.1419,0.9767,0.877,0.5375,0.1421,51,51,1696,46
q79,RESEARCH_SUMMARY_TEXT,5,2228,2201,40144,0.9277,0.7074,0.3083,0.0148,0.9423,0.7169,0.3126,0.015,33,33,1576,59
q79,RESEARCH_SUMMARY_TEXT,6,3149,3060,39668,0.9463,0.8453,0.4767,0.181,0.9794,0.8771,0.4915,0.1863,71,71,2662,74
q79,RESEARCH_SUMMARY_TEXT,7,3356,3289,41433,0.9485,0.8117,0.4184,0.129,0.969,0.8322,0.4317,0.1317,53,53,2724,85
q79,RESEARCH_SUMMARY_TEXT,8,3079,2984,35373,0.9376,0.7717,0.3024,0.0978,0.9631,0.7942,0.3107,0.0989,65,59,2376,78
q79,RESEARCH_SUMMARY_TEXT,9,796,792,36500,0.9837,0.8857,0.5754,0.1796,0.9836,0.8801,0.5518,0.125,110,66,705,19
q79,RESEARCH_SUMMARY_TEXT,10,1030,1025,30888,0.934,0.7243,0.2583,0.0621,0.9317,0.7249,0.2576,0.0732,33,44,746,31
q79,RESEARCH_SUMMARY_TEXT,11,886,882,39155,0.9932,0.9312,0.667,0.2957,0.9921,0.9286,0.6633,0.2902,95,60,825,15
q79,RESEARCH_SUMMARY_TEXT,12,2082,2023,25100,0.9587,0.8818,0.6388,0.2454,0.9832,0.916,0.6688,0.2511,92,92,1836,41
q79,RESEARCH_SUMMARY_TEXT,13,870,866,48530,0.9862,0.9368,0.6356,0.2023,0.9861,0.9365,0.6339,0.2229,110,66,815,16
q79,RESEARCH_SUMMARY_TEXT,14,1511,1501,43877,0.9788,0.906,0.5996,0.1853,0.9787,0.9067,0.6043,0.1839,83,58,1369,20
q79,RESEARCH_SUMMARY_TEXT,15,1602,1592,37020,0.9376,0.7278,0.2865,0.1255,0.9378,0.7211,0.2544,0.1018,170,131,1166,40
q79,RESEARCH_SUMMARY_TEXT,16,1886,1875,33660,0.939,0.7147,0.1824,0.0753,0.9413,0.7104,0.1733,0.0757,65,65,1348,60
q79,RESEARCH_SUMMARY_TEXT,17,2449,2389,37915,0.9657,0.8493,0.5533,0.2907,0.9862,0.8656,0.5756,0.2817,170,131,2080,59
q79,RESEARCH_SUMMARY_TEXT,18,1059,1051,41946,0.9707,0.8121,0.492,0.1634,0.9705,0.8097,0.4891,0.1361,68,66,860,22
q79,RESEARCH_SUMMARY_TEXT,19,1891,1880,47721,0.9672,0.8424,0.3786,0.0883,0.9681,0.8426,0.3612,0.0888,131,131,1593,43
q79,RESEARCH_SUMMARY_TEXT,20,2104,2052,37925,0.9007,0.6854,0.2586,0.1511,0.9215,0.7013,0.2705,0.1404,161,131,1442,69
q79,RESEARCH_SUMMARY_TEXT,21,2621,2570,39110,0.976,0.8901,0.5269,0.2556,0.993,0.9132,0.5424,0.2576,83,60,2333,45
q79,RESEARCH_SUMMARY_TEXT,22,2499,2482,48538,0.9792,0.8948,0.4298,0.096,0.9815,0.9021,0.4226,0.0911,70,66,2236,53
q79,RESEARCH_SUMMARY_TEXT,23,3307,3254,51347,0.9791,0.8954,0.5277,0.1899,0.9923,0.9044,0.5203,0.1552,141,58,2961,56
q79,RESEARCH_SUMMARY_TEXT,24,3246,3189,39064,0.9328,0.7905,0.3031,0.1115,0.9501,0.8071,0.3064,0.0941,162,131,2566,87
q79,RESEARCH_SUMMARY_TEXT,25,3477,3350,31109,0.9344,0.8139,0.4748,0.1283,0.9681,0.8427,0.4863,0.1346,94,55,2830,78
q79,RESEARCH_SUMMARY_TEXT,26,3949,3852,25108,0.943,0.8536,0.5728,0.1651,0.9629,0.8762,0.5872,0.1755,65,65,3371,88
q79,FINAL_REPORT_MARKDOWN,0,19517,9685,68732,0.9768,0.9639,0.906,0.7767,0.9906,0.9604,0.8434,0.5752,376,376,18813,169
q80,RESEARCH_SUMMARY_TEXT,0,695,695,36464,0.9698,0.8475,0.423,0.0906,0.9698,0.8475,0.423,0.0906,32,32,589,16
q80,RESEARCH_SUMMARY_TEXT,1,1191,1189,31792,0.9631,0.8833,0.351,0.0571,0.9655,0.8848,0.3516,0.0572,35,35,1052,28
q80,RESEARCH_SUMMARY_TEXT,2,986,986,26440,0.9635,0.8489,0.3874,0.0,0.9635,0.8489,0.3874,0.0,27,27,837,27
q80,RESEARCH_SUMMARY_TEXT,3,1307,1297,24105,0.8921,0.6687,0.254,0.0,0.9005,0.6769,0.2675,0.0,28,28,874,40
q80,RESEARCH_SUMMARY_TEXT,4,1319,1301,11787,0.9242,0.6983,0.3821,0.135,0.9362,0.7002,0.3859,0.1353,45,45,921,49
q80,RESEARCH_SUMMARY_TEXT,5,1514,1471,28594,0.9234,0.8038,0.5,0.1565,0.9551,0.8402,0.5153,0.1611,45,45,1217,36
q80,RESEARCH_SUMMARY_TEXT,6,1761,1759,23743,0.9495,0.7865,0.3907,0.0591,0.95,0.7879,0.3911,0.0591,40,40,1385,52
q80,RESEARCH_SUMMARY_TEXT,7,2368,2365,38665,0.9932,0.9101,0.6343,0.2834,0.9937,0.9116,0.6355,0.2841,140,140,2155,39
q80,RESEARCH_SUMMARY_TEXT,8,4159,4055,45240,0.9517,0.8428,0.4157,0.0712,0.9776,0.8671,0.4323,0.073,140,140,3505,89
q80,RESEARCH_SUMMARY_TEXT,9,1072,1072,34788,0.9925,0.8834,0.4963,0.0774,0.9925,0.8834,0.4963,0.0774,52,52,947,22
q80,RESEARCH_SUMMARY_TEXT,10,1133,1133,37183,0.9806,0.8976,0.5428,0.2101,0.9806,0.8976,0.5428,0.2101,53,53,1017,18
q80,RESEARCH_SUMMARY_TEXT,11,1616,1614,32742,0.9691,0.7778,0.2692,0.0699,0.9684,0.7794,0.2701,0.07,52,52,1257,48
q80,RESEARCH_SUMMARY_TEXT,12,1701,1636,40426,0.9412,0.8471,0.5397,0.07,0.9792,0.8888,0.5874,0.0978,72,72,1441,39
q80,RESEARCH_SUMMARY_TEXT,13,2862,2603,38523,0.8665,0.731,0.3711,0.1136,0.9624,0.836,0.4161,0.1249,166,165,2092,75
q80,RESEARCH_SUMMARY_TEXT,14,3588,3462,43079,0.9334,0.83,0.4613,0.1003,0.9688,0.8651,0.4792,0.104,116,116,2978,85
q80,RESEARCH_SUMMARY_TEXT,15,3311,3160,37794,0.9224,0.7255,0.2984,0.0707,0.9456,0.7665,0.313,0.0741,55,55,2402,90
q80,RESEARCH_SUMMARY_TEXT,16,3696,3506,44566,0.9261,0.816,0.3723,0.0219,0.9803,0.8754,0.411,0.0237,50,52,3016,101
q80,RESEARCH_SUMMARY_TEXT,17,4663,4562,41496,0.9558,0.7675,0.3198,0.0686,0.9713,0.7887,0.3277,0.0701,146,146,3579,105
q80,RESEARCH_SUMMARY_TEXT,18,871,859,27449,0.9357,0.7463,0.2239,0.0,0.9406,0.7253,0.227,0.0,27,27,650,35
q80,RESEARCH_SUMMARY_TEXT,19,1381,1367,29409,0.9406,0.845,0.4424,0.1984,0.9495,0.8537,0.4477,0.2004,67,67,1167,40
q80,RESEARCH_SUMMARY_TEXT,20,1680,1668,29126,0.9655,0.7798,0.3911,0.1179,0.961,0.7806,0.3981,0.1187,55,55,1310,51
q80,RESEARCH_SUMMARY_TEXT,21,1928,1924,34745,0.9694,0.7832,0.2614,0.0768,0.9699,0.7879,0.262,0.0769,45,45,1510,51
q80,RESEARCH_SUMMARY_TEXT,22,2037,1960,41736,0.9337,0.8385,0.5076,0.1198,0.9842,0.9056,0.5694,0.124,51,51,1708,41
q80,RESEARCH_SUMMARY_TEXT,23,2013,1948,37059,0.926,0.8068,0.2991,0.0179,0.9507,0.8439,0.3183,0.0185,36,36,1624,47
q80,RESEARCH_SUMMARY_TEXT,24,2481,2438,45998,0.9746,0.9238,0.5784,0.1882,0.993,0.9438,0.582,0.1743,63,63,2292,30
q80,RESEARCH_SUMMARY_TEXT,25,2441,2311,32634,0.8763,0.6927,0.2843,0.0713,0.9286,0.7399,0.2999,0.0753,51,51,1691,68
q80,RESEARCH_SUMMARY_TEXT,26,2556,2492,35590,0.9487,0.8114,0.304,0.0751,0.9759,0.8443,0.3118,0.077,121,121,2074,74
q80,FINAL_REPORT_MARKDOWN,0,16530,9490,67518,0.9794,0.9612,0.8665,0.6503,0.9891,0.9614,0.8174,0.443,212,212,15888,155
q81,RESEARCH_SUMMARY_TEXT,0,1567,1564,42142,0.9681,0.8162,0.3631,0.0817,0.968,0.8197,0.3715,0.0831,50,50,1279,42
q81,RESEARCH_SUMMARY_TEXT,1,1734,1732,34767,0.985,0.8518,0.4031,0.0819,0.9873,0.8545,0.4145,0.082,58,58,1477,44
q81,RESEARCH_SUMMARY_TEXT,2,1354,1353,34136,0.9129,0.6809,0.3235,0.1049,0.9135,0.6814,0.3237,0.105,45,45,922,40
q81,RESEARCH_SUMMARY_TEXT,3,1569,1567,37912,0.9815,0.8776,0.3748,0.1217,0.9815,0.8781,0.3759,0.1385,71,71,1377,28
q81,RESEARCH_SUMMARY_TEXT,4,1982,1978,45199,0.9854,0.8784,0.5373,0.1615,0.9858,0.8771,0.5399,0.1618,56,56,1741,40
q81,RESEARCH_SUMMARY_TEXT,5,2462,2403,35931,0.9565,0.8509,0.4005,0.0626,0.9829,0.8702,0.4045,0.0633,48,48,2095,67
q81,RESEARCH_SUMMARY_TEXT,6,2538,2481,35011,0.9243,0.8093,0.3865,0.1036,0.944,0.8295,0.3966,0.106,46,46,2054,63
q81,RESEARCH_SUMMARY_TEXT,7,3298,3217,45949,0.9591,0.8075,0.2956,0.0522,0.9798,0.8259,0.3034,0.0535,39,39,2663,94
q81,RESEARCH_SUMMARY_TEXT,8,4199,4059,45588,0.9612,0.9157,0.7704,0.462,0.9929,0.9569,0.812,0.4969,154,168,3845,50
q81,RESEARCH_SUMMARY_TEXT,9,978,978,29784,0.9468,0.7434,0.3241,0.0307,0.9468,0.7434,0.3241,0.0307,30,30,727,27
q81,RESEARCH_SUMMARY_TEXT,10,1898,1894,40201,0.9842,0.8699,0.4779,0.1733,0.9884,0.8738,0.481,0.1895,43,43,1651,40
q81,RESEARCH_SUMMARY_TEXT,11,2929,2922,35876,0.9693,0.804,0.437,0.1779,0.9695,0.8039,0.437,0.178,72,72,2355,79
q81,RESEARCH_SUMMARY_TEXT,12,1442,1440,46323,0.984,0.8773,0.534,0.1151,0.9854,0.8792,0.5361,0.1153,50,50,1265,28
q81,RESEARCH_SUMMARY_TEXT,13,1627,1625,28248,0.9711,0.8414,0.4591,0.1291,0.9711,0.8431,0.4652,0.1292,43,43,1369,41
q81,RESEARCH_SUMMARY_TEXT,14,3136,3132,44684,0.9994,0.9818,0.8616,0.6543,1.0,0.9847,0.864,0.6558,169,169,3079,14
q81,RESEARCH_SUMMARY_TEXT,15,3217,3211,44575,0.9907,0.9313,0.5701,0.2537,0.9916,0.9327,0.5709,0.2541,87,87,2996,42
q81,RESEARCH_SUMMARY_TEXT,16,4667,4558,42468,0.9616,0.8616,0.4095,0.1106,0.9829,0.8842,0.4208,0.1132,54,54,4021,99
q81,RESEARCH_SUMMARY_TEXT,17,2659,2649,41380,0.9654,0.8071,0.4347,0.1704,0.969,0.8135,0.453,0.2091,44,44,2146,72
q81,RESEARCH_SUMMARY_TEXT,18,1256,1256,34936,0.9817,0.9371,0.6736,0.258,0.9817,0.9371,0.6736,0.258,72,72,1177,19
q81,RESEARCH_SUMMARY_TEXT,19,2074,2069,32166,0.9701,0.81,0.4725,0.1929,0.9734,0.8139,0.4737,0.1933,62,62,1680,52
q81,RESEARCH_SUMMARY_TEXT,20,2301,2298,34876,0.9909,0.8705,0.5589,0.2038,0.9909,0.8716,0.5574,0.2045,59,59,2003,44
q81,RESEARCH_SUMMARY_TEXT,21,2725,2720,39454,0.9861,0.8811,0.4547,0.1769,0.9868,0.8838,0.457,0.1772,66,66,2401,52
q81,RESEARCH_SUMMARY_TEXT,22,3272,3266,40363,0.9768,0.8554,0.3778,0.0822,0.9758,0.8558,0.3788,0.0824,53,53,2799,81
q81,RESEARCH_SUMMARY_TEXT,23,3492,3487,48295,0.9989,0.9788,0.8912,0.73,0.9989,0.9816,0.8945,0.7319,284,284,3418,23
q81,RESEARCH_SUMMARY_TEXT,24,3226,3144,43843,0.9507,0.8472,0.4492,0.1051,0.9758,0.8705,0.465,0.1078,71,71,2733,82
q81,RESEARCH_SUMMARY_TEXT,25,3742,3660,50912,0.9701,0.9289,0.686,0.3079,0.9929,0.9533,0.7038,0.3158,105,105,3476,52
q81,RESEARCH_SUMMARY_TEXT,26,4526,4363,44179,0.9554,0.884,0.5411,0.1485,0.9915,0.9196,0.5719,0.1598,62,62,4001,94
q81,FINAL_REPORT_MARKDOWN,0,9536,7945,81752,0.9945,0.9781,0.8887,0.7455,0.9989,0.985,0.8812,0.7059,441,439,9327,49
q82,RESEARCH_SUMMARY_TEXT,0,2145,2088,36258,0.9063,0.7459,0.3608,0.0615,0.9353,0.7725,0.3798,0.0632,60,60,1600,65
q82,RESEARCH_SUMMARY_TEXT,1,2434,2366,42921,0.9441,0.7736,0.3131,0.0127,0.9713,0.7988,0.3331,0.0131,31,31,1883,72
q82,RESEARCH_SUMMARY_TEXT,2,2489,2400,41082,0.9265,0.7626,0.2644,0.045,0.9675,0.8029,0.2767,0.0467,46,46,1898,70
q82,RESEARCH_SUMMARY_TEXT,3,2933,2840,39115,0.9424,0.8244,0.358,0.0856,0.9761,0.8549,0.3796,0.0884,106,106,2418,74
q82,RESEARCH_SUMMARY_TEXT,4,2981,2847,40838,0.9332,0.844,0.4757,0.1251,0.9782,0.8981,0.51,0.1314,69,69,2516,66
q82,RESEARCH_SUMMARY_TEXT,5,3292,3207,48352,0.9557,0.884,0.476,0.0392,0.9791,0.908,0.4942,0.0402,66,66,2910,67
q82,RESEARCH_SUMMARY_TEXT,6,3597,3412,43772,0.9372,0.8287,0.5385,0.1193,0.9912,0.8924,0.573,0.1257,69,69,2981,74
q82,RESEARCH_SUMMARY_TEXT,7,4294,4091,55475,0.9555,0.8933,0.5876,0.136,0.9934,0.9406,0.6189,0.143,57,57,3836,76
q82,RESEARCH_SUMMARY_TEXT,8,4585,4281,53893,0.9021,0.8275,0.4899,0.1498,0.9743,0.8986,0.5319,0.1605,56,56,3794,102
q82,RESEARCH_SUMMARY_TEXT,9,1592,1590,40575,0.9805,0.88,0.5119,0.1225,0.9805,0.883,0.5157,0.1226,51,51,1401,32
q82,RESEARCH_SUMMARY_TEXT,10,2208,2153,46567,0.9561,0.8623,0.3918,0.0453,0.9819,0.8871,0.4022,0.0464,39,39,1904,47
q82,RESEARCH_SUMMARY_TEXT,11,1957,1855,31453,0.9085,0.8247,0.5304,0.1978,0.9601,0.8787,0.5617,0.2097,83,83,1614,44
q82,RESEARCH_SUMMARY_TEXT,12,2212,2154,52279,0.9417,0.854,0.4146,0.0674,0.9745,0.8849,0.4336,0.0692,54,54,1889,44
q82,RESEARCH_SUMMARY_TEXT,13,3657,3509,38162,0.9319,0.8201,0.4063,0.1064,0.9741,0.8624,0.43,0.1109,42,42,2999,85
q82,RESEARCH_SUMMARY_TEXT,14,2607,2455,38912,0.9168,0.7468,0.3283,0.0526,0.9809,0.833,0.38,0.1014,51,51,1947,83
q82,RESEARCH_SUMMARY_TEXT,15,4938,4751,47429,0.9453,0.8505,0.423,0.0709,0.9844,0.8861,0.4462,0.0741,60,61,4200,113
q82,RESEARCH_SUMMARY_TEXT,16,4275,4037,41565,0.9041,0.7665,0.407,0.0611,0.9646,0.8343,0.4526,0.0738,38,38,3277,119
q82,RESEARCH_SUMMARY_TEXT,17,4211,4076,38546,0.9166,0.7188,0.3367,0.0076,0.9423,0.7436,0.3432,0.0079,32,32,3027,125
q82,RESEARCH_SUMMARY_TEXT,18,1274,1274,33724,0.9867,0.8752,0.5746,0.2559,0.9867,0.8752,0.5746,0.2559,71,71,1115,25
q82,RESEARCH_SUMMARY_TEXT,19,2257,2136,49426,0.9265,0.8587,0.4559,0.0678,0.985,0.9293,0.5126,0.0922,46,46,1938,71
q82,RESEARCH_SUMMARY_TEXT,20,3140,3009,43726,0.9516,0.8121,0.4513,0.0717,0.9757,0.8382,0.4835,0.0748,79,79,2550,91
q82,RESEARCH_SUMMARY_TEXT,21,3385,3068,53288,0.8842,0.8,0.3616,0.0419,0.984,0.911,0.4387,0.0479,45,45,2708,91
q82,RESEARCH_SUMMARY_TEXT,22,4332,4157,49273,0.9388,0.888,0.5367,0.1062,0.9805,0.9286,0.5785,0.1111,53,53,3847,82
q82,RESEARCH_SUMMARY_TEXT,23,4434,4262,48278,0.9441,0.8954,0.5106,0.0913,0.9838,0.9352,0.5345,0.0878,55,55,3970,84
q82,RESEARCH_SUMMARY_TEXT,24,2691,2640,47266,0.9647,0.8948,0.4389,0.0687,0.9856,0.9163,0.4534,0.0701,47,47,2408,60
q82,RESEARCH_SUMMARY_TEXT,25,2958,2850,47371,0.9432,0.8114,0.3993,0.1406,0.9796,0.8495,0.4147,0.1463,141,141,2400,67
q82,RESEARCH_SUMMARY_TEXT,26,4069,4004,51304,0.9614,0.8648,0.4716,0.103,0.9823,0.8869,0.4913,0.1046,68,68,3519,90
q82,FINAL_REPORT_MARKDOWN,0,21349,11129,93423,0.9743,0.9516,0.8725,0.7198,0.9951,0.9722,0.8713,0.6209,260,223,20316,231
q83,RESEARCH_SUMMARY_TEXT,0,2737,2589,43193,0.878,0.6569,0.1619,0.0,0.9046,0.703,0.2101,0.0,22,23,1798,95
q83,RESEARCH_SUMMARY_TEXT,1,2795,2544,50369,0.9156,0.7771,0.4036,0.0719,0.9524,0.818,0.4442,0.0774,34,34,2172,62
q83,RESEARCH_SUMMARY_TEXT,2,3911,3671,45939,0.9085,0.7226,0.2608,0.0102,0.9572,0.7636,0.2754,0.0112,38,39,2826,111
q83,RESEARCH_SUMMARY_TEXT,3,4160,3860,43511,0.9219,0.8276,0.4356,0.0591,0.9899,0.8992,0.4692,0.0415,36,36,3443,101
q83,RESEARCH_SUMMARY_TEXT,4,3026,2807,47822,0.9405,0.8427,0.5251,0.1451,0.9793,0.8856,0.5664,0.1464,76,76,2550,81
q83,RESEARCH_SUMMARY_TEXT,5,3110,2637,45561,0.8707,0.7762,0.4556,0.0402,0.9579,0.8832,0.5093,0.0466,45,44,2414,111
q83,RESEARCH_SUMMARY_TEXT,6,4054,3440,44583,0.8917,0.8138,0.4065,0.0417,0.9424,0.8709,0.427,0.0358,53,52,3299,148
q83,RESEARCH_SUMMARY_TEXT,7,3900,2965,43092,0.5367,0.4118,0.1154,0.0,0.6877,0.545,0.1079,0.0,20,20,1606,109
q83,RESEARCH_SUMMARY_TEXT,8,6019,5528,45362,0.8749,0.6775,0.2522,0.0395,0.9334,0.7469,0.2726,0.0432,41,42,4078,167
q83,FINAL_REPORT_MARKDOWN,0,16062,10825,38109,0.9712,0.942,0.8438,0.7066,0.9788,0.9384,0.775,0.5573,186,178,15130,191
q84,RESEARCH_SUMMARY_TEXT,0,802,802,39976,0.9701,0.8329,0.4601,0.1484,0.9701,0.8329,0.4601,0.1484,52,52,668,22
q84,RESEARCH_SUMMARY_TEXT,1,1404,1402,25925,0.9423,0.6795,0.3013,0.1182,0.9437,0.6819,0.3024,0.1398,104,104,954,40
q84,RESEARCH_SUMMARY_TEXT,2,1935,1931,38371,0.9716,0.8915,0.5995,0.2176,0.9772,0.8949,0.6075,0.218,62,62,1725,37
q84,RESEARCH_SUMMARY_TEXT,3,2188,2144,41619,0.9621,0.8812,0.564,0.2052,0.9795,0.9011,0.5756,0.2094,76,76,1928,44
q84,RESEARCH_SUMMARY_TEXT,4,1857,1770,36594,0.8966,0.7717,0.384,0.0824,0.9463,0.8186,0.4209,0.0864,52,52,1433,51
q84,RESEARCH_SUMMARY_TEXT,5,2343,2301,35807,0.9475,0.8335,0.5224,0.1122,0.9618,0.8557,0.545,0.1143,49,49,1953,56
q84,RESEARCH_SUMMARY_TEXT,6,2855,2707,50120,0.9233,0.8403,0.482,0.0869,0.9786,0.8969,0.5268,0.0916,51,51,2399,73
q84,RESEARCH_SUMMARY_TEXT,7,2960,2848,42081,0.923,0.7959,0.4432,0.1068,0.9628,0.8304,0.4617,0.111,49,49,2356,85
q84,RESEARCH_SUMMARY_TEXT,8,3133,2988,39201,0.9339,0.8359,0.4357,0.1443,0.9732,0.8752,0.4575,0.1586,46,53,2619,75
q84,RESEARCH_SUMMARY_TEXT,9,1838,1749,28984,0.8841,0.6975,0.2557,0.08,0.9388,0.7827,0.2687,0.084,49,49,1282,52
q84,RESEARCH_SUMMARY_TEXT,10,1203,1073,34729,0.8537,0.6808,0.3325,0.0249,0.9804,0.8397,0.4884,0.1053,30,45,819,44
q84,RESEARCH_SUMMARY_TEXT,11,3152,2965,38966,0.9089,0.7849,0.3315,0.0355,0.9673,0.8556,0.3616,0.0378,42,42,2474,70
q84,RESEARCH_SUMMARY_TEXT,12,3020,2879,30286,0.9268,0.8156,0.4821,0.2026,0.9726,0.8614,0.5096,0.2126,94,94,2463,77
q84,RESEARCH_SUMMARY_TEXT,13,2355,2169,41597,0.8777,0.7885,0.4862,0.118,0.9645,0.8663,0.5376,0.1291,83,83,1857,55
q84,RESEARCH_SUMMARY_TEXT,14,2597,2437,32987,0.8791,0.6866,0.2772,0.0751,0.9503,0.7764,0.302,0.08,49,49,1783,73
q84,RESEARCH_SUMMARY_TEXT,15,2572,2419,32680,0.9323,0.8118,0.4673,0.1283,0.9752,0.8685,0.4977,0.1476,52,60,2088,71
q84,RESEARCH_SUMMARY_TEXT,16,3260,3056,38051,0.8905,0.7801,0.3518,0.0586,0.9555,0.8429,0.3776,0.0625,77,77,2543,82
q84,RESEARCH_SUMMARY_TEXT,17,4283,4165,35368,0.944,0.8711,0.5653,0.2356,0.9731,0.8982,0.5849,0.2418,65,65,3731,92
q84,RESEARCH_SUMMARY_TEXT,18,1327,1307,29873,0.9699,0.8508,0.4906,0.1334,0.987,0.8722,0.5096,0.1362,48,48,1129,31
q84,RESEARCH_SUMMARY_TEXT,19,1653,1550,19789,0.8306,0.6461,0.3103,0.0635,0.8935,0.6955,0.3316,0.0677,43,43,1068,45
q84,RESEARCH_SUMMARY_TEXT,20,3007,2901,31245,0.9245,0.8051,0.3545,0.1194,0.9593,0.8445,0.3726,0.1238,47,47,2421,97
q84,RESEARCH_SUMMARY_TEXT,21,2375,2207,32963,0.88,0.7238,0.3457,0.0278,0.9633,0.802,0.3806,0.0304,34,35,1719,64
q84,RESEARCH_SUMMARY_TEXT,22,2992,2841,36105,0.9027,0.7841,0.4392,0.1511,0.9528,0.8314,0.4646,0.1591,130,130,2346,73
q84,RESEARCH_SUMMARY_TEXT,23,3468,3251,46218,0.9242,0.8714,0.5092,0.1387,0.9902,0.9357,0.5432,0.1572,75,75,3022,78
q84,RESEARCH_SUMMARY_TEXT,24,3397,3180,37508,0.8911,0.7975,0.4174,0.1033,0.9626,0.8616,0.45,0.1104,46,46,2709,84
q84,RESEARCH_SUMMARY_TEXT,25,3846,3665,32423,0.9186,0.7904,0.4098,0.1656,0.9566,0.8336,0.4297,0.1653,53,53,3040,95
q84,RESEARCH_SUMMARY_TEXT,26,3120,2955,44312,0.9327,0.8712,0.5792,0.2003,0.9827,0.9212,0.619,0.2122,75,75,2718,62
q84,FINAL_REPORT_MARKDOWN,0,32028,13671,80142,0.9794,0.9717,0.9324,0.8632,0.9844,0.9696,0.898,0.728,260,261,31122,253
q85,RESEARCH_SUMMARY_TEXT,0,903,893,14512,0.969,0.845,0.5792,0.2004,0.9776,0.8533,0.5868,0.2038,49,49,763,23
q85,RESEARCH_SUMMARY_TEXT,1,2041,1976,28102,0.9294,0.8393,0.584,0.2396,0.9666,0.8775,0.6184,0.2505,132,132,1713,41
q85,RESEARCH_SUMMARY_TEXT,2,2379,2312,40418,0.9672,0.8966,0.546,0.1744,0.9844,0.9178,0.5688,0.1795,107,107,2133,46
q85,RESEARCH_SUMMARY_TEXT,3,2792,2710,38530,0.9477,0.8811,0.6748,0.2926,0.9738,0.9173,0.6974,0.3026,65,65,2460,53
q85,RESEARCH_SUMMARY_TEXT,4,2734,2654,30138,0.9525,0.8519,0.5746,0.3577,0.974,0.8779,0.5908,0.3677,122,122,2329,56
q85,RESEARCH_SUMMARY_TEXT,5,2942,2842,41008,0.9466,0.8885,0.5714,0.1176,0.9824,0.9268,0.5925,0.1217,57,57,2614,59
q85,RESEARCH_SUMMARY_TEXT,6,2939,2717,37291,0.9017,0.8476,0.6019,0.2838,0.982,0.9404,0.6831,0.3382,65,68,2491,65
q85,RESEARCH_SUMMARY_TEXT,7,3946,3774,42866,0.9384,0.8558,0.5124,0.2248,0.9743,0.9033,0.5511,0.2419,132,132,3377,89
q85,RESEARCH_SUMMARY_TEXT,8,4225,4068,41075,0.9524,0.911,0.7254,0.4698,0.9904,0.955,0.763,0.4884,112,113,3849,61
q85,RESEARCH_SUMMARY_TEXT,9,2248,2183,31130,0.9493,0.8261,0.512,0.2211,0.9803,0.8534,0.5286,0.2281,78,78,1857,48
q85,RESEARCH_SUMMARY_TEXT,10,2304,2240,34067,0.9071,0.7743,0.4223,0.1237,0.9375,0.7996,0.4353,0.1272,78,78,1784,67
q85,RESEARCH_SUMMARY_TEXT,11,2780,2699,31847,0.9147,0.7554,0.2486,0.0482,0.9348,0.7803,0.256,0.0496,68,68,2100,79
q85,RESEARCH_SUMMARY_TEXT,12,3017,2936,35304,0.9324,0.7985,0.42,0.1256,0.9595,0.8239,0.4322,0.1294,105,105,2409,65
q85,RESEARCH_SUMMARY_TEXT,13,2973,2900,40266,0.9543,0.8776,0.5126,0.1944,0.9776,0.9083,0.5259,0.1993,105,105,2609,65
q85,RESEARCH_SUMMARY_TEXT,14,3435,3378,33572,0.9755,0.938,0.7272,0.4664,0.9932,0.9553,0.7395,0.4739,123,123,3222,47
q85,RESEARCH_SUMMARY_TEXT,15,3458,3304,31754,0.8939,0.8071,0.5587,0.1857,0.9386,0.8462,0.5847,0.1943,90,90,2791,71
q85,RESEARCH_SUMMARY_TEXT,16,3765,3585,35829,0.9299,0.8465,0.5772,0.2741,0.9757,0.8923,0.5983,0.2873,105,105,3187,76
q85,RESEARCH_SUMMARY_TEXT,17,3185,2973,30781,0.9099,0.8452,0.6214,0.254,0.9849,0.9223,0.6885,0.3165,68,68,2692,69
q85,FINAL_REPORT_MARKDOWN,0,26223,11576,59651,0.9759,0.9619,0.9174,0.849,0.9795,0.9675,0.8911,0.7161,214,214,25225,254
q86,RESEARCH_SUMMARY_TEXT,0,1191,1141,40742,0.9395,0.8178,0.6264,0.309,0.972,0.8563,0.6556,0.3234,117,117,974,23
q86,RESEARCH_SUMMARY_TEXT,1,1253,1188,32126,0.913,0.7598,0.4102,0.1261,0.9487,0.8056,0.4327,0.133,117,117,952,27
q86,RESEARCH_SUMMARY_TEXT,2,2219,2066,38456,0.9365,0.8166,0.5345,0.0888,0.956,0.8766,0.5697,0.1104,117,117,1812,55
q86,RESEARCH_SUMMARY_TEXT,3,3423,3058,40903,0.927,0.7774,0.4607,0.0768,0.965,0.88,0.5298,0.0847,38,38,2661,83
q86,RESEARCH_SUMMARY_TEXT,4,3505,3213,37061,0.9078,0.7589,0.42,0.1461,0.9424,0.8058,0.4585,0.1696,63,63,2660,87
q86,RESEARCH_SUMMARY_TEXT,5,3747,3514,48544,0.9359,0.8204,0.4572,0.1022,0.9633,0.8682,0.4866,0.1093,57,58,3074,100
q86,RESEARCH_SUMMARY_TEXT,6,3850,3594,53041,0.9049,0.7914,0.4914,0.1036,0.9669,0.8581,0.5428,0.1107,57,98,3047,85
q86,RESEARCH_SUMMARY_TEXT,7,4084,3691,37008,0.9214,0.8524,0.5769,0.252,0.9954,0.9553,0.6966,0.3224,86,98,3481,102
q86,RESEARCH_SUMMARY_TEXT,8,4359,4012,42037,0.9316,0.7779,0.4233,0.1181,0.9589,0.8367,0.4462,0.1181,82,82,3391,109
q86,FINAL_REPORT_MARKDOWN,0,17620,10291,31928,0.9709,0.9423,0.8297,0.6957,0.9784,0.9314,0.7323,0.533,152,141,16604,205
q87,RESEARCH_SUMMARY_TEXT,0,1287,1286,31072,0.9798,0.7941,0.4056,0.1119,0.9774,0.7947,0.4059,0.112,42,42,1022,26
q87,RESEARCH_SUMMARY_TEXT,1,1412,1406,44454,0.9979,0.9348,0.7188,0.4618,0.9993,0.941,0.7262,0.463,123,123,1320,22
q87,RESEARCH_SUMMARY_TEXT,2,2068,2064,29189,0.9608,0.8317,0.545,0.1417,0.9627,0.8338,0.5451,0.142,75,75,1720,48
q87,RESEARCH_SUMMARY_TEXT,3,2204,2140,37302,0.9496,0.853,0.6025,0.3194,0.978,0.8771,0.6215,0.3294,86,86,1880,51
q87,RESEARCH_SUMMARY_TEXT,4,2317,2189,54377,0.9396,0.8921,0.5162,0.1761,0.9872,0.9402,0.5464,0.2001,82,82,2067,45
q87,RESEARCH_SUMMARY_TEXT,5,2409,2345,39986,0.9381,0.7713,0.4002,0.0735,0.9672,0.7974,0.4188,0.0755,104,104,1858,59
q87,RESEARCH_SUMMARY_TEXT,6,2958,2877,44998,0.9635,0.8864,0.4757,0.0862,0.9899,0.9107,0.4915,0.0886,75,75,2622,64
q87,RESEARCH_SUMMARY_TEXT,7,4173,4010,52374,0.9554,0.8797,0.5188,0.2487,0.987,0.9207,0.5416,0.2589,151,151,3671,71
q87,RESEARCH_SUMMARY_TEXT,8,4180,3945,52343,0.9263,0.8333,0.4644,0.1215,0.9767,0.8819,0.4956,0.1366,104,104,3483,96
q87,RESEARCH_SUMMARY_TEXT,9,920,920,32866,0.9859,0.8728,0.512,0.2457,0.9859,0.8728,0.512,0.2457,101,101,803,22
q87,RESEARCH_SUMMARY_TEXT,10,1771,1706,35106,0.9396,0.8521,0.5421,0.2292,0.9795,0.8921,0.5727,0.2409,101,101,1509,37
q87,RESEARCH_SUMMARY_TEXT,11,2173,2092,49528,0.9503,0.8408,0.468,0.1381,0.979,0.8762,0.4804,0.1439,89,89,1827,53
q87,RESEARCH_SUMMARY_TEXT,12,2414,2264,44098,0.9482,0.8215,0.4656,0.1454,0.9837,0.8869,0.5292,0.1692,53,93,1983,67
q87,RESEARCH_SUMMARY_TEXT,13,2638,2575,40877,0.9443,0.7991,0.3836,0.1061,0.9709,0.8264,0.3915,0.1087,51,51,2108,66
q87,RESEARCH_SUMMARY_TEXT,14,2105,1928,44434,0.9359,0.8428,0.5026,0.0508,0.9881,0.9217,0.6203,0.0913,64,64,1774,60
q87,RESEARCH_SUMMARY_TEXT,15,2886,2772,45167,0.955,0.8562,0.5121,0.1511,0.9802,0.8896,0.5253,0.158,62,62,2471,73
q87,RESEARCH_SUMMARY_TEXT,16,3456,3260,50450,0.9317,0.8406,0.4682,0.1065,0.9807,0.8896,0.4994,0.1031,43,43,2905,84
q87,RESEARCH_SUMMARY_TEXT,17,4457,4199,50535,0.9255,0.8371,0.5654,0.2901,0.9759,0.8935,0.5954,0.3077,102,102,3731,79
q87,RESEARCH_SUMMARY_TEXT,18,2205,2086,38925,0.9084,0.7324,0.273,0.0435,0.965,0.779,0.29,0.047,33,33,1615,67
q87,RESEARCH_SUMMARY_TEXT,19,2765,2692,45413,0.9693,0.8944,0.5805,0.289,0.9881,0.9246,0.6081,0.2987,115,116,2473,58
q87,RESEARCH_SUMMARY_TEXT,20,2846,2704,46943,0.9473,0.8956,0.6114,0.1918,0.9963,0.9512,0.6579,0.206,121,121,2549,47
q87,RESEARCH_SUMMARY_TEXT,21,3277,3101,44729,0.9503,0.9081,0.7284,0.4681,0.9897,0.95,0.7691,0.496,121,121,2976,51
q87,RESEARCH_SUMMARY_TEXT,22,3342,3161,41783,0.9324,0.8384,0.5212,0.1688,0.987,0.889,0.5565,0.1784,56,54,2802,81
q87,RESEARCH_SUMMARY_TEXT,23,3233,3064,46291,0.9344,0.8491,0.5623,0.1114,0.9631,0.8835,0.5911,0.1175,58,58,2745,72
q87,FINAL_REPORT_MARKDOWN,0,30984,17562,74685,0.9798,0.9736,0.9426,0.8999,0.9944,0.9817,0.938,0.8467,694,537,30165,208
q88,RESEARCH_SUMMARY_TEXT,0,881,879,24871,0.924,0.7934,0.5358,0.2928,0.9249,0.7941,0.5358,0.2924,70,99,699,17
q88,RESEARCH_SUMMARY_TEXT,1,738,736,38441,0.9458,0.7818,0.3984,0.1911,0.9457,0.7812,0.3967,0.1875,70,99,577,19
q88,RESEARCH_SUMMARY_TEXT,2,1132,1130,36998,0.9814,0.9055,0.538,0.2712,0.9814,0.9053,0.5372,0.2699,70,99,1025,30
q88,RESEARCH_SUMMARY_TEXT,3,2149,2099,21543,0.9148,0.6882,0.2987,0.0586,0.9381,0.7046,0.293,0.06,84,84,1479,66
q88,RESEARCH_SUMMARY_TEXT,4,1977,1918,34898,0.9165,0.7016,0.2903,0.083,0.939,0.7237,0.3019,0.0845,83,83,1387,53
q88,RESEARCH_SUMMARY_TEXT,5,2175,2109,30492,0.9131,0.7269,0.3582,0.1278,0.9407,0.753,0.3689,0.1375,38,82,1581,66
q88,RESEARCH_SUMMARY_TEXT,6,1818,1813,36181,0.9719,0.8383,0.4235,0.1232,0.9763,0.8428,0.4231,0.1241,53,53,1524,44
q88,RESEARCH_SUMMARY_TEXT,7,2654,2571,35028,0.8915,0.6952,0.2732,0.0818,0.9172,0.7168,0.275,0.0887,42,82,1845,83
q88,RESEARCH_SUMMARY_TEXT,8,3254,3171,42326,0.9416,0.7873,0.3599,0.1122,0.9656,0.8064,0.3633,0.1189,42,82,2562,82
q88,FINAL_REPORT_MARKDOWN,0,11364,6463,21492,0.9561,0.8894,0.7122,0.559,0.9584,0.858,0.5615,0.3036,143,124,10107,194
q89,RESEARCH_SUMMARY_TEXT,0,2168,2118,38376,0.9562,0.8639,0.4732,0.0982,0.9769,0.8919,0.4995,0.102,52,52,1873,58
q89,RESEARCH_SUMMARY_TEXT,1,2012,1951,47087,0.919,0.7793,0.3027,0.0487,0.9436,0.8032,0.3106,0.0502,38,38,1568,52
q89,RESEARCH_SUMMARY_TEXT,2,2523,2482,25283,0.9076,0.6809,0.2992,0.048,0.9239,0.695,0.3042,0.0488,47,47,1718,77
q89,RESEARCH_SUMMARY_TEXT,3,2786,2728,30639,0.9401,0.7994,0.3625,0.1084,0.9556,0.8171,0.3706,0.1107,66,66,2227,73
q89,RESEARCH_SUMMARY_TEXT,4,3103,3006,46686,0.98,0.8914,0.4985,0.098,0.9874,0.9135,0.5186,0.1011,70,70,2766,64
q89,RESEARCH_SUMMARY_TEXT,5,2992,2866,40929,0.9278,0.7874,0.4064,0.0668,0.9731,0.8325,0.4292,0.0806,54,54,2356,82
q89,RESEARCH_SUMMARY_TEXT,6,3340,3166,35115,0.9243,0.8728,0.5865,0.2317,0.9795,0.9277,0.6393,0.2767,113,113,2915,81
q89,RESEARCH_SUMMARY_TEXT,7,3000,2873,45220,0.952,0.8447,0.3673,0.061,0.9788,0.8764,0.3905,0.0721,44,52,2534,75
q89,RESEARCH_SUMMARY_TEXT,8,3470,3322,38918,0.9337,0.8723,0.4746,0.1285,0.9768,0.9133,0.4952,0.1334,105,105,3027,68
q89,RESEARCH_SUMMARY_TEXT,9,747,747,20047,0.8876,0.6145,0.2021,0.1325,0.8876,0.6145,0.2021,0.1325,68,68,459,26
q89,RESEARCH_SUMMARY_TEXT,10,887,887,28328,0.9278,0.7396,0.3236,0.1026,0.9278,0.7396,0.3236,0.1026,50,50,656,29
q89,RESEARCH_SUMMARY_TEXT,11,2040,1990,33224,0.9843,0.9025,0.5299,0.1039,0.9859,0.9101,0.5216,0.1025,57,57,1841,38
q89,RESEARCH_SUMMARY_TEXT,12,1912,1885,35650,0.9738,0.8421,0.4498,0.1412,0.9798,0.8467,0.4541,0.1427,45,45,1610,51
q89,RESEARCH_SUMMARY_TEXT,13,2043,2017,45867,0.9838,0.8693,0.5453,0.1654,0.9861,0.8736,0.5419,0.1676,60,60,1776,46
q89,RESEARCH_SUMMARY_TEXT,14,2282,2255,17540,0.9321,0.7791,0.4645,0.2502,0.945,0.7876,0.4683,0.2514,80,80,1778,55
q89,RESEARCH_SUMMARY_TEXT,15,2803,2747,45870,0.9797,0.9055,0.4952,0.0974,0.9913,0.9232,0.4987,0.1001,57,57,2538,54
q89,RESEARCH_SUMMARY_TEXT,16,2762,2651,35295,0.9707,0.8899,0.5424,0.1336,0.9842,0.9166,0.5534,0.1162,68,68,2458,48
q89,RESEARCH_SUMMARY_TEXT,17,3496,3238,39876,0.8982,0.7606,0.3767,0.0721,0.9796,0.8357,0.4509,0.1038,60,60,2659,98
q89,RESEARCH_SUMMARY_TEXT,18,1645,1642,27621,0.9471,0.8018,0.3483,0.1064,0.947,0.8021,0.3459,0.1066,45,45,1319,48
q89,RESEARCH_SUMMARY_TEXT,19,1752,1720,42549,0.96,0.7928,0.3642,0.0634,0.9721,0.8064,0.3727,0.0645,37,37,1389,48
q89,RESEARCH_SUMMARY_TEXT,20,1211,1200,39431,0.9637,0.9067,0.4608,0.1453,0.9692,0.9117,0.465,0.1467,108,108,1098,22
q89,RESEARCH_SUMMARY_TEXT,21,3249,3065,35214,0.9403,0.8824,0.655,0.3084,0.9886,0.9367,0.7038,0.3282,120,121,2867,61
q89,RESEARCH_SUMMARY_TEXT,22,3184,2964,49750,0.9375,0.8103,0.4337,0.0744,0.9747,0.8516,0.4656,0.0955,54,43,2580,89
q89,RESEARCH_SUMMARY_TEXT,23,3454,3294,37363,0.9114,0.7574,0.3648,0.053,0.952,0.7954,0.3849,0.0556,45,45,2616,92
q89,RESEARCH_SUMMARY_TEXT,24,3566,3395,43151,0.9296,0.8421,0.4089,0.1568,0.9735,0.8919,0.4342,0.1644,108,108,3003,82
q89,RESEARCH_SUMMARY_TEXT,25,3078,2999,35610,0.9431,0.8181,0.3821,0.1608,0.964,0.8379,0.3905,0.1651,108,108,2518,70
q89,RESEARCH_SUMMARY_TEXT,26,3751,3594,45667,0.9453,0.8648,0.4769,0.1245,0.9869,0.9065,0.4992,0.1297,64,64,3244,84
q89,FINAL_REPORT_MARKDOWN,0,26585,11585,79774,0.9683,0.944,0.8459,0.6931,0.9772,0.9478,0.7874,0.5641,126,406,25095,393
q90,RESEARCH_SUMMARY_TEXT,0,1869,1867,44668,0.9968,0.9096,0.5543,0.2622,0.9968,0.9143,0.5554,0.2625,75,75,1700,28
q90,RESEARCH_SUMMARY_TEXT,1,2406,2358,46283,0.963,0.899,0.5665,0.2847,0.983,0.9177,0.5776,0.2909,97,98,2163,45
q90,RESEARCH_SUMMARY_TEXT,2,2604,2459,45925,0.9228,0.8222,0.4324,0.0964,0.976,0.8719,0.4587,0.1021,66,66,2141,65
q90,RESEARCH_SUMMARY_TEXT,3,3343,3251,50245,0.953,0.8567,0.5378,0.0897,0.9809,0.8807,0.5546,0.0932,50,51,2864,63
q90,RESEARCH_SUMMARY_TEXT,4,3295,3180,47069,0.9618,0.9156,0.6358,0.3396,0.9868,0.945,0.6585,0.3418,107,107,3017,55
q90,RESEARCH_SUMMARY_TEXT,5,3395,3231,47708,0.9378,0.8445,0.4739,0.1146,0.9864,0.8942,0.4968,0.1204,56,56,2867,81
q90,RESEARCH_SUMMARY_TEXT,6,3663,3443,45935,0.9378,0.8537,0.4679,0.1193,0.9771,0.8978,0.4877,0.1266,38,38,3127,84
q90,RESEARCH_SUMMARY_TEXT,7,4357,4149,43492,0.9357,0.8398,0.5118,0.0537,0.979,0.8829,0.5356,0.0564,38,38,3659,95
q90,RESEARCH_SUMMARY_TEXT,8,2138,2087,53327,0.9448,0.841,0.4097,0.073,0.9765,0.8668,0.4293,0.0747,43,43,1798,53
q90,RESEARCH_SUMMARY_TEXT,9,1002,1002,35296,0.98,0.9012,0.4351,0.0828,0.98,0.9012,0.4351,0.0828,50,50,903,15
q90,RESEARCH_SUMMARY_TEXT,10,3081,3000,38421,0.9546,0.8562,0.5339,0.307,0.9677,0.8817,0.549,0.3157,128,128,2638,72
q90,RESEARCH_SUMMARY_TEXT,11,2926,2744,28690,0.8951,0.7656,0.2679,0.0277,0.9483,0.8222,0.2923,0.0295,40,40,2240,78
q90,RESEARCH_SUMMARY_TEXT,12,2967,2892,46225,0.9447,0.8274,0.5211,0.208,0.9734,0.8513,0.5422,0.2137,75,75,2455,72
q90,RESEARCH_SUMMARY_TEXT,13,4014,3854,47504,0.9469,0.9043,0.6871,0.3812,0.9862,0.9486,0.725,0.41,113,114,3630,63
q90,RESEARCH_SUMMARY_TEXT,14,3516,3251,42347,0.8928,0.7557,0.2935,0.0694,0.9539,0.825,0.3273,0.0751,40,40,2657,101
q90,RESEARCH_SUMMARY_TEXT,15,4066,3877,33482,0.9279,0.7951,0.3106,0.0322,0.9546,0.8267,0.3304,0.0338,36,36,3233,109
q90,RESEARCH_SUMMARY_TEXT,16,4935,4736,51855,0.9587,0.9078,0.6594,0.5078,0.9935,0.9445,0.6875,0.5264,254,252,4480,71
q90,RESEARCH_SUMMARY_TEXT,17,3796,3714,51039,0.9576,0.8959,0.5411,0.1683,0.9849,0.9233,0.5579,0.1729,63,63,3401,74
q90,RESEARCH_SUMMARY_TEXT,18,1878,1799,33436,0.9207,0.7891,0.3845,0.0927,0.9622,0.8266,0.393,0.0967,103,103,1482,50
q90,RESEARCH_SUMMARY_TEXT,19,2338,2257,52068,0.9726,0.8828,0.482,0.0817,0.9774,0.9065,0.4887,0.0855,46,46,2064,55
q90,RESEARCH_SUMMARY_TEXT,20,3026,2834,36134,0.8962,0.7826,0.3424,0.0843,0.9534,0.8335,0.3666,0.09,113,113,2368,76
q90,RESEARCH_SUMMARY_TEXT,21,3166,3102,46221,0.963,0.8989,0.6497,0.3117,0.9865,0.923,0.6647,0.3188,95,95,2846,56
q90,RESEARCH_SUMMARY_TEXT,22,2845,2662,50446,0.9346,0.825,0.4221,0.0573,0.9741,0.8708,0.4474,0.0612,42,42,2347,65
q90,RESEARCH_SUMMARY_TEXT,23,2873,2791,44841,0.9234,0.7912,0.2823,0.0473,0.9455,0.8173,0.2909,0.0487,136,136,2273,75
q90,RESEARCH_SUMMARY_TEXT,24,3270,3188,44717,0.9547,0.8905,0.5511,0.2434,0.9809,0.9216,0.5734,0.2604,103,103,2912,53
q90,RESEARCH_SUMMARY_TEXT,25,4016,3827,38431,0.9223,0.7751,0.2634,0.0296,0.966,0.8176,0.2848,0.0311,49,49,3113,100
q90,RESEARCH_SUMMARY_TEXT,26,5406,5138,47492,0.9321,0.8505,0.5977,0.2741,0.9842,0.905,0.6372,0.3023,122,122,4598,111
q90,FINAL_REPORT_MARKDOWN,0,23854,10377,97106,0.9793,0.9726,0.9279,0.8744,0.9845,0.9714,0.8899,0.7627,281,281,23201,201
q91,RESEARCH_SUMMARY_TEXT,0,1113,1113,10852,0.8257,0.4555,0.1132,0.0,0.8257,0.4555,0.1132,0.0,27,27,507,34
q91,RESEARCH_SUMMARY_TEXT,1,1771,1744,12057,0.9159,0.7363,0.2981,0.0723,0.9295,0.7552,0.3286,0.0734,52,52,1304,62
q91,RESEARCH_SUMMARY_TEXT,2,2323,2192,14898,0.8106,0.6608,0.2906,0.0521,0.8631,0.7071,0.3093,0.0552,46,46,1535,76
q91,RESEARCH_SUMMARY_TEXT,3,2652,2534,23728,0.8386,0.6557,0.2138,0.0283,0.8891,0.6993,0.2277,0.0296,44,44,1739,83
q91,RESEARCH_SUMMARY_TEXT,4,2381,2340,18743,0.916,0.7152,0.273,0.0487,0.9342,0.7346,0.2778,0.0496,45,45,1703,73
q91,RESEARCH_SUMMARY_TEXT,5,1840,1754,30781,0.8315,0.5989,0.1728,0.0,0.8712,0.63,0.1819,0.0,28,28,1102,64
q91,RESEARCH_SUMMARY_TEXT,6,2585,2476,31536,0.8592,0.6325,0.2584,0.0677,0.8942,0.6632,0.2698,0.0707,40,40,1635,80
q91,RESEARCH_SUMMARY_TEXT,7,2707,2651,32196,0.9265,0.7185,0.3365,0.1153,0.9495,0.7401,0.3508,0.1181,38,39,1945,75
q91,RESEARCH_SUMMARY_TEXT,8,3581,3425,30028,0.8185,0.5993,0.255,0.0852,0.8546,0.6359,0.2882,0.0891,51,51,2146,116
q91,RESEARCH_SUMMARY_TEXT,9,1149,1128,2996,0.6997,0.4883,0.3299,0.1793,0.7137,0.4973,0.336,0.1826,54,54,561,26
q91,RESEARCH_SUMMARY_TEXT,10,1148,1137,18355,0.8885,0.7378,0.3946,0.1368,0.8989,0.7458,0.3993,0.1381,59,59,847,33
q91,RESEARCH_SUMMARY_TEXT,11,1330,1328,12022,0.8609,0.6466,0.2008,0.0286,0.8614,0.6483,0.2011,0.0286,38,38,860,45
q91,RESEARCH_SUMMARY_TEXT,12,1933,1929,28257,0.9767,0.8919,0.6255,0.1862,0.9767,0.8922,0.6242,0.1835,53,53,1724,29
q91,RESEARCH_SUMMARY_TEXT,13,2491,2348,34098,0.8912,0.7142,0.2553,0.0518,0.9489,0.7649,0.2709,0.0549,61,61,1779,74
q91,RESEARCH_SUMMARY_TEXT,14,2574,2476,25031,0.9145,0.7653,0.3551,0.0159,0.9552,0.8074,0.399,0.0166,41,41,1970,85
q91,RESEARCH_SUMMARY_TEXT,15,2489,2205,26973,0.8429,0.6014,0.2326,0.0261,0.9329,0.7179,0.3424,0.0744,35,35,1497,87
q91,RESEARCH_SUMMARY_TEXT,16,3032,2786,37271,0.875,0.7675,0.3684,0.0953,0.9569,0.836,0.4027,0.1034,118,118,2327,88
q91,RESEARCH_SUMMARY_TEXT,17,3119,2961,33070,0.9211,0.7073,0.2725,0.033,0.9679,0.7511,0.3019,0.0449,42,42,2206,95
q91,RESEARCH_SUMMARY_TEXT,18,1240,1235,32486,0.9629,0.7806,0.325,0.0242,0.9668,0.7822,0.3409,0.0243,30,30,968,37
q91,RESEARCH_SUMMARY_TEXT,19,1196,1168,21365,0.8896,0.6095,0.1212,0.0,0.9135,0.6293,0.1378,0.0,21,21,729,39
q91,RESEARCH_SUMMARY_TEXT,20,1392,1390,25596,0.8786,0.6372,0.2708,0.0532,0.8835,0.6388,0.2712,0.0532,43,43,887,48
q91,RESEARCH_SUMMARY_TEXT,21,981,960,16902,0.9123,0.8308,0.4424,0.0428,0.9302,0.85,0.4917,0.0771,42,42,815,30
q91,RESEARCH_SUMMARY_TEXT,22,2589,2413,34796,0.8779,0.7451,0.3975,0.1587,0.9557,0.8061,0.4277,0.1699,79,79,1929,69
q91,RESEARCH_SUMMARY_TEXT,23,987,983,31893,0.9747,0.8612,0.4691,0.0932,0.9746,0.8647,0.4791,0.0936,31,31,850,25
q91,RESEARCH_SUMMARY_TEXT,24,2489,2452,29208,0.9108,0.6428,0.2877,0.0699,0.9258,0.6595,0.2916,0.071,53,53,1600,75
q91,RESEARCH_SUMMARY_TEXT,25,3000,2859,32618,0.9157,0.791,0.4397,0.2377,0.9685,0.8377,0.462,0.2501,113,114,2373,74
q91,RESEARCH_SUMMARY_TEXT,26,2033,1967,32238,0.8962,0.6394,0.1426,0.0,0.9293,0.669,0.1474,0.0,26,26,1300,71
q91,FINAL_REPORT_MARKDOWN,0,26602,13198,66452,0.9802,0.9616,0.9001,0.7965,0.9906,0.9685,0.8477,0.6498,457,457,25580,257
q92,RESEARCH_SUMMARY_TEXT,0,2248,2199,42194,0.9684,0.8852,0.4969,0.1254,0.99,0.9086,0.5098,0.1282,76,76,1990,41
q92,RESEARCH_SUMMARY_TEXT,1,2002,1954,38144,0.966,0.9246,0.7028,0.3551,0.9918,0.955,0.7293,0.3649,125,125,1851,35
q92,RESEARCH_SUMMARY_TEXT,2,2476,2333,39390,0.9293,0.8401,0.4992,0.1288,0.9824,0.9031,0.5336,0.1367,57,58,2080,66
q92,RESEARCH_SUMMARY_TEXT,3,2809,2662,36129,0.9338,0.8701,0.6315,0.2948,0.9808,0.9237,0.6822,0.3137,79,80,2444,53
q92,RESEARCH_SUMMARY_TEXT,4,3267,3203,46131,0.9587,0.8947,0.5586,0.1674,0.9794,0.9138,0.5704,0.1711,49,49,2923,65
q92,RESEARCH_SUMMARY_TEXT,5,3501,3310,36885,0.908,0.7866,0.4284,0.0731,0.9656,0.8411,0.4547,0.0867,51,51,2754,81
q92,RESEARCH_SUMMARY_TEXT,6,3486,3339,46213,0.934,0.8876,0.6581,0.2662,0.9799,0.9326,0.6918,0.2803,81,81,3094,57
q92,RESEARCH_SUMMARY_TEXT,7,3456,3303,42262,0.9421,0.8663,0.5142,0.1736,0.9797,0.9086,0.5543,0.2189,71,71,2994,72
q92,RESEARCH_SUMMARY_TEXT,8,3306,3046,41937,0.9068,0.8288,0.5133,0.2069,0.9875,0.9166,0.5752,0.2308,67,67,2740,81
q92,RESEARCH_SUMMARY_TEXT,9,862,862,32536,0.9594,0.8202,0.406,0.1647,0.9594,0.8202,0.406,0.1647,46,46,707,18
q92,RESEARCH_SUMMARY_TEXT,10,2170,2079,29796,0.9369,0.8516,0.5364,0.2581,0.9779,0.8932,0.5642,0.2713,93,95,1848,49
q92,RESEARCH_SUMMARY_TEXT,11,2074,2010,37928,0.9368,0.8279,0.4672,0.1567,0.9692,0.8562,0.4821,0.1607,73,73,1717,45
q92,RESEARCH_SUMMARY_TEXT,12,2168,2113,41775,0.9502,0.8768,0.6582,0.3639,0.9749,0.8997,0.6768,0.3734,80,80,1901,41
q92,RESEARCH_SUMMARY_TEXT,13,2937,2828,36287,0.9537,0.855,0.6091,0.2802,0.9859,0.8939,0.6376,0.2938,69,69,2511,57
q92,RESEARCH_SUMMARY_TEXT,14,3621,3539,37981,0.9867,0.9368,0.7194,0.3706,0.9949,0.9497,0.7166,0.3789,151,151,3392,44
q92,RESEARCH_SUMMARY_TEXT,15,2525,2460,31971,0.9501,0.8653,0.5291,0.1731,0.976,0.8955,0.5443,0.1776,149,149,2185,52
q92,RESEARCH_SUMMARY_TEXT,16,3728,3447,38754,0.9394,0.8517,0.5389,0.2355,0.9832,0.899,0.5492,0.2565,111,111,3175,86
q92,RESEARCH_SUMMARY_TEXT,17,3602,3290,46577,0.9306,0.8273,0.4653,0.1177,0.9766,0.8948,0.5419,0.155,111,111,2980,84
q92,RESEARCH_SUMMARY_TEXT,18,2942,2808,37932,0.9303,0.809,0.4782,0.0999,0.9786,0.8618,0.5036,0.1043,74,74,2380,69
q92,RESEARCH_SUMMARY_TEXT,19,2507,2425,40882,0.9809,0.9306,0.6917,0.438,0.9942,0.946,0.6969,0.4524,148,148,2333,32
q92,RESEARCH_SUMMARY_TEXT,20,2123,2074,33954,0.9538,0.8705,0.4885,0.1898,0.9662,0.893,0.501,0.1794,73,73,1848,58
q92,RESEARCH_SUMMARY_TEXT,21,3109,2943,32257,0.9161,0.7993,0.4284,0.1238,0.9467,0.8349,0.4444,0.1308,97,97,2485,78
q92,RESEARCH_SUMMARY_TEXT,22,2897,2791,34080,0.9475,0.8847,0.6182,0.2982,0.9875,0.9248,0.6428,0.3099,80,80,2563,54
q92,RESEARCH_SUMMARY_TEXT,23,3455,3258,36662,0.8831,0.7253,0.2805,0.1184,0.9312,0.771,0.2922,0.1255,97,97,2506,89
q92,FINAL_REPORT_MARKDOWN,0,13036,10623,77198,0.9768,0.9526,0.8745,0.7577,0.9875,0.9703,0.8918,0.7389,317,293,12418,137
q93,RESEARCH_SUMMARY_TEXT,0,2121,1866,34076,0.8067,0.6789,0.2428,0.0,0.9121,0.7781,0.2851,0.0,29,29,1440,64
q93,RESEARCH_SUMMARY_TEXT,1,3234,2993,49174,0.9403,0.8262,0.5538,0.0983,0.9733,0.8744,0.5436,0.1069,52,52,2672,80
q93,RESEARCH_SUMMARY_TEXT,2,2657,2454,52834,0.9413,0.8623,0.5514,0.1453,0.9784,0.9022,0.5974,0.1728,53,72,2291,61
q93,RESEARCH_SUMMARY_TEXT,3,2959,2723,48921,0.9348,0.8797,0.5755,0.124,0.9879,0.949,0.6474,0.1601,45,67,2603,77
q93,RESEARCH_SUMMARY_TEXT,4,3766,3583,28679,0.9344,0.8335,0.478,0.1482,0.9646,0.8635,0.499,0.1652,99,99,3139,90
q93,RESEARCH_SUMMARY_TEXT,5,3192,3009,43567,0.9527,0.8784,0.5335,0.1125,0.9734,0.9103,0.5749,0.105,54,54,2804,74
q93,RESEARCH_SUMMARY_TEXT,6,3645,3517,34739,0.9202,0.7309,0.2658,0.0099,0.9574,0.7626,0.2761,0.0102,36,36,2664,117
q93,RESEARCH_SUMMARY_TEXT,7,3982,3769,45957,0.9458,0.8388,0.4771,0.1072,0.9846,0.8814,0.5102,0.1128,53,53,3340,96
q93,RESEARCH_SUMMARY_TEXT,8,6423,5960,49916,0.9176,0.7954,0.43,0.0522,0.9513,0.8384,0.4362,0.0564,67,67,5109,153
q93,FINAL_REPORT_MARKDOWN,0,19442,11094,36356,0.9811,0.9592,0.8834,0.7775,0.9817,0.9454,0.8222,0.6112,233,233,18649,173
q94,RESEARCH_SUMMARY_TEXT,0,1259,1258,41766,0.9968,0.9627,0.6354,0.3717,0.9984,0.965,0.6359,0.372,76,76,1212,11
q94,RESEARCH_SUMMARY_TEXT,1,1754,1689,31665,0.9361,0.8769,0.6135,0.2275,0.9704,0.9082,0.6495,0.2374,79,79,1538,29
q94,RESEARCH_SUMMARY_TEXT,2,1743,1676,34940,0.9478,0.8927,0.5743,0.1974,0.9761,0.926,0.5949,0.207,56,56,1556,29
q94,RESEARCH_SUMMARY_TEXT,3,1999,1955,39782,0.9775,0.8934,0.6498,0.2201,0.9918,0.91,0.6655,0.2251,47,47,1786,39
q94,RESEARCH_SUMMARY_TEXT,4,1893,1764,30068,0.887,0.7734,0.4231,0.1204,0.9592,0.8345,0.4552,0.1293,50,50,1464,41
q94,RESEARCH_SUMMARY_TEXT,5,2294,2250,44789,0.976,0.8915,0.4555,0.0894,0.9858,0.9164,0.4729,0.0911,130,130,2045,45
q94,RESEARCH_SUMMARY_TEXT,6,2329,2248,39800,0.9433,0.836,0.3937,0.0494,0.9742,0.8679,0.4106,0.0645,79,79,1947,51
q94,RESEARCH_SUMMARY_TEXT,7,2579,2460,36266,0.9403,0.8744,0.5498,0.3494,0.9801,0.9228,0.5939,0.3797,99,99,2255,50
q94,RESEARCH_SUMMARY_TEXT,8,3264,3182,49407,0.9691,0.9087,0.5852,0.1247,0.9855,0.9299,0.6015,0.1279,79,79,2966,53
q94,FINAL_REPORT_MARKDOWN,0,17396,10859,23854,0.9176,0.8463,0.6929,0.4597,0.9752,0.9219,0.7578,0.5094,137,312,14722,436
q95,RESEARCH_SUMMARY_TEXT,0,944,944,34868,0.9566,0.7426,0.3093,0.0,0.9566,0.7426,0.3093,0.0,28,28,701,27
q95,RESEARCH_SUMMARY_TEXT,1,1618,1615,41345,0.9845,0.8325,0.3554,0.0389,0.9814,0.8359,0.356,0.039,63,63,1347,39
q95,RESEARCH_SUMMARY_TEXT,2,1440,1404,35458,0.9431,0.8361,0.4431,0.1222,0.9623,0.8554,0.4509,0.1261,57,57,1204,30
q95,RESEARCH_SUMMARY_TEXT,3,2314,2249,41260,0.9568,0.8332,0.4754,0.1076,0.9715,0.8573,0.4887,0.1107,63,63,1928,50
q95,RESEARCH_SUMMARY_TEXT,4,2863,2752,44997,0.9148,0.7761,0.3178,0.0657,0.9586,0.8107,0.3314,0.0683,44,44,2222,85
q95,RESEARCH_SUMMARY_TEXT,5,2630,2557,30244,0.9817,0.9217,0.7399,0.5011,0.9867,0.9214,0.7505,0.5018,216,214,2424,34
q95,RESEARCH_SUMMARY_TEXT,6,3225,3101,44846,0.9417,0.8078,0.3529,0.058,0.9755,0.8407,0.3683,0.0603,44,44,2605,80
q95,RESEARCH_SUMMARY_TEXT,7,3958,3801,41264,0.9151,0.7534,0.2408,0.0465,0.9571,0.7903,0.2512,0.0484,81,81,2982,115
q95,RESEARCH_SUMMARY_TEXT,8,4076,3935,39805,0.9097,0.6771,0.2318,0.0518,0.9479,0.7121,0.2445,0.0536,105,105,2760,132
q95,FINAL_REPORT_MARKDOWN,0,12785,8601,26899,0.9733,0.9473,0.8722,0.7524,0.9864,0.9513,0.8519,0.7015,327,344,12111,112
q96,RESEARCH_SUMMARY_TEXT,0,2533,2434,44715,0.9657,0.8827,0.5338,0.1741,0.993,0.9195,0.5678,0.1935,98,98,2236,49
q96,RESEARCH_SUMMARY_TEXT,1,2943,2813,41670,0.965,0.8733,0.5341,0.2674,0.9893,0.9054,0.5521,0.2691,95,95,2570,52
q96,RESEARCH_SUMMARY_TEXT,2,3238,3156,49710,0.9809,0.9308,0.7498,0.4855,0.9914,0.9426,0.762,0.4959,172,172,3014,48
q96,RESEARCH_SUMMARY_TEXT,3,3115,3016,40356,0.9612,0.8886,0.5888,0.3432,0.9907,0.9198,0.6117,0.3551,95,95,2768,61
q96,RESEARCH_SUMMARY_TEXT,4,3201,3084,47848,0.9675,0.9122,0.691,0.3299,0.9906,0.9439,0.7127,0.3606,98,98,2920,51
q96,RESEARCH_SUMMARY_TEXT,5,2712,2630,42940,0.9871,0.9421,0.7083,0.26,0.9977,0.949,0.7232,0.2669,70,70,2555,36
q96,RESEARCH_SUMMARY_TEXT,6,2501,2328,41669,0.9548,0.8541,0.5674,0.1339,0.9781,0.9089,0.607,0.1435,95,95,2136,62
q96,RESEARCH_SUMMARY_TEXT,7,4907,4383,43771,0.8765,0.7952,0.4542,0.1924,0.9749,0.8928,0.514,0.2156,71,71,3902,117
q96,RESEARCH_SUMMARY_TEXT,8,6043,5598,55838,0.9591,0.857,0.5001,0.1297,0.9846,0.928,0.5438,0.1397,88,88,5179,122
q96,FINAL_REPORT_MARKDOWN,0,18490,13092,34994,0.9711,0.9512,0.8728,0.7602,0.9835,0.9573,0.856,0.7085,303,304,17587,175
q97,RESEARCH_SUMMARY_TEXT,0,2108,2052,31625,0.9578,0.8819,0.556,0.324,0.9873,0.9098,0.5721,0.3333,94,94,1859,41
q97,RESEARCH_SUMMARY_TEXT,1,1535,1519,38786,0.9752,0.8866,0.6697,0.3928,0.9882,0.9065,0.6774,0.3963,116,115,1361,25
q97,RESEARCH_SUMMARY_TEXT,2,2237,2133,43365,0.9307,0.8726,0.5087,0.186,0.9827,0.9165,0.5434,0.196,66,66,1952,46
q97,RESEARCH_SUMMARY_TEXT,3,2258,2042,36036,0.9296,0.8361,0.5115,0.1683,0.9868,0.931,0.6048,0.2292,65,111,1888,58
q97,RESEARCH_SUMMARY_TEXT,4,2223,2187,39485,0.9564,0.8925,0.5515,0.179,0.979,0.9118,0.562,0.182,62,62,1984,39
q97,RESEARCH_SUMMARY_TEXT,5,3009,2874,33808,0.9661,0.8677,0.5656,0.237,0.9857,0.9088,0.5971,0.2373,109,110,2611,68
q97,RESEARCH_SUMMARY_TEXT,6,3955,3841,51035,0.9595,0.8951,0.5752,0.1671,0.9844,0.9219,0.5946,0.1721,51,51,3540,74
q97,RESEARCH_SUMMARY_TEXT,7,3335,2902,45471,0.8216,0.7403,0.5025,0.0573,0.9759,0.9139,0.7167,0.1833,37,93,2469,112
q97,RESEARCH_SUMMARY_TEXT,8,4031,3461,30099,0.7011,0.4766,0.32,0.1496,0.8266,0.5669,0.3817,0.1789,88,88,1921,91
q97,FINAL_REPORT_MARKDOWN,0,9870,7385,29419,0.9725,0.923,0.7791,0.5903,0.9805,0.916,0.73,0.4794,229,229,9110,126
q98,RESEARCH_SUMMARY_TEXT,0,864,864,44805,0.9861,0.9572,0.7072,0.2512,0.9861,0.9572,0.7072,0.2512,86,86,827,10
q98,RESEARCH_SUMMARY_TEXT,1,1976,1919,36334,0.9519,0.8664,0.4459,0.1569,0.9745,0.8932,0.4758,0.1615,86,86,1712,40
q98,RESEARCH_SUMMARY_TEXT,2,2393,2328,41573,0.985,0.883,0.5612,0.2035,0.988,0.9025,0.5773,0.2092,86,86,2113,45
q98,RESEARCH_SUMMARY_TEXT,3,2505,2375,37583,0.9301,0.8303,0.5561,0.2144,0.9752,0.8851,0.5874,0.2261,81,81,2080,57
q98,RESEARCH_SUMMARY_TEXT,4,2716,2598,45343,0.9326,0.8546,0.4731,0.1285,0.9731,0.8995,0.4969,0.1343,81,81,2321,55
q98,RESEARCH_SUMMARY_TEXT,5,2608,2453,43784,0.944,0.8286,0.4095,0.0717,0.9898,0.8887,0.4378,0.0754,81,81,2161,63
q98,RESEARCH_SUMMARY_TEXT,6,2688,2412,39228,0.885,0.801,0.3914,0.0952,0.9722,0.8947,0.4196,0.1074,50,50,2153,74
q98,RESEARCH_SUMMARY_TEXT,7,3121,2845,38154,0.8827,0.7709,0.3957,0.0439,0.9715,0.8531,0.4527,0.0482,37,37,2406,73
q98,RESEARCH_SUMMARY_TEXT,8,3659,3197,35269,0.8237,0.5357,0.2025,0.0377,0.853,0.6146,0.2337,0.0444,39,39,1960,122
q98,RESEARCH_SUMMARY_TEXT,9,1489,1487,42791,0.9893,0.9134,0.4882,0.1478,0.9892,0.9159,0.4916,0.1479,66,66,1360,23
q98,RESEARCH_SUMMARY_TEXT,10,1322,1320,22223,0.9115,0.7216,0.41,0.1846,0.9083,0.722,0.3992,0.1583,62,62,954,33
q98,RESEARCH_SUMMARY_TEXT,11,1722,1694,36914,0.9791,0.8618,0.5389,0.0174,0.9847,0.8625,0.5455,0.0177,30,30,1484,39
q98,RESEARCH_SUMMARY_TEXT,12,1987,1983,47245,0.993,0.9305,0.6477,0.2552,0.9929,0.9314,0.6435,0.2557,81,81,1849,28
q98,RESEARCH_SUMMARY_TEXT,13,1903,1900,38125,0.9779,0.8833,0.4346,0.1645,0.9795,0.8879,0.4358,0.1653,62,62,1681,37
q98,RESEARCH_SUMMARY_TEXT,14,2042,1902,46566,0.9104,0.8007,0.4163,0.0509,0.9811,0.8638,0.4574,0.0552,40,40,1635,51
q98,RESEARCH_SUMMARY_TEXT,15,2121,2038,29421,0.9397,0.7874,0.2937,0.066,0.9666,0.8248,0.3091,0.0859,40,43,1670,61
q98,RESEARCH_SUMMARY_TEXT,16,2627,2475,26936,0.9159,0.8215,0.5702,0.2859,0.958,0.8683,0.5855,0.3022,92,91,2158,63
q98,RESEARCH_SUMMARY_TEXT,17,3057,3007,36093,0.9725,0.8839,0.581,0.2149,0.983,0.8966,0.5853,0.2188,57,57,2702,60
q98,RESEARCH_SUMMARY_TEXT,18,935,935,28766,0.9829,0.8481,0.4492,0.0578,0.9829,0.8481,0.4492,0.0578,54,54,793,21
q98,RESEARCH_SUMMARY_TEXT,19,2408,2365,36941,0.9655,0.8551,0.5478,0.0851,0.9746,0.8643,0.5535,0.0867,45,45,2059,58
q98,RESEARCH_SUMMARY_TEXT,20,1374,1335,29519,0.944,0.7911,0.2918,0.0757,0.9715,0.812,0.3004,0.0779,49,49,1087,43
q98,RESEARCH_SUMMARY_TEXT,21,1915,1743,28595,0.8757,0.6851,0.4115,0.1342,0.9403,0.7476,0.4435,0.1474,70,70,1312,54
q98,RESEARCH_SUMMARY_TEXT,22,1870,1779,29744,0.8979,0.7118,0.3882,0.0642,0.946,0.769,0.4109,0.0675,50,50,1331,52
q98,RESEARCH_SUMMARY_TEXT,23,2847,2662,42170,0.9452,0.8637,0.5992,0.1423,0.9899,0.9042,0.6382,0.1409,101,101,2459,60
q98,RESEARCH_SUMMARY_TEXT,24,2814,2665,29240,0.9595,0.8138,0.4638,0.1091,0.9722,0.8623,0.5099,0.1208,109,123,2290,70
q98,RESEARCH_SUMMARY_TEXT,25,2821,2595,43200,0.8894,0.7664,0.2946,0.0861,0.9638,0.8343,0.3276,0.0936,46,46,2162,81
q98,RESEARCH_SUMMARY_TEXT,26,3950,3649,41105,0.9175,0.7696,0.339,0.0215,0.9622,0.8265,0.3716,0.0233,49,49,3040,108
q98,FINAL_REPORT_MARKDOWN,0,14578,10404,73906,0.9909,0.9622,0.9,0.7718,0.9848,0.9641,0.8746,0.7087,569,568,14027,109
q99,RESEARCH_SUMMARY_TEXT,0,958,958,35824,0.9812,0.9092,0.4582,0.0908,0.9812,0.9092,0.4582,0.0908,55,55,871,19
q99,RESEARCH_SUMMARY_TEXT,1,1113,1113,41674,0.9901,0.9443,0.6936,0.4169,0.9901,0.9443,0.6936,0.4169,127,127,1051,13
q99,RESEARCH_SUMMARY_TEXT,2,1144,1144,37312,0.9956,0.9703,0.8086,0.3392,0.9956,0.9703,0.8086,0.3392,60,60,1110,13
q99,RESEARCH_SUMMARY_TEXT,3,1335,1333,36604,0.994,0.9124,0.5206,0.0854,0.994,0.9115,0.5184,0.0855,51,51,1218,23
q99,RESEARCH_SUMMARY_TEXT,4,1533,1530,45526,0.9896,0.9074,0.5597,0.1089,0.9908,0.9085,0.5601,0.1092,53,53,1391,28
q99,RESEARCH_SUMMARY_TEXT,5,2394,2293,34992,0.9444,0.8893,0.6671,0.2373,0.9834,0.9302,0.703,0.2743,103,104,2129,49
q99,RESEARCH_SUMMARY_TEXT,6,3029,2912,37181,0.9452,0.8765,0.4813,0.1301,0.9828,0.9111,0.501,0.1353,69,69,2655,61
q99,RESEARCH_SUMMARY_TEXT,7,3332,3052,49621,0.9256,0.8619,0.542,0.12,0.9846,0.9391,0.6117,0.1311,72,72,2872,73
q99,RESEARCH_SUMMARY_TEXT,8,3603,3388,43595,0.9428,0.8066,0.3583,0.0377,0.9566,0.8436,0.3766,0.0401,41,41,2906,83
q99,RESEARCH_SUMMARY_TEXT,9,895,895,42314,0.9989,0.8838,0.7061,0.3207,0.9989,0.8838,0.7061,0.3207,95,95,791,13
q99,RESEARCH_SUMMARY_TEXT,10,2260,2193,43069,0.935,0.8137,0.4385,0.0965,0.9553,0.834,0.4569,0.0994,39,39,1839,55
q99,RESEARCH_SUMMARY_TEXT,11,2723,2666,42458,0.9692,0.9504,0.7697,0.433,0.9884,0.9704,0.7862,0.4426,122,122,2588,24
q99,RESEARCH_SUMMARY_TEXT,12,2725,2660,33116,0.9461,0.8455,0.5006,0.076,0.9695,0.8635,0.5109,0.0778,45,45,2304,51
q99,RESEARCH_SUMMARY_TEXT,13,2335,2255,39274,0.9422,0.8818,0.5529,0.1362,0.9774,0.9157,0.5814,0.141,52,52,2059,50
q99,RESEARCH_SUMMARY_TEXT,14,3151,2993,43994,0.9521,0.8794,0.5538,0.0895,0.985,0.9215,0.564,0.0939,44,44,2771,55
q99,RESEARCH_SUMMARY_TEXT,15,3640,3455,44890,0.9467,0.8802,0.6077,0.1431,0.9832,0.9184,0.6382,0.1514,62,62,3204,62
q99,RESEARCH_SUMMARY_TEXT,16,3243,3042,42651,0.905,0.8221,0.4721,0.0981,0.9638,0.8853,0.5115,0.118,44,44,2666,84
q99,RESEARCH_SUMMARY_TEXT,17,3679,3321,29897,0.8328,0.6491,0.3324,0.0992,0.9356,0.7832,0.4107,0.1241,46,48,2388,120
q99,FINAL_REPORT_MARKDOWN,0,22991,7908,50988,0.9723,0.9548,0.8834,0.7898,0.9686,0.9221,0.7406,0.469,268,270,21951,271
q100,RESEARCH_SUMMARY_TEXT,0,2345,2214,44057,0.9629,0.8614,0.609,0.2384,0.9973,0.9092,0.6355,0.2529,55,56,2020,45
q100,RESEARCH_SUMMARY_TEXT,1,2739,2658,39079,0.9598,0.8671,0.5268,0.1913,0.9857,0.8969,0.5388,0.1971,71,71,2375,65
q100,RESEARCH_SUMMARY_TEXT,2,2850,2711,37243,0.9368,0.8579,0.5067,0.1442,0.9827,0.9023,0.5319,0.1409,66,66,2445,54
q100,RESEARCH_SUMMARY_TEXT,3,2798,2671,41751,0.9285,0.7831,0.4736,0.1415,0.9697,0.8308,0.5144,0.1483,122,122,2191,71
q100,RESEARCH_SUMMARY_TEXT,4,3357,3275,42089,0.9586,0.8677,0.5651,0.1638,0.9802,0.8901,0.5747,0.1673,99,97,2913,68
q100,RESEARCH_SUMMARY_TEXT,5,3302,3221,41950,0.9712,0.9076,0.6466,0.2829,0.9907,0.927,0.6551,0.2894,132,132,2997,58
q100,RESEARCH_SUMMARY_TEXT,6,3137,2972,43934,0.9388,0.847,0.4348,0.1262,0.9882,0.8964,0.4593,0.1346,72,72,2657,60
q100,RESEARCH_SUMMARY_TEXT,7,3335,3152,44055,0.9352,0.8792,0.5772,0.2075,0.9911,0.9404,0.6215,0.2392,66,66,2932,70
q100,RESEARCH_SUMMARY_TEXT,8,3814,3739,38009,0.9641,0.8529,0.4751,0.0941,0.9837,0.8703,0.4948,0.096,111,111,3253,86
q100,RESEARCH_SUMMARY_TEXT,9,2032,1967,46724,0.9665,0.8578,0.4936,0.0851,0.9863,0.8932,0.5257,0.1052,38,38,1743,42
q100,RESEARCH_SUMMARY_TEXT,10,2073,1959,40296,0.9238,0.8519,0.5446,0.1042,0.9801,0.9056,0.5967,0.1103,40,40,1766,38
q100,RESEARCH_SUMMARY_TEXT,11,2633,2568,49253,0.9749,0.9286,0.5739,0.1565,0.9922,0.9494,0.5872,0.1597,48,48,2445,40
q100,RESEARCH_SUMMARY_TEXT,12,2766,2611,45838,0.94,0.8583,0.5322,0.1587,0.9851,0.9081,0.5661,0.1685,65,65,2374,57
q100,RESEARCH_SUMMARY_TEXT,13,2762,2649,33418,0.9269,0.8364,0.4743,0.1427,0.9653,0.8735,0.4889,0.1491,45,45,2310,63
q100,RESEARCH_SUMMARY_TEXT,14,3055,2889,37369,0.9306,0.8452,0.4881,0.1394,0.9858,0.9003,0.5272,0.1481,50,50,2582,60
q100,RESEARCH_SUMMARY_TEXT,15,3693,3575,37706,0.9445,0.8123,0.2924,0.094,0.9799,0.8417,0.3029,0.0973,114,114,3000,102
q100,RESEARCH_SUMMARY_TEXT,16,3747,3522,54311,0.9319,0.8564,0.5885,0.1334,0.9821,0.9134,0.6391,0.1437,77,77,3209,82
q100,RESEARCH_SUMMARY_TEXT,17,3804,3564,41809,0.9182,0.8357,0.4826,0.2053,0.9792,0.9035,0.5152,0.2107,179,179,3179,86
q100,RESEARCH_SUMMARY_TEXT,18,2093,1984,42573,0.9408,0.8777,0.5189,0.0602,0.9904,0.9345,0.5539,0.0635,63,63,1837,43
q100,RESEARCH_SUMMARY_TEXT,19,3010,2907,37371,0.9488,0.8827,0.489,0.1927,0.9849,0.9185,0.5074,0.2002,89,89,2657,57
q100,RESEARCH_SUMMARY_TEXT,20,2802,2735,42780,0.9686,0.9136,0.6381,0.2466,0.9835,0.9371,0.6559,0.2541,119,119,2560,47
q100,RESEARCH_SUMMARY_TEXT,21,2670,2598,34695,0.9603,0.8097,0.3933,0.1086,0.9773,0.8318,0.4038,0.1116,79,79,2162,67
q100,RESEARCH_SUMMARY_TEXT,22,3267,3106,43082,0.9363,0.8681,0.539,0.1656,0.9807,0.9144,0.5747,0.1742,55,55,2836,69
q100,RESEARCH_SUMMARY_TEXT,23,4171,3946,37708,0.9262,0.8029,0.357,0.0484,0.9792,0.8525,0.3943,0.0512,74,74,3349,99
q100,RESEARCH_SUMMARY_TEXT,24,3113,2966,47336,0.957,0.8808,0.611,0.2361,0.9892,0.9332,0.6433,0.2586,72,72,2742,54
q100,RESEARCH_SUMMARY_TEXT,25,4166,3934,39582,0.94,0.8745,0.6027,0.2972,0.9921,0.9281,0.6403,0.319,140,140,3643,81
q100,RESEARCH_SUMMARY_TEXT,26,4227,4064,43906,0.9468,0.8886,0.6068,0.2742,0.9845,0.9306,0.6329,0.2864,140,140,3756,70
q100,FINAL_REPORT_MARKDOWN,0,28065,16182,94361,0.9793,0.9716,0.9469,0.9037,0.9915,0.9808,0.9499,0.8802,285,286,27268,195
